ISO-10303-21;
HEADER;
FILE_DESCRIPTION (( 'STEP AP214' ),
    '1' );
FILE_NAME ('222LX Конструкционный профиль 20х20L.STEP',
    '2019-10-29T08:20:14',
    ( 'Windows User' ),
    ( '' ),
    'SwSTEP 2.0',
    'SolidWorks 2019',
    '' );
FILE_SCHEMA (( 'AUTOMOTIVE_DESIGN' ));
ENDSEC;

DATA;
#1 = PLANE ( 'NONE',  #4511 ) ;
#2 = PLANE ( 'NONE',  #2197 ) ;
#3 = ORIENTED_EDGE ( 'NONE', *, *, #4684, .F. ) ;
#4 = ORIENTED_EDGE ( 'NONE', *, *, #3692, .T. ) ;
#5 = LINE ( 'NONE', #5470, #79 ) ;
#6 = DIRECTION ( 'NONE',  ( 0.0000000000000000000, 0.0000000000000000000, 1.000000000000000000 ) ) ;
#7 = CIRCLE ( 'NONE', #4136, 0.2500000000000002220 ) ;
#8 = FACE_OUTER_BOUND ( 'NONE', #6318, .T. ) ;
#9 = VERTEX_POINT ( 'NONE', #4371 ) ;
#10 = AXIS2_PLACEMENT_3D ( 'NONE', #5421, #5972, #4342 ) ;
#11 = EDGE_CURVE ( 'NONE', #5699, #4538, #6619, .T. ) ;
#12 = VECTOR ( 'NONE', #4399, 1000.000000000000000 ) ;
#13 = DIRECTION ( 'NONE',  ( 9.219612983442632573E-16, 1.000000000000000000, 0.0000000000000000000 ) ) ;
#14 = CIRCLE ( 'NONE', #4379, 0.2500000000000002220 ) ;
#15 = CIRCLE ( 'NONE', #1089, 0.7000000000000000666 ) ;
#16 = CARTESIAN_POINT ( 'NONE',  ( 9.099999999999997868, -8.400000000000002132, -1000.000000000000000 ) ) ;
#17 = VERTEX_POINT ( 'NONE', #2148 ) ;
#18 = ORIENTED_EDGE ( 'NONE', *, *, #4265, .F. ) ;
#19 = CARTESIAN_POINT ( 'NONE',  ( 3.699999999999998401, -9.750000000000003553, -1000.000000000000000 ) ) ;
#20 = DIRECTION ( 'NONE',  ( 0.0000000000000000000, 0.0000000000000000000, -1.000000000000000000 ) ) ;
#21 = DIRECTION ( 'NONE',  ( -0.0000000000000000000, 0.0000000000000000000, 1.000000000000000000 ) ) ;
#22 = ORIENTED_EDGE ( 'NONE', *, *, #629, .F. ) ;
#23 = ORIENTED_EDGE ( 'NONE', *, *, #6174, .T. ) ;
#24 = LINE ( 'NONE', #1250, #2388 ) ;
#25 = DIRECTION ( 'NONE',  ( 0.0000000000000000000, -0.0000000000000000000, -1.000000000000000000 ) ) ;
#26 = ADVANCED_FACE ( 'NONE', ( #404 ), #7191, .T. ) ;
#27 = DIRECTION ( 'NONE',  ( -1.000000000000000000, 0.0000000000000000000, 0.0000000000000000000 ) ) ;
#28 = CARTESIAN_POINT ( 'NONE',  ( 3.299999999999999378, 1.042965043842121253E-14, -1000.000000000000000 ) ) ;
#29 = EDGE_CURVE ( 'NONE', #6348, #379, #4827, .T. ) ;
#30 = CARTESIAN_POINT ( 'NONE',  ( -8.700000000000001066, 4.720156211871643137, -1000.000000000000000 ) ) ;
#31 = FACE_OUTER_BOUND ( 'NONE', #314, .T. ) ;
#32 = EDGE_CURVE ( 'NONE', #6149, #3697, #4385, .T. ) ;
#33 = DIRECTION ( 'NONE',  ( -1.991598500205934045E-16, -1.000000000000000000, 0.0000000000000000000 ) ) ;
#34 = ORIENTED_EDGE ( 'NONE', *, *, #7013, .T. ) ;
#35 = ORIENTED_EDGE ( 'NONE', *, *, #2525, .F. ) ;
#36 = EDGE_CURVE ( 'NONE', #4388, #2890, #5383, .T. ) ;
#37 = CARTESIAN_POINT ( 'NONE',  ( -10.00000000000000178, -10.00000000000000000, -1000.000000000000000 ) ) ;
#38 = DIRECTION ( 'NONE',  ( 0.0000000000000000000, -1.000000000000000000, 0.0000000000000000000 ) ) ;
#39 = EDGE_LOOP ( 'NONE', ( #3182, #6169, #6705, #4128 ) ) ;
#40 = FACE_OUTER_BOUND ( 'NONE', #3076, .T. ) ;
#41 = DIRECTION ( 'NONE',  ( -1.000000000000000000, 1.224646799147345565E-16, 0.0000000000000000000 ) ) ;
#42 = ADVANCED_FACE ( 'NONE', ( #5975 ), #4904, .T. ) ;
#43 = CARTESIAN_POINT ( 'NONE',  ( 5.200000000000001066, -6.462741699796954009, -1000.000000000000000 ) ) ;
#44 = CARTESIAN_POINT ( 'NONE',  ( -3.281520625377542189, 1.217219119641868907, -1000.000000000000000 ) ) ;
#45 = VECTOR ( 'NONE', #2619, 1000.000000000000000 ) ;
#46 = ORIENTED_EDGE ( 'NONE', *, *, #1663, .F. ) ;
#47 = ORIENTED_EDGE ( 'NONE', *, *, #6604, .T. ) ;
#48 = ADVANCED_FACE ( 'NONE', ( #2111 ), #3840, .F. ) ;
#49 = CARTESIAN_POINT ( 'NONE',  ( -5.755634918610406103, -4.907106781186546307, -1000.000000000000000 ) ) ;
#50 = AXIS2_PLACEMENT_3D ( 'NONE', #3826, #4854, #7099 ) ;
#51 = FACE_OUTER_BOUND ( 'NONE', #4079, .T. ) ;
#52 = EDGE_LOOP ( 'NONE', ( #3325, #2723, #7065, #5627, #5839, #7272, #4593, #2470 ) ) ;
#53 = ORIENTED_EDGE ( 'NONE', *, *, #2878, .T. ) ;
#54 = CARTESIAN_POINT ( 'NONE',  ( -5.200000000000002842, -6.048528137423856421, -1000.000000000000000 ) ) ;
#55 = AXIS2_PLACEMENT_3D ( 'NONE', #517, #2196, #38 ) ;
#56 = CARTESIAN_POINT ( 'NONE',  ( 8.700000000000001066, 4.949999999999998401, 0.0000000000000000000 ) ) ;
#57 = DIRECTION ( 'NONE',  ( 1.000000000000000000, -1.224646799147345565E-16, -0.0000000000000000000 ) ) ;
#58 = VERTEX_POINT ( 'NONE', #960 ) ;
#59 = ORIENTED_EDGE ( 'NONE', *, *, #7107, .T. ) ;
#60 = DIRECTION ( 'NONE',  ( 1.000000000000000000, 0.0000000000000000000, 0.0000000000000000000 ) ) ;
#61 = LINE ( 'NONE', #1139, #1085 ) ;
#62 = DIRECTION ( 'NONE',  ( 1.000000000000000000, -0.0000000000000000000, -0.0000000000000000000 ) ) ;
#63 = CARTESIAN_POINT ( 'NONE',  ( 3.069999999999998508, -9.150000000000003908, 0.0000000000000000000 ) ) ;
#64 = LINE ( 'NONE', #6738, #6915 ) ;
#65 = CARTESIAN_POINT ( 'NONE',  ( -6.100000000000004086, -6.799999999999998046, 0.0000000000000000000 ) ) ;
#66 = DIRECTION ( 'NONE',  ( 1.000000000000000000, -6.715253028499256278E-16, 0.0000000000000000000 ) ) ;
#67 = EDGE_LOOP ( 'NONE', ( #1352, #3333, #2357, #4362 ) ) ;
#68 = ORIENTED_EDGE ( 'NONE', *, *, #6248, .T. ) ;
#69 = ADVANCED_FACE ( 'NONE', ( #2037 ), #1485, .F. ) ;
#70 = LINE ( 'NONE', #2335, #7054 ) ;
#71 = VERTEX_POINT ( 'NONE', #6087 ) ;
#72 = CYLINDRICAL_SURFACE ( 'NONE', #2678, 0.2500000000000002220 ) ;
#73 = CYLINDRICAL_SURFACE ( 'NONE', #6324, 0.2500000000000002220 ) ;
#74 = AXIS2_PLACEMENT_3D ( 'NONE', #4447, #6693, #93 ) ;
#75 = ADVANCED_FACE ( 'NONE', ( #1556 ), #362, .F. ) ;
#76 = CARTESIAN_POINT ( 'NONE',  ( 5.500000000000000000, 1.823044737829950357, -1000.000000000000000 ) ) ;
#77 = CARTESIAN_POINT ( 'NONE',  ( -8.700000000000002842, -5.199999999999997513, -1000.000000000000000 ) ) ;
#78 = ADVANCED_FACE ( 'NONE', ( #2625 ), #7150, .F. ) ;
#79 = VECTOR ( 'NONE', #416, 1000.000000000000000 ) ;
#80 = ORIENTED_EDGE ( 'NONE', *, *, #3954, .T. ) ;
#81 = CYLINDRICAL_SURFACE ( 'NONE', #6107, 0.2500000000000002220 ) ;
#82 = ORIENTED_EDGE ( 'NONE', *, *, #3692, .F. ) ;
#83 = CIRCLE ( 'NONE', #2922, 0.2500000000000002220 ) ;
#84 = CARTESIAN_POINT ( 'NONE',  ( 6.099999999999999645, -8.850000000000001421, -1000.000000000000000 ) ) ;
#85 = AXIS2_PLACEMENT_3D ( 'NONE', #6414, #1958, #6475 ) ;
#86 = AXIS2_PLACEMENT_3D ( 'NONE', #5340, #3612, #1295 ) ;
#87 = PLANE ( 'NONE',  #1010 ) ;
#88 = ORIENTED_EDGE ( 'NONE', *, *, #5259, .T. ) ;
#89 = ADVANCED_FACE ( 'NONE', ( #439 ), #3216, .T. ) ;
#90 = ORIENTED_EDGE ( 'NONE', *, *, #1217, .F. ) ;
#91 = DIRECTION ( 'NONE',  ( -3.216245299353279611E-16, -1.000000000000000000, 0.0000000000000000000 ) ) ;
#92 = VECTOR ( 'NONE', #671, 1000.000000000000000 ) ;
#93 = DIRECTION ( 'NONE',  ( 0.7071067811865474617, -0.7071067811865474617, 0.0000000000000000000 ) ) ;
#94 = CARTESIAN_POINT ( 'NONE',  ( 4.950000000000001954, 8.700000000000002842, 0.0000000000000000000 ) ) ;
#95 = ORIENTED_EDGE ( 'NONE', *, *, #4551, .T. ) ;
#96 = VERTEX_POINT ( 'NONE', #5495 ) ;
#97 = AXIS2_PLACEMENT_3D ( 'NONE', #191, #2380, #4107 ) ;
#98 = CYLINDRICAL_SURFACE ( 'NONE', #710, 0.2500000000000002220 ) ;
#99 = CARTESIAN_POINT ( 'NONE',  ( 6.100000000000002309, 8.849999999999999645, 0.0000000000000000000 ) ) ;
#100 = LINE ( 'NONE', #5820, #6272 ) ;
#101 = CYLINDRICAL_SURFACE ( 'NONE', #638, 0.2500000000000002220 ) ;
#102 = DIRECTION ( 'NONE',  ( -1.000000000000000000, 0.0000000000000000000, 0.0000000000000000000 ) ) ;
#103 = LINE ( 'NONE', #2369, #6858 ) ;
#104 = CARTESIAN_POINT ( 'NONE',  ( 3.281520625377541744, -1.217219119641869574, -1000.000000000000000 ) ) ;
#105 = ORIENTED_EDGE ( 'NONE', *, *, #6894, .T. ) ;
#106 = ORIENTED_EDGE ( 'NONE', *, *, #5171, .F. ) ;
#107 = EDGE_CURVE ( 'NONE', #4276, #297, #473, .T. ) ;
#108 = LINE ( 'NONE', #6346, #2410 ) ;
#109 = ORIENTED_EDGE ( 'NONE', *, *, #5850, .T. ) ;
#110 = LINE ( 'NONE', #4062, #1503 ) ;
#111 = PLANE ( 'NONE',  #1150 ) ;
#112 = ORIENTED_EDGE ( 'NONE', *, *, #5334, .T. ) ;
#113 = CARTESIAN_POINT ( 'NONE',  ( -3.499999999999999556, -0.3999999999999981348, -1000.447213595499761 ) ) ;
#114 = CARTESIAN_POINT ( 'NONE',  ( 8.000000000000000000, -5.200000000000001066, -1000.000000000000000 ) ) ;
#115 = EDGE_CURVE ( 'NONE', #5572, #5187, #4789, .T. ) ;
#116 = ORIENTED_EDGE ( 'NONE', *, *, #661, .F. ) ;
#117 = CARTESIAN_POINT ( 'NONE',  ( -6.048528137423859086, -5.199999999999998401, 0.0000000000000000000 ) ) ;
#118 = ADVANCED_FACE ( 'NONE', ( #3802 ), #7115, .T. ) ;
#119 = VERTEX_POINT ( 'NONE', #3686 ) ;
#120 = EDGE_CURVE ( 'NONE', #7200, #4735, #5938, .T. ) ;
#121 = CIRCLE ( 'NONE', #5191, 2.000000000000000000 ) ;
#122 = DIRECTION ( 'NONE',  ( 0.7071067811865474617, -0.7071067811865474617, 0.0000000000000000000 ) ) ;
#123 = CARTESIAN_POINT ( 'NONE',  ( -3.320000000000003837, -9.400000000000000355, 0.0000000000000000000 ) ) ;
#124 = VERTEX_POINT ( 'NONE', #543 ) ;
#125 = ORIENTED_EDGE ( 'NONE', *, *, #2076, .T. ) ;
#127 = LINE ( 'NONE', #2906, #4393 ) ;
#126 = AXIS2_PLACEMENT_3D ( 'NONE', #5435, #1609, #2010 ) ;
#128 = ORIENTED_EDGE ( 'NONE', *, *, #4361, .T. ) ;
#129 = VERTEX_POINT ( 'NONE', #2883 ) ;
#130 = CARTESIAN_POINT ( 'NONE',  ( 8.250000000000000000, -3.919843788128358764, -1000.000000000000000 ) ) ;
#131 = VECTOR ( 'NONE', #25, 1000.000000000000000 ) ;
#132 = EDGE_CURVE ( 'NONE', #755, #1676, #5326, .T. ) ;
#133 = VECTOR ( 'NONE', #6, 1000.000000000000000 ) ;
#134 = CARTESIAN_POINT ( 'NONE',  ( -6.100000000000001421, 8.849999999999999645, -1000.000000000000000 ) ) ;
#135 = PLANE ( 'NONE',  #5210 ) ;
#136 = CARTESIAN_POINT ( 'NONE',  ( 2.050609665440985108, -2.050609665440980667, 0.0000000000000000000 ) ) ;
#137 = DIRECTION ( 'NONE',  ( 0.0000000000000000000, 0.0000000000000000000, 1.000000000000000000 ) ) ;
#138 = DIRECTION ( 'NONE',  ( 9.957992501029670227E-17, 1.000000000000000000, 0.0000000000000000000 ) ) ;
#139 = CARTESIAN_POINT ( 'NONE',  ( 10.00000000000000000, -3.069999999999999840, -1000.000000000000000 ) ) ;
#140 = VERTEX_POINT ( 'NONE', #1183 ) ;
#141 = ORIENTED_EDGE ( 'NONE', *, *, #6695, .F. ) ;
#143 = EDGE_CURVE ( 'NONE', #1011, #6714, #6813, .T. ) ;
#142 = CIRCLE ( 'NONE', #1683, 0.7000000000000000666 ) ;
#144 = VERTEX_POINT ( 'NONE', #4458 ) ;
#145 = DIRECTION ( 'NONE',  ( 0.0000000000000000000, 0.0000000000000000000, 1.000000000000000000 ) ) ;
#146 = ORIENTED_EDGE ( 'NONE', *, *, #4887, .F. ) ;
#147 = DIRECTION ( 'NONE',  ( -1.000000000000000000, 5.436691348603591705E-16, 0.0000000000000000000 ) ) ;
#148 = DIRECTION ( 'NONE',  ( 1.224646799147345565E-16, 1.000000000000000000, 0.0000000000000000000 ) ) ;
#149 = VECTOR ( 'NONE', #6999, 1000.000000000000000 ) ;
#150 = ORIENTED_EDGE ( 'NONE', *, *, #3822, .F. ) ;
#151 = DIRECTION ( 'NONE',  ( 1.000000000000000000, 0.0000000000000000000, 0.0000000000000000000 ) ) ;
#152 = VECTOR ( 'NONE', #4002, 1000.000000000000000 ) ;
#153 = LINE ( 'NONE', #4658, #454 ) ;
#154 = AXIS2_PLACEMENT_3D ( 'NONE', #4578, #774, #4610 ) ;
#155 = ORIENTED_EDGE ( 'NONE', *, *, #6604, .F. ) ;
#156 = DIRECTION ( 'NONE',  ( 0.0000000000000000000, -1.000000000000000000, 0.0000000000000000000 ) ) ;
#157 = ORIENTED_EDGE ( 'NONE', *, *, #701, .F. ) ;
#158 = ADVANCED_FACE ( 'NONE', ( #5568 ), #2848, .T. ) ;
#159 = CARTESIAN_POINT ( 'NONE',  ( 9.400000000000000355, 3.699999999999997069, -1000.000000000000000 ) ) ;
#160 = EDGE_CURVE ( 'NONE', #2143, #6973, #261, .T. ) ;
#161 = VECTOR ( 'NONE', #7106, 1000.000000000000000 ) ;
#162 = EDGE_CURVE ( 'NONE', #1058, #2550, #3466, .T. ) ;
#163 = DIRECTION ( 'NONE',  ( -0.0000000000000000000, -0.0000000000000000000, 1.000000000000000000 ) ) ;
#164 = ORIENTED_EDGE ( 'NONE', *, *, #4548, .T. ) ;
#165 = ORIENTED_EDGE ( 'NONE', *, *, #5030, .F. ) ;
#166 = DIRECTION ( 'NONE',  ( 0.0000000000000000000, 0.0000000000000000000, 1.000000000000000000 ) ) ;
#167 = APPLICATION_PROTOCOL_DEFINITION ( 'draft international standard', 'automotive_design', 1998, #5345 ) ;
#168 = VERTEX_POINT ( 'NONE', #65 ) ;
#169 = ORIENTED_EDGE ( 'NONE', *, *, #3523, .T. ) ;
#170 = AXIS2_PLACEMENT_3D ( 'NONE', #4160, #872, #1368 ) ;
#171 = LINE ( 'NONE', #7059, #830 ) ;
#172 = EDGE_CURVE ( 'NONE', #7126, #1066, #2811, .T. ) ;
#173 = CARTESIAN_POINT ( 'NONE',  ( 6.462741699796954009, 5.199999999999999289, 0.0000000000000000000 ) ) ;
#174 = DIRECTION ( 'NONE',  ( 0.0000000000000000000, -1.000000000000000000, 0.0000000000000000000 ) ) ;
#175 = AXIS2_PLACEMENT_3D ( 'NONE', #2158, #5022, #6167 ) ;
#176 = DIRECTION ( 'NONE',  ( -0.0000000000000000000, -0.0000000000000000000, -1.000000000000000000 ) ) ;
#177 = DIRECTION ( 'NONE',  ( -0.0000000000000000000, -0.0000000000000000000, -1.000000000000000000 ) ) ;
#178 = CARTESIAN_POINT ( 'NONE',  ( -5.500000000000000000, 1.823044737829951023, 0.0000000000000000000 ) ) ;
#179 = EDGE_CURVE ( 'NONE', #4482, #503, #6195, .T. ) ;
#180 = FACE_OUTER_BOUND ( 'NONE', #3881, .T. ) ;
#181 = ORIENTED_EDGE ( 'NONE', *, *, #4226, .T. ) ;
#182 = ORIENTED_EDGE ( 'NONE', *, *, #2993, .T. ) ;
#183 = DIRECTION ( 'NONE',  ( 0.0000000000000000000, 0.0000000000000000000, 1.000000000000000000 ) ) ;
#184 = CARTESIAN_POINT ( 'NONE',  ( 9.399999999999998579, -3.700000000000000178, -1000.000000000000000 ) ) ;
#185 = ADVANCED_FACE ( 'NONE', ( #31 ), #6773, .F. ) ;
#186 = ORIENTED_EDGE ( 'NONE', *, *, #6557, .F. ) ;
#187 = DIRECTION ( 'NONE',  ( 1.000000000000000000, 0.0000000000000000000, 0.0000000000000000000 ) ) ;
#188 = CARTESIAN_POINT ( 'NONE',  ( -3.473606797749979602, 0.3472135954999576724, -1000.000000000000000 ) ) ;
#189 = ORIENTED_EDGE ( 'NONE', *, *, #2652, .F. ) ;
#190 = FACE_OUTER_BOUND ( 'NONE', #3713, .T. ) ;
#191 = CARTESIAN_POINT ( 'NONE',  ( 4.200000000000000178, -6.462741699796954009, 0.0000000000000000000 ) ) ;
#192 = ORIENTED_EDGE ( 'NONE', *, *, #3525, .F. ) ;
#193 = DIRECTION ( 'NONE',  ( -1.000000000000000000, 0.0000000000000000000, 0.0000000000000000000 ) ) ;
#194 = ORIENTED_EDGE ( 'NONE', *, *, #4042, .F. ) ;
#195 = VECTOR ( 'NONE', #1511, 1000.000000000000000 ) ;
#196 = EDGE_CURVE ( 'NONE', #1479, #6293, #2395, .T. ) ;
#197 = CARTESIAN_POINT ( 'NONE',  ( 4.085786437626902412, -3.237258300203047501, 0.0000000000000000000 ) ) ;
#198 = VECTOR ( 'NONE', #4943, 1000.000000000000000 ) ;
#199 = LINE ( 'NONE', #2567, #5947 ) ;
#200 = ORIENTED_EDGE ( 'NONE', *, *, #3191, .T. ) ;
#201 = VERTEX_POINT ( 'NONE', #3397 ) ;
#202 = FACE_OUTER_BOUND ( 'NONE', #2149, .T. ) ;
#203 = DIRECTION ( 'NONE',  ( 0.6246950475544243986, -0.7808688094430302762, 0.0000000000000000000 ) ) ;
#204 = EDGE_LOOP ( 'NONE', ( #264, #3341, #5644, #2041 ) ) ;
#205 = VERTEX_POINT ( 'NONE', #1737 ) ;
#206 = CIRCLE ( 'NONE', #1155, 2.499999999999992895 ) ;
#207 = DIRECTION ( 'NONE',  ( -1.991598500205934292E-16, -1.000000000000000000, 0.0000000000000000000 ) ) ;
#208 = CARTESIAN_POINT ( 'NONE',  ( -0.4000000000000000222, 3.499999999999999556, 0.0000000000000000000 ) ) ;
#209 = PLANE ( 'NONE',  #4977 ) ;
#210 = CIRCLE ( 'NONE', #4328, 0.2500000000000002220 ) ;
#211 = DIRECTION ( 'NONE',  ( -3.499007729145976668E-16, 1.000000000000000000, 0.0000000000000000000 ) ) ;
#212 = CARTESIAN_POINT ( 'NONE',  ( 1.697056274847711821, 2.404163056034253287, 0.0000000000000000000 ) ) ;
#213 = LINE ( 'NONE', #4678, #149 ) ;
#214 = DIRECTION ( 'NONE',  ( 3.075153856882639803E-15, 1.000000000000000000, 0.0000000000000000000 ) ) ;
#215 = ADVANCED_FACE ( 'NONE', ( #2736 ), #1665, .T. ) ;
#216 = ORIENTED_EDGE ( 'NONE', *, *, #1666, .T. ) ;
#217 = VERTEX_POINT ( 'NONE', #3976 ) ;
#218 = ADVANCED_FACE ( 'NONE', ( #615 ), #3906, .F. ) ;
#219 = VECTOR ( 'NONE', #4317, 1000.000000000000000 ) ;
#220 = EDGE_CURVE ( 'NONE', #1489, #4660, #4982, .T. ) ;
#221 = CARTESIAN_POINT ( 'NONE',  ( -1.823044737829952355, 5.500000000000000000, -1000.000000000000000 ) ) ;
#222 = FACE_OUTER_BOUND ( 'NONE', #4299, .T. ) ;
#223 = ORIENTED_EDGE ( 'NONE', *, *, #4600, .T. ) ;
#224 = CARTESIAN_POINT ( 'NONE',  ( -3.237258300203047501, 4.085786437626904188, -1000.000000000000000 ) ) ;
#225 = VERTEX_POINT ( 'NONE', #2297 ) ;
#226 = VECTOR ( 'NONE', #7076, 1000.000000000000000 ) ;
#227 = DIRECTION ( 'NONE',  ( -0.7071067811865473507, 0.7071067811865476838, 0.0000000000000000000 ) ) ;
#228 = ORIENTED_EDGE ( 'NONE', *, *, #2434, .T. ) ;
#229 = PLANE ( 'NONE',  #1048 ) ;
#230 = ORIENTED_EDGE ( 'NONE', *, *, #2901, .T. ) ;
#231 = DIRECTION ( 'NONE',  ( -0.6246950475544243986, -0.7808688094430302762, 0.0000000000000000000 ) ) ;
#232 = DIRECTION ( 'NONE',  ( 1.000000000000000000, 5.116099788370755993E-17, 0.0000000000000000000 ) ) ;
#233 = VERTEX_POINT ( 'NONE', #1109 ) ;
#234 = EDGE_CURVE ( 'NONE', #4517, #825, #3428, .T. ) ;
#235 = CARTESIAN_POINT ( 'NONE',  ( -9.750000000000001776, 3.699999999999997957, 0.0000000000000000000 ) ) ;
#236 = LINE ( 'NONE', #5775, #515 ) ;
#237 = ORIENTED_EDGE ( 'NONE', *, *, #5502, .F. ) ;
#238 = ORIENTED_EDGE ( 'NONE', *, *, #1948, .T. ) ;
#239 = CARTESIAN_POINT ( 'NONE',  ( -2.343943303841100612, -0.8694422283156192366, -1000.000000000000000 ) ) ;
#240 = DIRECTION ( 'NONE',  ( -5.204170427930421283E-15, -1.000000000000000000, 0.0000000000000000000 ) ) ;
#241 = LINE ( 'NONE', #2060, #1920 ) ;
#242 = CARTESIAN_POINT ( 'NONE',  ( 0.8694422283156201248, -2.343943303841100612, 0.0000000000000000000 ) ) ;
#243 = DIRECTION ( 'NONE',  ( 0.0000000000000000000, 0.0000000000000000000, 1.000000000000000000 ) ) ;
#244 = DIRECTION ( 'NONE',  ( -0.7808688094430303872, -0.6246950475544241765, 0.0000000000000000000 ) ) ;
#245 = DIRECTION ( 'NONE',  ( -0.0000000000000000000, -0.0000000000000000000, -1.000000000000000000 ) ) ;
#246 = ORIENTED_EDGE ( 'NONE', *, *, #1309, .F. ) ;
#247 = VERTEX_POINT ( 'NONE', #2188 ) ;
#248 = AXIS2_PLACEMENT_3D ( 'NONE', #2256, #2806, #2771 ) ;
#249 = VECTOR ( 'NONE', #6868, 1000.000000000000000 ) ;
#250 = EDGE_CURVE ( 'NONE', #1324, #2069, #6666, .T. ) ;
#251 = CARTESIAN_POINT ( 'NONE',  ( -3.070000000000000284, 9.150000000000002132, 0.0000000000000000000 ) ) ;
#252 = ADVANCED_FACE ( 'NONE', ( #579 ), #4530, .T. ) ;
#253 = CARTESIAN_POINT ( 'NONE',  ( 6.462741699796952233, -5.200000000000001066, -1000.000000000000000 ) ) ;
#254 = AXIS2_PLACEMENT_3D ( 'NONE', #3495, #1988, #3090 ) ;
#255 = EDGE_CURVE ( 'NONE', #641, #17, #6301, .T. ) ;
#256 = VECTOR ( 'NONE', #4931, 1000.000000000000000 ) ;
#257 = ORIENTED_EDGE ( 'NONE', *, *, #6269, .F. ) ;
#258 = DIRECTION ( 'NONE',  ( 0.0000000000000000000, 1.000000000000000000, 0.0000000000000000000 ) ) ;
#259 = VERTEX_POINT ( 'NONE', #730 ) ;
#260 = EDGE_CURVE ( 'NONE', #5271, #2890, #1294, .T. ) ;
#261 = CIRCLE ( 'NONE', #852, 0.2500000000000002220 ) ;
#262 = CARTESIAN_POINT ( 'NONE',  ( -2.050609665440986440, -2.050609665440979335, -1000.000000000000000 ) ) ;
#263 = DIRECTION ( 'NONE',  ( 0.0000000000000000000, 0.0000000000000000000, -1.000000000000000000 ) ) ;
#264 = ORIENTED_EDGE ( 'NONE', *, *, #4451, .T. ) ;
#265 = DIRECTION ( 'NONE',  ( 0.0000000000000000000, 0.0000000000000000000, 1.000000000000000000 ) ) ;
#266 = ORIENTED_EDGE ( 'NONE', *, *, #3193, .T. ) ;
#267 = CIRCLE ( 'NONE', #2994, 0.2500000000000002220 ) ;
#268 = LINE ( 'NONE', #3117, #368 ) ;
#269 = AXIS2_PLACEMENT_3D ( 'NONE', #448, #7197, #3299 ) ;
#270 = EDGE_CURVE ( 'NONE', #6378, #1349, #4382, .T. ) ;
#271 = DIRECTION ( 'NONE',  ( 0.0000000000000000000, 0.0000000000000000000, 1.000000000000000000 ) ) ;
#272 = ORIENTED_EDGE ( 'NONE', *, *, #4018, .T. ) ;
#273 = FACE_OUTER_BOUND ( 'NONE', #4909, .T. ) ;
#274 = VERTEX_POINT ( 'NONE', #2989 ) ;
#275 = CARTESIAN_POINT ( 'NONE',  ( 5.499999999999999112, -1.823044737829952133, 0.0000000000000000000 ) ) ;
#276 = VECTOR ( 'NONE', #203, 999.9999999999998863 ) ;
#277 = DIRECTION ( 'NONE',  ( -0.0000000000000000000, -0.0000000000000000000, -1.000000000000000000 ) ) ;
#278 = DIRECTION ( 'NONE',  ( 0.0000000000000000000, 0.0000000000000000000, 1.000000000000000000 ) ) ;
#279 = DIRECTION ( 'NONE',  ( 0.0000000000000000000, 1.000000000000000000, 0.0000000000000000000 ) ) ;
#280 = DIRECTION ( 'NONE',  ( 0.0000000000000000000, 0.0000000000000000000, 1.000000000000000000 ) ) ;
#281 = CARTESIAN_POINT ( 'NONE',  ( -10.00000000000000000, 3.949999999999997957, -1000.000000000000000 ) ) ;
#282 = VECTOR ( 'NONE', #2215, 1000.000000000000000 ) ;
#283 = CARTESIAN_POINT ( 'NONE',  ( 4.720156211871643137, -8.450000000000004619, -1000.000000000000000 ) ) ;
#284 = LINE ( 'NONE', #7070, #6869 ) ;
#285 = ORIENTED_EDGE ( 'NONE', *, *, #3151, .F. ) ;
#286 = ORIENTED_EDGE ( 'NONE', *, *, #6788, .T. ) ;
#287 = ORIENTED_EDGE ( 'NONE', *, *, #2266, .T. ) ;
#288 = AXIS2_PLACEMENT_3D ( 'NONE', #5711, #6771, #1292 ) ;
#289 = CARTESIAN_POINT ( 'NONE',  ( -4.115060990489118886, -8.093826238111395455, -1000.000000000000000 ) ) ;
#290 = DIRECTION ( 'NONE',  ( 0.4472135954999488794, 0.8944271909999204073, 0.0000000000000000000 ) ) ;
#291 = ORIENTED_EDGE ( 'NONE', *, *, #3775, .T. ) ;
#292 = CARTESIAN_POINT ( 'NONE',  ( -8.700000000000001066, 4.720156211871643137, 0.0000000000000000000 ) ) ;
#293 = ORIENTED_EDGE ( 'NONE', *, *, #4998, .F. ) ;
#294 = CIRCLE ( 'NONE', #4419, 0.2500000000000002220 ) ;
#295 = DIRECTION ( 'NONE',  ( -1.000000000000000000, 3.216245299353279611E-16, -0.0000000000000000000 ) ) ;
#296 = CARTESIAN_POINT ( 'NONE',  ( -8.250000000000003553, 3.319999999999998508, 0.0000000000000000000 ) ) ;
#297 = VERTEX_POINT ( 'NONE', #2404 ) ;
#298 = CARTESIAN_POINT ( 'NONE',  ( 0.0000000000000000000, 0.0000000000000000000, 0.0000000000000000000 ) ) ;
#299 = ORIENTED_EDGE ( 'NONE', *, *, #3882, .T. ) ;
#300 = EDGE_CURVE ( 'NONE', #3129, #6523, #6415, .T. ) ;
#301 = ADVANCED_FACE ( 'NONE', ( #3538 ), #5784, .T. ) ;
#302 = DIRECTION ( 'NONE',  ( -9.957992501029670227E-17, 1.000000000000000000, 0.0000000000000000000 ) ) ;
#303 = EDGE_CURVE ( 'NONE', #4340, #3310, #3570, .T. ) ;
#304 = DIRECTION ( 'NONE',  ( 0.0000000000000000000, -0.0000000000000000000, -1.000000000000000000 ) ) ;
#305 = VERTEX_POINT ( 'NONE', #6887 ) ;
#306 = EDGE_CURVE ( 'NONE', #5596, #5837, #1333, .T. ) ;
#307 = CARTESIAN_POINT ( 'NONE',  ( 3.699999999999998845, -9.400000000000002132, -1000.000000000000000 ) ) ;
#308 = AXIS2_PLACEMENT_3D ( 'NONE', #1548, #7105, #2066 ) ;
#309 = LINE ( 'NONE', #1363, #4962 ) ;
#310 = CARTESIAN_POINT ( 'NONE',  ( -4.720156211871647578, -8.700000000000001066, 0.0000000000000000000 ) ) ;
#311 = CIRCLE ( 'NONE', #2218, 0.2500000000000002220 ) ;
#312 = FACE_BOUND ( 'NONE', #6487, .T. ) ;
#313 = FACE_OUTER_BOUND ( 'NONE', #5306, .T. ) ;
#314 = EDGE_LOOP ( 'NONE', ( #2548, #4598, #5948, #5386 ) ) ;
#315 = CYLINDRICAL_SURFACE ( 'NONE', #1878, 0.2500000000000002220 ) ;
#316 = CARTESIAN_POINT ( 'NONE',  ( 5.200000000000001954, 6.048528137423857309, -1000.000000000000000 ) ) ;
#317 = CIRCLE ( 'NONE', #3622, 0.2500000000000002220 ) ;
#318 = DIRECTION ( 'NONE',  ( -0.6246950475544247317, -0.7808688094430299431, 0.0000000000000000000 ) ) ;
#319 = DIRECTION ( 'NONE',  ( 2.220446049250312588E-16, 1.000000000000000000, -0.0000000000000000000 ) ) ;
#320 = ORIENTED_EDGE ( 'NONE', *, *, #5715, .F. ) ;
#321 = ORIENTED_EDGE ( 'NONE', *, *, #4007, .F. ) ;
#322 = EDGE_LOOP ( 'NONE', ( #405, #4666, #498, #359, #6247, #2910, #808, #5077, #112, #881, #2779, #2003, #3470, #3594, #5610, #1012, #1384, #587, #337, #3900, #4704, #1393, #5534, #3110, #4906, #5538, #1282, #4718, #2670, #2953, #4396, #2494, #6355, #4216, #1224, #46, #2028, #1287, #5365, #1488, #678, #3487, #6732, #1598, #3256, #2317, #182, #409, #2622, #3473, #4432, #4597, #4349, #4512, #2420, #246, #2336, #6189, #6053, #973, #1409, #3950, #3734, #1031, #679, #4741, #1074, #3758, #2960, #34, #2560, #2283, #1433, #1207, #2104, #5258, #373, #6555, #2603, #5311, #1584, #5846, #5968, #194, #3259, #5645, #6581, #3585, #4733, #3315, #6805, #879, #4554, #6676, #1325, #1537, #426, #3072, #1967, #5092, #3134, #3188, #6351, #2816, #7052, #5028, #582, #6656, #2778, #1778, #4476, #5728, #3618, #469, #1081, #7224, #1647, #3296, #2088, #5698, #3961, #7007, #2502, #3187, #2456, #4985, #3795, #1494, #3416, #1513, #2945, #5994, #2332, #3283, #2579, #1275, #1126, #2181, #781, #1174, #4694, #3834, #3113, #2746, #4450, #733, #2905, #2480, #6898, #6726, #4662, #6424, #374, #3460, #4471, #4114, #6852, #6553, #3448, #1186, #2084, #5794, #3309, #4145 ) ) ;
#323 = VECTOR ( 'NONE', #2417, 1000.000000000000000 ) ;
#324 = DIRECTION ( 'NONE',  ( 0.0000000000000000000, 1.000000000000000000, 0.0000000000000000000 ) ) ;
#325 = CARTESIAN_POINT ( 'NONE',  ( -0.4000000000000011324, -3.499999999999999556, -1000.000000000000000 ) ) ;
#326 = AXIS2_PLACEMENT_3D ( 'NONE', #4763, #371, #1346 ) ;
#327 = CARTESIAN_POINT ( 'NONE',  ( -2.050609665440985552, 2.050609665440980223, -1000.000000000000000 ) ) ;
#328 = ORIENTED_EDGE ( 'NONE', *, *, #4600, .F. ) ;
#329 = CARTESIAN_POINT ( 'NONE',  ( 8.699999999999999289, -4.600000000000001421, 0.0000000000000000000 ) ) ;
#330 = ORIENTED_EDGE ( 'NONE', *, *, #5763, .F. ) ;
#331 = EDGE_CURVE ( 'NONE', #2515, #1780, #3060, .T. ) ;
#332 = CIRCLE ( 'NONE', #4695, 0.2500000000000002220 ) ;
#333 = ORIENTED_EDGE ( 'NONE', *, *, #7248, .T. ) ;
#334 = DIRECTION ( 'NONE',  ( -0.0000000000000000000, -0.0000000000000000000, -1.000000000000000000 ) ) ;
#335 = DIRECTION ( 'NONE',  ( 0.0000000000000000000, -0.0000000000000000000, -1.000000000000000000 ) ) ;
#336 = EDGE_LOOP ( 'NONE', ( #2270, #3334, #407, #995 ) ) ;
#337 = ORIENTED_EDGE ( 'NONE', *, *, #6518, .F. ) ;
#338 = DIRECTION ( 'NONE',  ( 1.000000000000000000, -1.224646799147345565E-16, -0.0000000000000000000 ) ) ;
#339 = VECTOR ( 'NONE', #1376, 1000.000000000000000 ) ;
#340 = LINE ( 'NONE', #6607, #5199 ) ;
#341 = EDGE_CURVE ( 'NONE', #205, #1416, #857, .T. ) ;
#342 = EDGE_CURVE ( 'NONE', #1131, #536, #213, .T. ) ;
#343 = EDGE_CURVE ( 'NONE', #5172, #395, #1810, .T. ) ;
#344 = CARTESIAN_POINT ( 'NONE',  ( 3.070000000000001616, 9.150000000000002132, -1000.000000000000000 ) ) ;
#345 = ORIENTED_EDGE ( 'NONE', *, *, #2652, .T. ) ;
#346 = LINE ( 'NONE', #4287, #2756 ) ;
#347 =( LENGTH_UNIT ( ) NAMED_UNIT ( * ) SI_UNIT ( .MILLI., .METRE. ) );
#348 = CARTESIAN_POINT ( 'NONE',  ( -8.000000000000003553, -3.919843788128354323, -1000.000000000000000 ) ) ;
#349 = DIRECTION ( 'NONE',  ( -1.000000000000000000, 0.0000000000000000000, 0.0000000000000000000 ) ) ;
#350 = CARTESIAN_POINT ( 'NONE',  ( -3.950000000000000178, 10.00000000000000178, -1000.000000000000000 ) ) ;
#351 = DIRECTION ( 'NONE',  ( -1.000000000000000000, 0.0000000000000000000, 0.0000000000000000000 ) ) ;
#352 = EDGE_LOOP ( 'NONE', ( #4236, #164, #5305, #3860 ) ) ;
#353 = CARTESIAN_POINT ( 'NONE',  ( 3.699999999999998401, -10.00000000000000178, 0.0000000000000000000 ) ) ;
#354 = CARTESIAN_POINT ( 'NONE',  ( 4.200000000000001954, 6.462741699796952233, -1000.000000000000000 ) ) ;
#355 = FACE_OUTER_BOUND ( 'NONE', #4309, .T. ) ;
#356 = LINE ( 'NONE', #5376, #45 ) ;
#357 = ORIENTED_EDGE ( 'NONE', *, *, #3192, .F. ) ;
#358 = EDGE_LOOP ( 'NONE', ( #1451, #4005, #293, #2594 ) ) ;
#359 = ORIENTED_EDGE ( 'NONE', *, *, #3953, .T. ) ;
#360 = DIRECTION ( 'NONE',  ( -0.0000000000000000000, -0.0000000000000000000, -1.000000000000000000 ) ) ;
#361 = CYLINDRICAL_SURFACE ( 'NONE', #3529, 0.2499999999999997780 ) ;
#362 = CYLINDRICAL_SURFACE ( 'NONE', #1212, 0.7000000000000000666 ) ;
#363 = EDGE_CURVE ( 'NONE', #2392, #5620, #2513, .T. ) ;
#364 = AXIS2_PLACEMENT_3D ( 'NONE', #4978, #6629, #3837 ) ;
#365 = ORIENTED_EDGE ( 'NONE', *, *, #1305, .F. ) ;
#366 = DIRECTION ( 'NONE',  ( 1.000000000000000000, 0.0000000000000000000, 0.0000000000000000000 ) ) ;
#367 = ORIENTED_EDGE ( 'NONE', *, *, #4341, .T. ) ;
#368 = VECTOR ( 'NONE', #122, 1000.000000000000114 ) ;
#369 = ORIENTED_EDGE ( 'NONE', *, *, #5763, .T. ) ;
#370 = DIRECTION ( 'NONE',  ( -1.000000000000000000, 0.0000000000000000000, 0.0000000000000000000 ) ) ;
#371 = DIRECTION ( 'NONE',  ( 1.000000000000000000, -3.216245299353279611E-16, -0.0000000000000000000 ) ) ;
#372 = VECTOR ( 'NONE', #4369, 1000.000000000000000 ) ;
#373 = ORIENTED_EDGE ( 'NONE', *, *, #4451, .F. ) ;
#374 = ORIENTED_EDGE ( 'NONE', *, *, #3068, .F. ) ;
#375 = FACE_BOUND ( 'NONE', #4629, .T. ) ;
#376 = VECTOR ( 'NONE', #5161, 999.9999999999998863 ) ;
#377 = VECTOR ( 'NONE', #651, 1000.000000000000000 ) ;
#378 = CARTESIAN_POINT ( 'NONE',  ( -3.950000000000003730, -10.00000000000000000, -1000.000000000000000 ) ) ;
#379 = VERTEX_POINT ( 'NONE', #6926 ) ;
#380 = CARTESIAN_POINT ( 'NONE',  ( 0.0000000000000000000, 0.0000000000000000000, 0.0000000000000000000 ) ) ;
#381 = VECTOR ( 'NONE', #244, 1000.000000000000000 ) ;
#382 = EDGE_CURVE ( 'NONE', #6234, #537, #6980, .T. ) ;
#383 = LINE ( 'NONE', #2131, #3896 ) ;
#384 = ADVANCED_FACE ( 'NONE', ( #4716 ), #3646, .T. ) ;
#385 = DIRECTION ( 'NONE',  ( 4.336808689942017736E-16, 1.000000000000000000, 0.0000000000000000000 ) ) ;
#386 = AXIS2_PLACEMENT_3D ( 'NONE', #500, #4413, #4478 ) ;
#387 = DIRECTION ( 'NONE',  ( 0.4472135954999486573, -0.8944271909999205183, -0.0000000000000000000 ) ) ;
#388 = CARTESIAN_POINT ( 'NONE',  ( 8.450000000000001066, 5.199999999999999289, -1000.000000000000000 ) ) ;
#389 = VERTEX_POINT ( 'NONE', #4162 ) ;
#390 = DIRECTION ( 'NONE',  ( -0.0000000000000000000, -0.0000000000000000000, -1.000000000000000000 ) ) ;
#391 = DIRECTION ( 'NONE',  ( -1.000000000000000000, -3.469446951953614189E-15, 0.0000000000000000000 ) ) ;
#392 = VECTOR ( 'NONE', #6893, 1000.000000000000000 ) ;
#393 = CARTESIAN_POINT ( 'NONE',  ( 8.000000000000000000, -3.919843788128358764, -1000.000000000000000 ) ) ;
#394 = CARTESIAN_POINT ( 'NONE',  ( 8.399999999999998579, -9.100000000000001421, -1000.000000000000000 ) ) ;
#395 = VERTEX_POINT ( 'NONE', #5195 ) ;
#396 = EDGE_LOOP ( 'NONE', ( #476, #3890, #1112, #6449 ) ) ;
#397 = EDGE_CURVE ( 'NONE', #445, #6833, #103, .T. ) ;
#398 = APPLICATION_CONTEXT ( 'automotive_design' ) ;
#399 = CARTESIAN_POINT ( 'NONE',  ( 3.499999999999998668, -2.651471862576142424, -1000.000000000000000 ) ) ;
#400 = LINE ( 'NONE', #1483, #694 ) ;
#401 = ADVANCED_FACE ( 'NONE', ( #4605 ), #6849, .F. ) ;
#402 = AXIS2_PLACEMENT_3D ( 'NONE', #1285, #3457, #646 ) ;
#403 = CARTESIAN_POINT ( 'NONE',  ( -4.720156211871644913, 8.450000000000002842, 0.0000000000000000000 ) ) ;
#404 = FACE_OUTER_BOUND ( 'NONE', #3381, .T. ) ;
#405 = ORIENTED_EDGE ( 'NONE', *, *, #480, .T. ) ;
#406 = DIRECTION ( 'NONE',  ( 4.723654528293322233E-16, 1.000000000000000000, -0.0000000000000000000 ) ) ;
#407 = ORIENTED_EDGE ( 'NONE', *, *, #2508, .F. ) ;
#408 = AXIS2_PLACEMENT_3D ( 'NONE', #3892, #6143, #1092 ) ;
#409 = ORIENTED_EDGE ( 'NONE', *, *, #2636, .T. ) ;
#410 = EDGE_CURVE ( 'NONE', #6388, #1803, #6003, .T. ) ;
#411 = CARTESIAN_POINT ( 'NONE',  ( 3.949999999999997957, -10.00000000000000355, 0.0000000000000000000 ) ) ;
#412 = CARTESIAN_POINT ( 'NONE',  ( 5.755634918610403439, -4.907106781186548972, 0.0000000000000000000 ) ) ;
#413 = VECTOR ( 'NONE', #7056, 1000.000000000000000 ) ;
#414 = ORIENTED_EDGE ( 'NONE', *, *, #4400, .T. ) ;
#415 = ORIENTED_EDGE ( 'NONE', *, *, #5181, .T. ) ;
#416 = DIRECTION ( 'NONE',  ( 0.0000000000000000000, 0.0000000000000000000, 1.000000000000000000 ) ) ;
#417 = DIRECTION ( 'NONE',  ( 9.219612983442632573E-16, 1.000000000000000000, 0.0000000000000000000 ) ) ;
#418 = ORIENTED_EDGE ( 'NONE', *, *, #7146, .F. ) ;
#419 = LINE ( 'NONE', #2675, #7028 ) ;
#420 = ADVANCED_FACE ( 'NONE', ( #2064 ), #990, .F. ) ;
#421 = DIRECTION ( 'NONE',  ( 0.0000000000000000000, 0.0000000000000000000, 1.000000000000000000 ) ) ;
#422 = DIRECTION ( 'NONE',  ( -1.000000000000000000, 0.0000000000000000000, 0.0000000000000000000 ) ) ;
#423 = LINE ( 'NONE', #2134, #3670 ) ;
#424 = CARTESIAN_POINT ( 'NONE',  ( -8.400000000000000355, 9.099999999999999645, -1000.000000000000000 ) ) ;
#425 = ORIENTED_EDGE ( 'NONE', *, *, #1415, .F. ) ;
#426 = ORIENTED_EDGE ( 'NONE', *, *, #4018, .F. ) ;
#427 = LINE ( 'NONE', #2725, #2577 ) ;
#428 = AXIS2_PLACEMENT_3D ( 'NONE', #3242, #6510, #318 ) ;
#429 = DIRECTION ( 'NONE',  ( -1.000000000000000000, 0.0000000000000000000, 0.0000000000000000000 ) ) ;
#430 = DIRECTION ( 'NONE',  ( 3.174733781892936357E-15, 1.000000000000000000, 0.0000000000000000000 ) ) ;
#431 = DIRECTION ( 'NONE',  ( 0.0000000000000000000, 0.0000000000000000000, 1.000000000000000000 ) ) ;
#432 = ORIENTED_EDGE ( 'NONE', *, *, #4086, .T. ) ;
#433 = VERTEX_POINT ( 'NONE', #835 ) ;
#434 = DIRECTION ( 'NONE',  ( -1.000000000000000000, 0.0000000000000000000, 0.0000000000000000000 ) ) ;
#435 = DIRECTION ( 'NONE',  ( 3.727855278190355210E-16, 1.000000000000000000, 0.0000000000000000000 ) ) ;
#436 = AXIS2_PLACEMENT_3D ( 'NONE', #6062, #1013, #5508 ) ;
#437 = CARTESIAN_POINT ( 'NONE',  ( -3.499999999999999556, -0.4590169943749437542, -1000.000000000000000 ) ) ;
#438 = EDGE_CURVE ( 'NONE', #1974, #2143, #7032, .T. ) ;
#439 = FACE_OUTER_BOUND ( 'NONE', #3691, .T. ) ;
#440 = EDGE_CURVE ( 'NONE', #140, #6099, #7182, .T. ) ;
#441 = VERTEX_POINT ( 'NONE', #3676 ) ;
#442 = DIRECTION ( 'NONE',  ( -0.0000000000000000000, -0.0000000000000000000, -1.000000000000000000 ) ) ;
#443 = VERTEX_POINT ( 'NONE', #4858 ) ;
#444 = ORIENTED_EDGE ( 'NONE', *, *, #3101, .F. ) ;
#445 = VERTEX_POINT ( 'NONE', #6041 ) ;
#446 = VECTOR ( 'NONE', #1969, 1000.000000000000000 ) ;
#447 = AXIS2_PLACEMENT_3D ( 'NONE', #4090, #4717, #3062 ) ;
#448 = CARTESIAN_POINT ( 'NONE',  ( 6.462741699796953121, 4.199999999999999289, 0.0000000000000000000 ) ) ;
#449 = DIRECTION ( 'NONE',  ( 0.0000000000000000000, 1.000000000000000000, 0.0000000000000000000 ) ) ;
#450 = VECTOR ( 'NONE', #7066, 1000.000000000000000 ) ;
#451 = ORIENTED_EDGE ( 'NONE', *, *, #6689, .F. ) ;
#452 = ORIENTED_EDGE ( 'NONE', *, *, #4548, .F. ) ;
#453 = FACE_OUTER_BOUND ( 'NONE', #5165, .T. ) ;
#454 = VECTOR ( 'NONE', #3039, 1000.000000000000000 ) ;
#455 = ADVANCED_FACE ( 'NONE', ( #3755 ), #2581, .T. ) ;
#456 = DIRECTION ( 'NONE',  ( -0.0000000000000000000, 1.000000000000000000, -0.0000000000000000000 ) ) ;
#457 = ORIENTED_EDGE ( 'NONE', *, *, #6520, .F. ) ;
#458 = CARTESIAN_POINT ( 'NONE',  ( -3.700000000000003286, -9.750000000000000000, 0.0000000000000000000 ) ) ;
#459 = DIRECTION ( 'NONE',  ( -1.000000000000000000, 0.0000000000000000000, 0.0000000000000000000 ) ) ;
#460 = DIRECTION ( 'NONE',  ( -1.000000000000000000, -0.0000000000000000000, -0.0000000000000000000 ) ) ;
#461 = DIRECTION ( 'NONE',  ( 4.212044549456247126E-16, 1.000000000000000000, 0.0000000000000000000 ) ) ;
#462 = VERTEX_POINT ( 'NONE', #950 ) ;
#463 = ORIENTED_EDGE ( 'NONE', *, *, #6669, .F. ) ;
#464 = FACE_OUTER_BOUND ( 'NONE', #5489, .T. ) ;
#465 = DIRECTION ( 'NONE',  ( -1.000000000000000000, 0.0000000000000000000, 0.0000000000000000000 ) ) ;
#466 = CARTESIAN_POINT ( 'NONE',  ( -4.600000000000001421, 8.700000000000002842, 0.0000000000000000000 ) ) ;
#467 = FACE_OUTER_BOUND ( 'NONE', #4949, .T. ) ;
#468 = VERTEX_POINT ( 'NONE', #4262 ) ;
#469 = ORIENTED_EDGE ( 'NONE', *, *, #4303, .T. ) ;
#470 = CARTESIAN_POINT ( 'NONE',  ( 8.699999999999999289, -5.200000000000001066, 0.0000000000000000000 ) ) ;
#471 = CYLINDRICAL_SURFACE ( 'NONE', #6548, 0.6999999999999992895 ) ;
#472 = CARTESIAN_POINT ( 'NONE',  ( -4.720156211871644913, 8.700000000000002842, 0.0000000000000000000 ) ) ;
#473 = LINE ( 'NONE', #4869, #6735 ) ;
#474 = ORIENTED_EDGE ( 'NONE', *, *, #4627, .F. ) ;
#475 = CARTESIAN_POINT ( 'NONE',  ( -4.085786437626903300, 3.237258300203046613, 0.0000000000000000000 ) ) ;
#476 = ORIENTED_EDGE ( 'NONE', *, *, #870, .F. ) ;
#477 = ORIENTED_EDGE ( 'NONE', *, *, #2714, .F. ) ;
#478 = EDGE_CURVE ( 'NONE', #441, #3064, #2517, .T. ) ;
#479 = ORIENTED_EDGE ( 'NONE', *, *, #5850, .F. ) ;
#480 = EDGE_CURVE ( 'NONE', #2350, #4538, #6476, .T. ) ;
#481 = EDGE_CURVE ( 'NONE', #7118, #7273, #4781, .T. ) ;
#482 = VECTOR ( 'NONE', #207, 1000.000000000000000 ) ;
#483 = FACE_OUTER_BOUND ( 'NONE', #4757, .T. ) ;
#484 = ORIENTED_EDGE ( 'NONE', *, *, #1816, .T. ) ;
#485 = ORIENTED_EDGE ( 'NONE', *, *, #712, .T. ) ;
#486 = PLANE ( 'NONE',  #436 ) ;
#487 = VECTOR ( 'NONE', #7259, 1000.000000000000000 ) ;
#488 = AXIS2_PLACEMENT_3D ( 'NONE', #5144, #3996, #5696 ) ;
#489 = CARTESIAN_POINT ( 'NONE',  ( -2.404163056034253287, 1.697056274847711599, -1000.000000000000000 ) ) ;
#490 = ORIENTED_EDGE ( 'NONE', *, *, #817, .F. ) ;
#491 = AXIS2_PLACEMENT_3D ( 'NONE', #3576, #6372, #5264 ) ;
#492 = VECTOR ( 'NONE', #885, 1000.000000000000000 ) ;
#493 = CARTESIAN_POINT ( 'NONE',  ( 8.700000000000001066, 4.720156211871642249, 0.0000000000000000000 ) ) ;
#494 = EDGE_CURVE ( 'NONE', #2621, #825, #740, .T. ) ;
#495 = DIRECTION ( 'NONE',  ( -0.0000000000000000000, 0.0000000000000000000, -1.000000000000000000 ) ) ;
#496 = VERTEX_POINT ( 'NONE', #5338 ) ;
#497 = CIRCLE ( 'NONE', #3338, 0.7000000000000000666 ) ;
#498 = ORIENTED_EDGE ( 'NONE', *, *, #605, .T. ) ;
#499 = DIRECTION ( 'NONE',  ( 0.0000000000000000000, 0.0000000000000000000, -1.000000000000000000 ) ) ;
#500 = CARTESIAN_POINT ( 'NONE',  ( -0.0000000000000000000, -0.0000000000000000000, -1000.000000000000000 ) ) ;
#501 = CARTESIAN_POINT ( 'NONE',  ( -3.070000000000000284, 8.250000000000003553, 0.0000000000000000000 ) ) ;
#502 = CARTESIAN_POINT ( 'NONE',  ( -3.070000000000000284, 8.000000000000003553, 0.0000000000000000000 ) ) ;
#503 = VERTEX_POINT ( 'NONE', #281 ) ;
#504 = ORIENTED_EDGE ( 'NONE', *, *, #4767, .F. ) ;
#505 = AXIS2_PLACEMENT_3D ( 'NONE', #2707, #7269, #2233 ) ;
#506 = FACE_OUTER_BOUND ( 'NONE', #5403, .T. ) ;
#507 = DIRECTION ( 'NONE',  ( -1.000000000000000000, 0.0000000000000000000, 0.0000000000000000000 ) ) ;
#508 = LINE ( 'NONE', #6050, #1864 ) ;
#509 = CARTESIAN_POINT ( 'NONE',  ( -2.651471862576142424, 3.499999999999999556, -1000.000000000000000 ) ) ;
#510 = ORIENTED_EDGE ( 'NONE', *, *, #1812, .F. ) ;
#511 = DIRECTION ( 'NONE',  ( 4.723654528293322233E-16, 1.000000000000000000, 0.0000000000000000000 ) ) ;
#512 = VERTEX_POINT ( 'NONE', #875 ) ;
#513 = VERTEX_POINT ( 'NONE', #3131 ) ;
#514 = EDGE_CURVE ( 'NONE', #168, #5628, #497, .T. ) ;
#515 = VECTOR ( 'NONE', #1247, 1000.000000000000000 ) ;
#516 = PLANE ( 'NONE',  #6164 ) ;
#517 = CARTESIAN_POINT ( 'NONE',  ( -8.450000000000001066, 4.949999999999999289, 0.0000000000000000000 ) ) ;
#518 = ORIENTED_EDGE ( 'NONE', *, *, #6402, .T. ) ;
#519 = VERTEX_POINT ( 'NONE', #1473 ) ;
#520 = CYLINDRICAL_SURFACE ( 'NONE', #6679, 1.000000000000000000 ) ;
#521 = AXIS2_PLACEMENT_3D ( 'NONE', #4528, #6230, #1181 ) ;
#522 = DIRECTION ( 'NONE',  ( -0.0000000000000000000, -0.0000000000000000000, -1.000000000000000000 ) ) ;
#523 = VECTOR ( 'NONE', #1129, 1000.000000000000000 ) ;
#524 = VERTEX_POINT ( 'NONE', #4225 ) ;
#525 = ADVANCED_FACE ( 'NONE', ( #1435 ), #1587, .F. ) ;
#526 = ADVANCED_FACE ( 'NONE', ( #3715 ), #5374, .F. ) ;
#527 = VECTOR ( 'NONE', #3437, 1000.000000000000000 ) ;
#528 = EDGE_CURVE ( 'NONE', #1974, #2458, #912, .T. ) ;
#529 = DIRECTION ( 'NONE',  ( 0.0000000000000000000, 0.0000000000000000000, 1.000000000000000000 ) ) ;
#530 = FACE_OUTER_BOUND ( 'NONE', #3262, .T. ) ;
#531 = VERTEX_POINT ( 'NONE', #2648 ) ;
#532 = ORIENTED_EDGE ( 'NONE', *, *, #4258, .F. ) ;
#533 = CYLINDRICAL_SURFACE ( 'NONE', #6393, 0.2500000000000002220 ) ;
#534 = PLANE ( 'NONE',  #3615 ) ;
#535 = DIRECTION ( 'NONE',  ( 4.336808689942017736E-16, 1.000000000000000000, 0.0000000000000000000 ) ) ;
#536 = VERTEX_POINT ( 'NONE', #4895 ) ;
#537 = VERTEX_POINT ( 'NONE', #7139 ) ;
#538 = LINE ( 'NONE', #3423, #2961 ) ;
#539 = DIRECTION ( 'NONE',  ( 0.7808688094430301652, -0.6246950475544245096, 0.0000000000000000000 ) ) ;
#540 = CARTESIAN_POINT ( 'NONE',  ( 9.749999999999998224, -3.950000000000001066, -1000.000000000000000 ) ) ;
#541 = DIRECTION ( 'NONE',  ( -1.000000000000000000, 0.0000000000000000000, 0.0000000000000000000 ) ) ;
#542 = LINE ( 'NONE', #2847, #3973 ) ;
#543 = CARTESIAN_POINT ( 'NONE',  ( -9.750000000000001776, 3.699999999999997957, -1000.000000000000000 ) ) ;
#544 = DIRECTION ( 'NONE',  ( -0.0000000000000000000, -0.0000000000000000000, -1.000000000000000000 ) ) ;
#545 = ORIENTED_EDGE ( 'NONE', *, *, #4122, .T. ) ;
#546 = ORIENTED_EDGE ( 'NONE', *, *, #3730, .T. ) ;
#547 = CIRCLE ( 'NONE', #4674, 0.2500000000000002220 ) ;
#548 = CIRCLE ( 'NONE', #5509, 1.000000000000000000 ) ;
#549 = EDGE_CURVE ( 'NONE', #2621, #641, #4336, .T. ) ;
#550 = FACE_OUTER_BOUND ( 'NONE', #1820, .T. ) ;
#551 = ORIENTED_EDGE ( 'NONE', *, *, #2563, .T. ) ;
#552 = EDGE_LOOP ( 'NONE', ( #5679, #2724, #1514, #6316 ) ) ;
#553 = DIRECTION ( 'NONE',  ( 0.0000000000000000000, -0.0000000000000000000, -1.000000000000000000 ) ) ;
#554 = AXIS2_PLACEMENT_3D ( 'NONE', #1270, #3517, #1233 ) ;
#555 = DIRECTION ( 'NONE',  ( -0.0000000000000000000, 0.0000000000000000000, 1.000000000000000000 ) ) ;
#556 = AXIS2_PLACEMENT_3D ( 'NONE', #1866, #4586, #2211 ) ;
#557 = CARTESIAN_POINT ( 'NONE',  ( 4.085786437626902412, -3.237258300203047501, -1000.000000000000000 ) ) ;
#558 = AXIS2_PLACEMENT_3D ( 'NONE', #5959, #6036, #422 ) ;
#559 = ORIENTED_EDGE ( 'NONE', *, *, #5673, .F. ) ;
#560 = AXIS2_PLACEMENT_3D ( 'NONE', #6904, #1274, #156 ) ;
#561 = EDGE_CURVE ( 'NONE', #891, #5760, #4509, .T. ) ;
#562 = CARTESIAN_POINT ( 'NONE',  ( 3.699999999999998401, -10.00000000000000178, -1000.000000000000000 ) ) ;
#563 = EDGE_CURVE ( 'NONE', #6523, #6833, #2798, .T. ) ;
#564 = EDGE_CURVE ( 'NONE', #4238, #1058, #3830, .T. ) ;
#565 = LINE ( 'NONE', #3451, #4065 ) ;
#566 = ORIENTED_EDGE ( 'NONE', *, *, #1759, .T. ) ;
#567 = ORIENTED_EDGE ( 'NONE', *, *, #833, .T. ) ;
#568 = DIRECTION ( 'NONE',  ( -0.0000000000000000000, -0.0000000000000000000, -1.000000000000000000 ) ) ;
#569 = DIRECTION ( 'NONE',  ( -1.000000000000000000, -2.220446049250312834E-16, 0.0000000000000000000 ) ) ;
#570 = CARTESIAN_POINT ( 'NONE',  ( 9.150000000000002132, 3.069999999999996732, -1000.000000000000000 ) ) ;
#571 = ORIENTED_EDGE ( 'NONE', *, *, #1660, .T. ) ;
#572 = ORIENTED_EDGE ( 'NONE', *, *, #514, .F. ) ;
#573 = CYLINDRICAL_SURFACE ( 'NONE', #1784, 2.499999999999992895 ) ;
#574 = AXIS2_PLACEMENT_3D ( 'NONE', #3722, #2519, #4867 ) ;
#575 = CARTESIAN_POINT ( 'NONE',  ( 3.237258300203046613, -4.085786437626905077, 0.0000000000000000000 ) ) ;
#576 = CARTESIAN_POINT ( 'NONE',  ( -8.499999999999998224, 10.00000000000000000, -1000.000000000000000 ) ) ;
#577 = DIRECTION ( 'NONE',  ( -0.0000000000000000000, -0.0000000000000000000, 1.000000000000000000 ) ) ;
#578 = DIRECTION ( 'NONE',  ( -0.0000000000000000000, 0.0000000000000000000, -1.000000000000000000 ) ) ;
#579 = FACE_OUTER_BOUND ( 'NONE', #3033, .T. ) ;
#580 = PLANE ( 'NONE',  #6918 ) ;
#581 = ADVANCED_FACE ( 'NONE', ( #6113 ), #533, .T. ) ;
#582 = ORIENTED_EDGE ( 'NONE', *, *, #29, .T. ) ;
#583 = EDGE_LOOP ( 'NONE', ( #787, #3979, #4378, #125 ) ) ;
#584 = CARTESIAN_POINT ( 'NONE',  ( 3.070000000000000728, 8.250000000000003553, -1000.000000000000000 ) ) ;
#585 = ADVANCED_FACE ( 'NONE', ( #3864 ), #6761, .F. ) ;
#586 = LINE ( 'NONE', #2782, #4534 ) ;
#587 = ORIENTED_EDGE ( 'NONE', *, *, #2983, .F. ) ;
#588 = DIRECTION ( 'NONE',  ( 0.0000000000000000000, 0.0000000000000000000, -1.000000000000000000 ) ) ;
#589 = CARTESIAN_POINT ( 'NONE',  ( 3.473606797749979602, -0.3472135954999583940, -1000.000000000000000 ) ) ;
#590 = CARTESIAN_POINT ( 'NONE',  ( -8.250000000000003553, -3.919843788128354323, 0.0000000000000000000 ) ) ;
#591 = CIRCLE ( 'NONE', #4835, 1.000000000000000000 ) ;
#592 = CARTESIAN_POINT ( 'NONE',  ( 6.462741699796952233, -5.200000000000001066, 0.0000000000000000000 ) ) ;
#593 = VERTEX_POINT ( 'NONE', #3963 ) ;
#594 = VECTOR ( 'NONE', #3249, 1000.000000000000000 ) ;
#595 = CIRCLE ( 'NONE', #2268, 0.2500000000000002220 ) ;
#596 = LINE ( 'NONE', #562, #4022 ) ;
#597 = CIRCLE ( 'NONE', #4146, 1.499999999999999556 ) ;
#598 = VECTOR ( 'NONE', #6072, 1000.000000000000000 ) ;
#599 = PLANE ( 'NONE',  #3836 ) ;
#600 = ORIENTED_EDGE ( 'NONE', *, *, #941, .F. ) ;
#601 = ORIENTED_EDGE ( 'NONE', *, *, #2429, .T. ) ;
#602 = DIRECTION ( 'NONE',  ( -0.0000000000000000000, -0.0000000000000000000, -1.000000000000000000 ) ) ;
#603 = CARTESIAN_POINT ( 'NONE',  ( 8.849999999999997868, 6.349999999999998757, -1000.000000000000000 ) ) ;
#604 = CARTESIAN_POINT ( 'NONE',  ( -8.450000000000002842, -5.199999999999997513, -1000.000000000000000 ) ) ;
#605 = EDGE_CURVE ( 'NONE', #4000, #4939, #3222, .T. ) ;
#606 = AXIS2_PLACEMENT_3D ( 'NONE', #1070, #6267, #5676 ) ;
#607 = ORIENTED_EDGE ( 'NONE', *, *, #3183, .T. ) ;
#608 = ORIENTED_EDGE ( 'NONE', *, *, #2788, .F. ) ;
#609 = CARTESIAN_POINT ( 'NONE',  ( -8.093826238111397231, -4.115060990489111781, -1000.000000000000000 ) ) ;
#610 = PLANE ( 'NONE',  #1200 ) ;
#611 = VECTOR ( 'NONE', #4296, 1000.000000000000114 ) ;
#612 = CARTESIAN_POINT ( 'NONE',  ( -8.000000000000003553, -3.919843788128354323, 0.0000000000000000000 ) ) ;
#613 = CARTESIAN_POINT ( 'NONE',  ( 2.343943303841099723, -0.8694422283156204578, 0.0000000000000000000 ) ) ;
#614 = DIRECTION ( 'NONE',  ( 1.000000000000000000, 1.734723475976807094E-15, 0.0000000000000000000 ) ) ;
#615 = FACE_OUTER_BOUND ( 'NONE', #5537, .T. ) ;
#616 = PLANE ( 'NONE',  #5862 ) ;
#617 = EDGE_CURVE ( 'NONE', #4443, #4183, #6628, .T. ) ;
#618 = ORIENTED_EDGE ( 'NONE', *, *, #5245, .T. ) ;
#619 = EDGE_LOOP ( 'NONE', ( #4698, #1917, #4743, #4691 ) ) ;
#620 = EDGE_CURVE ( 'NONE', #3306, #4036, #2408, .T. ) ;
#621 = VECTOR ( 'NONE', #166, 1000.000000000000000 ) ;
#622 = EDGE_CURVE ( 'NONE', #5010, #6731, #6220, .T. ) ;
#623 = VECTOR ( 'NONE', #3912, 1000.000000000000114 ) ;
#624 = DIRECTION ( 'NONE',  ( -1.000000000000000000, 0.0000000000000000000, 0.0000000000000000000 ) ) ;
#625 = AXIS2_PLACEMENT_3D ( 'NONE', #5600, #6630, #4383 ) ;
#626 = ORIENTED_EDGE ( 'NONE', *, *, #2572, .T. ) ;
#627 = CARTESIAN_POINT ( 'NONE',  ( -8.849999999999999645, -6.099999999999996980, 0.0000000000000000000 ) ) ;
#628 = CARTESIAN_POINT ( 'NONE',  ( 3.700000000000001510, 9.750000000000001776, 0.0000000000000000000 ) ) ;
#629 = EDGE_CURVE ( 'NONE', #7153, #1242, #3349, .T. ) ;
#630 = DIRECTION ( 'NONE',  ( -0.0000000000000000000, -0.0000000000000000000, -1.000000000000000000 ) ) ;
#631 = EDGE_CURVE ( 'NONE', #6943, #1837, #3109, .T. ) ;
#632 = CARTESIAN_POINT ( 'NONE',  ( 8.093826238111395455, 4.115060990489114445, 0.0000000000000000000 ) ) ;
#633 = AXIS2_PLACEMENT_3D ( 'NONE', #6079, #1656, #3281 ) ;
#634 = ORIENTED_EDGE ( 'NONE', *, *, #5893, .F. ) ;
#635 = FACE_OUTER_BOUND ( 'NONE', #358, .T. ) ;
#636 = ORIENTED_EDGE ( 'NONE', *, *, #1794, .F. ) ;
#637 = FACE_OUTER_BOUND ( 'NONE', #3531, .T. ) ;
#638 = AXIS2_PLACEMENT_3D ( 'NONE', #1254, #1808, #2987 ) ;
#639 = DIRECTION ( 'NONE',  ( 0.0000000000000000000, 0.0000000000000000000, 1.000000000000000000 ) ) ;
#640 = ORIENTED_EDGE ( 'NONE', *, *, #6212, .F. ) ;
#641 = VERTEX_POINT ( 'NONE', #7253 ) ;
#642 = EDGE_CURVE ( 'NONE', #5572, #7126, #4872, .T. ) ;
#643 = DIRECTION ( 'NONE',  ( -1.000000000000000000, 0.0000000000000000000, 0.0000000000000000000 ) ) ;
#644 = VECTOR ( 'NONE', #2390, 1000.000000000000000 ) ;
#645 = CARTESIAN_POINT ( 'NONE',  ( -8.000000000000001776, 5.200000000000000178, -1000.000000000000000 ) ) ;
#646 = DIRECTION ( 'NONE',  ( 9.957992501029670227E-17, -1.000000000000000000, 0.0000000000000000000 ) ) ;
#647 = ORIENTED_EDGE ( 'NONE', *, *, #3888, .F. ) ;
#648 = ORIENTED_EDGE ( 'NONE', *, *, #3742, .T. ) ;
#649 = LINE ( 'NONE', #2363, #482 ) ;
#650 = CARTESIAN_POINT ( 'NONE',  ( -10.00000000000000178, 3.069999999999998064, -1000.000000000000000 ) ) ;
#651 = DIRECTION ( 'NONE',  ( 1.000000000000000000, -3.445092848397658646E-16, 0.0000000000000000000 ) ) ;
#652 = CYLINDRICAL_SURFACE ( 'NONE', #7119, 0.2500000000000002220 ) ;
#653 = LINE ( 'NONE', #1664, #1510 ) ;
#654 = DIRECTION ( 'NONE',  ( 0.0000000000000000000, 0.0000000000000000000, 1.000000000000000000 ) ) ;
#655 = CARTESIAN_POINT ( 'NONE',  ( 3.499999999999999556, 1.823044737829951023, -1000.000000000000000 ) ) ;
#656 = ORIENTED_EDGE ( 'NONE', *, *, #3413, .F. ) ;
#657 = ORIENTED_EDGE ( 'NONE', *, *, #4284, .F. ) ;
#658 = EDGE_CURVE ( 'NONE', #4346, #4443, #4445, .T. ) ;
#659 = EDGE_CURVE ( 'NONE', #7273, #6293, #5662, .T. ) ;
#660 = CARTESIAN_POINT ( 'NONE',  ( 9.150000000000000355, -3.069999999999999840, -1000.000000000000000 ) ) ;
#661 = EDGE_CURVE ( 'NONE', #916, #2137, #1345, .T. ) ;
#662 = ORIENTED_EDGE ( 'NONE', *, *, #6843, .T. ) ;
#663 = CARTESIAN_POINT ( 'NONE',  ( -8.849999999999999645, -6.349999999999996980, -1000.000000000000000 ) ) ;
#664 = CARTESIAN_POINT ( 'NONE',  ( -1.697056274847712487, -2.404163056034252843, 0.0000000000000000000 ) ) ;
#665 = VECTOR ( 'NONE', #5927, 1000.000000000000114 ) ;
#666 = FACE_OUTER_BOUND ( 'NONE', #6939, .T. ) ;
#667 = AXIS2_PLACEMENT_3D ( 'NONE', #307, #5367, #2013 ) ;
#668 = FACE_OUTER_BOUND ( 'NONE', #2305, .T. ) ;
#669 = AXIS2_PLACEMENT_3D ( 'NONE', #3851, #1052, #2748 ) ;
#670 = ORIENTED_EDGE ( 'NONE', *, *, #7018, .F. ) ;
#671 = DIRECTION ( 'NONE',  ( 0.0000000000000000000, 0.0000000000000000000, 1.000000000000000000 ) ) ;
#672 = ORIENTED_EDGE ( 'NONE', *, *, #7204, .F. ) ;
#673 = EDGE_CURVE ( 'NONE', #379, #3310, #3897, .T. ) ;
#674 = CARTESIAN_POINT ( 'NONE',  ( 9.100000000000003197, -9.100000000000001421, 0.0000000000000000000 ) ) ;
#675 = AXIS2_PLACEMENT_3D ( 'NONE', #3024, #6962, #3610 ) ;
#676 = VECTOR ( 'NONE', #3624, 1000.000000000000000 ) ;
#677 = FACE_OUTER_BOUND ( 'NONE', #6093, .T. ) ;
#678 = ORIENTED_EDGE ( 'NONE', *, *, #6710, .F. ) ;
#679 = ORIENTED_EDGE ( 'NONE', *, *, #1497, .F. ) ;
#680 = DIRECTION ( 'NONE',  ( 0.0000000000000000000, 1.000000000000000000, 0.0000000000000000000 ) ) ;
#681 = VECTOR ( 'NONE', #4661, 1000.000000000000000 ) ;
#682 = CARTESIAN_POINT ( 'NONE',  ( -0.8694422283156205689, 2.343943303841100168, -1000.000000000000000 ) ) ;
#683 = ORIENTED_EDGE ( 'NONE', *, *, #6033, .F. ) ;
#684 = VERTEX_POINT ( 'NONE', #19 ) ;
#685 = CARTESIAN_POINT ( 'NONE',  ( 4.524939009510884347, -8.606173761888610940, 0.0000000000000000000 ) ) ;
#686 = DIRECTION ( 'NONE',  ( 0.0000000000000000000, 1.000000000000000000, 0.0000000000000000000 ) ) ;
#687 = FACE_OUTER_BOUND ( 'NONE', #5186, .T. ) ;
#688 = DIRECTION ( 'NONE',  ( -7.228014483236698528E-16, -1.000000000000000000, 0.0000000000000000000 ) ) ;
#689 = CARTESIAN_POINT ( 'NONE',  ( 6.800000000000002487, 6.799999999999998934, 0.0000000000000000000 ) ) ;
#690 = CARTESIAN_POINT ( 'NONE',  ( -8.700000000000001066, 4.599999999999999645, -1000.000000000000000 ) ) ;
#691 = CYLINDRICAL_SURFACE ( 'NONE', #447, 2.000000000000000000 ) ;
#692 = ORIENTED_EDGE ( 'NONE', *, *, #2645, .T. ) ;
#693 = ORIENTED_EDGE ( 'NONE', *, *, #5171, .T. ) ;
#694 = VECTOR ( 'NONE', #290, 1000.000000000000114 ) ;
#695 = CYLINDRICAL_SURFACE ( 'NONE', #6353, 0.2500000000000002220 ) ;
#696 = EDGE_LOOP ( 'NONE', ( #2422, #1304, #2217, #6271 ) ) ;
#697 = DIRECTION ( 'NONE',  ( -0.8944271909999205183, 0.4472135954999487129, 0.0000000000000000000 ) ) ;
#698 = LINE ( 'NONE', #6647, #3038 ) ;
#699 = EDGE_CURVE ( 'NONE', #5837, #5962, #1691, .T. ) ;
#700 = VERTEX_POINT ( 'NONE', #2248 ) ;
#701 = EDGE_CURVE ( 'NONE', #4821, #5168, #1132, .T. ) ;
#702 = EDGE_CURVE ( 'NONE', #1238, #7280, #5629, .T. ) ;
#703 = DIRECTION ( 'NONE',  ( 0.0000000000000000000, 0.0000000000000000000, 1.000000000000000000 ) ) ;
#704 = DIRECTION ( 'NONE',  ( 0.0000000000000000000, -0.0000000000000000000, -1.000000000000000000 ) ) ;
#705 = ORIENTED_EDGE ( 'NONE', *, *, #3656, .F. ) ;
#706 = CARTESIAN_POINT ( 'NONE',  ( -3.919843788128361428, -8.000000000000001776, -1000.000000000000000 ) ) ;
#707 = ORIENTED_EDGE ( 'NONE', *, *, #5708, .T. ) ;
#708 = EDGE_CURVE ( 'NONE', #6149, #6292, #1764, .T. ) ;
#709 = UNCERTAINTY_MEASURE_WITH_UNIT (LENGTH_MEASURE( 1.000000000000000082E-05 ), #347, 'distance_accuracy_value', 'NONE');
#710 = AXIS2_PLACEMENT_3D ( 'NONE', #5154, #5742, #2841 ) ;
#711 = LINE ( 'NONE', #6359, #1913 ) ;
#712 = EDGE_CURVE ( 'NONE', #3226, #1324, #267, .T. ) ;
#713 = VECTOR ( 'NONE', #1921, 1000.000000000000114 ) ;
#714 = DIRECTION ( 'NONE',  ( 0.0000000000000000000, -0.0000000000000000000, -1.000000000000000000 ) ) ;
#715 = ORIENTED_EDGE ( 'NONE', *, *, #5587, .F. ) ;
#716 = EDGE_LOOP ( 'NONE', ( #6254, #2654, #2815, #3144 ) ) ;
#717 = ADVANCED_FACE ( 'NONE', ( #202 ), #3530, .F. ) ;
#719 = DIRECTION ( 'NONE',  ( 1.000000000000000000, 0.0000000000000000000, 0.0000000000000000000 ) ) ;
#718 = AXIS2_PLACEMENT_3D ( 'NONE', #1572, #6533, #2673 ) ;
#720 = EDGE_LOOP ( 'NONE', ( #5071, #1015, #3175, #7165 ) ) ;
#721 = ORIENTED_EDGE ( 'NONE', *, *, #3251, .F. ) ;
#722 = DIRECTION ( 'NONE',  ( 1.000000000000000000, 0.0000000000000000000, 0.0000000000000000000 ) ) ;
#723 = EDGE_CURVE ( 'NONE', #4934, #860, #4037, .T. ) ;
#724 = VECTOR ( 'NONE', #6411, 1000.000000000000000 ) ;
#725 = CIRCLE ( 'NONE', #7085, 0.2500000000000002220 ) ;
#726 = DIRECTION ( 'NONE',  ( 0.0000000000000000000, 0.0000000000000000000, 1.000000000000000000 ) ) ;
#727 = CYLINDRICAL_SURFACE ( 'NONE', #2157, 0.2500000000000000555 ) ;
#728 = CARTESIAN_POINT ( 'NONE',  ( 1.217219119641868907, -3.281520625377543077, -1000.000000000000000 ) ) ;
#729 = PLANE ( 'NONE',  #85 ) ;
#730 = CARTESIAN_POINT ( 'NONE',  ( 6.800000000000002487, 6.099999999999998757, -1000.000000000000000 ) ) ;
#731 = LINE ( 'NONE', #2479, #1733 ) ;
#732 = ORIENTED_EDGE ( 'NONE', *, *, #3812, .T. ) ;
#733 = ORIENTED_EDGE ( 'NONE', *, *, #1269, .F. ) ;
#734 = AXIS2_PLACEMENT_3D ( 'NONE', #5672, #1844, #764 ) ;
#735 = CARTESIAN_POINT ( 'NONE',  ( -3.919843788128361428, -8.250000000000001776, 0.0000000000000000000 ) ) ;
#736 = DIRECTION ( 'NONE',  ( 0.0000000000000000000, 0.0000000000000000000, 1.000000000000000000 ) ) ;
#737 = ORIENTED_EDGE ( 'NONE', *, *, #1904, .F. ) ;
#738 = CARTESIAN_POINT ( 'NONE',  ( -8.250000000000003553, -3.919843788128354323, -1000.000000000000000 ) ) ;
#739 = DIRECTION ( 'NONE',  ( 0.0000000000000000000, -1.000000000000000000, 0.0000000000000000000 ) ) ;
#740 = CIRCLE ( 'NONE', #4865, 0.2500000000000000000 ) ;
#741 = VERTEX_POINT ( 'NONE', #235 ) ;
#742 = ADVANCED_FACE ( 'NONE', ( #6326 ), #4116, .F. ) ;
#743 = CARTESIAN_POINT ( 'NONE',  ( -10.00000000000000888, -9.999999999999996447, -1000.000000000000000 ) ) ;
#744 = AXIS2_PLACEMENT_3D ( 'NONE', #7221, #2764, #6728 ) ;
#745 = CARTESIAN_POINT ( 'NONE',  ( 8.399999999999998579, -8.400000000000002132, -1000.000000000000000 ) ) ;
#746 = EDGE_LOOP ( 'NONE', ( #186, #3522, #6457, #3929 ) ) ;
#747 = PLANE ( 'NONE',  #927 ) ;
#748 = ORIENTED_EDGE ( 'NONE', *, *, #3778, .F. ) ;
#749 = DIRECTION ( 'NONE',  ( 0.0000000000000000000, 0.0000000000000000000, 1.000000000000000000 ) ) ;
#750 = VECTOR ( 'NONE', #5594, 1000.000000000000000 ) ;
#751 = EDGE_CURVE ( 'NONE', #4725, #2383, #127, .T. ) ;
#752 = EDGE_CURVE ( 'NONE', #3614, #4286, #756, .T. ) ;
#753 = CARTESIAN_POINT ( 'NONE',  ( -3.499999999999999556, 0.4590169943749449200, 0.0000000000000000000 ) ) ;
#754 = EDGE_LOOP ( 'NONE', ( #5106, #6507, #3298, #5496 ) ) ;
#755 = VERTEX_POINT ( 'NONE', #4039 ) ;
#756 = LINE ( 'NONE', #2358, #6399 ) ;
#757 = CARTESIAN_POINT ( 'NONE',  ( 4.599999999999999645, -8.700000000000004619, -1000.000000000000000 ) ) ;
#758 = EDGE_LOOP ( 'NONE', ( #6910, #3041, #504, #3107 ) ) ;
#759 = ORIENTED_EDGE ( 'NONE', *, *, #5745, .T. ) ;
#760 = EDGE_CURVE ( 'NONE', #2824, #6586, #5149, .T. ) ;
#761 = VECTOR ( 'NONE', #2760, 1000.000000000000000 ) ;
#762 = CARTESIAN_POINT ( 'NONE',  ( -1.823044737829953466, -3.499999999999999112, 0.0000000000000000000 ) ) ;
#763 = DIRECTION ( 'NONE',  ( 1.000000000000000000, 5.204170427930421283E-15, 0.0000000000000000000 ) ) ;
#764 = DIRECTION ( 'NONE',  ( -0.0000000000000000000, -0.0000000000000000000, -1.000000000000000000 ) ) ;
#765 = CIRCLE ( 'NONE', #3123, 0.2500000000000002220 ) ;
#766 = DIRECTION ( 'NONE',  ( -2.503208479043009645E-16, 1.000000000000000000, 0.0000000000000000000 ) ) ;
#767 = DIRECTION ( 'NONE',  ( 0.0000000000000000000, 0.0000000000000000000, 1.000000000000000000 ) ) ;
#768 = DIRECTION ( 'NONE',  ( 0.0000000000000000000, 0.0000000000000000000, 1.000000000000000000 ) ) ;
#769 = FACE_OUTER_BOUND ( 'NONE', #2743, .T. ) ;
#770 = ORIENTED_EDGE ( 'NONE', *, *, #1722, .F. ) ;
#771 = VERTEX_POINT ( 'NONE', #1283 ) ;
#772 = EDGE_CURVE ( 'NONE', #1146, #2874, #4076, .T. ) ;
#773 = CARTESIAN_POINT ( 'NONE',  ( -8.000000000000003553, 3.069999999999998508, -1000.000000000000000 ) ) ;
#774 = DIRECTION ( 'NONE',  ( -0.0000000000000000000, -0.0000000000000000000, -1.000000000000000000 ) ) ;
#775 = EDGE_LOOP ( 'NONE', ( #4132, #5437, #463, #5198 ) ) ;
#776 = CARTESIAN_POINT ( 'NONE',  ( 8.000000000000001776, 5.199999999999999289, 0.0000000000000000000 ) ) ;
#777 = ORIENTED_EDGE ( 'NONE', *, *, #1046, .T. ) ;
#778 = EDGE_CURVE ( 'NONE', #5361, #3173, #1877, .T. ) ;
#779 = FACE_OUTER_BOUND ( 'NONE', #3245, .T. ) ;
#780 = AXIS2_PLACEMENT_3D ( 'NONE', #603, #2872, #3456 ) ;
#781 = ORIENTED_EDGE ( 'NONE', *, *, #817, .T. ) ;
#782 = LINE ( 'NONE', #3042, #6572 ) ;
#783 = ORIENTED_EDGE ( 'NONE', *, *, #4643, .T. ) ;
#784 = CIRCLE ( 'NONE', #4915, 0.2500000000000002220 ) ;
#785 = FACE_OUTER_BOUND ( 'NONE', #814, .T. ) ;
#786 = CARTESIAN_POINT ( 'NONE',  ( -0.4590169943749466408, -3.249999999999999556, 0.0000000000000000000 ) ) ;
#787 = ORIENTED_EDGE ( 'NONE', *, *, #160, .T. ) ;
#788 = DIRECTION ( 'NONE',  ( -1.000000000000000000, 3.216245299353279611E-16, -0.0000000000000000000 ) ) ;
#789 = DIRECTION ( 'NONE',  ( 0.0000000000000000000, 0.0000000000000000000, -1.000000000000000000 ) ) ;
#790 = EDGE_CURVE ( 'NONE', #3614, #2430, #3455, .T. ) ;
#791 = VERTEX_POINT ( 'NONE', #3051 ) ;
#792 = ORIENTED_EDGE ( 'NONE', *, *, #1123, .F. ) ;
#793 = AXIS2_PLACEMENT_3D ( 'NONE', #2810, #5052, #4491 ) ;
#794 = ADVANCED_FACE ( 'NONE', ( #1208 ), #6835, .F. ) ;
#795 = DIRECTION ( 'NONE',  ( -0.4472135954999486573, -0.8944271909999204073, 0.0000000000000000000 ) ) ;
#796 = CIRCLE ( 'NONE', #5276, 0.2500000000000002220 ) ;
#797 = EDGE_CURVE ( 'NONE', #2426, #3365, #1934, .T. ) ;
#798 = CIRCLE ( 'NONE', #3743, 0.2500000000000002220 ) ;
#799 = LINE ( 'NONE', #5886, #2155 ) ;
#800 = CARTESIAN_POINT ( 'NONE',  ( 1.823044737829953021, 5.500000000000000000, -1000.000000000000000 ) ) ;
#801 = AXIS2_PLACEMENT_3D ( 'NONE', #5963, #6112, #7220 ) ;
#802 = PLANE ( 'NONE',  #170 ) ;
#803 = ADVANCED_FACE ( 'NONE', ( #1322 ), #3568, .T. ) ;
#804 = DIRECTION ( 'NONE',  ( 1.000000000000000000, 6.003367684089352962E-16, 0.0000000000000000000 ) ) ;
#805 = CARTESIAN_POINT ( 'NONE',  ( 4.720156211871643137, -8.450000000000004619, -1000.000000000000000 ) ) ;
#806 = AXIS2_PLACEMENT_3D ( 'NONE', #44, #1234, #4029 ) ;
#807 = DIRECTION ( 'NONE',  ( 0.4472135954999489349, 0.8944271909999204073, 0.0000000000000000000 ) ) ;
#808 = ORIENTED_EDGE ( 'NONE', *, *, #2206, .T. ) ;
#809 = ORIENTED_EDGE ( 'NONE', *, *, #1166, .F. ) ;
#810 = ORIENTED_EDGE ( 'NONE', *, *, #172, .T. ) ;
#811 = CARTESIAN_POINT ( 'NONE',  ( 8.250000000000003553, 3.069999999999997176, -1000.000000000000000 ) ) ;
#812 = CARTESIAN_POINT ( 'NONE',  ( 8.849999999999997868, 6.099999999999998757, -1000.000000000000000 ) ) ;
#813 = EDGE_CURVE ( 'NONE', #6235, #6480, #861, .T. ) ;
#814 = EDGE_LOOP ( 'NONE', ( #4532, #328, #3719, #2584 ) ) ;
#815 = CARTESIAN_POINT ( 'NONE',  ( -8.093826238111397231, -4.115060990489112669, 0.0000000000000000000 ) ) ;
#816 = VERTEX_POINT ( 'NONE', #1914 ) ;
#817 = EDGE_CURVE ( 'NONE', #1803, #1940, #4153, .T. ) ;
#818 = AXIS2_PLACEMENT_3D ( 'NONE', #1700, #3875, #4454 ) ;
#819 = LINE ( 'NONE', #1380, #5751 ) ;
#820 = ORIENTED_EDGE ( 'NONE', *, *, #6026, .T. ) ;
#821 = CARTESIAN_POINT ( 'NONE',  ( -3.249999999999999556, 0.4590169943749449200, -1000.000000000000000 ) ) ;
#822 = ORIENTED_EDGE ( 'NONE', *, *, #2080, .T. ) ;
#823 = LINE ( 'NONE', #7019, #2855 ) ;
#824 = DIRECTION ( 'NONE',  ( -0.7071067811865476838, 0.7071067811865474617, -0.0000000000000000000 ) ) ;
#825 = VERTEX_POINT ( 'NONE', #4742 ) ;
#826 = DIRECTION ( 'NONE',  ( -1.000000000000000000, 0.0000000000000000000, 0.0000000000000000000 ) ) ;
#827 = ORIENTED_EDGE ( 'NONE', *, *, #1053, .F. ) ;
#828 = LINE ( 'NONE', #1881, #1075 ) ;
#829 = CARTESIAN_POINT ( 'NONE',  ( 6.462741699796953121, 5.199999999999999289, -1000.000000000000000 ) ) ;
#830 = VECTOR ( 'NONE', #5368, 1000.000000000000000 ) ;
#831 = LINE ( 'NONE', #3202, #2506 ) ;
#832 = CARTESIAN_POINT ( 'NONE',  ( -9.099999999999997868, 9.100000000000003197, -1000.000000000000000 ) ) ;
#833 = EDGE_CURVE ( 'NONE', #5224, #1421, #4885, .T. ) ;
#834 = CARTESIAN_POINT ( 'NONE',  ( 2.343943303841100168, 0.8694422283156196807, 0.0000000000000000000 ) ) ;
#835 = CARTESIAN_POINT ( 'NONE',  ( 3.499999999999999112, -1.823044737829952133, 0.0000000000000000000 ) ) ;
#836 = FACE_OUTER_BOUND ( 'NONE', #7057, .T. ) ;
#837 = LINE ( 'NONE', #3678, #889 ) ;
#838 = EDGE_LOOP ( 'NONE', ( #2079, #6984, #6281, #3 ) ) ;
#839 = EDGE_LOOP ( 'NONE', ( #5344, #5377, #3635, #105 ) ) ;
#840 = VECTOR ( 'NONE', #3286, 1000.000000000000000 ) ;
#841 = VECTOR ( 'NONE', #2792, 1000.000000000000000 ) ;
#842 = ORIENTED_EDGE ( 'NONE', *, *, #4007, .T. ) ;
#843 = EDGE_CURVE ( 'NONE', #4280, #1972, #346, .T. ) ;
#844 = CARTESIAN_POINT ( 'NONE',  ( 4.085786437626902412, -3.237258300203047501, -1000.000000000000000 ) ) ;
#845 = CARTESIAN_POINT ( 'NONE',  ( -2.343943303841100168, 0.8694422283156200137, -1000.000000000000000 ) ) ;
#846 = ADVANCED_FACE ( 'NONE', ( #273 ), #1426, .F. ) ;
#847 = VECTOR ( 'NONE', #4222, 1000.000000000000000 ) ;
#848 = ADVANCED_FACE ( 'NONE', ( #3705 ), #6535, .T. ) ;
#849 = VERTEX_POINT ( 'NONE', #5916 ) ;
#850 = LINE ( 'NONE', #3034, #2106 ) ;
#851 = ORIENTED_EDGE ( 'NONE', *, *, #5405, .F. ) ;
#852 = AXIS2_PLACEMENT_3D ( 'NONE', #3877, #5087, #4014 ) ;
#853 = ADVANCED_FACE ( 'NONE', ( #6501 ), #4810, .T. ) ;
#854 = ADVANCED_FACE ( 'NONE', ( #1465 ), #1949, .T. ) ;
#855 = CYLINDRICAL_SURFACE ( 'NONE', #3740, 2.000000000000000000 ) ;
#856 = DIRECTION ( 'NONE',  ( 0.0000000000000000000, 0.0000000000000000000, 1.000000000000000000 ) ) ;
#857 = CIRCLE ( 'NONE', #4033, 2.000000000000000000 ) ;
#858 = ORIENTED_EDGE ( 'NONE', *, *, #5103, .T. ) ;
#859 = DIRECTION ( 'NONE',  ( 0.0000000000000000000, 0.0000000000000000000, 1.000000000000000000 ) ) ;
#860 = VERTEX_POINT ( 'NONE', #903 ) ;
#861 = CIRCLE ( 'NONE', #2168, 0.2500000000000002220 ) ;
#862 = CARTESIAN_POINT ( 'NONE',  ( -3.299999999999999378, 1.220244900090002590E-14, 0.0000000000000000000 ) ) ;
#863 =( GEOMETRIC_REPRESENTATION_CONTEXT ( 3 ) GLOBAL_UNCERTAINTY_ASSIGNED_CONTEXT ( ( #4701 ) ) GLOBAL_UNIT_ASSIGNED_CONTEXT ( ( #3984, #3847, #6236 ) ) REPRESENTATION_CONTEXT ( 'NONE', 'WORKASPACE' ) );
#864 = DIRECTION ( 'NONE',  ( -1.000000000000000000, -2.503208479043009645E-16, -0.0000000000000000000 ) ) ;
#865 = VERTEX_POINT ( 'NONE', #3779 ) ;
#866 = DIRECTION ( 'NONE',  ( -0.0000000000000000000, -0.0000000000000000000, 1.000000000000000000 ) ) ;
#867 = DIRECTION ( 'NONE',  ( 1.000000000000000000, 0.0000000000000000000, 0.0000000000000000000 ) ) ;
#868 = VECTOR ( 'NONE', #2800, 1000.000000000000227 ) ;
#869 = DIRECTION ( 'NONE',  ( 1.000000000000000000, 0.0000000000000000000, 0.0000000000000000000 ) ) ;
#870 = EDGE_CURVE ( 'NONE', #6161, #2008, #4202, .T. ) ;
#871 = LINE ( 'NONE', #1922, #6972 ) ;
#872 = DIRECTION ( 'NONE',  ( -0.7071067811865476838, -0.7071067811865473507, 0.0000000000000000000 ) ) ;
#873 = ORIENTED_EDGE ( 'NONE', *, *, #5471, .F. ) ;
#874 = CARTESIAN_POINT ( 'NONE',  ( 9.999999999999996447, -8.500000000000001776, 0.0000000000000000000 ) ) ;
#875 = CARTESIAN_POINT ( 'NONE',  ( -6.462741699796954897, -5.199999999999998401, -1000.000000000000000 ) ) ;
#876 = AXIS2_PLACEMENT_3D ( 'NONE', #1331, #4714, #2543 ) ;
#877 = FACE_OUTER_BOUND ( 'NONE', #67, .T. ) ;
#878 = DIRECTION ( 'NONE',  ( -1.266470583184028925E-15, -1.000000000000000000, 0.0000000000000000000 ) ) ;
#879 = ORIENTED_EDGE ( 'NONE', *, *, #3193, .F. ) ;
#880 = VERTEX_POINT ( 'NONE', #1391 ) ;
#881 = ORIENTED_EDGE ( 'NONE', *, *, #1432, .F. ) ;
#882 = CIRCLE ( 'NONE', #5835, 0.4999999999999995559 ) ;
#883 = DIRECTION ( 'NONE',  ( -0.0000000000000000000, -0.0000000000000000000, -1.000000000000000000 ) ) ;
#884 = CARTESIAN_POINT ( 'NONE',  ( -9.100000000000001421, -9.099999999999999645, -1000.000000000000000 ) ) ;
#885 = DIRECTION ( 'NONE',  ( 0.0000000000000000000, 0.0000000000000000000, 1.000000000000000000 ) ) ;
#886 = EDGE_LOOP ( 'NONE', ( #608, #4449, #5805, #6168 ) ) ;
#887 = DIRECTION ( 'NONE',  ( 0.7808688094430302762, 0.6246950475544242876, 0.0000000000000000000 ) ) ;
#888 = ORIENTED_EDGE ( 'NONE', *, *, #6840, .T. ) ;
#889 = VECTOR ( 'NONE', #6005, 1000.000000000000000 ) ;
#890 = EDGE_CURVE ( 'NONE', #5224, #6305, #3737, .T. ) ;
#891 = VERTEX_POINT ( 'NONE', #4184 ) ;
#892 = EDGE_CURVE ( 'NONE', #4553, #2838, #3085, .T. ) ;
#893 = ADVANCED_FACE ( 'NONE', ( #7095 ), #2570, .T. ) ;
#894 = CYLINDRICAL_SURFACE ( 'NONE', #3163, 0.2500000000000002220 ) ;
#895 = LINE ( 'NONE', #4141, #2813 ) ;
#896 = ORIENTED_EDGE ( 'NONE', *, *, #870, .T. ) ;
#897 = ORIENTED_EDGE ( 'NONE', *, *, #1948, .F. ) ;
#898 = DIRECTION ( 'NONE',  ( -1.000000000000000000, 5.436691348603591705E-16, 0.0000000000000000000 ) ) ;
#899 = DIRECTION ( 'NONE',  ( 0.0000000000000000000, 0.0000000000000000000, 1.000000000000000000 ) ) ;
#900 = DIRECTION ( 'NONE',  ( 0.7071067811865477948, 0.7071067811865473507, 0.0000000000000000000 ) ) ;
#901 = EDGE_LOOP ( 'NONE', ( #5981, #3221, #2761, #1740 ) ) ;
#902 = EDGE_CURVE ( 'NONE', #2492, #4753, #4793, .T. ) ;
#903 = CARTESIAN_POINT ( 'NONE',  ( -6.350000000000004086, -9.099999999999997868, -1000.000000000000000 ) ) ;
#904 = VECTOR ( 'NONE', #1259, 1000.000000000000000 ) ;
#905 = FACE_OUTER_BOUND ( 'NONE', #6176, .T. ) ;
#906 = ADVANCED_FACE ( 'NONE', ( #3122 ), #1984, .F. ) ;
#907 = DIRECTION ( 'NONE',  ( -1.000000000000000000, 0.0000000000000000000, 0.0000000000000000000 ) ) ;
#908 = CARTESIAN_POINT ( 'NONE',  ( 8.699999999999999289, -4.720156211871644913, -1000.000000000000000 ) ) ;
#909 = LINE ( 'NONE', #5411, #1474 ) ;
#910 = ORIENTED_EDGE ( 'NONE', *, *, #3260, .T. ) ;
#911 = CARTESIAN_POINT ( 'NONE',  ( -9.400000000000002132, -3.699999999999995293, -1000.000000000000000 ) ) ;
#912 = LINE ( 'NONE', #3170, #1338 ) ;
#913 = CIRCLE ( 'NONE', #1388, 1.000000000000000000 ) ;
#914 = CARTESIAN_POINT ( 'NONE',  ( -9.400000000000002132, 3.319999999999998952, -1000.000000000000000 ) ) ;
#915 = DIRECTION ( 'NONE',  ( 1.000000000000000000, -1.266470583184028925E-15, 0.0000000000000000000 ) ) ;
#916 = VERTEX_POINT ( 'NONE', #3231 ) ;
#917 = EDGE_LOOP ( 'NONE', ( #1901, #291, #4800, #3316 ) ) ;
#918 = CIRCLE ( 'NONE', #3510, 0.2500000000000002220 ) ;
#919 = ORIENTED_EDGE ( 'NONE', *, *, #2993, .F. ) ;
#920 = CIRCLE ( 'NONE', #4207, 1.000000000000000000 ) ;
#921 = LINE ( 'NONE', #1592, #6842 ) ;
#922 = DIRECTION ( 'NONE',  ( -2.220446049250312588E-16, -1.000000000000000000, -0.0000000000000000000 ) ) ;
#923 = DIRECTION ( 'NONE',  ( 6.003367684089352962E-16, -1.000000000000000000, 0.0000000000000000000 ) ) ;
#924 = ORIENTED_EDGE ( 'NONE', *, *, #255, .F. ) ;
#925 = CARTESIAN_POINT ( 'NONE',  ( 2.050609665440985996, 2.050609665440979779, -1000.000000000000000 ) ) ;
#926 = ORIENTED_EDGE ( 'NONE', *, *, #1904, .T. ) ;
#927 = AXIS2_PLACEMENT_3D ( 'NONE', #3006, #4031, #5727 ) ;
#928 = VERTEX_POINT ( 'NONE', #2536 ) ;
#929 = LINE ( 'NONE', #4311, #4922 ) ;
#930 = CYLINDRICAL_SURFACE ( 'NONE', #4097, 0.2500000000000000555 ) ;
#931 = EDGE_CURVE ( 'NONE', #3724, #305, #419, .T. ) ;
#932 = ORIENTED_EDGE ( 'NONE', *, *, #6015, .T. ) ;
#933 = ORIENTED_EDGE ( 'NONE', *, *, #5945, .F. ) ;
#934 = FACE_OUTER_BOUND ( 'NONE', #3364, .T. ) ;
#935 = ADVANCED_FACE ( 'NONE', ( #7022 ), #6467, .F. ) ;
#936 = ADVANCED_FACE ( 'NONE', ( #4252 ), #1749, .T. ) ;
#937 = AXIS2_PLACEMENT_3D ( 'NONE', #6970, #4168, #624 ) ;
#938 = CARTESIAN_POINT ( 'NONE',  ( -5.200000000000001066, 8.000000000000003553, 0.0000000000000000000 ) ) ;
#939 = ORIENTED_EDGE ( 'NONE', *, *, #2713, .T. ) ;
#940 = DIRECTION ( 'NONE',  ( 1.000000000000000000, -6.938893903907222067E-15, 0.0000000000000000000 ) ) ;
#941 = EDGE_CURVE ( 'NONE', #468, #2237, #5735, .T. ) ;
#942 = SHAPE_DEFINITION_REPRESENTATION ( #3921, #5122 ) ;
#943 = ADVANCED_FACE ( 'NONE', ( #5651 ), #5170, .T. ) ;
#944 = DIRECTION ( 'NONE',  ( 0.0000000000000000000, 0.0000000000000000000, 1.000000000000000000 ) ) ;
#945 = DIRECTION ( 'NONE',  ( 0.0000000000000000000, 0.0000000000000000000, -1.000000000000000000 ) ) ;
#946 = DIRECTION ( 'NONE',  ( -0.0000000000000000000, -0.0000000000000000000, -1.000000000000000000 ) ) ;
#947 = DIRECTION ( 'NONE',  ( -0.0000000000000000000, -0.0000000000000000000, -1.000000000000000000 ) ) ;
#948 = EDGE_LOOP ( 'NONE', ( #566, #3592, #2142, #567 ) ) ;
#949 = CARTESIAN_POINT ( 'NONE',  ( -8.093826238111395455, 4.115060990489114445, -1000.000000000000000 ) ) ;
#950 = CARTESIAN_POINT ( 'NONE',  ( -3.320000000000003837, -9.400000000000000355, -1000.000000000000000 ) ) ;
#951 = DIRECTION ( 'NONE',  ( -1.000000000000000000, 0.0000000000000000000, 0.0000000000000000000 ) ) ;
#952 = DIRECTION ( 'NONE',  ( -3.216245299353279611E-16, -1.000000000000000000, 0.0000000000000000000 ) ) ;
#953 = EDGE_LOOP ( 'NONE', ( #3148, #2711, #2870, #4951 ) ) ;
#954 = VERTEX_POINT ( 'NONE', #664 ) ;
#955 = ADVANCED_FACE ( 'NONE', ( #4961 ), #111, .F. ) ;
#956 = VECTOR ( 'NONE', #1326, 1000.000000000000000 ) ;
#957 = LINE ( 'NONE', #3760, #594 ) ;
#958 = DIRECTION ( 'NONE',  ( 0.0000000000000000000, 0.0000000000000000000, 1.000000000000000000 ) ) ;
#959 = DIRECTION ( 'NONE',  ( -1.000000000000000000, 0.0000000000000000000, 0.0000000000000000000 ) ) ;
#960 = CARTESIAN_POINT ( 'NONE',  ( 9.750000000000000000, -3.699999999999999734, 0.0000000000000000000 ) ) ;
#961 = AXIS2_PLACEMENT_3D ( 'NONE', #735, #883, #5346 ) ;
#962 = EDGE_LOOP ( 'NONE', ( #68, #3238, #418, #189 ) ) ;
#963 = CARTESIAN_POINT ( 'NONE',  ( -8.250000000000003553, 3.319999999999998508, -1000.000000000000000 ) ) ;
#964 = ORIENTED_EDGE ( 'NONE', *, *, #2018, .T. ) ;
#965 = CIRCLE ( 'NONE', #5552, 2.499999999999992895 ) ;
#966 = EDGE_LOOP ( 'NONE', ( #4, #5292, #3223, #5372 ) ) ;
#967 = AXIS2_PLACEMENT_3D ( 'NONE', #4221, #4777, #5298 ) ;
#968 = CARTESIAN_POINT ( 'NONE',  ( -8.606173761888607388, 4.524939009510884347, -1000.000000000000000 ) ) ;
#969 = DIRECTION ( 'NONE',  ( 0.0000000000000000000, 0.0000000000000000000, -1.000000000000000000 ) ) ;
#970 = AXIS2_PLACEMENT_3D ( 'NONE', #2911, #6190, #6733 ) ;
#971 = EDGE_CURVE ( 'NONE', #5832, #5279, #7211, .T. ) ;
#972 = ORIENTED_EDGE ( 'NONE', *, *, #3154, .F. ) ;
#973 = ORIENTED_EDGE ( 'NONE', *, *, #5352, .F. ) ;
#974 = CARTESIAN_POINT ( 'NONE',  ( 8.450000000000001066, 4.720156211871642249, -1000.000000000000000 ) ) ;
#975 = VECTOR ( 'NONE', #1001, 1000.000000000000000 ) ;
#976 = CARTESIAN_POINT ( 'NONE',  ( -4.524939009510886123, 8.606173761888609164, -1000.000000000000000 ) ) ;
#977 = VECTOR ( 'NONE', #4556, 1000.000000000000000 ) ;
#978 = ORIENTED_EDGE ( 'NONE', *, *, #2563, .F. ) ;
#979 = CARTESIAN_POINT ( 'NONE',  ( -6.462741699796952233, 4.200000000000000178, -1000.000000000000000 ) ) ;
#980 =( NAMED_UNIT ( * ) PLANE_ANGLE_UNIT ( ) SI_UNIT ( $, .RADIAN. ) );
#981 = AXIS2_PLACEMENT_3D ( 'NONE', #5774, #4668, #6912 ) ;
#982 = DIRECTION ( 'NONE',  ( 1.000000000000000000, 0.0000000000000000000, 0.0000000000000000000 ) ) ;
#983 = EDGE_CURVE ( 'NONE', #4496, #4280, #4555, .T. ) ;
#984 = EDGE_CURVE ( 'NONE', #2356, #6348, #1822, .T. ) ;
#985 = FACE_OUTER_BOUND ( 'NONE', #3893, .T. ) ;
#986 = LINE ( 'NONE', #3236, #4498 ) ;
#987 = CARTESIAN_POINT ( 'NONE',  ( 3.499999999999999556, 2.651471862576141092, 0.0000000000000000000 ) ) ;
#988 = ORIENTED_EDGE ( 'NONE', *, *, #3403, .F. ) ;
#989 = CARTESIAN_POINT ( 'NONE',  ( 0.8694422283156201248, -2.343943303841100612, -1000.000000000000000 ) ) ;
#990 = CYLINDRICAL_SURFACE ( 'NONE', #1094, 0.2500000000000002220 ) ;
#991 = EDGE_CURVE ( 'NONE', #6328, #3870, #7155, .T. ) ;
#992 = AXIS2_PLACEMENT_3D ( 'NONE', #6744, #2921, #4096 ) ;
#993 = PLANE ( 'NONE',  #6672 ) ;
#994 = CARTESIAN_POINT ( 'NONE',  ( 3.069999999999998508, -8.000000000000005329, 0.0000000000000000000 ) ) ;
#995 = ORIENTED_EDGE ( 'NONE', *, *, #2429, .F. ) ;
#996 = ORIENTED_EDGE ( 'NONE', *, *, #7291, .T. ) ;
#997 = CARTESIAN_POINT ( 'NONE',  ( -3.070000000000003393, -9.150000000000000355, 0.0000000000000000000 ) ) ;
#998 = CARTESIAN_POINT ( 'NONE',  ( -5.200000000000001066, 6.462741699796954009, 0.0000000000000000000 ) ) ;
#999 = VECTOR ( 'NONE', #57, 1000.000000000000000 ) ;
#1000 = CARTESIAN_POINT ( 'NONE',  ( 3.699999999999998845, -9.400000000000002132, 0.0000000000000000000 ) ) ;
#1001 = DIRECTION ( 'NONE',  ( -0.0000000000000000000, -0.0000000000000000000, -1.000000000000000000 ) ) ;
#1002 = EDGE_LOOP ( 'NONE', ( #1551, #4893, #2791, #5038 ) ) ;
#1003 = DIRECTION ( 'NONE',  ( 1.000000000000000000, 0.0000000000000000000, 0.0000000000000000000 ) ) ;
#1004 = VERTEX_POINT ( 'NONE', #589 ) ;
#1005 = ORIENTED_EDGE ( 'NONE', *, *, #7018, .T. ) ;
#1006 = AXIS2_PLACEMENT_3D ( 'NONE', #5336, #5300, #6413 ) ;
#1007 = VERTEX_POINT ( 'NONE', #6857 ) ;
#1008 = CARTESIAN_POINT ( 'NONE',  ( -5.500000000000000888, -1.823044737829949247, -1000.000000000000000 ) ) ;
#1009 = FACE_OUTER_BOUND ( 'NONE', #1261, .T. ) ;
#1010 = AXIS2_PLACEMENT_3D ( 'NONE', #1168, #1796, #5697 ) ;
#1011 = VERTEX_POINT ( 'NONE', #458 ) ;
#1012 = ORIENTED_EDGE ( 'NONE', *, *, #5634, .T. ) ;
#1013 = DIRECTION ( 'NONE',  ( -0.0000000000000000000, 1.000000000000000000, 0.0000000000000000000 ) ) ;
#1014 = CARTESIAN_POINT ( 'NONE',  ( 3.299999999999999378, -1.154522149583206682E-14, 0.0000000000000000000 ) ) ;
#1015 = ORIENTED_EDGE ( 'NONE', *, *, #2789, .T. ) ;
#1016 = CARTESIAN_POINT ( 'NONE',  ( 6.100000000000002309, 6.099999999999995204, -1000.000000000000000 ) ) ;
#1017 = CARTESIAN_POINT ( 'NONE',  ( 8.000000000000003553, 3.069999999999997620, 0.0000000000000000000 ) ) ;
#1018 = CARTESIAN_POINT ( 'NONE',  ( -5.500000000000000000, 1.823044737829951023, -1000.000000000000000 ) ) ;
#1019 = CARTESIAN_POINT ( 'NONE',  ( 6.800000000000000711, -6.100000000000001421, 0.0000000000000000000 ) ) ;
#1020 = DIRECTION ( 'NONE',  ( 0.0000000000000000000, -1.000000000000000000, 0.0000000000000000000 ) ) ;
#1021 = ORIENTED_EDGE ( 'NONE', *, *, #1998, .F. ) ;
#1022 = EDGE_CURVE ( 'NONE', #4986, #593, #311, .T. ) ;
#1023 = ORIENTED_EDGE ( 'NONE', *, *, #3011, .F. ) ;
#1024 = CARTESIAN_POINT ( 'NONE',  ( -3.281520625377542189, 1.217219119641868907, -1000.000000000000000 ) ) ;
#1025 = CIRCLE ( 'NONE', #5615, 0.7000000000000000666 ) ;
#1026 = CARTESIAN_POINT ( 'NONE',  ( -5.200000000000001066, 8.000000000000003553, -1000.000000000000000 ) ) ;
#1027 = LINE ( 'NONE', #4819, #195 ) ;
#1028 = DIRECTION ( 'NONE',  ( -0.0000000000000000000, -0.0000000000000000000, -1.000000000000000000 ) ) ;
#1029 = EDGE_CURVE ( 'NONE', #2008, #816, #5687, .T. ) ;
#1030 = ORIENTED_EDGE ( 'NONE', *, *, #3547, .T. ) ;
#1031 = ORIENTED_EDGE ( 'NONE', *, *, #3748, .F. ) ;
#1032 = EDGE_CURVE ( 'NONE', #71, #3587, #698, .T. ) ;
#1033 = AXIS2_PLACEMENT_3D ( 'NONE', #5404, #6574, #2604 ) ;
#1034 = DIRECTION ( 'NONE',  ( 0.0000000000000000000, 0.0000000000000000000, 1.000000000000000000 ) ) ;
#1035 = LINE ( 'NONE', #2697, #4230 ) ;
#1036 = CIRCLE ( 'NONE', #6445, 0.7000000000000000666 ) ;
#1037 = LINE ( 'NONE', #437, #5980 ) ;
#1038 = DIRECTION ( 'NONE',  ( 1.000000000000000000, -3.445092848397658153E-16, 0.0000000000000000000 ) ) ;
#1039 = EDGE_LOOP ( 'NONE', ( #6150, #2801, #1344, #510, #2409, #4727, #6418, #3294 ) ) ;
#1040 = CARTESIAN_POINT ( 'NONE',  ( 4.115060990489114445, -8.093826238111399007, -1000.000000000000000 ) ) ;
#1041 = EDGE_LOOP ( 'NONE', ( #5589, #933, #3924, #5514 ) ) ;
#1042 = ORIENTED_EDGE ( 'NONE', *, *, #2308, .F. ) ;
#1043 = AXIS2_PLACEMENT_3D ( 'NONE', #3108, #4101, #6387 ) ;
#1044 = VECTOR ( 'NONE', #3094, 1000.000000000000000 ) ;
#1045 = ORIENTED_EDGE ( 'NONE', *, *, #6082, .T. ) ;
#1046 = EDGE_CURVE ( 'NONE', #4516, #5878, #4363, .T. ) ;
#1047 = DIRECTION ( 'NONE',  ( -0.7808688094430300541, 0.6246950475544246206, 0.0000000000000000000 ) ) ;
#1048 = AXIS2_PLACEMENT_3D ( 'NONE', #298, #5287, #2561 ) ;
#1049 = CARTESIAN_POINT ( 'NONE',  ( -3.919843788128358764, 8.250000000000003553, -1000.000000000000000 ) ) ;
#1050 = ORIENTED_EDGE ( 'NONE', *, *, #481, .T. ) ;
#1051 = ORIENTED_EDGE ( 'NONE', *, *, #7026, .F. ) ;
#1052 = DIRECTION ( 'NONE',  ( -1.991598500205934045E-16, -1.000000000000000000, 0.0000000000000000000 ) ) ;
#1053 = EDGE_CURVE ( 'NONE', #9, #4670, #3818, .T. ) ;
#1054 = LINE ( 'NONE', #4920, #1321 ) ;
#1055 = ORIENTED_EDGE ( 'NONE', *, *, #7291, .F. ) ;
#1056 = DIRECTION ( 'NONE',  ( 0.0000000000000000000, 0.0000000000000000000, 1.000000000000000000 ) ) ;
#1057 = CARTESIAN_POINT ( 'NONE',  ( 0.4590169943749460302, 3.249999999999999556, -1000.000000000000000 ) ) ;
#1058 = VERTEX_POINT ( 'NONE', #2859 ) ;
#1059 = ORIENTED_EDGE ( 'NONE', *, *, #1708, .T. ) ;
#1060 = PLANE ( 'NONE',  #3982 ) ;
#1061 = ADVANCED_FACE ( 'NONE', ( #5101 ), #2338, .F. ) ;
#1062 = DIRECTION ( 'NONE',  ( -1.000000000000000000, 0.0000000000000000000, 0.0000000000000000000 ) ) ;
#1063 = CARTESIAN_POINT ( 'NONE',  ( 8.093826238111393678, -4.115060990489116222, 0.0000000000000000000 ) ) ;
#1064 = DIRECTION ( 'NONE',  ( 0.0000000000000000000, 0.0000000000000000000, 1.000000000000000000 ) ) ;
#1065 = ORIENTED_EDGE ( 'NONE', *, *, #3068, .T. ) ;
#1066 = VERTEX_POINT ( 'NONE', #2307 ) ;
#1067 = CARTESIAN_POINT ( 'NONE',  ( -3.700000000000003730, -9.399999999999998579, -1000.000000000000000 ) ) ;
#1068 = LINE ( 'NONE', #1628, #5652 ) ;
#1069 = DIRECTION ( 'NONE',  ( -1.000000000000000000, 0.0000000000000000000, 0.0000000000000000000 ) ) ;
#1070 = CARTESIAN_POINT ( 'NONE',  ( -8.400000000000000355, 8.400000000000000355, -1000.000000000000000 ) ) ;
#1071 = ORIENTED_EDGE ( 'NONE', *, *, #7038, .T. ) ;
#1072 = PLANE ( 'NONE',  #4563 ) ;
#1073 = ORIENTED_EDGE ( 'NONE', *, *, #5366, .F. ) ;
#1074 = ORIENTED_EDGE ( 'NONE', *, *, #6958, .T. ) ;
#1075 = VECTOR ( 'NONE', #795, 1000.000000000000227 ) ;
#1076 = EDGE_CURVE ( 'NONE', #2431, #1361, #4540, .T. ) ;
#1077 = SURFACE_STYLE_USAGE ( .BOTH. , #4429 ) ;
#1078 = EDGE_CURVE ( 'NONE', #1214, #3157, #6241, .T. ) ;
#1079 = AXIS2_PLACEMENT_3D ( 'NONE', #5290, #3008, #4664 ) ;
#1080 = LINE ( 'NONE', #3703, #4289 ) ;
#1081 = ORIENTED_EDGE ( 'NONE', *, *, #478, .F. ) ;
#1082 = ORIENTED_EDGE ( 'NONE', *, *, #3066, .F. ) ;
#1083 = LINE ( 'NONE', #4397, #3389 ) ;
#1084 = ADVANCED_FACE ( 'NONE', ( #3440 ), #73, .T. ) ;
#1085 = VECTOR ( 'NONE', #2293, 1000.000000000000000 ) ;
#1086 = CIRCLE ( 'NONE', #2031, 2.000000000000000000 ) ;
#1087 = CARTESIAN_POINT ( 'NONE',  ( -4.524939009510888788, -8.606173761888607388, 0.0000000000000000000 ) ) ;
#1088 = VERTEX_POINT ( 'NONE', #1933 ) ;
#1089 = AXIS2_PLACEMENT_3D ( 'NONE', #2509, #946, #4747 ) ;
#1090 = AXIS2_PLACEMENT_3D ( 'NONE', #1222, #6704, #1775 ) ;
#1091 = CARTESIAN_POINT ( 'NONE',  ( -9.150000000000002132, 3.069999999999998064, 0.0000000000000000000 ) ) ;
#1092 = DIRECTION ( 'NONE',  ( -1.000000000000000000, 8.673617379884035472E-16, 0.0000000000000000000 ) ) ;
#1093 = EDGE_LOOP ( 'NONE', ( #4908, #2128, #6245, #5814 ) ) ;
#1094 = AXIS2_PLACEMENT_3D ( 'NONE', #4936, #3240, #5891 ) ;
#1095 = ORIENTED_EDGE ( 'NONE', *, *, #7016, .T. ) ;
#1096 = CARTESIAN_POINT ( 'NONE',  ( -6.800000000000004263, -6.799999999999997158, -1000.000000000000000 ) ) ;
#1097 = DIRECTION ( 'NONE',  ( 0.0000000000000000000, 0.0000000000000000000, 1.000000000000000000 ) ) ;
#1098 = LINE ( 'NONE', #7255, #282 ) ;
#1099 = ORIENTED_EDGE ( 'NONE', *, *, #3812, .F. ) ;
#1100 = EDGE_LOOP ( 'NONE', ( #2210, #6815, #6521, #7210 ) ) ;
#1101 = DIRECTION ( 'NONE',  ( -0.4472135954999484353, 0.8944271909999206294, 0.0000000000000000000 ) ) ;
#1102 = VECTOR ( 'NONE', #6800, 1000.000000000000000 ) ;
#1103 = EDGE_CURVE ( 'NONE', #4001, #2392, #2488, .T. ) ;
#1104 = CARTESIAN_POINT ( 'NONE',  ( 8.399999999999998579, -9.100000000000001421, -1000.000000000000000 ) ) ;
#1105 = DIRECTION ( 'NONE',  ( -1.000000000000000000, 3.216245299353279611E-16, -0.0000000000000000000 ) ) ;
#1106 = VECTOR ( 'NONE', #6711, 1000.000000000000000 ) ;
#1107 = CARTESIAN_POINT ( 'NONE',  ( 6.799999999999999822, -6.800000000000001599, 0.0000000000000000000 ) ) ;
#1108 = DIRECTION ( 'NONE',  ( 0.0000000000000000000, 0.0000000000000000000, 1.000000000000000000 ) ) ;
#1109 = CARTESIAN_POINT ( 'NONE',  ( 3.320000000000000728, 8.000000000000003553, 0.0000000000000000000 ) ) ;
#1110 = EDGE_LOOP ( 'NONE', ( #5213, #2944, #6637, #7266 ) ) ;
#1111 = CYLINDRICAL_SURFACE ( 'NONE', #1869, 2.000000000000000000 ) ;
#1112 = ORIENTED_EDGE ( 'NONE', *, *, #2842, .F. ) ;
#1113 = ORIENTED_EDGE ( 'NONE', *, *, #5971, .T. ) ;
#1114 = CIRCLE ( 'NONE', #4054, 1.000000000000000000 ) ;
#1115 = CARTESIAN_POINT ( 'NONE',  ( -8.000000000000003553, 3.069999999999998508, 0.0000000000000000000 ) ) ;
#1116 = CYLINDRICAL_SURFACE ( 'NONE', #7010, 0.2499999999999997780 ) ;
#1117 = ORIENTED_EDGE ( 'NONE', *, *, #5801, .T. ) ;
#1118 = ORIENTED_EDGE ( 'NONE', *, *, #4847, .T. ) ;
#1119 = DIRECTION ( 'NONE',  ( 0.0000000000000000000, -1.000000000000000000, 0.0000000000000000000 ) ) ;
#1120 = ADVANCED_FACE ( 'NONE', ( #4791 ), #5350, .T. ) ;
#1121 = AXIS2_PLACEMENT_3D ( 'NONE', #6737, #1702, #2846 ) ;
#1122 = EDGE_CURVE ( 'NONE', #2776, #771, #784, .T. ) ;
#1123 = EDGE_CURVE ( 'NONE', #5024, #519, #5312, .T. ) ;
#1124 = CARTESIAN_POINT ( 'NONE',  ( 8.700000000000001066, 4.599999999999998757, -1000.000000000000000 ) ) ;
#1125 = VECTOR ( 'NONE', #3012, 1000.000000000000000 ) ;
#1126 = ORIENTED_EDGE ( 'NONE', *, *, #7100, .T. ) ;
#1127 = DIRECTION ( 'NONE',  ( 0.0000000000000000000, 0.0000000000000000000, -1.000000000000000000 ) ) ;
#1128 = EDGE_CURVE ( 'NONE', #4933, #2383, #6897, .T. ) ;
#1129 = DIRECTION ( 'NONE',  ( 2.853109251957608889E-15, -1.000000000000000000, 0.0000000000000000000 ) ) ;
#1130 = VERTEX_POINT ( 'NONE', #2004 ) ;
#1131 = VERTEX_POINT ( 'NONE', #6974 ) ;
#1132 = LINE ( 'NONE', #2178, #3343 ) ;
#1133 = DIRECTION ( 'NONE',  ( 1.000000000000000000, -2.975573931872343249E-15, 0.0000000000000000000 ) ) ;
#1134 = CARTESIAN_POINT ( 'NONE',  ( 5.200000000000001954, 8.450000000000002842, -1000.000000000000000 ) ) ;
#1135 = EDGE_LOOP ( 'NONE', ( #5197, #4201, #457, #5554 ) ) ;
#1136 = ORIENTED_EDGE ( 'NONE', *, *, #5462, .F. ) ;
#1137 = DIRECTION ( 'NONE',  ( -0.0000000000000000000, -0.0000000000000000000, 1.000000000000000000 ) ) ;
#1138 = EDGE_CURVE ( 'NONE', #3600, #259, #4134, .T. ) ;
#1139 = CARTESIAN_POINT ( 'NONE',  ( -10.00000000000000178, -10.00000000000000000, 0.0000000000000000000 ) ) ;
#1140 = LINE ( 'NONE', #5013, #5289 ) ;
#1141 = LINE ( 'NONE', #2949, #1235 ) ;
#1142 = CARTESIAN_POINT ( 'NONE',  ( 4.200000000000001954, 6.462741699796952233, -1000.000000000000000 ) ) ;
#1143 = DIRECTION ( 'NONE',  ( 0.0000000000000000000, 0.0000000000000000000, 1.000000000000000000 ) ) ;
#1144 = CARTESIAN_POINT ( 'NONE',  ( -8.000000000000003553, 3.069999999999998508, -1000.000000000000000 ) ) ;
#1145 = ORIENTED_EDGE ( 'NONE', *, *, #1252, .T. ) ;
#1146 = VERTEX_POINT ( 'NONE', #4237 ) ;
#1147 = CIRCLE ( 'NONE', #308, 0.2500000000000002220 ) ;
#1148 = AXIS2_PLACEMENT_3D ( 'NONE', #7229, #3215, #3801 ) ;
#1149 = LINE ( 'NONE', #2156, #4751 ) ;
#1150 = AXIS2_PLACEMENT_3D ( 'NONE', #4925, #3855, #4063 ) ;
#1151 = DIRECTION ( 'NONE',  ( 0.0000000000000000000, -1.000000000000000000, 0.0000000000000000000 ) ) ;
#1152 = ORIENTED_EDGE ( 'NONE', *, *, #4060, .T. ) ;
#1153 = CARTESIAN_POINT ( 'NONE',  ( 8.250000000000003553, 3.069999999999997176, -1000.000000000000000 ) ) ;
#1154 = DIRECTION ( 'NONE',  ( 0.0000000000000000000, -0.0000000000000000000, -1.000000000000000000 ) ) ;
#1155 = AXIS2_PLACEMENT_3D ( 'NONE', #1332, #7031, #1925 ) ;
#1156 = CIRCLE ( 'NONE', #2574, 1.000000000000000000 ) ;
#1157 = PRODUCT ( '222LX Конструкционный профиль 20х20L', '222LX Конструкционный профиль 20х20L', '', ( #5917 ) ) ;
#1158 = DIRECTION ( 'NONE',  ( -0.0000000000000000000, -0.0000000000000000000, 1.000000000000000000 ) ) ;
#1159 = AXIS2_PLACEMENT_3D ( 'NONE', #821, #4209, #3699 ) ;
#1160 = DIRECTION ( 'NONE',  ( -0.0000000000000000000, -0.0000000000000000000, -1.000000000000000000 ) ) ;
#1161 = EDGE_CURVE ( 'NONE', #2646, #3302, #4758, .T. ) ;
#1162 = AXIS2_PLACEMENT_3D ( 'NONE', #4697, #227, #5429 ) ;
#1163 = ORIENTED_EDGE ( 'NONE', *, *, #4513, .F. ) ;
#1164 = AXIS2_PLACEMENT_3D ( 'NONE', #4282, #6532, #5577 ) ;
#1165 = DIRECTION ( 'NONE',  ( -2.220446049250312588E-16, -1.000000000000000000, -0.0000000000000000000 ) ) ;
#1166 = EDGE_CURVE ( 'NONE', #4517, #1558, #4170, .T. ) ;
#1167 = EDGE_CURVE ( 'NONE', #4700, #4280, #5241, .T. ) ;
#1168 = CARTESIAN_POINT ( 'NONE',  ( 9.100000000000006750, 9.099999999999997868, -1000.000000000000000 ) ) ;
#1169 = ORIENTED_EDGE ( 'NONE', *, *, #1876, .T. ) ;
#1170 = EDGE_LOOP ( 'NONE', ( #3219, #6183, #4719, #7014, #7009, #5611, #3628, #5506, #5754, #693, #4129, #4099, #3267, #1372, #5044, #5420 ) ) ;
#1171 = DIRECTION ( 'NONE',  ( 0.0000000000000000000, 1.000000000000000000, 0.0000000000000000000 ) ) ;
#1172 = LINE ( 'NONE', #645, #2326 ) ;
#1173 = CARTESIAN_POINT ( 'NONE',  ( -8.250000000000005329, -3.069999999999995843, 0.0000000000000000000 ) ) ;
#1174 = ORIENTED_EDGE ( 'NONE', *, *, #1364, .T. ) ;
#1175 = ORIENTED_EDGE ( 'NONE', *, *, #7206, .T. ) ;
#1176 = EDGE_CURVE ( 'NONE', #2291, #6943, #1378, .T. ) ;
#1177 = CARTESIAN_POINT ( 'NONE',  ( 0.0000000000000000000, -0.0000000000000000000, -1000.000000000000000 ) ) ;
#1178 = AXIS2_PLACEMENT_3D ( 'NONE', #2844, #3939, #6154 ) ;
#1179 = LINE ( 'NONE', #6296, #487 ) ;
#1180 = FACE_OUTER_BOUND ( 'NONE', #4969, .T. ) ;
#1181 = DIRECTION ( 'NONE',  ( -2.653949401937015386E-15, 1.000000000000000000, 0.0000000000000000000 ) ) ;
#1182 = FACE_OUTER_BOUND ( 'NONE', #5969, .T. ) ;
#1183 = CARTESIAN_POINT ( 'NONE',  ( 3.237258300203047945, 4.085786437626904188, -1000.000000000000000 ) ) ;
#1184 = EDGE_CURVE ( 'NONE', #4443, #4613, #1966, .T. ) ;
#1185 = DIRECTION ( 'NONE',  ( 0.0000000000000000000, 0.0000000000000000000, 1.000000000000000000 ) ) ;
#1186 = ORIENTED_EDGE ( 'NONE', *, *, #5355, .F. ) ;
#1187 = EDGE_LOOP ( 'NONE', ( #4879, #452, #6819, #4155 ) ) ;
#1188 = LINE ( 'NONE', #5683, #1462 ) ;
#1189 = FACE_OUTER_BOUND ( 'NONE', #775, .T. ) ;
#1190 = ORIENTED_EDGE ( 'NONE', *, *, #5035, .F. ) ;
#1191 = CYLINDRICAL_SURFACE ( 'NONE', #1861, 0.2500000000000002220 ) ;
#1192 = CARTESIAN_POINT ( 'NONE',  ( 8.000000000000001776, -3.319999999999999840, -1000.000000000000000 ) ) ;
#1193 = DIRECTION ( 'NONE',  ( -1.991598500205934045E-16, -1.000000000000000000, 0.0000000000000000000 ) ) ;
#1194 = EDGE_CURVE ( 'NONE', #3018, #2427, #5940, .T. ) ;
#1195 = CIRCLE ( 'NONE', #5314, 0.2499999999999997780 ) ;
#1196 = FACE_OUTER_BOUND ( 'NONE', #3556, .T. ) ;
#1197 = ORIENTED_EDGE ( 'NONE', *, *, #2036, .F. ) ;
#1198 = CARTESIAN_POINT ( 'NONE',  ( -8.000000000000005329, -3.319999999999995843, -1000.000000000000000 ) ) ;
#1199 = VERTEX_POINT ( 'NONE', #5206 ) ;
#1200 = AXIS2_PLACEMENT_3D ( 'NONE', #6191, #5083, #6700 ) ;
#1201 = VECTOR ( 'NONE', #3989, 1000.000000000000000 ) ;
#1202 = DIRECTION ( 'NONE',  ( 4.336808689942017736E-16, 1.000000000000000000, 0.0000000000000000000 ) ) ;
#1203 = VECTOR ( 'NONE', #2472, 1000.000000000000000 ) ;
#1204 = VECTOR ( 'NONE', #62, 1000.000000000000000 ) ;
#1205 = LINE ( 'NONE', #5145, #1834 ) ;
#1206 = ORIENTED_EDGE ( 'NONE', *, *, #6518, .T. ) ;
#1207 = ORIENTED_EDGE ( 'NONE', *, *, #3954, .F. ) ;
#1208 = FACE_OUTER_BOUND ( 'NONE', #1997, .T. ) ;
#1209 = CARTESIAN_POINT ( 'NONE',  ( -9.099999999999997868, 8.400000000000000355, 0.0000000000000000000 ) ) ;
#1210 = DIRECTION ( 'NONE',  ( 0.0000000000000000000, 0.0000000000000000000, 1.000000000000000000 ) ) ;
#1211 = EDGE_CURVE ( 'NONE', #3204, #2151, #850, .T. ) ;
#1212 = AXIS2_PLACEMENT_3D ( 'NONE', #3723, #2590, #1523 ) ;
#1213 = ORIENTED_EDGE ( 'NONE', *, *, #1701, .T. ) ;
#1214 = VERTEX_POINT ( 'NONE', #1858 ) ;
#1215 = ADVANCED_FACE ( 'NONE', ( #5280 ), #2415, .F. ) ;
#1216 = CARTESIAN_POINT ( 'NONE',  ( -3.500000000000000000, -2.651471862576140204, 0.0000000000000000000 ) ) ;
#1217 = EDGE_CURVE ( 'NONE', #4165, #5773, #6350, .T. ) ;
#1218 = CARTESIAN_POINT ( 'NONE',  ( -4.524939009510888788, -8.606173761888607388, -1000.000000000000000 ) ) ;
#1219 = LINE ( 'NONE', #1291, #4254 ) ;
#1220 = FACE_OUTER_BOUND ( 'NONE', #2767, .T. ) ;
#1221 = LINE ( 'NONE', #6703, #5622 ) ;
#1222 = CARTESIAN_POINT ( 'NONE',  ( -3.320000000000002505, -8.250000000000001776, -1000.000000000000000 ) ) ;
#1223 = FACE_OUTER_BOUND ( 'NONE', #5590, .T. ) ;
#1224 = ORIENTED_EDGE ( 'NONE', *, *, #5971, .F. ) ;
#1225 = ORIENTED_EDGE ( 'NONE', *, *, #1167, .T. ) ;
#1226 = AXIS2_PLACEMENT_3D ( 'NONE', #2835, #5073, #5113 ) ;
#1227 = CARTESIAN_POINT ( 'NONE',  ( -2.050609665440986440, -2.050609665440979335, 0.0000000000000000000 ) ) ;
#1228 = EDGE_CURVE ( 'NONE', #3600, #274, #3546, .T. ) ;
#1229 = VERTEX_POINT ( 'NONE', #2999 ) ;
#1230 = CARTESIAN_POINT ( 'NONE',  ( -8.700000000000001066, 4.599999999999999645, 0.0000000000000000000 ) ) ;
#1231 = DIRECTION ( 'NONE',  ( 0.0000000000000000000, 0.0000000000000000000, -1.000000000000000000 ) ) ;
#1232 = AXIS2_PLACEMENT_3D ( 'NONE', #5008, #1064, #3314 ) ;
#1233 = DIRECTION ( 'NONE',  ( -4.336808689942017736E-16, -1.000000000000000000, 0.0000000000000000000 ) ) ;
#1234 = DIRECTION ( 'NONE',  ( 0.0000000000000000000, 0.0000000000000000000, 1.000000000000000000 ) ) ;
#1235 = VECTOR ( 'NONE', #2437, 1000.000000000000000 ) ;
#1236 = VERTEX_POINT ( 'NONE', #188 ) ;
#1237 = DIRECTION ( 'NONE',  ( 0.0000000000000000000, -1.000000000000000000, 0.0000000000000000000 ) ) ;
#1238 = VERTEX_POINT ( 'NONE', #2448 ) ;
#1239 = CARTESIAN_POINT ( 'NONE',  ( 9.400000000000000355, 3.699999999999997069, -1000.000000000000000 ) ) ;
#1240 = CIRCLE ( 'NONE', #1121, 1.499999999999999556 ) ;
#1241 = FACE_OUTER_BOUND ( 'NONE', #3957, .T. ) ;
#1242 = VERTEX_POINT ( 'NONE', #6938 ) ;
#1243 = VERTEX_POINT ( 'NONE', #4871 ) ;
#1244 = CARTESIAN_POINT ( 'NONE',  ( 5.500000000000000000, 1.823044737829950357, -1000.000000000000000 ) ) ;
#1245 = AXIS2_PLACEMENT_3D ( 'NONE', #1280, #3380, #5732 ) ;
#1246 = CARTESIAN_POINT ( 'NONE',  ( -8.450000000000001066, 4.720156211871643137, -1000.000000000000000 ) ) ;
#1247 = DIRECTION ( 'NONE',  ( 0.0000000000000000000, 0.0000000000000000000, 1.000000000000000000 ) ) ;
#1248 = ORIENTED_EDGE ( 'NONE', *, *, #2432, .F. ) ;
#1249 = VERTEX_POINT ( 'NONE', #1599 ) ;
#1250 = CARTESIAN_POINT ( 'NONE',  ( -9.400000000000000355, 3.699999999999998401, -1000.000000000000000 ) ) ;
#1251 = CARTESIAN_POINT ( 'NONE',  ( 10.00000000000000000, 8.499999999999998224, -1000.000000000000000 ) ) ;
#1252 = EDGE_CURVE ( 'NONE', #1238, #3681, #6102, .T. ) ;
#1253 = CARTESIAN_POINT ( 'NONE',  ( -3.319999999999999840, 8.000000000000003553, 0.0000000000000000000 ) ) ;
#1254 = CARTESIAN_POINT ( 'NONE',  ( -8.250000000000005329, -3.319999999999995843, -1000.000000000000000 ) ) ;
#1255 = EDGE_CURVE ( 'NONE', #5463, #1974, #83, .T. ) ;
#1256 = CARTESIAN_POINT ( 'NONE',  ( -3.700000000000003286, -9.999999999999998224, -1000.000000000000000 ) ) ;
#1257 = CARTESIAN_POINT ( 'NONE',  ( -6.099999999999996092, -6.099999999999997868, -1000.000000000000000 ) ) ;
#1258 = ADVANCED_FACE ( 'NONE', ( #3255 ), #4946, .F. ) ;
#1259 = DIRECTION ( 'NONE',  ( -0.0000000000000000000, -0.0000000000000000000, -1.000000000000000000 ) ) ;
#1260 = ORIENTED_EDGE ( 'NONE', *, *, #7203, .T. ) ;
#1261 = EDGE_LOOP ( 'NONE', ( #6641, #3459, #4044, #6075 ) ) ;
#1262 = FACE_OUTER_BOUND ( 'NONE', #3726, .T. ) ;
#1263 = EDGE_CURVE ( 'NONE', #5726, #3771, #6634, .T. ) ;
#1264 = ORIENTED_EDGE ( 'NONE', *, *, #4455, .T. ) ;
#1265 = CYLINDRICAL_SURFACE ( 'NONE', #1743, 0.2500000000000002220 ) ;
#1266 = DIRECTION ( 'NONE',  ( 1.000000000000000000, 0.0000000000000000000, 0.0000000000000000000 ) ) ;
#1267 = ORIENTED_EDGE ( 'NONE', *, *, #1103, .F. ) ;
#1268 = VECTOR ( 'NONE', #6802, 1000.000000000000000 ) ;
#1269 = EDGE_CURVE ( 'NONE', #4482, #3168, #6089, .T. ) ;
#1270 = CARTESIAN_POINT ( 'NONE',  ( -5.500000000000000000, 1.823044737829951023, -1000.000000000000000 ) ) ;
#1271 = CYLINDRICAL_SURFACE ( 'NONE', #4577, 0.2500000000000002220 ) ;
#1272 = AXIS2_PLACEMENT_3D ( 'NONE', #974, #4993, #1119 ) ;
#1273 = ORIENTED_EDGE ( 'NONE', *, *, #2195, .T. ) ;
#1274 = DIRECTION ( 'NONE',  ( 0.0000000000000000000, 0.0000000000000000000, 1.000000000000000000 ) ) ;
#1275 = ORIENTED_EDGE ( 'NONE', *, *, #4277, .T. ) ;
#1276 = EDGE_CURVE ( 'NONE', #7017, #6776, #3142, .T. ) ;
#1277 = AXIS2_PLACEMENT_3D ( 'NONE', #2331, #7265, #1668 ) ;
#1278 = FACE_OUTER_BOUND ( 'NONE', #3086, .T. ) ;
#1279 = AXIS2_PLACEMENT_3D ( 'NONE', #689, #6266, #4529 ) ;
#1280 = CARTESIAN_POINT ( 'NONE',  ( -8.450000000000001066, 4.720156211871643137, 0.0000000000000000000 ) ) ;
#1281 = ORIENTED_EDGE ( 'NONE', *, *, #2968, .T. ) ;
#1282 = ORIENTED_EDGE ( 'NONE', *, *, #5491, .F. ) ;
#1283 = CARTESIAN_POINT ( 'NONE',  ( -3.070000000000000284, 9.150000000000002132, -1000.000000000000000 ) ) ;
#1284 = AXIS2_PLACEMENT_3D ( 'NONE', #2177, #4261, #3790 ) ;
#1285 = CARTESIAN_POINT ( 'NONE',  ( 0.0000000000000000000, -0.0000000000000000000, -1000.000000000000000 ) ) ;
#1286 = ORIENTED_EDGE ( 'NONE', *, *, #160, .F. ) ;
#1287 = ORIENTED_EDGE ( 'NONE', *, *, #4724, .F. ) ;
#1288 = DIRECTION ( 'NONE',  ( 1.000000000000000000, -3.445092848397658153E-16, 0.0000000000000000000 ) ) ;
#1289 = CARTESIAN_POINT ( 'NONE',  ( -3.473606797749979602, 0.3472135954999576724, 0.0000000000000000000 ) ) ;
#1290 = EDGE_CURVE ( 'NONE', #531, #916, #4907, .T. ) ;
#1291 = CARTESIAN_POINT ( 'NONE',  ( -4.907106781186550748, -5.755634918610403439, 0.0000000000000000000 ) ) ;
#1292 = DIRECTION ( 'NONE',  ( 1.000000000000000000, 0.0000000000000000000, 0.0000000000000000000 ) ) ;
#1293 = DIRECTION ( 'NONE',  ( 1.000000000000000000, 0.0000000000000000000, 0.0000000000000000000 ) ) ;
#1294 = LINE ( 'NONE', #690, #376 ) ;
#1295 = DIRECTION ( 'NONE',  ( 0.0000000000000000000, -1.000000000000000000, 0.0000000000000000000 ) ) ;
#1296 = ORIENTED_EDGE ( 'NONE', *, *, #4875, .T. ) ;
#1297 = ORIENTED_EDGE ( 'NONE', *, *, #5471, .T. ) ;
#1298 = VECTOR ( 'NONE', #7006, 1000.000000000000000 ) ;
#1299 = CYLINDRICAL_SURFACE ( 'NONE', #2384, 0.2500000000000002220 ) ;
#1300 = FACE_OUTER_BOUND ( 'NONE', #6407, .T. ) ;
#1301 = ORIENTED_EDGE ( 'NONE', *, *, #1497, .T. ) ;
#1302 = CARTESIAN_POINT ( 'NONE',  ( -8.849999999999997868, 6.099999999999999645, -1000.000000000000000 ) ) ;
#1303 = DIRECTION ( 'NONE',  ( -0.0000000000000000000, -0.0000000000000000000, -1.000000000000000000 ) ) ;
#1304 = ORIENTED_EDGE ( 'NONE', *, *, #1624, .T. ) ;
#1305 = EDGE_CURVE ( 'NONE', #1786, #247, #5385, .T. ) ;
#1306 = DIRECTION ( 'NONE',  ( -0.0000000000000000000, -0.0000000000000000000, -1.000000000000000000 ) ) ;
#1307 = ADVANCED_FACE ( 'NONE', ( #7117 ), #5425, .T. ) ;
#1308 = DIRECTION ( 'NONE',  ( 0.0000000000000000000, 0.0000000000000000000, 1.000000000000000000 ) ) ;
#1309 = EDGE_CURVE ( 'NONE', #5685, #5018, #2569, .T. ) ;
#1310 = ORIENTED_EDGE ( 'NONE', *, *, #4823, .T. ) ;
#1311 = PLANE ( 'NONE',  #2462 ) ;
#1312 = ORIENTED_EDGE ( 'NONE', *, *, #1029, .F. ) ;
#1313 = UNCERTAINTY_MEASURE_WITH_UNIT (LENGTH_MEASURE( 1.000000000000000082E-05 ), #4117, 'distance_accuracy_value', 'NONE');
#1314 = VECTOR ( 'NONE', #2324, 1000.000000000000000 ) ;
#1315 = CARTESIAN_POINT ( 'NONE',  ( -10.00000000000000000, 3.949999999999997957, 0.0000000000000000000 ) ) ;
#1316 = VECTOR ( 'NONE', #5897, 1000.000000000000000 ) ;
#1317 = LINE ( 'NONE', #5881, #2311 ) ;
#1318 = ORIENTED_EDGE ( 'NONE', *, *, #6879, .F. ) ;
#1319 = ADVANCED_FACE ( 'NONE', ( #2592 ), #1559, .F. ) ;
#1320 = ORIENTED_EDGE ( 'NONE', *, *, #1353, .T. ) ;
#1322 = FACE_OUTER_BOUND ( 'NONE', #7143, .T. ) ;
#1321 = VECTOR ( 'NONE', #3816, 999.9999999999998863 ) ;
#1323 = FILL_AREA_STYLE_COLOUR ( '', #4523 ) ;
#1324 = VERTEX_POINT ( 'NONE', #1040 ) ;
#1325 = ORIENTED_EDGE ( 'NONE', *, *, #5301, .T. ) ;
#1326 = DIRECTION ( 'NONE',  ( 0.0000000000000000000, 0.0000000000000000000, 1.000000000000000000 ) ) ;
#1327 = AXIS2_PLACEMENT_3D ( 'NONE', #1018, #945, #385 ) ;
#1328 = AXIS2_PLACEMENT_3D ( 'NONE', #1772, #3022, #174 ) ;
#1329 = CARTESIAN_POINT ( 'NONE',  ( -5.500000000000000888, -1.823044737829949247, -1000.000000000000000 ) ) ;
#1330 = DIRECTION ( 'NONE',  ( 0.0000000000000000000, 0.0000000000000000000, 1.000000000000000000 ) ) ;
#1331 = CARTESIAN_POINT ( 'NONE',  ( -8.849999999999999645, -6.349999999999996980, -1000.000000000000000 ) ) ;
#1332 = CARTESIAN_POINT ( 'NONE',  ( 0.0000000000000000000, 0.0000000000000000000, 0.0000000000000000000 ) ) ;
#1333 = LINE ( 'NONE', #3579, #7213 ) ;
#1334 = DIRECTION ( 'NONE',  ( -0.0000000000000000000, -0.0000000000000000000, -1.000000000000000000 ) ) ;
#1335 = VERTEX_POINT ( 'NONE', #4308 ) ;
#1336 = ORIENTED_EDGE ( 'NONE', *, *, #2314, .T. ) ;
#1337 = EDGE_CURVE ( 'NONE', #4091, #144, #3295, .T. ) ;
#1338 = VECTOR ( 'NONE', #1509, 1000.000000000000000 ) ;
#1339 = CARTESIAN_POINT ( 'NONE',  ( -10.00000000000000178, -3.949999999999994404, 0.0000000000000000000 ) ) ;
#1340 = DIRECTION ( 'NONE',  ( -1.000000000000000000, 0.0000000000000000000, 0.0000000000000000000 ) ) ;
#1341 = ORIENTED_EDGE ( 'NONE', *, *, #6710, .T. ) ;
#1342 = CARTESIAN_POINT ( 'NONE',  ( -9.750000000000000000, 3.949999999999998845, 0.0000000000000000000 ) ) ;
#1343 = CARTESIAN_POINT ( 'NONE',  ( 8.250000000000000000, -3.919843788128358764, -1000.000000000000000 ) ) ;
#1344 = ORIENTED_EDGE ( 'NONE', *, *, #4729, .F. ) ;
#1345 = CIRCLE ( 'NONE', #3690, 0.2500000000000002220 ) ;
#1346 = DIRECTION ( 'NONE',  ( -0.0000000000000000000, 0.0000000000000000000, -1.000000000000000000 ) ) ;
#1347 = EDGE_CURVE ( 'NONE', #1479, #5164, #6554, .T. ) ;
#1348 = AXIS2_PLACEMENT_3D ( 'NONE', #6309, #145, #3543 ) ;
#1349 = VERTEX_POINT ( 'NONE', #475 ) ;
#1350 = LINE ( 'NONE', #1198, #3166 ) ;
#1351 = EDGE_CURVE ( 'NONE', #524, #3382, #5036, .T. ) ;
#1352 = ORIENTED_EDGE ( 'NONE', *, *, #6425, .T. ) ;
#1353 = EDGE_CURVE ( 'NONE', #4945, #2426, #1634, .T. ) ;
#1354 = ORIENTED_EDGE ( 'NONE', *, *, #4341, .F. ) ;
#1355 = DIRECTION ( 'NONE',  ( 0.0000000000000000000, 1.000000000000000000, 0.0000000000000000000 ) ) ;
#1356 = EDGE_CURVE ( 'NONE', #5884, #4899, #918, .T. ) ;
#1357 = CARTESIAN_POINT ( 'NONE',  ( -10.00000000000000533, 10.00000000000000000, -1000.000000000000000 ) ) ;
#1358 = ORIENTED_EDGE ( 'NONE', *, *, #4807, .F. ) ;
#1359 = CARTESIAN_POINT ( 'NONE',  ( -3.070000000000000284, 10.00000000000000178, 0.0000000000000000000 ) ) ;
#1360 = DIRECTION ( 'NONE',  ( 1.000000000000000000, 0.0000000000000000000, 0.0000000000000000000 ) ) ;
#1361 = VERTEX_POINT ( 'NONE', #3725 ) ;
#1362 = EDGE_LOOP ( 'NONE', ( #1408, #2537, #1281, #2416 ) ) ;
#1363 = CARTESIAN_POINT ( 'NONE',  ( 8.400000000000000355, 9.099999999999997868, -1000.000000000000000 ) ) ;
#1364 = EDGE_CURVE ( 'NONE', #1940, #1610, #798, .T. ) ;
#1365 = DIRECTION ( 'NONE',  ( 0.0000000000000000000, -0.0000000000000000000, -1.000000000000000000 ) ) ;
#1366 = CARTESIAN_POINT ( 'NONE',  ( -4.907106781186550748, -5.755634918610403439, 0.0000000000000000000 ) ) ;
#1367 = AXIS2_PLACEMENT_3D ( 'NONE', #3369, #5061, #4990 ) ;
#1368 = DIRECTION ( 'NONE',  ( -0.7071067811865473507, 0.7071067811865476838, 0.0000000000000000000 ) ) ;
#1369 = CARTESIAN_POINT ( 'NONE',  ( -9.400000000000002132, -3.699999999999995293, 0.0000000000000000000 ) ) ;
#1370 = DIRECTION ( 'NONE',  ( 0.0000000000000000000, 0.0000000000000000000, 1.000000000000000000 ) ) ;
#1371 = FACE_OUTER_BOUND ( 'NONE', #6975, .T. ) ;
#1372 = ORIENTED_EDGE ( 'NONE', *, *, #890, .F. ) ;
#1373 = ORIENTED_EDGE ( 'NONE', *, *, #7060, .F. ) ;
#1374 = ADVANCED_FACE ( 'NONE', ( #2150 ), #1111, .F. ) ;
#1375 = DIRECTION ( 'NONE',  ( 0.0000000000000000000, 0.0000000000000000000, 1.000000000000000000 ) ) ;
#1376 = DIRECTION ( 'NONE',  ( 1.000000000000000000, -1.224646799147345565E-16, -0.0000000000000000000 ) ) ;
#1377 = VERTEX_POINT ( 'NONE', #5163 ) ;
#1378 = LINE ( 'NONE', #776, #4204 ) ;
#1379 = ORIENTED_EDGE ( 'NONE', *, *, #6082, .F. ) ;
#1380 = CARTESIAN_POINT ( 'NONE',  ( 4.949999999999999289, -8.700000000000004619, -1000.000000000000000 ) ) ;
#1381 = CIRCLE ( 'NONE', #780, 0.2500000000000002220 ) ;
#1382 = EDGE_LOOP ( 'NONE', ( #3054, #6429, #5860, #1912 ) ) ;
#1383 = DIRECTION ( 'NONE',  ( 2.602085213965210642E-15, 1.000000000000000000, 0.0000000000000000000 ) ) ;
#1384 = ORIENTED_EDGE ( 'NONE', *, *, #6928, .T. ) ;
#1385 = VECTOR ( 'NONE', #5833, 1000.000000000000000 ) ;
#1386 = CARTESIAN_POINT ( 'NONE',  ( -10.00000000000000178, -8.499999999999996447, -1000.000000000000000 ) ) ;
#1387 = ADVANCED_FACE ( 'NONE', ( #3429 ), #6159, .F. ) ;
#1388 = AXIS2_PLACEMENT_3D ( 'NONE', #4456, #1555, #541 ) ;
#1389 = CARTESIAN_POINT ( 'NONE',  ( 10.00000000000000000, 3.949999999999997069, -1000.000000000000000 ) ) ;
#1390 = ORIENTED_EDGE ( 'NONE', *, *, #5021, .F. ) ;
#1391 = CARTESIAN_POINT ( 'NONE',  ( -3.950000000000000178, 10.00000000000000178, 0.0000000000000000000 ) ) ;
#1392 = ADVANCED_FACE ( 'NONE', ( #6196 ), #3363, .F. ) ;
#1393 = ORIENTED_EDGE ( 'NONE', *, *, #2339, .F. ) ;
#1394 = AXIS2_PLACEMENT_3D ( 'NONE', #2438, #5890, #3537 ) ;
#1395 = CARTESIAN_POINT ( 'NONE',  ( 6.462741699796951345, -4.200000000000000178, -1000.000000000000000 ) ) ;
#1396 = VECTOR ( 'NONE', #2631, 1000.000000000000000 ) ;
#1397 = ADVANCED_FACE ( 'NONE', ( #1776 ), #580, .T. ) ;
#1398 = ADVANCED_FACE ( 'NONE', ( #2918 ), #6774, .T. ) ;
#1399 = CYLINDRICAL_SURFACE ( 'NONE', #254, 0.2500000000000002220 ) ;
#1400 = LINE ( 'NONE', #3672, #7091 ) ;
#1401 = CIRCLE ( 'NONE', #5517, 1.000000000000000000 ) ;
#1402 = DIRECTION ( 'NONE',  ( 0.0000000000000000000, 0.0000000000000000000, 1.000000000000000000 ) ) ;
#1403 = DIRECTION ( 'NONE',  ( 1.000000000000000000, 2.288475490443785424E-17, -0.0000000000000000000 ) ) ;
#1404 = CARTESIAN_POINT ( 'NONE',  ( -8.700000000000002842, -4.599999999999996980, 0.0000000000000000000 ) ) ;
#1405 = ADVANCED_FACE ( 'NONE', ( #5643 ), #4015, .F. ) ;
#1406 = AXIS2_PLACEMENT_3D ( 'NONE', #6616, #2828, #349 ) ;
#1407 = LINE ( 'NONE', #139, #2559 ) ;
#1408 = ORIENTED_EDGE ( 'NONE', *, *, #7124, .F. ) ;
#1409 = ORIENTED_EDGE ( 'NONE', *, *, #7245, .T. ) ;
#1410 = PRODUCT_DEFINITION ( 'UNKNOWN', '', #3589, #1831 ) ;
#1411 = FACE_OUTER_BOUND ( 'NONE', #2118, .T. ) ;
#1412 = CARTESIAN_POINT ( 'NONE',  ( -3.320000000000002949, -9.150000000000000355, -1000.000000000000000 ) ) ;
#1413 = ORIENTED_EDGE ( 'NONE', *, *, #6306, .T. ) ;
#1414 = DIRECTION ( 'NONE',  ( -0.0000000000000000000, -0.0000000000000000000, -1.000000000000000000 ) ) ;
#1415 = EDGE_CURVE ( 'NONE', #6448, #6568, #1751, .T. ) ;
#1416 = VERTEX_POINT ( 'NONE', #4606 ) ;
#1417 = CARTESIAN_POINT ( 'NONE',  ( -3.249999999999999556, 0.4590169943749449200, -1000.447213595499761 ) ) ;
#1418 = CARTESIAN_POINT ( 'NONE',  ( -3.320000000000000728, 9.400000000000002132, -1000.000000000000000 ) ) ;
#1419 = ORIENTED_EDGE ( 'NONE', *, *, #2387, .F. ) ;
#1420 = DIRECTION ( 'NONE',  ( 1.000000000000000000, 0.0000000000000000000, 0.0000000000000000000 ) ) ;
#1421 = VERTEX_POINT ( 'NONE', #3398 ) ;
#1422 = ADVANCED_FACE ( 'NONE', ( #6850 ), #1738, .F. ) ;
#1423 = CARTESIAN_POINT ( 'NONE',  ( -6.800000000000001599, 6.099999999999999645, -1000.000000000000000 ) ) ;
#1424 = DIRECTION ( 'NONE',  ( 0.0000000000000000000, 0.0000000000000000000, -1.000000000000000000 ) ) ;
#1425 = ORIENTED_EDGE ( 'NONE', *, *, #6782, .T. ) ;
#1426 = CYLINDRICAL_SURFACE ( 'NONE', #4630, 1.000000000000000000 ) ;
#1427 = FACE_OUTER_BOUND ( 'NONE', #953, .T. ) ;
#1428 = CARTESIAN_POINT ( 'NONE',  ( -8.499999999999998224, 8.500000000000000000, -1000.000000000000000 ) ) ;
#1429 = VECTOR ( 'NONE', #5331, 1000.000000000000000 ) ;
#1430 = DIRECTION ( 'NONE',  ( 0.0000000000000000000, 0.0000000000000000000, 1.000000000000000000 ) ) ;
#1431 = LINE ( 'NONE', #3167, #6757 ) ;
#1432 = EDGE_CURVE ( 'NONE', #2081, #7142, #5089, .T. ) ;
#1433 = ORIENTED_EDGE ( 'NONE', *, *, #1305, .T. ) ;
#1434 = LINE ( 'NONE', #3578, #4566 ) ;
#1435 = FACE_OUTER_BOUND ( 'NONE', #2068, .T. ) ;
#1436 = DIRECTION ( 'NONE',  ( -0.0000000000000000000, -0.0000000000000000000, -1.000000000000000000 ) ) ;
#1437 = DIRECTION ( 'NONE',  ( -0.0000000000000000000, -0.0000000000000000000, 1.000000000000000000 ) ) ;
#1438 = ADVANCED_FACE ( 'NONE', ( #1223 ), #2814, .F. ) ;
#1439 = ORIENTED_EDGE ( 'NONE', *, *, #2348, .F. ) ;
#1440 = ORIENTED_EDGE ( 'NONE', *, *, #1716, .T. ) ;
#1441 = AXIS2_PLACEMENT_3D ( 'NONE', #2219, #4453, #4486 ) ;
#1442 = ADVANCED_FACE ( 'NONE', ( #3324 ), #616, .T. ) ;
#1443 = VECTOR ( 'NONE', #5108, 1000.000000000000000 ) ;
#1444 = ORIENTED_EDGE ( 'NONE', *, *, #5419, .F. ) ;
#1445 = FACE_OUTER_BOUND ( 'NONE', #4242, .T. ) ;
#1446 = CARTESIAN_POINT ( 'NONE',  ( -9.099999999999997868, 9.100000000000003197, -1000.000000000000000 ) ) ;
#1447 = DIRECTION ( 'NONE',  ( -0.0000000000000000000, -0.0000000000000000000, -1.000000000000000000 ) ) ;
#1448 = CIRCLE ( 'NONE', #3564, 0.2500000000000002220 ) ;
#1449 = ORIENTED_EDGE ( 'NONE', *, *, #4997, .F. ) ;
#1450 = DIRECTION ( 'NONE',  ( -0.0000000000000000000, -0.0000000000000000000, -1.000000000000000000 ) ) ;
#1451 = ORIENTED_EDGE ( 'NONE', *, *, #6237, .F. ) ;
#1452 = EDGE_CURVE ( 'NONE', #2160, #3777, #1811, .T. ) ;
#1453 = LINE ( 'NONE', #3145, #7279 ) ;
#1454 = FACE_OUTER_BOUND ( 'NONE', #6825, .T. ) ;
#1455 = AXIS2_PLACEMENT_3D ( 'NONE', #5303, #654, #1926 ) ;
#1456 = VERTEX_POINT ( 'NONE', #655 ) ;
#1457 = ORIENTED_EDGE ( 'NONE', *, *, #659, .F. ) ;
#1458 = CARTESIAN_POINT ( 'NONE',  ( -4.950000000000003730, -8.700000000000001066, -1000.000000000000000 ) ) ;
#1459 = ADVANCED_FACE ( 'NONE', ( #4495 ), #1072, .T. ) ;
#1460 = AXIS2_PLACEMENT_3D ( 'NONE', #5812, #3015, #2466 ) ;
#1461 = DIRECTION ( 'NONE',  ( -0.0000000000000000000, 0.0000000000000000000, -1.000000000000000000 ) ) ;
#1462 = VECTOR ( 'NONE', #1931, 1000.000000000000000 ) ;
#1463 = PLANE ( 'NONE',  #7123 ) ;
#1464 = ORIENTED_EDGE ( 'NONE', *, *, #6638, .F. ) ;
#1465 = FACE_OUTER_BOUND ( 'NONE', #3945, .T. ) ;
#1466 = CARTESIAN_POINT ( 'NONE',  ( 9.750000000000000000, -3.699999999999999734, -1000.000000000000000 ) ) ;
#1467 = VECTOR ( 'NONE', #5664, 1000.000000000000000 ) ;
#1468 = LINE ( 'NONE', #3374, #5436 ) ;
#1469 = CARTESIAN_POINT ( 'NONE',  ( 3.699999999999998845, -9.400000000000002132, -1000.000000000000000 ) ) ;
#1470 = DIRECTION ( 'NONE',  ( -1.000000000000000000, -2.503208479043009645E-16, 0.0000000000000000000 ) ) ;
#1471 = ORIENTED_EDGE ( 'NONE', *, *, #702, .F. ) ;
#1472 = CARTESIAN_POINT ( 'NONE',  ( 4.949999999999999289, -8.450000000000004619, -1000.000000000000000 ) ) ;
#1473 = CARTESIAN_POINT ( 'NONE',  ( -8.700000000000001066, 4.720156211871643137, 0.0000000000000000000 ) ) ;
#1474 = VECTOR ( 'NONE', #4779, 1000.000000000000000 ) ;
#1475 = CARTESIAN_POINT ( 'NONE',  ( -10.00000000000000178, -3.949999999999994404, -1000.000000000000000 ) ) ;
#1476 = FACE_OUTER_BOUND ( 'NONE', #1985, .T. ) ;
#1477 = ORIENTED_EDGE ( 'NONE', *, *, #5245, .F. ) ;
#1478 = ORIENTED_EDGE ( 'NONE', *, *, #723, .T. ) ;
#1479 = VERTEX_POINT ( 'NONE', #2777 ) ;
#1480 = ADVANCED_FACE ( 'NONE', ( #5017 ), #691, .F. ) ;
#1481 = DIRECTION ( 'NONE',  ( 2.081668171172166620E-14, -1.000000000000000000, 0.0000000000000000000 ) ) ;
#1482 = ADVANCED_FACE ( 'NONE', ( #836 ), #6376, .T. ) ;
#1483 = CARTESIAN_POINT ( 'NONE',  ( -3.499999999999999556, -0.3999999999999981348, 0.0000000000000000000 ) ) ;
#1484 = ADVANCED_FACE ( 'NONE', ( #1887 ), #2405, .F. ) ;
#1485 = CYLINDRICAL_SURFACE ( 'NONE', #1802, 0.4999999999999995559 ) ;
#1486 = VERTEX_POINT ( 'NONE', #4752 ) ;
#1487 = DIRECTION ( 'NONE',  ( -0.0000000000000000000, -0.0000000000000000000, 1.000000000000000000 ) ) ;
#1488 = ORIENTED_EDGE ( 'NONE', *, *, #708, .F. ) ;
#1489 = VERTEX_POINT ( 'NONE', #4055 ) ;
#1490 = DIRECTION ( 'NONE',  ( 1.000000000000000000, 0.0000000000000000000, 0.0000000000000000000 ) ) ;
#1491 = EDGE_CURVE ( 'NONE', #5908, #140, #4127, .T. ) ;
#1492 = CARTESIAN_POINT ( 'NONE',  ( -6.462741699796954009, -5.199999999999998401, -1000.000000000000000 ) ) ;
#1493 = ORIENTED_EDGE ( 'NONE', *, *, #3342, .T. ) ;
#1494 = ORIENTED_EDGE ( 'NONE', *, *, #2770, .T. ) ;
#1495 = CARTESIAN_POINT ( 'NONE',  ( -3.320000000000002505, -8.250000000000001776, 0.0000000000000000000 ) ) ;
#1496 = EDGE_CURVE ( 'NONE', #5620, #1088, #2546, .T. ) ;
#1497 = EDGE_CURVE ( 'NONE', #58, #6056, #6454, .T. ) ;
#1498 = CARTESIAN_POINT ( 'NONE',  ( 4.720156211871643137, -8.700000000000004619, 0.0000000000000000000 ) ) ;
#1499 = EDGE_CURVE ( 'NONE', #2350, #6708, #4212, .T. ) ;
#1500 = ORIENTED_EDGE ( 'NONE', *, *, #1138, .T. ) ;
#1501 = DIRECTION ( 'NONE',  ( 0.0000000000000000000, 0.0000000000000000000, -1.000000000000000000 ) ) ;
#1502 = LINE ( 'NONE', #5440, #3549 ) ;
#1503 = VECTOR ( 'NONE', #4100, 1000.000000000000000 ) ;
#1504 = LINE ( 'NONE', #7097, #3088 ) ;
#1505 = FACE_BOUND ( 'NONE', #2115, .T. ) ;
#1506 = LINE ( 'NONE', #5446, #2897 ) ;
#1507 = ORIENTED_EDGE ( 'NONE', *, *, #4174, .F. ) ;
#1508 = DIRECTION ( 'NONE',  ( 0.0000000000000000000, 0.0000000000000000000, 1.000000000000000000 ) ) ;
#1509 = DIRECTION ( 'NONE',  ( 0.0000000000000000000, 0.0000000000000000000, 1.000000000000000000 ) ) ;
#1510 = VECTOR ( 'NONE', #7298, 1000.000000000000000 ) ;
#1511 = DIRECTION ( 'NONE',  ( -0.0000000000000000000, -0.0000000000000000000, -1.000000000000000000 ) ) ;
#1512 = DIRECTION ( 'NONE',  ( 0.0000000000000000000, 1.000000000000000000, 0.0000000000000000000 ) ) ;
#1513 = ORIENTED_EDGE ( 'NONE', *, *, #1351, .T. ) ;
#1514 = ORIENTED_EDGE ( 'NONE', *, *, #6274, .F. ) ;
#1515 = CIRCLE ( 'NONE', #1639, 0.2500000000000002220 ) ;
#1516 = AXIS2_PLACEMENT_3D ( 'NONE', #5678, #544, #6706 ) ;
#1517 = ADVANCED_FACE ( 'NONE', ( #1371 ), #3539, .T. ) ;
#1518 = AXIS2_PLACEMENT_3D ( 'NONE', #1829, #499, #4070 ) ;
#1519 = DIRECTION ( 'NONE',  ( -0.0000000000000000000, -0.0000000000000000000, -1.000000000000000000 ) ) ;
#1520 = DIRECTION ( 'NONE',  ( -0.8944271909999206294, -0.4472135954999484908, 0.0000000000000000000 ) ) ;
#1521 = VECTOR ( 'NONE', #2019, 1000.000000000000000 ) ;
#1522 = CARTESIAN_POINT ( 'NONE',  ( -4.085786437626903300, 3.237258300203046613, -1000.000000000000000 ) ) ;
#1523 = DIRECTION ( 'NONE',  ( -1.000000000000000000, 0.0000000000000000000, 0.0000000000000000000 ) ) ;
#1524 = ORIENTED_EDGE ( 'NONE', *, *, #1211, .T. ) ;
#1525 = DIRECTION ( 'NONE',  ( -0.0000000000000000000, -0.0000000000000000000, 1.000000000000000000 ) ) ;
#1526 = EDGE_LOOP ( 'NONE', ( #2198, #3230, #2449, #4521 ) ) ;
#1527 = ORIENTED_EDGE ( 'NONE', *, *, #3291, .F. ) ;
#1528 = DIRECTION ( 'NONE',  ( -2.653949401937014992E-15, 1.000000000000000000, 0.0000000000000000000 ) ) ;
#1529 = DIRECTION ( 'NONE',  ( 0.0000000000000000000, -0.0000000000000000000, -1.000000000000000000 ) ) ;
#1530 = ORIENTED_EDGE ( 'NONE', *, *, #6046, .F. ) ;
#1531 = ORIENTED_EDGE ( 'NONE', *, *, #5502, .T. ) ;
#1532 = CARTESIAN_POINT ( 'NONE',  ( -4.950000000000003730, -8.700000000000001066, -1000.000000000000000 ) ) ;
#1533 = EDGE_CURVE ( 'NONE', #5099, #3210, #1407, .T. ) ;
#1534 = EDGE_CURVE ( 'NONE', #3771, #7083, #4782, .T. ) ;
#1535 = CARTESIAN_POINT ( 'NONE',  ( -9.100000000000008527, -9.099999999999997868, -1000.000000000000000 ) ) ;
#1536 = EDGE_CURVE ( 'NONE', #1130, #5463, #731, .T. ) ;
#1537 = ORIENTED_EDGE ( 'NONE', *, *, #4220, .T. ) ;
#1538 = CARTESIAN_POINT ( 'NONE',  ( -4.720156211871647578, -8.450000000000001066, 0.0000000000000000000 ) ) ;
#1539 = PRESENTATION_STYLE_ASSIGNMENT (( #2676 ) ) ;
#1540 = LINE ( 'NONE', #1017, #5661 ) ;
#1541 = CARTESIAN_POINT ( 'NONE',  ( -3.700000000000000178, 9.750000000000001776, 0.0000000000000000000 ) ) ;
#1542 = ADVANCED_FACE ( 'NONE', ( #2990 ), #3501, .F. ) ;
#1543 = CARTESIAN_POINT ( 'NONE',  ( -6.100000000000003197, -6.099999999999994316, -1000.000000000000000 ) ) ;
#1544 = DIRECTION ( 'NONE',  ( 1.000000000000000000, -5.436691348603591705E-16, 0.0000000000000000000 ) ) ;
#1545 = ORIENTED_EDGE ( 'NONE', *, *, #397, .F. ) ;
#1546 = CYLINDRICAL_SURFACE ( 'NONE', #801, 0.2500000000000002220 ) ;
#1547 = DIRECTION ( 'NONE',  ( -1.000000000000000000, 6.938893903907222067E-15, 0.0000000000000000000 ) ) ;
#1548 = CARTESIAN_POINT ( 'NONE',  ( -8.250000000000005329, -3.319999999999995843, -1000.000000000000000 ) ) ;
#1549 = CARTESIAN_POINT ( 'NONE',  ( -1.697056274847712043, 2.404163056034253731, -1000.000000000000000 ) ) ;
#1550 = ORIENTED_EDGE ( 'NONE', *, *, #5406, .T. ) ;
#1551 = ORIENTED_EDGE ( 'NONE', *, *, #2364, .T. ) ;
#1552 = VECTOR ( 'NONE', #4849, 1000.000000000000000 ) ;
#1553 = DIRECTION ( 'NONE',  ( 1.000000000000000000, -3.075153856882639803E-15, 0.0000000000000000000 ) ) ;
#1554 = DIRECTION ( 'NONE',  ( 0.0000000000000000000, 0.0000000000000000000, -1.000000000000000000 ) ) ;
#1555 = DIRECTION ( 'NONE',  ( 0.0000000000000000000, 0.0000000000000000000, 1.000000000000000000 ) ) ;
#1556 = FACE_OUTER_BOUND ( 'NONE', #5469, .T. ) ;
#1557 = CIRCLE ( 'NONE', #961, 0.2500000000000002220 ) ;
#1558 = VERTEX_POINT ( 'NONE', #4644 ) ;
#1559 = PLANE ( 'NONE',  #3981 ) ;
#1560 = EDGE_LOOP ( 'NONE', ( #5091, #827, #3438, #5351 ) ) ;
#1561 = ORIENTED_EDGE ( 'NONE', *, *, #2354, .F. ) ;
#1562 = ADVANCED_FACE ( 'NONE', ( #3580 ), #5859, .T. ) ;
#1563 = CIRCLE ( 'NONE', #488, 0.2500000000000002220 ) ;
#1564 = ORIENTED_EDGE ( 'NONE', *, *, #6069, .F. ) ;
#1565 = VECTOR ( 'NONE', #4187, 1000.000000000000000 ) ;
#1566 = FACE_OUTER_BOUND ( 'NONE', #1526, .T. ) ;
#1567 = DIRECTION ( 'NONE',  ( 1.507409228940042622E-16, -1.000000000000000000, 0.0000000000000000000 ) ) ;
#1568 = VERTEX_POINT ( 'NONE', #3027 ) ;
#1569 = ORIENTED_EDGE ( 'NONE', *, *, #1832, .F. ) ;
#1570 = FACE_OUTER_BOUND ( 'NONE', #5827, .T. ) ;
#1571 = CLOSED_SHELL ( 'NONE', ( #3598, #6250, #89, #4964, #7080, #215, #1893, #3774, #5580, #5277, #5804, #4318, #1941, #2655, #955, #1307, #301, #69, #1215, #6524, #6325, #5261, #6124, #2475, #3119, #5096, #846, #5866, #3287, #1459, #1397, #4323, #6345, #4180, #4794, #5614, #3329, #3605, #2445, #1968, #1791, #3106, #2562, #6862, #4490, #5174, #1084, #5112, #3197, #3911, #2894, #906, #5354, #853, #75, #2418, #6946, #3468, #6611, #1482, #6899, #803, #3796, #6562, #1061, #1480, #5208, #48, #2866, #1709, #1258, #1387, #3020, #5857, #1562, #717, #1853, #2930, #4464, #525, #1422, #6651, #1575, #7244, #936, #4589, #42, #7296, #5904, #3257, #1891, #794, #1405, #5441, #3218, #6829, #2234, #6431, #585, #581, #1895, #5398, #2666, #2708, #526, #6173, #5393, #6432, #3378, #1517, #4905, #26, #2751, #3563, #6614, #3997, #5539, #4720, #3010, #1374, #2495, #1573, #158, #1770, #4301, #2790, #1629, #6768, #5851, #2696, #3304, #455, #3458, #185, #2523, #118, #3026, #6489, #4268, #2706, #893, #4911, #1319, #401, #2937, #7051, #6199, #6134, #2752, #2617, #5217, #3551, #4472, #6251, #252, #2609, #3574, #3952, #5889, #854, #3637, #3471, #2014, #6745, #4722, #3376, #1852, #5806, #1542, #1438, #78, #742, #4663, #935, #1979, #5654, #6924, #5598, #1392, #1484, #2840, #6052, #2793, #6576, #2759, #5712, #420, #6743, #1442, #6358, #6410, #5133, #2120, #1977, #6502, #4499, #1574, #5989, #1597, #943, #1398, #5225, #1757, #218, #1120, #2273, #6875, #848, #2169, #4142, #2719, #384, #4137, #2231 ) ) ;
#1572 = CARTESIAN_POINT ( 'NONE',  ( 6.048528137423858198, 5.199999999999999289, -1000.000000000000000 ) ) ;
#1573 = ADVANCED_FACE ( 'NONE', ( #769 ), #2952, .F. ) ;
#1574 = ADVANCED_FACE ( 'NONE', ( #180 ), #2440, .F. ) ;
#1575 = ADVANCED_FACE ( 'NONE', ( #5965 ), #1588, .T. ) ;
#1576 = ORIENTED_EDGE ( 'NONE', *, *, #2788, .T. ) ;
#1577 = DIRECTION ( 'NONE',  ( -1.000000000000000000, -2.220446049250312588E-16, 0.0000000000000000000 ) ) ;
#1578 = AXIS2_PLACEMENT_3D ( 'NONE', #2287, #2871, #1171 ) ;
#1579 = EDGE_CURVE ( 'NONE', #3541, #7192, #3207, .T. ) ;
#1580 = DIRECTION ( 'NONE',  ( 0.0000000000000000000, 0.0000000000000000000, 1.000000000000000000 ) ) ;
#1581 = FACE_OUTER_BOUND ( 'NONE', #5734, .T. ) ;
#1582 = LINE ( 'NONE', #2721, #372 ) ;
#1583 = FACE_OUTER_BOUND ( 'NONE', #6437, .T. ) ;
#1584 = ORIENTED_EDGE ( 'NONE', *, *, #3366, .F. ) ;
#1585 = VERTEX_POINT ( 'NONE', #7140 ) ;
#1586 = DIRECTION ( 'NONE',  ( 0.0000000000000000000, -1.000000000000000000, 0.0000000000000000000 ) ) ;
#1587 = CYLINDRICAL_SURFACE ( 'NONE', #5102, 1.000000000000000000 ) ;
#1588 = PLANE ( 'NONE',  #5730 ) ;
#1589 = CARTESIAN_POINT ( 'NONE',  ( -8.499999999999998224, 10.00000000000000000, 0.0000000000000000000 ) ) ;
#1590 = ORIENTED_EDGE ( 'NONE', *, *, #1356, .T. ) ;
#1591 = EDGE_LOOP ( 'NONE', ( #1828, #2227, #1113, #6640 ) ) ;
#1592 = CARTESIAN_POINT ( 'NONE',  ( 3.069999999999998508, -10.00000000000000355, 0.0000000000000000000 ) ) ;
#1593 = DIRECTION ( 'NONE',  ( 0.0000000000000000000, 0.0000000000000000000, 1.000000000000000000 ) ) ;
#1594 = AXIS2_PLACEMENT_3D ( 'NONE', #2103, #6625, #6585 ) ;
#1595 = CARTESIAN_POINT ( 'NONE',  ( 9.400000000000002132, 3.319999999999997620, 0.0000000000000000000 ) ) ;
#1596 = DIRECTION ( 'NONE',  ( -1.000000000000000000, 2.875994006862046694E-15, 0.0000000000000000000 ) ) ;
#1597 = ADVANCED_FACE ( 'NONE', ( #355 ), #993, .F. ) ;
#1598 = ORIENTED_EDGE ( 'NONE', *, *, #1615, .T. ) ;
#1599 = CARTESIAN_POINT ( 'NONE',  ( 8.000000000000000000, -3.919843788128358764, 0.0000000000000000000 ) ) ;
#1600 = ORIENTED_EDGE ( 'NONE', *, *, #5545, .T. ) ;
#1601 = ORIENTED_EDGE ( 'NONE', *, *, #2203, .F. ) ;
#1602 = VECTOR ( 'NONE', #7030, 1000.000000000000000 ) ;
#1603 = ORIENTED_EDGE ( 'NONE', *, *, #3212, .T. ) ;
#1604 = LINE ( 'NONE', #1672, #6171 ) ;
#1605 = LINE ( 'NONE', #4394, #6068 ) ;
#1606 = VERTEX_POINT ( 'NONE', #6584 ) ;
#1607 = ORIENTED_EDGE ( 'NONE', *, *, #6165, .F. ) ;
#1608 = CARTESIAN_POINT ( 'NONE',  ( 4.200000000000000178, -6.462741699796954009, -1000.000000000000000 ) ) ;
#1609 = DIRECTION ( 'NONE',  ( 0.0000000000000000000, -0.0000000000000000000, -1.000000000000000000 ) ) ;
#1610 = VERTEX_POINT ( 'NONE', #3756 ) ;
#1611 = CARTESIAN_POINT ( 'NONE',  ( -6.099999999999994316, 6.099999999999999645, -1000.000000000000000 ) ) ;
#1612 = DIRECTION ( 'NONE',  ( -0.0000000000000000000, -0.0000000000000000000, -1.000000000000000000 ) ) ;
#1613 = CARTESIAN_POINT ( 'NONE',  ( 8.700000000000001066, 4.599999999999998757, -1000.000000000000000 ) ) ;
#1614 = ORIENTED_EDGE ( 'NONE', *, *, #5634, .F. ) ;
#1615 = EDGE_CURVE ( 'NONE', #6198, #3679, #5263, .T. ) ;
#1616 = ORIENTED_EDGE ( 'NONE', *, *, #620, .F. ) ;
#1617 = CARTESIAN_POINT ( 'NONE',  ( 9.399999999999998579, -3.700000000000000178, 0.0000000000000000000 ) ) ;
#1618 = AXIS2_PLACEMENT_3D ( 'NONE', #6729, #1692, #3931 ) ;
#1619 = DIRECTION ( 'NONE',  ( 1.000000000000000000, -1.991598500205934045E-16, 0.0000000000000000000 ) ) ;
#1620 = DIRECTION ( 'NONE',  ( 0.0000000000000000000, 1.000000000000000000, 0.0000000000000000000 ) ) ;
#1621 = LINE ( 'NONE', #3867, #4407 ) ;
#1622 = VERTEX_POINT ( 'NONE', #2102 ) ;
#1623 = VERTEX_POINT ( 'NONE', #6544 ) ;
#1624 = EDGE_CURVE ( 'NONE', #3382, #4238, #1027, .T. ) ;
#1625 = EDGE_CURVE ( 'NONE', #5632, #4831, #1147, .T. ) ;
#1626 = AXIS2_PLACEMENT_3D ( 'NONE', #3407, #6610, #2130 ) ;
#1627 = DIRECTION ( 'NONE',  ( 0.0000000000000000000, 0.0000000000000000000, 1.000000000000000000 ) ) ;
#1628 = CARTESIAN_POINT ( 'NONE',  ( -1.697056274847712931, -2.404163056034253287, -1000.000000000000000 ) ) ;
#1629 = ADVANCED_FACE ( 'NONE', ( #2026 ), #7069, .F. ) ;
#1630 = CIRCLE ( 'NONE', #3506, 0.7000000000000000666 ) ;
#1631 = DIRECTION ( 'NONE',  ( 0.0000000000000000000, 0.0000000000000000000, 1.000000000000000000 ) ) ;
#1632 = DIRECTION ( 'NONE',  ( 0.0000000000000000000, 0.0000000000000000000, 1.000000000000000000 ) ) ;
#1633 = ORIENTED_EDGE ( 'NONE', *, *, #4903, .T. ) ;
#1634 = LINE ( 'NONE', #4274, #3158 ) ;
#1635 = VERTEX_POINT ( 'NONE', #6624 ) ;
#1636 = EDGE_LOOP ( 'NONE', ( #5815, #7231, #3194, #1644 ) ) ;
#1637 = VECTOR ( 'NONE', #5535, 1000.000000000000000 ) ;
#1638 = CIRCLE ( 'NONE', #5755, 1.000000000000000000 ) ;
#1639 = AXIS2_PLACEMENT_3D ( 'NONE', #296, #5318, #7012 ) ;
#1640 = FILL_AREA_STYLE_COLOUR ( '', #2524 ) ;
#1641 = CIRCLE ( 'NONE', #1159, 0.2500000000000000000 ) ;
#1642 = DIRECTION ( 'NONE',  ( 0.0000000000000000000, -0.0000000000000000000, 1.000000000000000000 ) ) ;
#1643 = VERTEX_POINT ( 'NONE', #5526 ) ;
#1644 = ORIENTED_EDGE ( 'NONE', *, *, #4770, .F. ) ;
#1645 = DIRECTION ( 'NONE',  ( -0.0000000000000000000, -0.0000000000000000000, -1.000000000000000000 ) ) ;
#1646 = CARTESIAN_POINT ( 'NONE',  ( -3.070000000000000284, 9.150000000000002132, 0.0000000000000000000 ) ) ;
#1647 = ORIENTED_EDGE ( 'NONE', *, *, #3505, .F. ) ;
#1648 = EDGE_CURVE ( 'NONE', #1928, #6161, #2618, .T. ) ;
#1649 = LINE ( 'NONE', #674, #4731 ) ;
#1650 = DIRECTION ( 'NONE',  ( 0.0000000000000000000, -0.0000000000000000000, -1.000000000000000000 ) ) ;
#1651 = ORIENTED_EDGE ( 'NONE', *, *, #1536, .F. ) ;
#1652 = VERTEX_POINT ( 'NONE', #6078 ) ;
#1653 = CARTESIAN_POINT ( 'NONE',  ( 3.919843788128356987, -8.000000000000005329, -1000.000000000000000 ) ) ;
#1654 = DIRECTION ( 'NONE',  ( 0.0000000000000000000, -1.000000000000000000, 0.0000000000000000000 ) ) ;
#1655 = PLANE ( 'NONE',  #7144 ) ;
#1656 = DIRECTION ( 'NONE',  ( 0.7071067811865474617, 0.7071067811865476838, -0.0000000000000000000 ) ) ;
#1657 = ORIENTED_EDGE ( 'NONE', *, *, #4903, .F. ) ;
#1658 = ORIENTED_EDGE ( 'NONE', *, *, #4686, .F. ) ;
#1659 = CARTESIAN_POINT ( 'NONE',  ( 10.00000000000000000, 8.499999999999998224, -1000.000000000000000 ) ) ;
#1660 = EDGE_CURVE ( 'NONE', #7192, #2165, #3280, .T. ) ;
#1661 = CARTESIAN_POINT ( 'NONE',  ( 4.950000000000001954, 8.450000000000002842, 0.0000000000000000000 ) ) ;
#1662 = DIRECTION ( 'NONE',  ( -0.0000000000000000000, -0.0000000000000000000, -1.000000000000000000 ) ) ;
#1663 = EDGE_CURVE ( 'NONE', #4243, #5536, #4937, .T. ) ;
#1664 = CARTESIAN_POINT ( 'NONE',  ( 9.099999999999999645, 8.400000000000000355, 0.0000000000000000000 ) ) ;
#1665 = PLANE ( 'NONE',  #5212 ) ;
#1666 = EDGE_CURVE ( 'NONE', #4634, #9, #3171, .T. ) ;
#1667 = ORIENTED_EDGE ( 'NONE', *, *, #712, .F. ) ;
#1668 = DIRECTION ( 'NONE',  ( 0.0000000000000000000, 0.0000000000000000000, 1.000000000000000000 ) ) ;
#1669 = VERTEX_POINT ( 'NONE', #2650 ) ;
#1670 = ORIENTED_EDGE ( 'NONE', *, *, #2339, .T. ) ;
#1671 = VECTOR ( 'NONE', #7025, 1000.000000000000000 ) ;
#1672 = CARTESIAN_POINT ( 'NONE',  ( 9.100000000000003197, -9.100000000000001421, -1000.000000000000000 ) ) ;
#1673 = AXIS2_PLACEMENT_3D ( 'NONE', #4081, #5262, #763 ) ;
#1674 = VECTOR ( 'NONE', #3852, 999.9999999999998863 ) ;
#1675 = DIRECTION ( 'NONE',  ( 0.0000000000000000000, 0.0000000000000000000, 1.000000000000000000 ) ) ;
#1676 = VERTEX_POINT ( 'NONE', #7183 ) ;
#1677 = ORIENTED_EDGE ( 'NONE', *, *, #1022, .F. ) ;
#1678 = CARTESIAN_POINT ( 'NONE',  ( -0.8694422283156205689, 2.343943303841100168, -1000.000000000000000 ) ) ;
#1679 = AXIS2_PLACEMENT_3D ( 'NONE', #6472, #2400, #6882 ) ;
#1680 = EDGE_CURVE ( 'NONE', #2869, #5207, #3147, .T. ) ;
#1681 = LINE ( 'NONE', #6172, #6794 ) ;
#1682 = ORIENTED_EDGE ( 'NONE', *, *, #5893, .T. ) ;
#1684 = EDGE_CURVE ( 'NONE', #5361, #6137, #2091, .T. ) ;
#1683 = AXIS2_PLACEMENT_3D ( 'NONE', #6590, #3800, #3838 ) ;
#1685 = AXIS2_PLACEMENT_3D ( 'NONE', #2660, #5533, #4345 ) ;
#1686 = CARTESIAN_POINT ( 'NONE',  ( 10.00000000000000178, 3.069999999999996732, 0.0000000000000000000 ) ) ;
#1687 = CARTESIAN_POINT ( 'NONE',  ( -9.099999999999999645, -6.349999999999996980, 0.0000000000000000000 ) ) ;
#1688 = ORIENTED_EDGE ( 'NONE', *, *, #478, .T. ) ;
#1689 = AXIS2_PLACEMENT_3D ( 'NONE', #2616, #5964, #7103 ) ;
#1690 = ORIENTED_EDGE ( 'NONE', *, *, #4848, .F. ) ;
#1691 = LINE ( 'NONE', #7286, #1102 ) ;
#1692 = DIRECTION ( 'NONE',  ( -0.0000000000000000000, -0.0000000000000000000, 1.000000000000000000 ) ) ;
#1693 = LINE ( 'NONE', #2837, #868 ) ;
#1694 = EDGE_LOOP ( 'NONE', ( #1318, #1059, #715, #6304, #6125, #3323, #2900, #484, #2593, #4164, #3992, #5116, #1444, #926, #3511, #2323, #4386, #6596, #7201, #6055, #1297, #3115, #4108, #5717, #5543, #1850, #3967, #2396, #2549, #4092, #2391, #6329, #3803, #5288, #888, #3962, #6514, #5978, #6275, #5328, #3768, #6088, #7195, #6128, #626, #3371, #6838, #165, #4339, #6914, #3100, #1677, #5595, #4995, #2991, #5062, #4411, #1564, #4992, #3078, #2909, #6871, #2703, #5986, #2465, #1712, #2865, #3917, #5321, #1962, #2627, #230, #1118, #369, #2005, #3741, #6903, #6288, #6667, #1310, #6014, #5523, #7194, #2934, #656, #4870, #6748, #2406, #6132, #2322, #7120, #3720, #2555, #6512, #2361, #59, #4267, #5895, #3297, #6954, #6408, #3567, #4864, #3986, #6466, #7021, #2312, #4861, #2077, #4579, #3638, #2043, #485, #3492, #5152, #4156, #2923, #321, #4829, #4775, #5548, #4169, #5529, #5389, #2263, #6688, #820, #2216, #6627, #5882, #3869, #4310, #35, #1286, #2271, #4266, #228, #5847, #6670, #2691, #4294, #2313, #82, #1225, #3828, #5215, #896, #6799, #7125, #5056, #2487, #2191, #3000, #6455, #3808, #6081, #2023, #6534, #1439, #3431, #705, #4898, #4573, #7089 ) ) ;
#1695 = ORIENTED_EDGE ( 'NONE', *, *, #563, .F. ) ;
#1696 = STYLED_ITEM ( 'NONE', ( #3948 ), #3061 ) ;
#1697 = DIRECTION ( 'NONE',  ( 0.0000000000000000000, 0.0000000000000000000, 1.000000000000000000 ) ) ;
#1698 = VECTOR ( 'NONE', #788, 1000.000000000000000 ) ;
#1699 = DIRECTION ( 'NONE',  ( 0.0000000000000000000, 0.0000000000000000000, -1.000000000000000000 ) ) ;
#1700 = CARTESIAN_POINT ( 'NONE',  ( 3.281520625377542189, 1.217219119641868463, -1000.000000000000000 ) ) ;
#1701 = EDGE_CURVE ( 'NONE', #1249, #7238, #4896, .T. ) ;
#1702 = DIRECTION ( 'NONE',  ( -0.0000000000000000000, -0.0000000000000000000, 1.000000000000000000 ) ) ;
#1703 = LINE ( 'NONE', #4568, #5041 ) ;
#1704 = CARTESIAN_POINT ( 'NONE',  ( -3.700000000000003286, -9.999999999999998224, 0.0000000000000000000 ) ) ;
#1705 = DIRECTION ( 'NONE',  ( 4.336808689942017736E-16, 1.000000000000000000, 0.0000000000000000000 ) ) ;
#1706 = VERTEX_POINT ( 'NONE', #6042 ) ;
#1707 = ORIENTED_EDGE ( 'NONE', *, *, #36, .T. ) ;
#1708 = EDGE_CURVE ( 'NONE', #5699, #1236, #5486, .T. ) ;
#1709 = ADVANCED_FACE ( 'NONE', ( #877 ), #3132, .T. ) ;
#1710 = CARTESIAN_POINT ( 'NONE',  ( 5.755634918610405215, 4.907106781186547195, -1000.000000000000000 ) ) ;
#1711 = DIRECTION ( 'NONE',  ( -0.4472135954999488794, -0.8944271909999204073, 0.0000000000000000000 ) ) ;
#1712 = ORIENTED_EDGE ( 'NONE', *, *, #5729, .T. ) ;
#1713 = DIRECTION ( 'NONE',  ( 0.0000000000000000000, 1.000000000000000000, 0.0000000000000000000 ) ) ;
#1714 = AXIS2_PLACEMENT_3D ( 'NONE', #728, #2328, #6265 ) ;
#1715 = LINE ( 'NONE', #489, #2808 ) ;
#1716 = EDGE_CURVE ( 'NONE', #7267, #3204, #6257, .T. ) ;
#1717 = DIRECTION ( 'NONE',  ( -1.000000000000000000, 0.0000000000000000000, 0.0000000000000000000 ) ) ;
#1718 = VECTOR ( 'NONE', #2269, 1000.000000000000000 ) ;
#1719 = EDGE_CURVE ( 'NONE', #496, #1489, #3036, .T. ) ;
#1720 = ORIENTED_EDGE ( 'NONE', *, *, #1499, .T. ) ;
#1721 = LINE ( 'NONE', #5180, #4485 ) ;
#1722 = EDGE_CURVE ( 'NONE', #6779, #4346, #7222, .T. ) ;
#1723 = CARTESIAN_POINT ( 'NONE',  ( 3.919843788128359652, 8.000000000000003553, -1000.000000000000000 ) ) ;
#1724 = ORIENTED_EDGE ( 'NONE', *, *, #4060, .F. ) ;
#1725 = ORIENTED_EDGE ( 'NONE', *, *, #6557, .T. ) ;
#1726 = DIRECTION ( 'NONE',  ( -9.957992501029670227E-17, -1.000000000000000000, 0.0000000000000000000 ) ) ;
#1727 = DIRECTION ( 'NONE',  ( 0.0000000000000000000, 1.000000000000000000, 0.0000000000000000000 ) ) ;
#1728 = CARTESIAN_POINT ( 'NONE',  ( 3.320000000000000728, 8.250000000000003553, 0.0000000000000000000 ) ) ;
#1729 = EDGE_LOOP ( 'NONE', ( #1051, #1531, #3666, #607 ) ) ;
#1730 = EDGE_LOOP ( 'NONE', ( #3014, #3005, #6447, #6993 ) ) ;
#1731 = DIRECTION ( 'NONE',  ( 0.0000000000000000000, 0.0000000000000000000, -1.000000000000000000 ) ) ;
#1732 = CARTESIAN_POINT ( 'NONE',  ( -6.100000000000004086, -8.849999999999997868, 0.0000000000000000000 ) ) ;
#1733 = VECTOR ( 'NONE', #5304, 1000.000000000000000 ) ;
#1734 = DIRECTION ( 'NONE',  ( 1.000000000000000000, 0.0000000000000000000, -0.0000000000000000000 ) ) ;
#1735 = LINE ( 'NONE', #5782, #6878 ) ;
#1736 = CARTESIAN_POINT ( 'NONE',  ( 3.319999999999998508, -8.000000000000005329, 0.0000000000000000000 ) ) ;
#1737 = CARTESIAN_POINT ( 'NONE',  ( 3.499999999999999556, 1.823044737829951023, 0.0000000000000000000 ) ) ;
#1738 = CYLINDRICAL_SURFACE ( 'NONE', #3623, 0.2500000000000002220 ) ;
#1739 = EDGE_LOOP ( 'NONE', ( #1961, #721, #5843, #2898 ) ) ;
#1740 = ORIENTED_EDGE ( 'NONE', *, *, #2132, .T. ) ;
#1741 = VECTOR ( 'NONE', #3619, 1000.000000000000000 ) ;
#1742 = EDGE_CURVE ( 'NONE', #4074, #4069, #3383, .T. ) ;
#1743 = AXIS2_PLACEMENT_3D ( 'NONE', #663, #5240, #1857 ) ;
#1744 = DIRECTION ( 'NONE',  ( 0.0000000000000000000, 1.000000000000000000, 0.0000000000000000000 ) ) ;
#1745 = AXIS2_PLACEMENT_3D ( 'NONE', #3944, #2298, #3908 ) ;
#1746 = CARTESIAN_POINT ( 'NONE',  ( 3.069999999999998064, -8.250000000000005329, -1000.000000000000000 ) ) ;
#1747 = ORIENTED_EDGE ( 'NONE', *, *, #2485, .T. ) ;
#1748 = FACE_OUTER_BOUND ( 'NONE', #4428, .T. ) ;
#1749 = PLANE ( 'NONE',  #1626 ) ;
#1750 = CIRCLE ( 'NONE', #3865, 1.000000000000000000 ) ;
#1751 = CIRCLE ( 'NONE', #1516, 0.7000000000000000666 ) ;
#1752 = DIRECTION ( 'NONE',  ( 0.0000000000000000000, 0.0000000000000000000, 1.000000000000000000 ) ) ;
#1753 = AXIS2_PLACEMENT_3D ( 'NONE', #7181, #6002, #1586 ) ;
#1754 = LINE ( 'NONE', #114, #6927 ) ;
#1755 = CIRCLE ( 'NONE', #97, 1.000000000000000000 ) ;
#1756 = EDGE_LOOP ( 'NONE', ( #3446, #4862, #4709, #670 ) ) ;
#1757 = ADVANCED_FACE ( 'NONE', ( #3866 ), #1655, .F. ) ;
#1758 = EDGE_LOOP ( 'NONE', ( #1358, #6417, #3613, #6287 ) ) ;
#1759 = EDGE_CURVE ( 'NONE', #1421, #849, #5380, .T. ) ;
#1760 = CARTESIAN_POINT ( 'NONE',  ( 3.070000000000001616, 9.150000000000002132, 0.0000000000000000000 ) ) ;
#1761 = LINE ( 'NONE', #3485, #4656 ) ;
#1762 = ORIENTED_EDGE ( 'NONE', *, *, #4487, .T. ) ;
#1763 = EDGE_LOOP ( 'NONE', ( #2245, #6110, #5666, #4355 ) ) ;
#1764 = LINE ( 'NONE', #5293, #1698 ) ;
#1765 = CYLINDRICAL_SURFACE ( 'NONE', #4083, 1.000000000000000000 ) ;
#1766 = CARTESIAN_POINT ( 'NONE',  ( 2.404163056034253287, 1.697056274847711377, -1000.000000000000000 ) ) ;
#1767 = EDGE_LOOP ( 'NONE', ( #106, #3648, #996, #4785 ) ) ;
#1768 = EDGE_LOOP ( 'NONE', ( #7002, #5147, #6696, #5039 ) ) ;
#1769 = DIRECTION ( 'NONE',  ( 1.000000000000000000, 8.673617379884035472E-16, 0.0000000000000000000 ) ) ;
#1770 = ADVANCED_FACE ( 'NONE', ( #4519 ), #1765, .T. ) ;
#1771 = DIRECTION ( 'NONE',  ( -0.0000000000000000000, -0.0000000000000000000, -1.000000000000000000 ) ) ;
#1772 = CARTESIAN_POINT ( 'NONE',  ( -8.450000000000002842, -4.720156211871640473, -1000.000000000000000 ) ) ;
#1773 = CYLINDRICAL_SURFACE ( 'NONE', #2893, 0.2500000000000002220 ) ;
#1774 = DIRECTION ( 'NONE',  ( -1.000000000000000000, 0.0000000000000000000, 0.0000000000000000000 ) ) ;
#1775 = DIRECTION ( 'NONE',  ( 1.000000000000000000, 0.0000000000000000000, 0.0000000000000000000 ) ) ;
#1776 = FACE_OUTER_BOUND ( 'NONE', #4923, .T. ) ;
#1777 = ORIENTED_EDGE ( 'NONE', *, *, #1936, .F. ) ;
#1778 = ORIENTED_EDGE ( 'NONE', *, *, #3588, .F. ) ;
#1779 = CARTESIAN_POINT ( 'NONE',  ( 3.919843788128356987, -8.000000000000005329, -1000.000000000000000 ) ) ;
#1780 = VERTEX_POINT ( 'NONE', #6222 ) ;
#1781 = DIRECTION ( 'NONE',  ( 1.000000000000000000, 0.0000000000000000000, 0.0000000000000000000 ) ) ;
#1782 = DIRECTION ( 'NONE',  ( -0.0000000000000000000, -0.0000000000000000000, -1.000000000000000000 ) ) ;
#1783 = DIRECTION ( 'NONE',  ( 0.0000000000000000000, 0.0000000000000000000, 1.000000000000000000 ) ) ;
#1784 = AXIS2_PLACEMENT_3D ( 'NONE', #1177, #5597, #6226 ) ;
#1785 = CARTESIAN_POINT ( 'NONE',  ( -9.099999999999997868, 6.349999999999999645, 0.0000000000000000000 ) ) ;
#1786 = VERTEX_POINT ( 'NONE', #1063 ) ;
#1787 = LINE ( 'NONE', #5694, #2235 ) ;
#1788 = VERTEX_POINT ( 'NONE', #1209 ) ;
#1789 = AXIS2_PLACEMENT_3D ( 'NONE', #6083, #1519, #324 ) ;
#1790 = VECTOR ( 'NONE', #5250, 1000.000000000000000 ) ;
#1791 = ADVANCED_FACE ( 'NONE', ( #6763 ), #534, .F. ) ;
#1792 = CARTESIAN_POINT ( 'NONE',  ( 8.000000000000000000, -5.200000000000001066, 0.0000000000000000000 ) ) ;
#1793 = EDGE_CURVE ( 'NONE', #3388, #71, #1381, .T. ) ;
#1794 = EDGE_CURVE ( 'NONE', #4404, #4991, #1025, .T. ) ;
#1795 = VECTOR ( 'NONE', #460, 1000.000000000000000 ) ;
#1796 = DIRECTION ( 'NONE',  ( 1.224646799147345565E-16, 1.000000000000000000, -0.0000000000000000000 ) ) ;
#1797 = ORIENTED_EDGE ( 'NONE', *, *, #1228, .T. ) ;
#1798 = VERTEX_POINT ( 'NONE', #5701 ) ;
#1799 = CARTESIAN_POINT ( 'NONE',  ( 3.919843788128356987, -8.250000000000005329, -1000.000000000000000 ) ) ;
#1800 = CARTESIAN_POINT ( 'NONE',  ( 3.320000000000001172, 9.150000000000002132, -1000.000000000000000 ) ) ;
#1801 = DIRECTION ( 'NONE',  ( 9.957992501029670227E-17, -1.000000000000000000, 0.0000000000000000000 ) ) ;
#1802 = AXIS2_PLACEMENT_3D ( 'NONE', #327, #5459, #5423 ) ;
#1803 = VERTEX_POINT ( 'NONE', #501 ) ;
#1804 = EDGE_LOOP ( 'NONE', ( #2634, #6111, #4975, #2279 ) ) ;
#1805 = CARTESIAN_POINT ( 'NONE',  ( -8.450000000000002842, -4.949999999999996625, -1000.000000000000000 ) ) ;
#1806 = DIRECTION ( 'NONE',  ( -0.0000000000000000000, -0.0000000000000000000, -1.000000000000000000 ) ) ;
#1807 = LINE ( 'NONE', #5746, #3089 ) ;
#1808 = DIRECTION ( 'NONE',  ( 0.0000000000000000000, 0.0000000000000000000, 1.000000000000000000 ) ) ;
#1809 = LINE ( 'NONE', #2916, #3515 ) ;
#1810 = LINE ( 'NONE', #4191, #3923 ) ;
#1811 = LINE ( 'NONE', #3467, #6792 ) ;
#1812 = EDGE_CURVE ( 'NONE', #6045, #2515, #5848, .T. ) ;
#1813 = EDGE_LOOP ( 'NONE', ( #2397, #5412, #4437, #5454 ) ) ;
#1814 = ORIENTED_EDGE ( 'NONE', *, *, #6808, .F. ) ;
#1815 = VECTOR ( 'NONE', #3601, 1000.000000000000000 ) ;
#1816 = EDGE_CURVE ( 'NONE', #5757, #4533, #1172, .T. ) ;
#1817 = MECHANICAL_DESIGN_GEOMETRIC_PRESENTATION_REPRESENTATION (  '', ( #1696 ), #863 ) ;
#1818 = LINE ( 'NONE', #184, #392 ) ;
#1819 = EDGE_CURVE ( 'NONE', #4546, #3728, #3266, .T. ) ;
#1820 = EDGE_LOOP ( 'NONE', ( #7045, #6759, #1425, #1190 ) ) ;
#1821 = FACE_OUTER_BOUND ( 'NONE', #1041, .T. ) ;
#1822 = LINE ( 'NONE', #628, #3504 ) ;
#1823 = ORIENTED_EDGE ( 'NONE', *, *, #6122, .F. ) ;
#1824 = VECTOR ( 'NONE', #4298, 1000.000000000000000 ) ;
#1825 = DIRECTION ( 'NONE',  ( -0.0000000000000000000, -0.0000000000000000000, -1.000000000000000000 ) ) ;
#1826 = CYLINDRICAL_SURFACE ( 'NONE', #2349, 0.2500000000000002220 ) ;
#1827 = AXIS2_PLACEMENT_3D ( 'NONE', #1057, #3308, #6038 ) ;
#1828 = ORIENTED_EDGE ( 'NONE', *, *, #3895, .T. ) ;
#1829 = CARTESIAN_POINT ( 'NONE',  ( 1.823044737829951245, -5.500000000000000888, 0.0000000000000000000 ) ) ;
#1830 = ORIENTED_EDGE ( 'NONE', *, *, #3232, .T. ) ;
#1831 = PRODUCT_DEFINITION_CONTEXT ( 'detailed design', #398, 'design' ) ;
#1832 = EDGE_CURVE ( 'NONE', #2874, #5207, #3419, .T. ) ;
#1833 = DIRECTION ( 'NONE',  ( -0.0000000000000000000, -0.0000000000000000000, -1.000000000000000000 ) ) ;
#1834 = VECTOR ( 'NONE', #5182, 1000.000000000000000 ) ;
#1835 = DIRECTION ( 'NONE',  ( -1.224646799147345565E-16, -1.000000000000000000, 0.0000000000000000000 ) ) ;
#1836 = ORIENTED_EDGE ( 'NONE', *, *, #2845, .F. ) ;
#1837 = VERTEX_POINT ( 'NONE', #56 ) ;
#1838 = CARTESIAN_POINT ( 'NONE',  ( 3.070000000000001172, 8.000000000000003553, -1000.000000000000000 ) ) ;
#1839 = VECTOR ( 'NONE', #4376, 1000.000000000000000 ) ;
#1840 = ORIENTED_EDGE ( 'NONE', *, *, #4545, .T. ) ;
#1841 = ORIENTED_EDGE ( 'NONE', *, *, #5990, .T. ) ;
#1842 = DIRECTION ( 'NONE',  ( 6.938893903907222067E-15, 1.000000000000000000, 0.0000000000000000000 ) ) ;
#1843 = LINE ( 'NONE', #2947, #5322 ) ;
#1844 = DIRECTION ( 'NONE',  ( -2.220446049250312588E-16, -1.000000000000000000, 0.0000000000000000000 ) ) ;
#1845 = DIRECTION ( 'NONE',  ( 0.0000000000000000000, -0.0000000000000000000, -1.000000000000000000 ) ) ;
#1846 = DIRECTION ( 'NONE',  ( -0.0000000000000000000, -0.0000000000000000000, -1.000000000000000000 ) ) ;
#1847 = CARTESIAN_POINT ( 'NONE',  ( 3.320000000000001172, 9.150000000000002132, 0.0000000000000000000 ) ) ;
#1848 = DIRECTION ( 'NONE',  ( 1.000000000000000000, 0.0000000000000000000, 0.0000000000000000000 ) ) ;
#1849 = EDGE_CURVE ( 'NONE', #3302, #6573, #5027, .T. ) ;
#1850 = ORIENTED_EDGE ( 'NONE', *, *, #3682, .T. ) ;
#1851 = ORIENTED_EDGE ( 'NONE', *, *, #6210, .T. ) ;
#1852 = ADVANCED_FACE ( 'NONE', ( #5558 ), #5007, .T. ) ;
#1853 = ADVANCED_FACE ( 'NONE', ( #4595 ), #2359, .T. ) ;
#1854 = CYLINDRICAL_SURFACE ( 'NONE', #6262, 2.000000000000000000 ) ;
#1855 = CARTESIAN_POINT ( 'NONE',  ( -3.320000000000000728, 9.400000000000002132, -1000.000000000000000 ) ) ;
#1856 = VERTEX_POINT ( 'NONE', #6290 ) ;
#1857 = DIRECTION ( 'NONE',  ( 0.0000000000000000000, -1.000000000000000000, 0.0000000000000000000 ) ) ;
#1858 = CARTESIAN_POINT ( 'NONE',  ( 8.000000000000001776, -3.319999999999999840, -1000.000000000000000 ) ) ;
#1859 = ORIENTED_EDGE ( 'NONE', *, *, #3509, .T. ) ;
#1860 = AXIS2_PLACEMENT_3D ( 'NONE', #2320, #6659, #1620 ) ;
#1861 = AXIS2_PLACEMENT_3D ( 'NONE', #4580, #5722, #6856 ) ;
#1862 = FACE_OUTER_BOUND ( 'NONE', #696, .T. ) ;
#1863 = DIRECTION ( 'NONE',  ( -0.0000000000000000000, -0.0000000000000000000, 1.000000000000000000 ) ) ;
#1864 = VECTOR ( 'NONE', #1662, 1000.000000000000000 ) ;
#1865 = ORIENTED_EDGE ( 'NONE', *, *, #2129, .F. ) ;
#1866 = CARTESIAN_POINT ( 'NONE',  ( -3.320000000000002949, -9.150000000000000355, 0.0000000000000000000 ) ) ;
#1867 = ORIENTED_EDGE ( 'NONE', *, *, #4089, .T. ) ;
#1868 = CIRCLE ( 'NONE', #7158, 0.2500000000000002220 ) ;
#1869 = AXIS2_PLACEMENT_3D ( 'NONE', #2225, #4571, #6814 ) ;
#1870 = CARTESIAN_POINT ( 'NONE',  ( -9.999999999999998224, 8.500000000000000000, -1000.000000000000000 ) ) ;
#1871 = VECTOR ( 'NONE', #7241, 1000.000000000000000 ) ;
#1872 = VECTOR ( 'NONE', #3990, 1000.000000000000000 ) ;
#1873 = CARTESIAN_POINT ( 'NONE',  ( 4.524939009510884347, -8.606173761888610940, -1000.000000000000000 ) ) ;
#1874 = ORIENTED_EDGE ( 'NONE', *, *, #1276, .T. ) ;
#1875 = EDGE_LOOP ( 'NONE', ( #6530, #1841, #873, #4461 ) ) ;
#1876 = EDGE_CURVE ( 'NONE', #2890, #5024, #547, .T. ) ;
#1877 = LINE ( 'NONE', #1838, #152 ) ;
#1878 = AXIS2_PLACEMENT_3D ( 'NONE', #6542, #4971, #7137 ) ;
#1879 = VERTEX_POINT ( 'NONE', #682 ) ;
#1880 = ORIENTED_EDGE ( 'NONE', *, *, #6901, .F. ) ;
#1881 = CARTESIAN_POINT ( 'NONE',  ( 3.499999999999999556, 0.3999999999999988010, 0.0000000000000000000 ) ) ;
#1882 = LINE ( 'NONE', #4121, #3211 ) ;
#1883 = DIRECTION ( 'NONE',  ( 0.0000000000000000000, -1.000000000000000000, 0.0000000000000000000 ) ) ;
#1884 = FACE_OUTER_BOUND ( 'NONE', #1100, .T. ) ;
#1885 = CARTESIAN_POINT ( 'NONE',  ( -8.700000000000002842, -5.199999999999997513, -1000.000000000000000 ) ) ;
#1886 = DIRECTION ( 'NONE',  ( -1.000000000000000000, 0.0000000000000000000, 0.0000000000000000000 ) ) ;
#1887 = FACE_OUTER_BOUND ( 'NONE', #838, .T. ) ;
#1888 = VERTEX_POINT ( 'NONE', #5150 ) ;
#1889 = ORIENTED_EDGE ( 'NONE', *, *, #6122, .T. ) ;
#1890 = AXIS2_PLACEMENT_3D ( 'NONE', #7042, #922, #5382 ) ;
#1891 = ADVANCED_FACE ( 'NONE', ( #1445 ), #3583, .F. ) ;
#1892 = CARTESIAN_POINT ( 'NONE',  ( -6.350000000000001421, 9.099999999999999645, -1000.000000000000000 ) ) ;
#1893 = ADVANCED_FACE ( 'NONE', ( #2443 ), #3683, .F. ) ;
#1894 = DIRECTION ( 'NONE',  ( 0.0000000000000000000, 0.0000000000000000000, -1.000000000000000000 ) ) ;
#1895 = ADVANCED_FACE ( 'NONE', ( #2411 ), #5830, .F. ) ;
#1896 = VERTEX_POINT ( 'NONE', #1892 ) ;
#1897 = DIRECTION ( 'NONE',  ( 0.0000000000000000000, 0.0000000000000000000, 1.000000000000000000 ) ) ;
#1898 = DIRECTION ( 'NONE',  ( 1.000000000000000000, -3.445092848397658153E-16, 0.0000000000000000000 ) ) ;
#1899 = VERTEX_POINT ( 'NONE', #6420 ) ;
#1900 = CARTESIAN_POINT ( 'NONE',  ( -4.950000000000003730, -8.450000000000001066, -1000.000000000000000 ) ) ;
#1901 = ORIENTED_EDGE ( 'NONE', *, *, #1533, .F. ) ;
#1902 = LINE ( 'NONE', #6826, #3745 ) ;
#1903 = ORIENTED_EDGE ( 'NONE', *, *, #3391, .T. ) ;
#1904 = EDGE_CURVE ( 'NONE', #3430, #4899, #5933, .T. ) ;
#1905 = ORIENTED_EDGE ( 'NONE', *, *, #250, .F. ) ;
#1906 = AXIS2_PLACEMENT_3D ( 'NONE', #2720, #6035, #6575 ) ;
#1907 = CARTESIAN_POINT ( 'NONE',  ( 0.0000000000000000000, 0.0000000000000000000, -1000.000000000000000 ) ) ;
#1908 = EDGE_CURVE ( 'NONE', #860, #4837, #6451, .T. ) ;
#1909 = VECTOR ( 'NONE', #4866, 1000.000000000000000 ) ;
#1910 = PLANE ( 'NONE',  #3596 ) ;
#1911 = ORIENTED_EDGE ( 'NONE', *, *, #2119, .T. ) ;
#1912 = ORIENTED_EDGE ( 'NONE', *, *, #6920, .T. ) ;
#1914 = CARTESIAN_POINT ( 'NONE',  ( -9.400000000000002132, -3.699999999999995293, -1000.000000000000000 ) ) ;
#1913 = VECTOR ( 'NONE', #3080, 1000.000000000000000 ) ;
#1915 = DIRECTION ( 'NONE',  ( -1.000000000000000000, 0.0000000000000000000, 0.0000000000000000000 ) ) ;
#1916 = ORIENTED_EDGE ( 'NONE', *, *, #2042, .F. ) ;
#1917 = ORIENTED_EDGE ( 'NONE', *, *, #3342, .F. ) ;
#1918 = CARTESIAN_POINT ( 'NONE',  ( 10.00000000000000178, 3.069999999999996732, -1000.000000000000000 ) ) ;
#1919 = VECTOR ( 'NONE', #7027, 1000.000000000000000 ) ;
#1920 = VECTOR ( 'NONE', #3750, 1000.000000000000000 ) ;
#1921 = DIRECTION ( 'NONE',  ( -0.6246950475544247317, -0.7808688094430299431, 0.0000000000000000000 ) ) ;
#1922 = CARTESIAN_POINT ( 'NONE',  ( -10.00000000000000000, 3.699999999999997957, -1000.000000000000000 ) ) ;
#1923 = DIRECTION ( 'NONE',  ( 0.0000000000000000000, 0.0000000000000000000, -1.000000000000000000 ) ) ;
#1924 = AXIS2_PLACEMENT_3D ( 'NONE', #3292, #2075, #1596 ) ;
#1925 = DIRECTION ( 'NONE',  ( -2.220446049250312588E-16, -1.000000000000000000, 0.0000000000000000000 ) ) ;
#1926 = DIRECTION ( 'NONE',  ( -1.000000000000000000, 0.0000000000000000000, 0.0000000000000000000 ) ) ;
#1927 = CARTESIAN_POINT ( 'NONE',  ( 5.499999999999999112, -1.823044737829952133, -1000.000000000000000 ) ) ;
#1928 = VERTEX_POINT ( 'NONE', #1339 ) ;
#1929 = ORIENTED_EDGE ( 'NONE', *, *, #6095, .T. ) ;
#1930 = CARTESIAN_POINT ( 'NONE',  ( -3.499999999999999112, 1.823044737829951467, -1000.000000000000000 ) ) ;
#1931 = DIRECTION ( 'NONE',  ( 0.0000000000000000000, 0.0000000000000000000, 1.000000000000000000 ) ) ;
#1932 = ORIENTED_EDGE ( 'NONE', *, *, #620, .T. ) ;
#1933 = CARTESIAN_POINT ( 'NONE',  ( -8.606173761888609164, -4.524939009510881682, -1000.000000000000000 ) ) ;
#1934 = CIRCLE ( 'NONE', #6047, 0.2500000000000000000 ) ;
#1935 = VERTEX_POINT ( 'NONE', #811 ) ;
#1936 = EDGE_CURVE ( 'NONE', #4533, #536, #5274, .T. ) ;
#1937 = CARTESIAN_POINT ( 'NONE',  ( 10.00000000000000000, 3.949999999999997069, -1000.000000000000000 ) ) ;
#1938 = EDGE_LOOP ( 'NONE', ( #2413, #2333, #7078, #6755 ) ) ;
#1939 = DIRECTION ( 'NONE',  ( -1.991598500205934045E-16, -1.000000000000000000, 0.0000000000000000000 ) ) ;
#1940 = VERTEX_POINT ( 'NONE', #251 ) ;
#1941 = ADVANCED_FACE ( 'NONE', ( #3103 ), #1854, .F. ) ;
#1942 = EDGE_CURVE ( 'NONE', #2081, #5620, #4248, .T. ) ;
#1943 = CARTESIAN_POINT ( 'NONE',  ( -8.250000000000003553, -3.919843788128354323, -1000.000000000000000 ) ) ;
#1944 = EDGE_CURVE ( 'NONE', #6292, #7118, #3199, .T. ) ;
#1945 = VECTOR ( 'NONE', #5631, 1000.000000000000000 ) ;
#1946 = CARTESIAN_POINT ( 'NONE',  ( -5.200000000000001066, 6.048528137423858198, 0.0000000000000000000 ) ) ;
#1947 = VERTEX_POINT ( 'NONE', #1930 ) ;
#1948 = EDGE_CURVE ( 'NONE', #3878, #3541, #3616, .T. ) ;
#1949 = CYLINDRICAL_SURFACE ( 'NONE', #5148, 1.499999999999999556 ) ;
#1950 = EDGE_LOOP ( 'NONE', ( #3759, #6876, #6905, #5869 ) ) ;
#1951 = CIRCLE ( 'NONE', #3831, 0.2500000000000002220 ) ;
#1952 = DIRECTION ( 'NONE',  ( 0.0000000000000000000, -0.0000000000000000000, -1.000000000000000000 ) ) ;
#1953 = EDGE_CURVE ( 'NONE', #2458, #1130, #1557, .T. ) ;
#1954 = CARTESIAN_POINT ( 'NONE',  ( -3.499999999999999112, 2.651471862576141536, 0.0000000000000000000 ) ) ;
#1955 = LINE ( 'NONE', #7029, #847 ) ;
#1956 = VECTOR ( 'NONE', #900, 1000.000000000000000 ) ;
#1957 = CYLINDRICAL_SURFACE ( 'NONE', #2186, 0.2500000000000002220 ) ;
#1958 = DIRECTION ( 'NONE',  ( -0.6246950475544241765, 0.7808688094430303872, 0.0000000000000000000 ) ) ;
#1959 = DIRECTION ( 'NONE',  ( 0.0000000000000000000, 0.0000000000000000000, 1.000000000000000000 ) ) ;
#1960 = CARTESIAN_POINT ( 'NONE',  ( 3.237258300203047945, 4.085786437626904188, -1000.000000000000000 ) ) ;
#1961 = ORIENTED_EDGE ( 'NONE', *, *, #1793, .F. ) ;
#1962 = ORIENTED_EDGE ( 'NONE', *, *, #6750, .T. ) ;
#1963 = CARTESIAN_POINT ( 'NONE',  ( -10.00000000000000000, 3.699999999999997957, -1000.000000000000000 ) ) ;
#1964 = DIRECTION ( 'NONE',  ( -1.000000000000000000, 0.0000000000000000000, 0.0000000000000000000 ) ) ;
#1965 = VERTEX_POINT ( 'NONE', #844 ) ;
#1966 = LINE ( 'NONE', #6486, #7276 ) ;
#1967 = ORIENTED_EDGE ( 'NONE', *, *, #4998, .T. ) ;
#1968 = ADVANCED_FACE ( 'NONE', ( #5381 ), #7005, .F. ) ;
#1969 = DIRECTION ( 'NONE',  ( -0.0000000000000000000, -0.0000000000000000000, -1.000000000000000000 ) ) ;
#1970 = CARTESIAN_POINT ( 'NONE',  ( -1.823044737829952355, 5.500000000000000000, 0.0000000000000000000 ) ) ;
#1971 = AXIS2_PLACEMENT_3D ( 'NONE', #5451, #3832, #2727 ) ;
#1972 = VERTEX_POINT ( 'NONE', #5237 ) ;
#1973 = LINE ( 'NONE', #4880, #2694 ) ;
#1974 = VERTEX_POINT ( 'NONE', #289 ) ;
#1975 = VECTOR ( 'NONE', #4846, 999.9999999999998863 ) ;
#1976 = CARTESIAN_POINT ( 'NONE',  ( -3.320000000000003837, -9.400000000000000355, -1000.000000000000000 ) ) ;
#1977 = ADVANCED_FACE ( 'NONE', ( #1411 ), #2000, .F. ) ;
#1978 = AXIS2_PLACEMENT_3D ( 'NONE', #2239, #2712, #3773 ) ;
#1979 = ADVANCED_FACE ( 'NONE', ( #6344 ), #1299, .T. ) ;
#1980 = EDGE_CURVE ( 'NONE', #6396, #5769, #3874, .T. ) ;
#1981 = CARTESIAN_POINT ( 'NONE',  ( -8.400000000000002132, -8.399999999999998579, 0.0000000000000000000 ) ) ;
#1982 = EDGE_LOOP ( 'NONE', ( #4645, #1419, #692, #4208 ) ) ;
#1983 = VECTOR ( 'NONE', #1414, 1000.000000000000000 ) ;
#1984 = CYLINDRICAL_SURFACE ( 'NONE', #6556, 1.000000000000000000 ) ;
#1985 = EDGE_LOOP ( 'NONE', ( #1312, #5313, #1206, #1073 ) ) ;
#1986 = CIRCLE ( 'NONE', #675, 0.4999999999999995559 ) ;
#1987 = DIRECTION ( 'NONE',  ( 0.0000000000000000000, 0.0000000000000000000, 1.000000000000000000 ) ) ;
#1988 = DIRECTION ( 'NONE',  ( 0.0000000000000000000, 0.0000000000000000000, 1.000000000000000000 ) ) ;
#1989 = CARTESIAN_POINT ( 'NONE',  ( -3.320000000000002505, -8.000000000000001776, -1000.000000000000000 ) ) ;
#1990 = CIRCLE ( 'NONE', #1284, 1.000000000000000000 ) ;
#1991 = DIRECTION ( 'NONE',  ( 1.000000000000000000, 0.0000000000000000000, 0.0000000000000000000 ) ) ;
#1992 = CARTESIAN_POINT ( 'NONE',  ( -1.217219119641870684, -3.281520625377542189, 0.0000000000000000000 ) ) ;
#1993 = CARTESIAN_POINT ( 'NONE',  ( 4.720156211871645802, 8.450000000000002842, 0.0000000000000000000 ) ) ;
#1994 = DIRECTION ( 'NONE',  ( -3.499007729145976668E-16, 1.000000000000000000, 0.0000000000000000000 ) ) ;
#1995 = DIRECTION ( 'NONE',  ( -1.000000000000000000, 5.436691348603591705E-16, 0.0000000000000000000 ) ) ;
#1996 = ORIENTED_EDGE ( 'NONE', *, *, #5945, .T. ) ;
#1997 = EDGE_LOOP ( 'NONE', ( #6091, #2587, #4425, #3410 ) ) ;
#1998 = EDGE_CURVE ( 'NONE', #7280, #4350, #4420, .T. ) ;
#1999 = ORIENTED_EDGE ( 'NONE', *, *, #234, .T. ) ;
#2000 = PLANE ( 'NONE',  #2030 ) ;
#2001 = LINE ( 'NONE', #4234, #339 ) ;
#2002 = DIRECTION ( 'NONE',  ( 9.957992501029670227E-17, 1.000000000000000000, 0.0000000000000000000 ) ) ;
#2003 = ORIENTED_EDGE ( 'NONE', *, *, #363, .F. ) ;
#2004 = CARTESIAN_POINT ( 'NONE',  ( -3.919843788128361428, -8.000000000000001776, 0.0000000000000000000 ) ) ;
#2005 = ORIENTED_EDGE ( 'NONE', *, *, #2845, .T. ) ;
#2006 = DIRECTION ( 'NONE',  ( 0.0000000000000000000, 1.000000000000000000, 0.0000000000000000000 ) ) ;
#2007 = CARTESIAN_POINT ( 'NONE',  ( -3.281520625377542633, -1.217219119641867797, -1000.000000000000000 ) ) ;
#2008 = VERTEX_POINT ( 'NONE', #2623 ) ;
#2009 = LINE ( 'NONE', #5950, #219 ) ;
#2010 = DIRECTION ( 'NONE',  ( 0.0000000000000000000, -1.000000000000000000, 0.0000000000000000000 ) ) ;
#2011 = CARTESIAN_POINT ( 'NONE',  ( 6.048528137423858198, 5.199999999999999289, 0.0000000000000000000 ) ) ;
#2012 = ORIENTED_EDGE ( 'NONE', *, *, #32, .T. ) ;
#2013 = DIRECTION ( 'NONE',  ( -1.000000000000000000, -2.554369476926718832E-15, 0.0000000000000000000 ) ) ;
#2014 = ADVANCED_FACE ( 'NONE', ( #6515 ), #6663, .T. ) ;
#2015 = AXIS2_PLACEMENT_3D ( 'NONE', #1395, #3640, #5918 ) ;
#2016 = EDGE_CURVE ( 'NONE', #2176, #2224, #2034, .T. ) ;
#2017 = DIRECTION ( 'NONE',  ( -0.0000000000000000000, -0.0000000000000000000, 1.000000000000000000 ) ) ;
#2018 = EDGE_CURVE ( 'NONE', #503, #124, #2970, .T. ) ;
#2019 = DIRECTION ( 'NONE',  ( -1.000000000000000000, 3.216245299353279611E-16, -0.0000000000000000000 ) ) ;
#2020 = AXIS2_PLACEMENT_3D ( 'NONE', #6948, #231, #4112 ) ;
#2021 = DIRECTION ( 'NONE',  ( -1.000000000000000000, 2.875994006862046300E-15, 0.0000000000000000000 ) ) ;
#2022 = CARTESIAN_POINT ( 'NONE',  ( 3.950000000000001066, 9.750000000000001776, -1000.000000000000000 ) ) ;
#2023 = ORIENTED_EDGE ( 'NONE', *, *, #5142, .T. ) ;
#2024 = LINE ( 'NONE', #353, #3751 ) ;
#2025 = DIRECTION ( 'NONE',  ( 0.0000000000000000000, -0.0000000000000000000, -1.000000000000000000 ) ) ;
#2026 = FACE_OUTER_BOUND ( 'NONE', #7071, .T. ) ;
#2027 = LINE ( 'NONE', #1549, #1824 ) ;
#2028 = ORIENTED_EDGE ( 'NONE', *, *, #4960, .F. ) ;
#2029 = VERTEX_POINT ( 'NONE', #4302 ) ;
#2030 = AXIS2_PLACEMENT_3D ( 'NONE', #3650, #4649, #4095 ) ;
#2031 = AXIS2_PLACEMENT_3D ( 'NONE', #76, #555, #2275 ) ;
#2032 = EDGE_CURVE ( 'NONE', #6388, #771, #7226, .T. ) ;
#2033 = VERTEX_POINT ( 'NONE', #6118 ) ;
#2034 = LINE ( 'NONE', #5492, #3784 ) ;
#2035 = LINE ( 'NONE', #4271, #2830 ) ;
#2036 = EDGE_CURVE ( 'NONE', #1007, #5769, #2733, .T. ) ;
#2037 = FACE_OUTER_BOUND ( 'NONE', #6602, .T. ) ;
#2038 = AXIS2_PLACEMENT_3D ( 'NONE', #6579, #387, #7134 ) ;
#2039 = ORIENTED_EDGE ( 'NONE', *, *, #6928, .F. ) ;
#2040 = DIRECTION ( 'NONE',  ( -1.000000000000000000, 0.0000000000000000000, 0.0000000000000000000 ) ) ;
#2041 = ORIENTED_EDGE ( 'NONE', *, *, #1161, .F. ) ;
#2042 = EDGE_CURVE ( 'NONE', #1066, #5172, #5788, .T. ) ;
#2043 = ORIENTED_EDGE ( 'NONE', *, *, #2933, .F. ) ;
#2044 = EDGE_CURVE ( 'NONE', #3886, #462, #7145, .T. ) ;
#2045 = DIRECTION ( 'NONE',  ( 0.0000000000000000000, -0.0000000000000000000, -1.000000000000000000 ) ) ;
#2046 = DIRECTION ( 'NONE',  ( 0.0000000000000000000, -0.0000000000000000000, -1.000000000000000000 ) ) ;
#2047 = VECTOR ( 'NONE', #1726, 1000.000000000000000 ) ;
#2048 = ORIENTED_EDGE ( 'NONE', *, *, #6106, .F. ) ;
#2049 = ORIENTED_EDGE ( 'NONE', *, *, #5131, .T. ) ;
#2050 = CYLINDRICAL_SURFACE ( 'NONE', #1164, 1.000000000000000000 ) ;
#2051 = AXIS2_PLACEMENT_3D ( 'NONE', #1244, #3489, #680 ) ;
#2052 = LINE ( 'NONE', #3265, #3317 ) ;
#2053 = ORIENTED_EDGE ( 'NONE', *, *, #2205, .T. ) ;
#2054 = DIRECTION ( 'NONE',  ( 0.0000000000000000000, 0.0000000000000000000, 1.000000000000000000 ) ) ;
#2055 =( NAMED_UNIT ( * ) SI_UNIT ( $, .STERADIAN. ) SOLID_ANGLE_UNIT ( ) );
#2056 = EDGE_CURVE ( 'NONE', #7289, #2834, #7084, .T. ) ;
#2057 = DIRECTION ( 'NONE',  ( 0.0000000000000000000, -1.000000000000000000, 0.0000000000000000000 ) ) ;
#2058 = VECTOR ( 'NONE', #6764, 1000.000000000000000 ) ;
#2059 = CARTESIAN_POINT ( 'NONE',  ( 9.099999999999999645, 9.100000000000001421, 0.0000000000000000000 ) ) ;
#2060 = CARTESIAN_POINT ( 'NONE',  ( 2.404163056034252843, -1.697056274847712265, -1000.000000000000000 ) ) ;
#2061 = CARTESIAN_POINT ( 'NONE',  ( -6.100000000000001421, 6.799999999999999822, 0.0000000000000000000 ) ) ;
#2062 = ORIENTED_EDGE ( 'NONE', *, *, #1624, .F. ) ;
#2063 = FACE_OUTER_BOUND ( 'NONE', #2441, .T. ) ;
#2064 = FACE_OUTER_BOUND ( 'NONE', #2568, .T. ) ;
#2065 = VECTOR ( 'NONE', #2510, 1000.000000000000000 ) ;
#2066 = DIRECTION ( 'NONE',  ( 0.0000000000000000000, 1.000000000000000000, 0.0000000000000000000 ) ) ;
#2067 = CARTESIAN_POINT ( 'NONE',  ( 2.050609665440985108, -2.050609665440980667, -1000.000000000000000 ) ) ;
#2068 = EDGE_LOOP ( 'NONE', ( #5460, #4194, #4273, #2802 ) ) ;
#2069 = VERTEX_POINT ( 'NONE', #2695 ) ;
#2070 = ORIENTED_EDGE ( 'NONE', *, *, #2303, .T. ) ;
#2071 = AXIS2_PLACEMENT_3D ( 'NONE', #7283, #2316, #6286 ) ;
#2072 = CARTESIAN_POINT ( 'NONE',  ( -9.750000000000000000, 3.949999999999998845, -1000.000000000000000 ) ) ;
#2073 = CARTESIAN_POINT ( 'NONE',  ( 5.200000000000001954, 6.462741699796953121, 0.0000000000000000000 ) ) ;
#2074 = EDGE_CURVE ( 'NONE', #4243, #1479, #3721, .T. ) ;
#2075 = DIRECTION ( 'NONE',  ( -2.875994006862046694E-15, -1.000000000000000000, 0.0000000000000000000 ) ) ;
#2076 = EDGE_CURVE ( 'NONE', #4753, #2143, #2588, .T. ) ;
#2077 = ORIENTED_EDGE ( 'NONE', *, *, #5540, .T. ) ;
#2078 = DIRECTION ( 'NONE',  ( -0.0000000000000000000, -0.0000000000000000000, -1.000000000000000000 ) ) ;
#2079 = ORIENTED_EDGE ( 'NONE', *, *, #382, .F. ) ;
#2080 = EDGE_CURVE ( 'NONE', #6198, #1558, #3799, .T. ) ;
#2081 = VERTEX_POINT ( 'NONE', #4270 ) ;
#2082 = LINE ( 'NONE', #6058, #6561 ) ;
#2083 = FACE_OUTER_BOUND ( 'NONE', #6567, .T. ) ;
#2084 = ORIENTED_EDGE ( 'NONE', *, *, #2713, .F. ) ;
#2085 = ORIENTED_EDGE ( 'NONE', *, *, #3641, .T. ) ;
#2086 = CARTESIAN_POINT ( 'NONE',  ( -8.606173761888609164, -4.524939009510881682, 0.0000000000000000000 ) ) ;
#2087 = CARTESIAN_POINT ( 'NONE',  ( -5.200000000000002842, -6.048528137423856421, 0.0000000000000000000 ) ) ;
#2088 = ORIENTED_EDGE ( 'NONE', *, *, #5951, .F. ) ;
#2089 = CARTESIAN_POINT ( 'NONE',  ( -8.500000000000001776, -8.499999999999996447, -1000.000000000000000 ) ) ;
#2090 = SURFACE_STYLE_FILL_AREA ( #5813 ) ;
#2091 = CIRCLE ( 'NONE', #1971, 0.2500000000000002220 ) ;
#2092 = CARTESIAN_POINT ( 'NONE',  ( 6.349999999999999645, -8.850000000000001421, -1000.000000000000000 ) ) ;
#2093 = VECTOR ( 'NONE', #688, 1000.000000000000000 ) ;
#2094 = LINE ( 'NONE', #2059, #6723 ) ;
#2095 = EDGE_CURVE ( 'NONE', #5685, #5576, #921, .T. ) ;
#2096 = DIRECTION ( 'NONE',  ( -3.216245299353279611E-16, -1.000000000000000000, 0.0000000000000000000 ) ) ;
#2097 = CARTESIAN_POINT ( 'NONE',  ( 8.000000000000000000, -5.200000000000001066, -1000.000000000000000 ) ) ;
#2098 = ORIENTED_EDGE ( 'NONE', *, *, #3822, .T. ) ;
#2099 = DIRECTION ( 'NONE',  ( 9.219612983442632573E-16, 1.000000000000000000, 0.0000000000000000000 ) ) ;
#2100 = CARTESIAN_POINT ( 'NONE',  ( -3.499999999999999556, 0.3999999999999992450, 0.0000000000000000000 ) ) ;
#2101 = VECTOR ( 'NONE', #5230, 1000.000000000000000 ) ;
#2102 = CARTESIAN_POINT ( 'NONE',  ( -8.849999999999997868, 6.099999999999999645, 0.0000000000000000000 ) ) ;
#2103 = CARTESIAN_POINT ( 'NONE',  ( 8.250000000000001776, -3.319999999999999840, 0.0000000000000000000 ) ) ;
#2104 = ORIENTED_EDGE ( 'NONE', *, *, #2129, .T. ) ;
#2105 = ORIENTED_EDGE ( 'NONE', *, *, #179, .T. ) ;
#2106 = VECTOR ( 'NONE', #148, 1000.000000000000000 ) ;
#2107 = AXIS2_PLACEMENT_3D ( 'NONE', #3735, #1939, #265 ) ;
#2108 = CARTESIAN_POINT ( 'NONE',  ( -4.950000000000001066, 8.700000000000002842, -1000.000000000000000 ) ) ;
#2109 = CARTESIAN_POINT ( 'NONE',  ( 3.919843788128359652, 8.000000000000003553, 0.0000000000000000000 ) ) ;
#2110 = CARTESIAN_POINT ( 'NONE',  ( -8.450000000000002842, -5.199999999999997513, -1000.000000000000000 ) ) ;
#2111 = FACE_OUTER_BOUND ( 'NONE', #7166, .T. ) ;
#2112 = ORIENTED_EDGE ( 'NONE', *, *, #5309, .T. ) ;
#2113 = DIRECTION ( 'NONE',  ( 0.0000000000000000000, 0.0000000000000000000, 1.000000000000000000 ) ) ;
#2114 = ORIENTED_EDGE ( 'NONE', *, *, #6209, .T. ) ;
#2115 = EDGE_LOOP ( 'NONE', ( #3813, #2464, #4372, #4616, #1682, #1413, #5571, #2407 ) ) ;
#2116 = VECTOR ( 'NONE', #3150, 1000.000000000000000 ) ;
#2117 = EDGE_CURVE ( 'NONE', #5787, #201, #957, .T. ) ;
#2118 = EDGE_LOOP ( 'NONE', ( #5078, #783, #3353, #6060 ) ) ;
#2119 = EDGE_CURVE ( 'NONE', #6568, #1622, #2145, .T. ) ;
#2120 = ADVANCED_FACE ( 'NONE', ( #7112 ), #4381, .T. ) ;
#2121 = FACE_OUTER_BOUND ( 'NONE', #2784, .T. ) ;
#2122 = DIRECTION ( 'NONE',  ( 1.000000000000000000, 0.0000000000000000000, 0.0000000000000000000 ) ) ;
#2123 = ORIENTED_EDGE ( 'NONE', *, *, #2803, .F. ) ;
#2124 = EDGE_LOOP ( 'NONE', ( #4874, #1607, #5378, #5703 ) ) ;
#2125 = DIRECTION ( 'NONE',  ( -0.0000000000000000000, -0.0000000000000000000, -1.000000000000000000 ) ) ;
#2126 = CIRCLE ( 'NONE', #3766, 1.000000000000000000 ) ;
#2127 = DIRECTION ( 'NONE',  ( 0.0000000000000000000, 0.0000000000000000000, 1.000000000000000000 ) ) ;
#2128 = ORIENTED_EDGE ( 'NONE', *, *, #5315, .F. ) ;
#2129 = EDGE_CURVE ( 'NONE', #700, #7153, #5530, .T. ) ;
#2130 = DIRECTION ( 'NONE',  ( 0.0000000000000000000, 0.0000000000000000000, -1.000000000000000000 ) ) ;
#2131 = CARTESIAN_POINT ( 'NONE',  ( -10.00000000000000533, 10.00000000000000000, 0.0000000000000000000 ) ) ;
#2132 = EDGE_CURVE ( 'NONE', #7073, #2228, #5012, .T. ) ;
#2133 = DIRECTION ( 'NONE',  ( -1.000000000000000000, -4.011769183883418917E-16, 0.0000000000000000000 ) ) ;
#2134 = CARTESIAN_POINT ( 'NONE',  ( 6.800000000000000711, -6.100000000000001421, -1000.000000000000000 ) ) ;
#2135 = CARTESIAN_POINT ( 'NONE',  ( -3.069999999999999840, 8.250000000000003553, -1000.000000000000000 ) ) ;
#2136 = ORIENTED_EDGE ( 'NONE', *, *, #1742, .F. ) ;
#2137 = VERTEX_POINT ( 'NONE', #7294 ) ;
#2138 = DIRECTION ( 'NONE',  ( 0.0000000000000000000, 1.000000000000000000, 0.0000000000000000000 ) ) ;
#2139 = CARTESIAN_POINT ( 'NONE',  ( -3.237258300203048833, -4.085786437626903300, -1000.000000000000000 ) ) ;
#2140 = CARTESIAN_POINT ( 'NONE',  ( -5.200000000000003730, -8.000000000000001776, 0.0000000000000000000 ) ) ;
#2141 = CARTESIAN_POINT ( 'NONE',  ( -10.00000000000000000, 3.699999999999997957, 0.0000000000000000000 ) ) ;
#2142 = ORIENTED_EDGE ( 'NONE', *, *, #5173, .T. ) ;
#2143 = VERTEX_POINT ( 'NONE', #1218 ) ;
#2144 = CIRCLE ( 'NONE', #4019, 1.000000000000000000 ) ;
#2145 = LINE ( 'NONE', #5456, #1909 ) ;
#2146 = CARTESIAN_POINT ( 'NONE',  ( 2.343943303841099723, -0.8694422283156204578, -1000.000000000000000 ) ) ;
#2147 = LINE ( 'NONE', #5532, #4561 ) ;
#2148 = CARTESIAN_POINT ( 'NONE',  ( 1.823044737829951689, -3.499999999999999556, 0.0000000000000000000 ) ) ;
#2149 = EDGE_LOOP ( 'NONE', ( #5810, #3065, #2762, #707 ) ) ;
#2150 = FACE_OUTER_BOUND ( 'NONE', #5453, .T. ) ;
#2151 = VERTEX_POINT ( 'NONE', #99 ) ;
#2152 = VERTEX_POINT ( 'NONE', #1104 ) ;
#2153 = AXIS2_PLACEMENT_3D ( 'NONE', #3926, #1127, #5621 ) ;
#2154 = ORIENTED_EDGE ( 'NONE', *, *, #622, .F. ) ;
#2155 = VECTOR ( 'NONE', #3056, 1000.000000000000000 ) ;
#2156 = CARTESIAN_POINT ( 'NONE',  ( 5.200000000000001954, 8.450000000000002842, -1000.000000000000000 ) ) ;
#2157 = AXIS2_PLACEMENT_3D ( 'NONE', #6921, #3463, #1883 ) ;
#2158 = CARTESIAN_POINT ( 'NONE',  ( -4.950000000000001066, 8.450000000000002842, -1000.000000000000000 ) ) ;
#2159 = VERTEX_POINT ( 'NONE', #1732 ) ;
#2160 = VERTEX_POINT ( 'NONE', #5119 ) ;
#2161 = PLANE ( 'NONE',  #669 ) ;
#2162 = EDGE_CURVE ( 'NONE', #5884, #6044, #5156, .T. ) ;
#2163 = AXIS2_PLACEMENT_3D ( 'NONE', #1847, #5268, #2477 ) ;
#2164 = CARTESIAN_POINT ( 'NONE',  ( 3.699999999999998401, -10.00000000000000178, -1000.000000000000000 ) ) ;
#2165 = VERTEX_POINT ( 'NONE', #5564 ) ;
#2166 = EDGE_CURVE ( 'NONE', #2499, #5777, #2365, .T. ) ;
#2167 = CARTESIAN_POINT ( 'NONE',  ( -8.500000000000001776, -8.499999999999996447, -1000.000000000000000 ) ) ;
#2168 = AXIS2_PLACEMENT_3D ( 'NONE', #4707, #2501, #6952 ) ;
#2169 = ADVANCED_FACE ( 'NONE', ( #2912 ), #3462, .T. ) ;
#2170 = PLANE ( 'NONE',  #7198 ) ;
#2171 = CIRCLE ( 'NONE', #505, 0.2500000000000002220 ) ;
#2172 = EDGE_CURVE ( 'NONE', #5270, #6621, #6605, .T. ) ;
#2173 = CARTESIAN_POINT ( 'NONE',  ( -9.100000000000004974, 9.099999999999999645, 0.0000000000000000000 ) ) ;
#2174 = DIRECTION ( 'NONE',  ( -1.000000000000000000, -0.0000000000000000000, -0.0000000000000000000 ) ) ;
#2175 = EDGE_LOOP ( 'NONE', ( #858, #2585, #1341, #2012 ) ) ;
#2176 = VERTEX_POINT ( 'NONE', #575 ) ;
#2177 = CARTESIAN_POINT ( 'NONE',  ( -6.462741699796952233, 4.200000000000000178, 0.0000000000000000000 ) ) ;
#2178 = CARTESIAN_POINT ( 'NONE',  ( 9.999999999999996447, -10.00000000000000533, -1000.000000000000000 ) ) ;
#2179 = DIRECTION ( 'NONE',  ( 1.000000000000000000, -4.336808689942017736E-16, 0.0000000000000000000 ) ) ;
#2180 = DIRECTION ( 'NONE',  ( 2.220446049250312588E-16, 1.000000000000000000, -0.0000000000000000000 ) ) ;
#2181 = ORIENTED_EDGE ( 'NONE', *, *, #4950, .F. ) ;
#2182 = ORIENTED_EDGE ( 'NONE', *, *, #561, .T. ) ;
#2183 = STYLED_ITEM ( 'NONE', ( #1539 ), #5122 ) ;
#2184 = DIRECTION ( 'NONE',  ( -4.212044549456247126E-16, -1.000000000000000000, 0.0000000000000000000 ) ) ;
#2185 = DIRECTION ( 'NONE',  ( 0.0000000000000000000, 0.0000000000000000000, 1.000000000000000000 ) ) ;
#2186 = AXIS2_PLACEMENT_3D ( 'NONE', #6442, #1402, #279 ) ;
#2187 = LINE ( 'NONE', #472, #2334 ) ;
#2188 = CARTESIAN_POINT ( 'NONE',  ( 8.606173761888605611, -4.524939009510886123, 0.0000000000000000000 ) ) ;
#2189 = VERTEX_POINT ( 'NONE', #6845 ) ;
#2190 = CARTESIAN_POINT ( 'NONE',  ( -4.200000000000001066, 6.462741699796953121, 0.0000000000000000000 ) ) ;
#2191 = ORIENTED_EDGE ( 'NONE', *, *, #1625, .T. ) ;
#2192 = ORIENTED_EDGE ( 'NONE', *, *, #6343, .T. ) ;
#2193 = AXIS2_PLACEMENT_3D ( 'NONE', #4474, #6724, #2832 ) ;
#2194 = CARTESIAN_POINT ( 'NONE',  ( 8.000000000000001776, 3.919843788128356099, 0.0000000000000000000 ) ) ;
#2195 = EDGE_CURVE ( 'NONE', #3548, #1635, #3435, .T. ) ;
#2196 = DIRECTION ( 'NONE',  ( 0.0000000000000000000, 0.0000000000000000000, 1.000000000000000000 ) ) ;
#2197 = AXIS2_PLACEMENT_3D ( 'NONE', #3156, #2602, #6639 ) ;
#2198 = ORIENTED_EDGE ( 'NONE', *, *, #6347, .T. ) ;
#2199 = VERTEX_POINT ( 'NONE', #5599 ) ;
#2200 = LINE ( 'NONE', #3303, #6789 ) ;
#2201 = LINE ( 'NONE', #6278, #4251 ) ;
#2202 = EDGE_LOOP ( 'NONE', ( #5656, #1874, #2690, #1264 ) ) ;
#2203 = EDGE_CURVE ( 'NONE', #1585, #1146, #2854, .T. ) ;
#2204 = DIRECTION ( 'NONE',  ( 0.0000000000000000000, 0.0000000000000000000, 1.000000000000000000 ) ) ;
#2205 = EDGE_CURVE ( 'NONE', #247, #5777, #3971, .T. ) ;
#2206 = EDGE_CURVE ( 'NONE', #5910, #1669, #4366, .T. ) ;
#2207 = AXIS2_PLACEMENT_3D ( 'NONE', #4980, #435, #6701 ) ;
#2208 = DIRECTION ( 'NONE',  ( -9.957992501029670227E-17, 1.000000000000000000, 0.0000000000000000000 ) ) ;
#2209 = ORIENTED_EDGE ( 'NONE', *, *, #751, .F. ) ;
#2210 = ORIENTED_EDGE ( 'NONE', *, *, #6698, .T. ) ;
#2211 = DIRECTION ( 'NONE',  ( 1.000000000000000000, 0.0000000000000000000, 0.0000000000000000000 ) ) ;
#2212 = VECTOR ( 'NONE', #4375, 1000.000000000000000 ) ;
#2213 = CARTESIAN_POINT ( 'NONE',  ( 8.250000000000001776, 3.919843788128356099, -1000.000000000000000 ) ) ;
#2214 = DIRECTION ( 'NONE',  ( -1.000000000000000000, 0.0000000000000000000, 0.0000000000000000000 ) ) ;
#2215 = DIRECTION ( 'NONE',  ( -1.000000000000000000, -7.456862032281076577E-16, 0.0000000000000000000 ) ) ;
#2216 = ORIENTED_EDGE ( 'NONE', *, *, #3377, .F. ) ;
#2217 = ORIENTED_EDGE ( 'NONE', *, *, #564, .T. ) ;
#2218 = AXIS2_PLACEMENT_3D ( 'NONE', #5723, #3513, #5759 ) ;
#2219 = CARTESIAN_POINT ( 'NONE',  ( 8.399999999999998579, -8.400000000000002132, -1000.000000000000000 ) ) ;
#2220 = DIRECTION ( 'NONE',  ( 0.0000000000000000000, 0.0000000000000000000, 1.000000000000000000 ) ) ;
#2221 = CIRCLE ( 'NONE', #6330, 0.2500000000000002220 ) ;
#2222 = LINE ( 'NONE', #7297, #6551 ) ;
#2223 = DIRECTION ( 'NONE',  ( 0.0000000000000000000, -1.000000000000000000, 0.0000000000000000000 ) ) ;
#2224 = VERTEX_POINT ( 'NONE', #4049 ) ;
#2225 = CARTESIAN_POINT ( 'NONE',  ( -1.823044737829954132, -5.499999999999999112, -1000.000000000000000 ) ) ;
#2226 = EDGE_CURVE ( 'NONE', #1456, #205, #1179, .T. ) ;
#2227 = ORIENTED_EDGE ( 'NONE', *, *, #6716, .T. ) ;
#2228 = VERTEX_POINT ( 'NONE', #1251 ) ;
#2229 = VECTOR ( 'NONE', #406, 1000.000000000000000 ) ;
#2230 = AXIS2_PLACEMENT_3D ( 'NONE', #5124, #5713, #1774 ) ;
#2231 = ADVANCED_FACE ( 'NONE', ( #506 ), #5049, .F. ) ;
#2232 = CIRCLE ( 'NONE', #7043, 2.000000000000000000 ) ;
#2233 = DIRECTION ( 'NONE',  ( -2.081668171172166620E-14, -1.000000000000000000, 0.0000000000000000000 ) ) ;
#2234 = ADVANCED_FACE ( 'NONE', ( #3424 ), #610, .F. ) ;
#2235 = VECTOR ( 'NONE', #2763, 1000.000000000000000 ) ;
#2236 = DIRECTION ( 'NONE',  ( -1.991598500205934045E-16, -1.000000000000000000, 0.0000000000000000000 ) ) ;
#2237 = VERTEX_POINT ( 'NONE', #3902 ) ;
#2238 = ORIENTED_EDGE ( 'NONE', *, *, #2286, .T. ) ;
#2239 = CARTESIAN_POINT ( 'NONE',  ( 3.949999999999997957, -9.750000000000003553, -1000.000000000000000 ) ) ;
#2240 = CARTESIAN_POINT ( 'NONE',  ( -0.0000000000000000000, -0.0000000000000000000, -1000.000000000000000 ) ) ;
#2241 = VERTEX_POINT ( 'NONE', #4525 ) ;
#2242 = DIRECTION ( 'NONE',  ( 0.0000000000000000000, 0.0000000000000000000, -1.000000000000000000 ) ) ;
#2243 = EDGE_CURVE ( 'NONE', #1199, #2199, #6734, .T. ) ;
#2244 = PLANE ( 'NONE',  #2193 ) ;
#2245 = ORIENTED_EDGE ( 'NONE', *, *, #5142, .F. ) ;
#2246 = EDGE_CURVE ( 'NONE', #1928, #1856, #61, .T. ) ;
#2247 = ORIENTED_EDGE ( 'NONE', *, *, #4089, .F. ) ;
#2248 = CARTESIAN_POINT ( 'NONE',  ( 8.699999999999999289, -4.720156211871644913, 0.0000000000000000000 ) ) ;
#2249 = DIRECTION ( 'NONE',  ( 0.0000000000000000000, 0.0000000000000000000, 1.000000000000000000 ) ) ;
#2250 = DIRECTION ( 'NONE',  ( 1.000000000000000000, -3.216245299353279611E-16, 0.0000000000000000000 ) ) ;
#2251 = EDGE_CURVE ( 'NONE', #3173, #233, #6769, .T. ) ;
#2252 = ORIENTED_EDGE ( 'NONE', *, *, #6361, .T. ) ;
#2253 = ORIENTED_EDGE ( 'NONE', *, *, #2884, .F. ) ;
#2254 = EDGE_CURVE ( 'NONE', #2458, #4753, #3021, .T. ) ;
#2255 = CARTESIAN_POINT ( 'NONE',  ( 5.200000000000001954, 8.450000000000002842, 0.0000000000000000000 ) ) ;
#2256 = CARTESIAN_POINT ( 'NONE',  ( 6.799999999999999822, -6.800000000000001599, -1000.000000000000000 ) ) ;
#2257 = DIRECTION ( 'NONE',  ( 1.000000000000000000, 0.0000000000000000000, 0.0000000000000000000 ) ) ;
#2258 = DIRECTION ( 'NONE',  ( 0.0000000000000000000, 0.0000000000000000000, -1.000000000000000000 ) ) ;
#2259 = DIRECTION ( 'NONE',  ( -0.0000000000000000000, -0.0000000000000000000, 1.000000000000000000 ) ) ;
#2260 = DIRECTION ( 'NONE',  ( 0.8944271909999202963, -0.4472135954999488794, 0.0000000000000000000 ) ) ;
#2261 = CARTESIAN_POINT ( 'NONE',  ( -9.999999999999998224, 10.00000000000000355, -1000.000000000000000 ) ) ;
#2262 = VERTEX_POINT ( 'NONE', #6440 ) ;
#2263 = ORIENTED_EDGE ( 'NONE', *, *, #3337, .T. ) ;
#2264 = EDGE_CURVE ( 'NONE', #2199, #3698, #4839, .T. ) ;
#2265 = CIRCLE ( 'NONE', #7074, 0.2500000000000002220 ) ;
#2266 = EDGE_CURVE ( 'NONE', #3244, #4613, #5332, .T. ) ;
#2267 = AXIS2_PLACEMENT_3D ( 'NONE', #4601, #1699, #6152 ) ;
#2268 = AXIS2_PLACEMENT_3D ( 'NONE', #2496, #5808, #2973 ) ;
#2269 = DIRECTION ( 'NONE',  ( 1.224646799147345565E-16, 1.000000000000000000, 0.0000000000000000000 ) ) ;
#2270 = ORIENTED_EDGE ( 'NONE', *, *, #5310, .F. ) ;
#2271 = ORIENTED_EDGE ( 'NONE', *, *, #438, .F. ) ;
#2272 = DIRECTION ( 'NONE',  ( -1.000000000000000000, 1.067310733163435619E-15, 0.0000000000000000000 ) ) ;
#2273 = ADVANCED_FACE ( 'NONE', ( #5852 ), #1399, .F. ) ;
#2274 = CIRCLE ( 'NONE', #1679, 1.499999999999999556 ) ;
#2275 = DIRECTION ( 'NONE',  ( 0.0000000000000000000, -1.000000000000000000, 0.0000000000000000000 ) ) ;
#2276 = AXIS2_PLACEMENT_3D ( 'NONE', #3535, #5781, #4675 ) ;
#2277 = CARTESIAN_POINT ( 'NONE',  ( -6.350000000000004086, -8.849999999999997868, -1000.000000000000000 ) ) ;
#2278 = AXIS2_PLACEMENT_3D ( 'NONE', #3611, #5231, #4126 ) ;
#2279 = ORIENTED_EDGE ( 'NONE', *, *, #1078, .T. ) ;
#2280 = CIRCLE ( 'NONE', #2605, 0.2500000000000002220 ) ;
#2281 = LINE ( 'NONE', #4514, #4246 ) ;
#2282 = CARTESIAN_POINT ( 'NONE',  ( -1.823044737829952355, 3.499999999999999556, -1000.000000000000000 ) ) ;
#2283 = ORIENTED_EDGE ( 'NONE', *, *, #3687, .F. ) ;
#2284 = VECTOR ( 'NONE', #6658, 1000.000000000000000 ) ;
#2285 = ORIENTED_EDGE ( 'NONE', *, *, #4048, .T. ) ;
#2286 = EDGE_CURVE ( 'NONE', #2499, #1786, #799, .T. ) ;
#2287 = CARTESIAN_POINT ( 'NONE',  ( -3.249999999999999556, -0.4590169943749439208, 0.0000000000000000000 ) ) ;
#2288 = CARTESIAN_POINT ( 'NONE',  ( 0.0000000000000000000, 0.0000000000000000000, 0.0000000000000000000 ) ) ;
#2289 = LINE ( 'NONE', #2873, #5824 ) ;
#2290 = ORIENTED_EDGE ( 'NONE', *, *, #5708, .F. ) ;
#2291 = VERTEX_POINT ( 'NONE', #173 ) ;
#2292 = DIRECTION ( 'NONE',  ( -2.975573931872343249E-15, -1.000000000000000000, 0.0000000000000000000 ) ) ;
#2293 = DIRECTION ( 'NONE',  ( 1.507409228940042622E-16, -1.000000000000000000, 0.0000000000000000000 ) ) ;
#2294 = CYLINDRICAL_SURFACE ( 'NONE', #1328, 0.2500000000000002220 ) ;
#2295 = DIRECTION ( 'NONE',  ( -1.000000000000000000, 0.0000000000000000000, 0.0000000000000000000 ) ) ;
#2296 = CARTESIAN_POINT ( 'NONE',  ( -1.697056274847711599, 2.404163056034253287, 0.0000000000000000000 ) ) ;
#2297 = CARTESIAN_POINT ( 'NONE',  ( 1.697056274847710933, -2.404163056034253731, 0.0000000000000000000 ) ) ;
#2298 = DIRECTION ( 'NONE',  ( 1.067310733163435619E-15, 1.000000000000000000, 0.0000000000000000000 ) ) ;
#2299 = EDGE_LOOP ( 'NONE', ( #6791, #1045, #2886, #7186 ) ) ;
#2300 = VERTEX_POINT ( 'NONE', #6919 ) ;
#2301 = EDGE_CURVE ( 'NONE', #5234, #5168, #2540, .T. ) ;
#2302 = CARTESIAN_POINT ( 'NONE',  ( -8.849999999999999645, -6.349999999999996980, 0.0000000000000000000 ) ) ;
#2303 = EDGE_CURVE ( 'NONE', #5777, #3753, #14, .T. ) ;
#2304 = LINE ( 'NONE', #5098, #1718 ) ;
#2305 = EDGE_LOOP ( 'NONE', ( #2048, #4766, #6947, #5204 ) ) ;
#2306 = CARTESIAN_POINT ( 'NONE',  ( 3.237258300203047945, 4.085786437626904188, 0.0000000000000000000 ) ) ;
#2307 = CARTESIAN_POINT ( 'NONE',  ( 2.404163056034252843, 1.697056274847710933, 0.0000000000000000000 ) ) ;
#2308 = EDGE_CURVE ( 'NONE', #5773, #6635, #4842, .T. ) ;
#2309 = CARTESIAN_POINT ( 'NONE',  ( 3.070000000000001616, 9.150000000000002132, 0.0000000000000000000 ) ) ;
#2310 = DIRECTION ( 'NONE',  ( 1.000000000000000000, -1.224646799147345565E-16, -0.0000000000000000000 ) ) ;
#2311 = VECTOR ( 'NONE', #4182, 1000.000000000000000 ) ;
#2312 = ORIENTED_EDGE ( 'NONE', *, *, #4358, .T. ) ;
#2313 = ORIENTED_EDGE ( 'NONE', *, *, #5093, .F. ) ;
#2314 = EDGE_CURVE ( 'NONE', #2291, #5665, #4638, .T. ) ;
#2315 = CARTESIAN_POINT ( 'NONE',  ( -8.000000000000001776, 5.200000000000000178, -1000.000000000000000 ) ) ;
#2316 = DIRECTION ( 'NONE',  ( 0.0000000000000000000, -0.0000000000000000000, -1.000000000000000000 ) ) ;
#2317 = ORIENTED_EDGE ( 'NONE', *, *, #5510, .T. ) ;
#2318 = ORIENTED_EDGE ( 'NONE', *, *, #4637, .T. ) ;
#2319 = CARTESIAN_POINT ( 'NONE',  ( 9.750000000000000000, 3.949999999999997957, 0.0000000000000000000 ) ) ;
#2320 = CARTESIAN_POINT ( 'NONE',  ( 6.462741699796951345, -4.200000000000000178, -1000.000000000000000 ) ) ;
#2321 = DIRECTION ( 'NONE',  ( 1.000000000000000000, -0.0000000000000000000, -0.0000000000000000000 ) ) ;
#2322 = ORIENTED_EDGE ( 'NONE', *, *, #2607, .T. ) ;
#2323 = ORIENTED_EDGE ( 'NONE', *, *, #2162, .T. ) ;
#2324 = DIRECTION ( 'NONE',  ( -9.957992501029670227E-17, -1.000000000000000000, 0.0000000000000000000 ) ) ;
#2325 = DIRECTION ( 'NONE',  ( 0.0000000000000000000, 1.000000000000000000, 0.0000000000000000000 ) ) ;
#2326 = VECTOR ( 'NONE', #569, 1000.000000000000000 ) ;
#2327 = CARTESIAN_POINT ( 'NONE',  ( 8.700000000000001066, 4.949999999999998401, -1000.000000000000000 ) ) ;
#2328 = DIRECTION ( 'NONE',  ( 0.0000000000000000000, 0.0000000000000000000, -1.000000000000000000 ) ) ;
#2329 = CYLINDRICAL_SURFACE ( 'NONE', #793, 0.2500000000000002220 ) ;
#2330 = CARTESIAN_POINT ( 'NONE',  ( -10.00000000000000000, 3.949999999999997957, -1000.000000000000000 ) ) ;
#2331 = CARTESIAN_POINT ( 'NONE',  ( 5.200000000000001954, 8.700000000000002842, -1000.000000000000000 ) ) ;
#2332 = ORIENTED_EDGE ( 'NONE', *, *, #6471, .F. ) ;
#2333 = ORIENTED_EDGE ( 'NONE', *, *, #2715, .T. ) ;
#2334 = VECTOR ( 'NONE', #3252, 1000.000000000000000 ) ;
#2335 = CARTESIAN_POINT ( 'NONE',  ( 2.651471862576142868, 3.499999999999999112, 0.0000000000000000000 ) ) ;
#2336 = ORIENTED_EDGE ( 'NONE', *, *, #2095, .T. ) ;
#2337 = CYLINDRICAL_SURFACE ( 'NONE', #4795, 0.2500000000000002220 ) ;
#2338 = PLANE ( 'NONE',  #6211 ) ;
#2339 = EDGE_CURVE ( 'NONE', #1972, #1856, #2274, .T. ) ;
#2340 = VECTOR ( 'NONE', #1306, 1000.000000000000000 ) ;
#2341 = EDGE_CURVE ( 'NONE', #6865, #3013, #6995, .T. ) ;
#2342 = AXIS2_PLACEMENT_3D ( 'NONE', #5984, #335, #5875 ) ;
#2343 = EDGE_CURVE ( 'NONE', #3013, #5528, #5677, .T. ) ;
#2344 = VECTOR ( 'NONE', #3096, 1000.000000000000000 ) ;
#2345 = CARTESIAN_POINT ( 'NONE',  ( -3.950000000000000178, 9.750000000000001776, -1000.000000000000000 ) ) ;
#2346 = CIRCLE ( 'NONE', #3873, 2.000000000000000000 ) ;
#2347 = DIRECTION ( 'NONE',  ( -1.000000000000000000, 5.436691348603591705E-16, 0.0000000000000000000 ) ) ;
#2348 = EDGE_CURVE ( 'NONE', #512, #6066, #1843, .T. ) ;
#2349 = AXIS2_PLACEMENT_3D ( 'NONE', #3555, #6823, #4583 ) ;
#2350 = VERTEX_POINT ( 'NONE', #1289 ) ;
#2351 = DIRECTION ( 'NONE',  ( 1.000000000000000000, 0.0000000000000000000, 0.0000000000000000000 ) ) ;
#2352 = ORIENTED_EDGE ( 'NONE', *, *, #5932, .F. ) ;
#2353 = CARTESIAN_POINT ( 'NONE',  ( -3.320000000000002949, -9.150000000000000355, -1000.000000000000000 ) ) ;
#2354 = EDGE_CURVE ( 'NONE', #5555, #4945, #2860, .T. ) ;
#2355 = CARTESIAN_POINT ( 'NONE',  ( 9.400000000000000355, 3.699999999999997069, 0.0000000000000000000 ) ) ;
#2356 = VERTEX_POINT ( 'NONE', #2507 ) ;
#2357 = ORIENTED_EDGE ( 'NONE', *, *, #3550, .T. ) ;
#2358 = CARTESIAN_POINT ( 'NONE',  ( -8.000000000000003553, -3.919843788128354323, -1000.000000000000000 ) ) ;
#2359 = CYLINDRICAL_SURFACE ( 'NONE', #3853, 0.2499999999999997780 ) ;
#2360 = CARTESIAN_POINT ( 'NONE',  ( 8.000000000000000000, -3.919843788128358764, -1000.000000000000000 ) ) ;
#2361 = ORIENTED_EDGE ( 'NONE', *, *, #3882, .F. ) ;
#2362 = EDGE_LOOP ( 'NONE', ( #2969, #6016, #3604, #1840 ) ) ;
#2363 = CARTESIAN_POINT ( 'NONE',  ( 5.200000000000000178, -8.000000000000005329, -1000.000000000000000 ) ) ;
#2364 = EDGE_CURVE ( 'NONE', #6708, #6378, #4746, .T. ) ;
#2365 = LINE ( 'NONE', #2843, #4484 ) ;
#2366 = CARTESIAN_POINT ( 'NONE',  ( -3.070000000000000284, 8.000000000000003553, -1000.000000000000000 ) ) ;
#2367 = DIRECTION ( 'NONE',  ( -0.0000000000000000000, -0.0000000000000000000, -1.000000000000000000 ) ) ;
#2368 = DIRECTION ( 'NONE',  ( 1.224646799147345565E-16, 1.000000000000000000, 0.0000000000000000000 ) ) ;
#2369 = CARTESIAN_POINT ( 'NONE',  ( -9.100000000000001421, -8.399999999999998579, 0.0000000000000000000 ) ) ;
#2370 = DIRECTION ( 'NONE',  ( 0.0000000000000000000, 0.0000000000000000000, -1.000000000000000000 ) ) ;
#2371 = ORIENTED_EDGE ( 'NONE', *, *, #1615, .F. ) ;
#2372 = ORIENTED_EDGE ( 'NONE', *, *, #1166, .T. ) ;
#2373 = CARTESIAN_POINT ( 'NONE',  ( 3.320000000000000728, 8.000000000000003553, -1000.000000000000000 ) ) ;
#2374 = ORIENTED_EDGE ( 'NONE', *, *, #6471, .T. ) ;
#2375 = CARTESIAN_POINT ( 'NONE',  ( 4.720156211871645802, 8.450000000000002842, -1000.000000000000000 ) ) ;
#2376 = DIRECTION ( 'NONE',  ( 0.0000000000000000000, 0.0000000000000000000, 1.000000000000000000 ) ) ;
#2377 = EDGE_LOOP ( 'NONE', ( #6494, #367, #3258, #2738 ) ) ;
#2378 = PLANE ( 'NONE',  #2927 ) ;
#2379 = VECTOR ( 'NONE', #3450, 1000.000000000000000 ) ;
#2380 = DIRECTION ( 'NONE',  ( 0.0000000000000000000, 0.0000000000000000000, -1.000000000000000000 ) ) ;
#2381 = EDGE_LOOP ( 'NONE', ( #5739, #6310, #5063, #3718 ) ) ;
#2382 = DIRECTION ( 'NONE',  ( 0.0000000000000000000, 0.0000000000000000000, 1.000000000000000000 ) ) ;
#2383 = VERTEX_POINT ( 'NONE', #134 ) ;
#2384 = AXIS2_PLACEMENT_3D ( 'NONE', #3542, #183, #434 ) ;
#2385 = AXIS2_PLACEMENT_3D ( 'NONE', #2423, #6907, #2386 ) ;
#2386 = DIRECTION ( 'NONE',  ( 0.0000000000000000000, 0.0000000000000000000, -1.000000000000000000 ) ) ;
#2387 = EDGE_CURVE ( 'NONE', #6137, #5183, #3534, .T. ) ;
#2388 = VECTOR ( 'NONE', #2292, 1000.000000000000000 ) ;
#2389 = EDGE_CURVE ( 'NONE', #5596, #928, #2984, .T. ) ;
#2390 = DIRECTION ( 'NONE',  ( 0.0000000000000000000, 0.0000000000000000000, 1.000000000000000000 ) ) ;
#2391 = ORIENTED_EDGE ( 'NONE', *, *, #6881, .T. ) ;
#2392 = VERTEX_POINT ( 'NONE', #4673 ) ;
#2393 = CARTESIAN_POINT ( 'NONE',  ( -3.070000000000003393, -10.00000000000000000, -1000.000000000000000 ) ) ;
#2394 = DIRECTION ( 'NONE',  ( -1.000000000000000000, 3.445092848397658153E-16, 0.0000000000000000000 ) ) ;
#2395 = CIRCLE ( 'NONE', #6498, 1.000000000000000000 ) ;
#2396 = ORIENTED_EDGE ( 'NONE', *, *, #2032, .F. ) ;
#2397 = ORIENTED_EDGE ( 'NONE', *, *, #4828, .T. ) ;
#2398 = EDGE_CURVE ( 'NONE', #6779, #3698, #1882, .T. ) ;
#2399 = DIRECTION ( 'NONE',  ( 0.0000000000000000000, -1.000000000000000000, 0.0000000000000000000 ) ) ;
#2400 = DIRECTION ( 'NONE',  ( -0.0000000000000000000, -0.0000000000000000000, -1.000000000000000000 ) ) ;
#2401 = CARTESIAN_POINT ( 'NONE',  ( -3.070000000000000284, 10.00000000000000178, -1000.000000000000000 ) ) ;
#2402 = CARTESIAN_POINT ( 'NONE',  ( -3.919843788128358764, 8.000000000000003553, -1000.000000000000000 ) ) ;
#2403 = CARTESIAN_POINT ( 'NONE',  ( 0.0000000000000000000, 0.0000000000000000000, 0.0000000000000000000 ) ) ;
#2404 = CARTESIAN_POINT ( 'NONE',  ( 9.399999999999998579, -3.700000000000000178, -1000.000000000000000 ) ) ;
#2405 = CYLINDRICAL_SURFACE ( 'NONE', #3630, 0.2500000000000002220 ) ;
#2406 = ORIENTED_EDGE ( 'NONE', *, *, #4686, .T. ) ;
#2407 = ORIENTED_EDGE ( 'NONE', *, *, #3742, .F. ) ;
#2408 = CIRCLE ( 'NONE', #386, 2.499999999999992895 ) ;
#2409 = ORIENTED_EDGE ( 'NONE', *, *, #2586, .F. ) ;
#2410 = VECTOR ( 'NONE', #5167, 1000.000000000000000 ) ;
#2411 = FACE_OUTER_BOUND ( 'NONE', #6945, .T. ) ;
#2412 = DIRECTION ( 'NONE',  ( -0.0000000000000000000, -0.0000000000000000000, -1.000000000000000000 ) ) ;
#2413 = ORIENTED_EDGE ( 'NONE', *, *, #4996, .F. ) ;
#2414 = DIRECTION ( 'NONE',  ( 0.0000000000000000000, 0.0000000000000000000, 1.000000000000000000 ) ) ;
#2415 = PLANE ( 'NONE',  #1043 ) ;
#2416 = ORIENTED_EDGE ( 'NONE', *, *, #2251, .T. ) ;
#2417 = DIRECTION ( 'NONE',  ( -4.212044549456247126E-16, -1.000000000000000000, 0.0000000000000000000 ) ) ;
#2418 = ADVANCED_FACE ( 'NONE', ( #4812 ), #5997, .F. ) ;
#2419 = CARTESIAN_POINT ( 'NONE',  ( 2.651471862576142868, 3.499999999999999112, -1000.000000000000000 ) ) ;
#2420 = ORIENTED_EDGE ( 'NONE', *, *, #7026, .T. ) ;
#2421 = CARTESIAN_POINT ( 'NONE',  ( 1.823044737829953021, 5.500000000000000000, 0.0000000000000000000 ) ) ;
#2422 = ORIENTED_EDGE ( 'NONE', *, *, #4626, .F. ) ;
#2423 = CARTESIAN_POINT ( 'NONE',  ( 6.099999999999993427, -6.100000000000000533, -1000.000000000000000 ) ) ;
#2424 = VECTOR ( 'NONE', #2174, 1000.000000000000000 ) ;
#2425 = LINE ( 'NONE', #1873, #1125 ) ;
#2426 = VERTEX_POINT ( 'NONE', #5919 ) ;
#2427 = VERTEX_POINT ( 'NONE', #7133 ) ;
#2428 = CARTESIAN_POINT ( 'NONE',  ( 1.823044737829951245, -5.500000000000000888, -1000.000000000000000 ) ) ;
#2429 = EDGE_CURVE ( 'NONE', #5257, #144, #1504, .T. ) ;
#2430 = VERTEX_POINT ( 'NONE', #4510 ) ;
#2431 = VERTEX_POINT ( 'NONE', #1541 ) ;
#2432 = EDGE_CURVE ( 'NONE', #7154, #2431, #6504, .T. ) ;
#2433 = LINE ( 'NONE', #3669, #6718 ) ;
#2434 = EDGE_CURVE ( 'NONE', #5463, #3681, #1468, .T. ) ;
#2435 = DIRECTION ( 'NONE',  ( 1.000000000000000000, -3.727855278190355210E-16, -0.0000000000000000000 ) ) ;
#2436 = LINE ( 'NONE', #2327, #5799 ) ;
#2437 = DIRECTION ( 'NONE',  ( -0.0000000000000000000, -0.0000000000000000000, -1.000000000000000000 ) ) ;
#2438 = CARTESIAN_POINT ( 'NONE',  ( -8.450000000000001066, 4.720156211871643137, -1000.000000000000000 ) ) ;
#2439 = DIRECTION ( 'NONE',  ( 8.673617379884035472E-16, -1.000000000000000000, 0.0000000000000000000 ) ) ;
#2440 = CYLINDRICAL_SURFACE ( 'NONE', #5970, 2.000000000000000000 ) ;
#2441 = EDGE_LOOP ( 'NONE', ( #3502, #3254, #287, #5633 ) ) ;
#2442 = ORIENTED_EDGE ( 'NONE', *, *, #6750, .F. ) ;
#2443 = FACE_OUTER_BOUND ( 'NONE', #2992, .T. ) ;
#2444 = FACE_OUTER_BOUND ( 'NONE', #4983, .T. ) ;
#2445 = ADVANCED_FACE ( 'NONE', ( #1581 ), #6071, .F. ) ;
#2446 = ORIENTED_EDGE ( 'NONE', *, *, #7293, .F. ) ;
#2447 = PLANE ( 'NONE',  #2566 ) ;
#2448 = CARTESIAN_POINT ( 'NONE',  ( -3.070000000000002505, -8.250000000000001776, -1000.000000000000000 ) ) ;
#2449 = ORIENTED_EDGE ( 'NONE', *, *, #2490, .T. ) ;
#2450 = VECTOR ( 'NONE', #1897, 1000.000000000000000 ) ;
#2451 = CARTESIAN_POINT ( 'NONE',  ( -6.100000000000001421, 6.799999999999999822, -1000.000000000000000 ) ) ;
#2452 = EDGE_CURVE ( 'NONE', #3347, #233, #4255, .T. ) ;
#2453 = VECTOR ( 'NONE', #2376, 1000.000000000000000 ) ;
#2454 = PLANE ( 'NONE',  #6806 ) ;
#2455 = AXIS2_PLACEMENT_3D ( 'NONE', #6860, #1825, #151 ) ;
#2456 = ORIENTED_EDGE ( 'NONE', *, *, #2266, .F. ) ;
#2457 = CARTESIAN_POINT ( 'NONE',  ( -3.499999999999999556, -1.823044737829950357, -1000.000000000000000 ) ) ;
#2458 = VERTEX_POINT ( 'NONE', #3785 ) ;
#2459 = AXIS2_PLACEMENT_3D ( 'NONE', #7122, #969, #449 ) ;
#2460 = AXIS2_PLACEMENT_3D ( 'NONE', #5054, #33, #7300 ) ;
#2461 = CARTESIAN_POINT ( 'NONE',  ( 3.249999999999999556, -0.4590169943749455861, 0.0000000000000000000 ) ) ;
#2462 = AXIS2_PLACEMENT_3D ( 'NONE', #4144, #5004, #3993 ) ;
#2463 = FACE_OUTER_BOUND ( 'NONE', #4497, .T. ) ;
#2464 = ORIENTED_EDGE ( 'NONE', *, *, #723, .F. ) ;
#2465 = ORIENTED_EDGE ( 'NONE', *, *, #3066, .T. ) ;
#2466 = DIRECTION ( 'NONE',  ( 0.0000000000000000000, 0.0000000000000000000, 1.000000000000000000 ) ) ;
#2467 = VECTOR ( 'NONE', #2125, 1000.000000000000000 ) ;
#2468 =( NAMED_UNIT ( * ) SI_UNIT ( $, .STERADIAN. ) SOLID_ANGLE_UNIT ( ) );
#2469 = ORIENTED_EDGE ( 'NONE', *, *, #6830, .T. ) ;
#2470 = ORIENTED_EDGE ( 'NONE', *, *, #3991, .T. ) ;
#2471 = CARTESIAN_POINT ( 'NONE',  ( 5.200000000000001066, -6.462741699796954897, 0.0000000000000000000 ) ) ;
#2472 = DIRECTION ( 'NONE',  ( -0.0000000000000000000, -0.0000000000000000000, -1.000000000000000000 ) ) ;
#2473 = DIRECTION ( 'NONE',  ( 1.000000000000000000, 0.0000000000000000000, -0.0000000000000000000 ) ) ;
#2474 = CARTESIAN_POINT ( 'NONE',  ( 4.524939009510884347, -8.606173761888610940, -1000.000000000000000 ) ) ;
#2475 = ADVANCED_FACE ( 'NONE', ( #2642 ), #7175, .T. ) ;
#2476 = DIRECTION ( 'NONE',  ( 0.7071067811865472397, -0.7071067811865477948, 0.0000000000000000000 ) ) ;
#2477 = DIRECTION ( 'NONE',  ( -1.000000000000000000, 0.0000000000000000000, 0.0000000000000000000 ) ) ;
#2478 = EDGE_CURVE ( 'NONE', #4467, #5834, #597, .T. ) ;
#2479 = CARTESIAN_POINT ( 'NONE',  ( -3.919843788128361428, -8.000000000000001776, -1000.000000000000000 ) ) ;
#2480 = ORIENTED_EDGE ( 'NONE', *, *, #6981, .T. ) ;
#2481 = ORIENTED_EDGE ( 'NONE', *, *, #4847, .F. ) ;
#2482 = CIRCLE ( 'NONE', #5060, 0.2500000000000002220 ) ;
#2483 = DIRECTION ( 'NONE',  ( -1.000000000000000000, 0.0000000000000000000, 0.0000000000000000000 ) ) ;
#2484 = DIRECTION ( 'NONE',  ( 0.0000000000000000000, 0.0000000000000000000, 1.000000000000000000 ) ) ;
#2485 = EDGE_CURVE ( 'NONE', #3587, #4404, #2094, .T. ) ;
#2486 = EDGE_CURVE ( 'NONE', #4553, #1965, #6577, .T. ) ;
#2487 = ORIENTED_EDGE ( 'NONE', *, *, #7016, .F. ) ;
#2488 = LINE ( 'NONE', #815, #5979 ) ;
#2489 = ORIENTED_EDGE ( 'NONE', *, *, #4863, .T. ) ;
#2490 = EDGE_CURVE ( 'NONE', #6348, #5596, #4736, .T. ) ;
#2491 = DIRECTION ( 'NONE',  ( -0.7071067811865473507, 0.7071067811865476838, 0.0000000000000000000 ) ) ;
#2492 = VERTEX_POINT ( 'NONE', #310 ) ;
#2493 = CARTESIAN_POINT ( 'NONE',  ( 9.100000000000006750, 9.099999999999997868, 0.0000000000000000000 ) ) ;
#2494 = ORIENTED_EDGE ( 'NONE', *, *, #2254, .T. ) ;
#2495 = ADVANCED_FACE ( 'NONE', ( #985 ), #3235, .F. ) ;
#2496 = CARTESIAN_POINT ( 'NONE',  ( -8.450000000000002842, -4.720156211871640473, -1000.000000000000000 ) ) ;
#2497 = VECTOR ( 'NONE', #5671, 1000.000000000000000 ) ;
#2498 = DIRECTION ( 'NONE',  ( -1.000000000000000000, 0.0000000000000000000, 0.0000000000000000000 ) ) ;
#2499 = VERTEX_POINT ( 'NONE', #4367 ) ;
#2501 = DIRECTION ( 'NONE',  ( -0.0000000000000000000, 0.0000000000000000000, 1.000000000000000000 ) ) ;
#2500 = VECTOR ( 'NONE', #5952, 1000.000000000000000 ) ;
#2502 = ORIENTED_EDGE ( 'NONE', *, *, #617, .F. ) ;
#2503 = ORIENTED_EDGE ( 'NONE', *, *, #2928, .T. ) ;
#2504 = CYLINDRICAL_SURFACE ( 'NONE', #5549, 0.7000000000000000666 ) ;
#2505 = VECTOR ( 'NONE', #3125, 1000.000000000000000 ) ;
#2506 = VECTOR ( 'NONE', #3091, 999.9999999999998863 ) ;
#2507 = CARTESIAN_POINT ( 'NONE',  ( 3.700000000000001510, 9.750000000000001776, -1000.000000000000000 ) ) ;
#2508 = EDGE_CURVE ( 'NONE', #144, #1243, #6458, .T. ) ;
#2509 = CARTESIAN_POINT ( 'NONE',  ( -8.400000000000002132, -8.399999999999998579, -1000.000000000000000 ) ) ;
#2510 = DIRECTION ( 'NONE',  ( -0.0000000000000000000, -0.0000000000000000000, -1.000000000000000000 ) ) ;
#2511 = AXIS2_PLACEMENT_3D ( 'NONE', #5015, #6232, #6123 ) ;
#2512 = DIRECTION ( 'NONE',  ( 6.003367684089352962E-16, -1.000000000000000000, 0.0000000000000000000 ) ) ;
#2513 = LINE ( 'NONE', #1404, #381 ) ;
#2514 = CARTESIAN_POINT ( 'NONE',  ( -3.070000000000003393, -10.00000000000000000, -1000.000000000000000 ) ) ;
#2515 = VERTEX_POINT ( 'NONE', #3824 ) ;
#2516 = ORIENTED_EDGE ( 'NONE', *, *, #5399, .T. ) ;
#2517 = CIRCLE ( 'NONE', #4390, 0.2500000000000002220 ) ;
#2518 = DIRECTION ( 'NONE',  ( 0.0000000000000000000, 0.0000000000000000000, -1.000000000000000000 ) ) ;
#2519 = DIRECTION ( 'NONE',  ( -0.0000000000000000000, -0.0000000000000000000, -1.000000000000000000 ) ) ;
#2520 = ORIENTED_EDGE ( 'NONE', *, *, #6174, .F. ) ;
#2521 = DIRECTION ( 'NONE',  ( 0.0000000000000000000, 0.0000000000000000000, -1.000000000000000000 ) ) ;
#2522 = ORIENTED_EDGE ( 'NONE', *, *, #5090, .T. ) ;
#2523 = ADVANCED_FACE ( 'NONE', ( #8 ), #2610, .F. ) ;
#2524 = COLOUR_RGB ( '',0.8941176470588234615, 0.9137254901960784048, 0.9294117647058823817 ) ;
#2525 = EDGE_CURVE ( 'NONE', #6973, #5704, #7062, .T. ) ;
#2526 = EDGE_CURVE ( 'NONE', #860, #7257, #4852, .T. ) ;
#2527 = DIRECTION ( 'NONE',  ( -4.212044549456247126E-16, -1.000000000000000000, 0.0000000000000000000 ) ) ;
#2528 = DIRECTION ( 'NONE',  ( -0.0000000000000000000, -0.0000000000000000000, -1.000000000000000000 ) ) ;
#2529 = VERTEX_POINT ( 'NONE', #5176 ) ;
#2530 = LINE ( 'NONE', #4765, #5873 ) ;
#2531 = ORIENTED_EDGE ( 'NONE', *, *, #3727, .F. ) ;
#2532 = CARTESIAN_POINT ( 'NONE',  ( -8.450000000000001066, 5.200000000000000178, -1000.000000000000000 ) ) ;
#2533 = CARTESIAN_POINT ( 'NONE',  ( -4.720156211871647578, -8.450000000000001066, -1000.000000000000000 ) ) ;
#2534 = ORIENTED_EDGE ( 'NONE', *, *, #1364, .F. ) ;
#2535 = EDGE_CURVE ( 'NONE', #3310, #1568, #3409, .T. ) ;
#2536 = CARTESIAN_POINT ( 'NONE',  ( 8.500000000000000000, 9.999999999999998224, 0.0000000000000000000 ) ) ;
#2537 = ORIENTED_EDGE ( 'NONE', *, *, #1194, .F. ) ;
#2538 = VECTOR ( 'NONE', #3498, 1000.000000000000000 ) ;
#2539 = CARTESIAN_POINT ( 'NONE',  ( 8.250000000000003553, 3.319999999999997620, 0.0000000000000000000 ) ) ;
#2540 = LINE ( 'NONE', #6332, #1203 ) ;
#2541 = DIRECTION ( 'NONE',  ( -0.0000000000000000000, -0.0000000000000000000, 1.000000000000000000 ) ) ;
#2542 = VECTOR ( 'NONE', #864, 1000.000000000000000 ) ;
#2543 = DIRECTION ( 'NONE',  ( 0.0000000000000000000, 1.000000000000000000, 0.0000000000000000000 ) ) ;
#2544 = FACE_OUTER_BOUND ( 'NONE', #1135, .T. ) ;
#2545 = CARTESIAN_POINT ( 'NONE',  ( -4.600000000000004086, -8.700000000000001066, -1000.000000000000000 ) ) ;
#2546 = LINE ( 'NONE', #3647, #2344 ) ;
#2547 = CARTESIAN_POINT ( 'NONE',  ( 3.499999999999999556, -0.4590169943749456416, -1000.000000000000000 ) ) ;
#2548 = ORIENTED_EDGE ( 'NONE', *, *, #196, .T. ) ;
#2549 = ORIENTED_EDGE ( 'NONE', *, *, #2827, .T. ) ;
#2550 = VERTEX_POINT ( 'NONE', #6902 ) ;
#2551 = DIRECTION ( 'NONE',  ( 9.957992501029670227E-17, -1.000000000000000000, 0.0000000000000000000 ) ) ;
#2552 = FACE_OUTER_BOUND ( 'NONE', #1950, .T. ) ;
#2553 = EDGE_LOOP ( 'NONE', ( #3827, #6218, #3910, #6090 ) ) ;
#2554 = DIRECTION ( 'NONE',  ( 1.000000000000000000, 0.0000000000000000000, 0.0000000000000000000 ) ) ;
#2555 = ORIENTED_EDGE ( 'NONE', *, *, #2303, .F. ) ;
#2556 = FACE_OUTER_BOUND ( 'NONE', #6435, .T. ) ;
#2557 = DIRECTION ( 'NONE',  ( -0.0000000000000000000, -0.0000000000000000000, -1.000000000000000000 ) ) ;
#2558 = EDGE_CURVE ( 'NONE', #217, #5726, #3003, .T. ) ;
#2559 = VECTOR ( 'NONE', #4163, 1000.000000000000000 ) ;
#2560 = ORIENTED_EDGE ( 'NONE', *, *, #5090, .F. ) ;
#2561 = DIRECTION ( 'NONE',  ( 1.000000000000000000, 0.0000000000000000000, -0.0000000000000000000 ) ) ;
#2562 = ADVANCED_FACE ( 'NONE', ( #1196 ), #6280, .T. ) ;
#2563 = EDGE_CURVE ( 'NONE', #1780, #2262, #2819, .T. ) ;
#2564 = AXIS2_PLACEMENT_3D ( 'NONE', #4025, #1782, #6312 ) ;
#2565 = CARTESIAN_POINT ( 'NONE',  ( 5.200000000000001954, 6.462741699796953121, -1000.000000000000000 ) ) ;
#2566 = AXIS2_PLACEMENT_3D ( 'NONE', #3512, #697, #3951 ) ;
#2567 = CARTESIAN_POINT ( 'NONE',  ( -4.907106781186548972, 5.755634918610405215, 0.0000000000000000000 ) ) ;
#2568 = EDGE_LOOP ( 'NONE', ( #18, #6966, #6104, #1724 ) ) ;
#2569 = CIRCLE ( 'NONE', #2817, 0.2500000000000002220 ) ;
#2570 = PLANE ( 'NONE',  #6096 ) ;
#2571 = CIRCLE ( 'NONE', #554, 2.000000000000000000 ) ;
#2572 = EDGE_CURVE ( 'NONE', #6363, #5010, #6863, .T. ) ;
#2573 = CARTESIAN_POINT ( 'NONE',  ( -3.950000000000000178, 10.00000000000000178, -1000.000000000000000 ) ) ;
#2574 = AXIS2_PLACEMENT_3D ( 'NONE', #3590, #4206, #5285 ) ;
#2575 = CARTESIAN_POINT ( 'NONE',  ( -5.200000000000003730, -8.700000000000001066, -1000.000000000000000 ) ) ;
#2576 = CARTESIAN_POINT ( 'NONE',  ( -0.3472135954999596152, -3.473606797749979602, -1000.000000000000000 ) ) ;
#2577 = VECTOR ( 'NONE', #390, 1000.000000000000000 ) ;
#2578 = PLANE ( 'NONE',  #7004 ) ;
#2579 = ORIENTED_EDGE ( 'NONE', *, *, #1666, .F. ) ;
#2580 = CARTESIAN_POINT ( 'NONE',  ( 3.069999999999998064, -8.250000000000005329, -1000.000000000000000 ) ) ;
#2581 = CYLINDRICAL_SURFACE ( 'NONE', #2985, 0.2500000000000002220 ) ;
#2582 = DIRECTION ( 'NONE',  ( -0.0000000000000000000, -0.0000000000000000000, 1.000000000000000000 ) ) ;
#2583 = CARTESIAN_POINT ( 'NONE',  ( -9.150000000000003908, -3.319999999999994955, 0.0000000000000000000 ) ) ;
#2584 = ORIENTED_EDGE ( 'NONE', *, *, #36, .F. ) ;
#2585 = ORIENTED_EDGE ( 'NONE', *, *, #931, .T. ) ;
#2586 = EDGE_CURVE ( 'NONE', #1585, #6045, #6787, .T. ) ;
#2587 = ORIENTED_EDGE ( 'NONE', *, *, #3685, .F. ) ;
#2588 = LINE ( 'NONE', #4825, #6720 ) ;
#2589 = LINE ( 'NONE', #4826, #226 ) ;
#2590 = DIRECTION ( 'NONE',  ( 0.0000000000000000000, 0.0000000000000000000, -1.000000000000000000 ) ) ;
#2591 = ORIENTED_EDGE ( 'NONE', *, *, #708, .T. ) ;
#2592 = FACE_OUTER_BOUND ( 'NONE', #6725, .T. ) ;
#2593 = ORIENTED_EDGE ( 'NONE', *, *, #4828, .F. ) ;
#2594 = ORIENTED_EDGE ( 'NONE', *, *, #120, .F. ) ;
#2595 = CARTESIAN_POINT ( 'NONE',  ( -9.100000000000008527, -9.099999999999997868, 0.0000000000000000000 ) ) ;
#2596 = DIRECTION ( 'NONE',  ( 1.000000000000000000, 0.0000000000000000000, 0.0000000000000000000 ) ) ;
#2597 = EDGE_CURVE ( 'NONE', #2152, #6633, #5519, .T. ) ;
#2598 = EDGE_LOOP ( 'NONE', ( #6340, #2290, #6684, #2940 ) ) ;
#2599 = ORIENTED_EDGE ( 'NONE', *, *, #4681, .T. ) ;
#2600 = CARTESIAN_POINT ( 'NONE',  ( -3.700000000000000622, 9.400000000000000355, 0.0000000000000000000 ) ) ;
#2601 = CARTESIAN_POINT ( 'NONE',  ( 0.8694422283156209019, 2.343943303841100168, -1000.000000000000000 ) ) ;
#2602 = DIRECTION ( 'NONE',  ( -0.7071067811865473507, 0.7071067811865477948, 0.0000000000000000000 ) ) ;
#2603 = ORIENTED_EDGE ( 'NONE', *, *, #892, .F. ) ;
#2604 = DIRECTION ( 'NONE',  ( 2.081668171172166620E-14, 1.000000000000000000, 0.0000000000000000000 ) ) ;
#2605 = AXIS2_PLACEMENT_3D ( 'NONE', #3461, #1697, #1842 ) ;
#2606 = CARTESIAN_POINT ( 'NONE',  ( -9.150000000000002132, 3.319999999999998064, 0.0000000000000000000 ) ) ;
#2607 = EDGE_CURVE ( 'NONE', #3302, #4135, #1754, .T. ) ;
#2608 = VECTOR ( 'NONE', #1553, 1000.000000000000000 ) ;
#2609 = ADVANCED_FACE ( 'NONE', ( #3956 ), #1826, .T. ) ;
#2610 = CYLINDRICAL_SURFACE ( 'NONE', #6570, 0.2500000000000002220 ) ;
#2611 = AXIS2_PLACEMENT_3D ( 'NONE', #2164, #3776, #417 ) ;
#2612 = LINE ( 'NONE', #4292, #4618 ) ;
#2613 = CYLINDRICAL_SURFACE ( 'NONE', #50, 0.7000000000000000666 ) ;
#2614 = ORIENTED_EDGE ( 'NONE', *, *, #2162, .F. ) ;
#2615 = DIRECTION ( 'NONE',  ( 0.0000000000000000000, 0.0000000000000000000, 1.000000000000000000 ) ) ;
#2616 = CARTESIAN_POINT ( 'NONE',  ( 6.462741699796953121, 4.199999999999999289, -1000.000000000000000 ) ) ;
#2617 = ADVANCED_FACE ( 'NONE', ( #5691 ), #6354, .F. ) ;
#2618 = LINE ( 'NONE', #1475, #3958 ) ;
#2619 = DIRECTION ( 'NONE',  ( -0.0000000000000000000, -0.0000000000000000000, -1.000000000000000000 ) ) ;
#2620 = EDGE_LOOP ( 'NONE', ( #4418, #22, #1865, #1373 ) ) ;
#2621 = VERTEX_POINT ( 'NONE', #5211 ) ;
#2622 = ORIENTED_EDGE ( 'NONE', *, *, #1337, .T. ) ;
#2623 = CARTESIAN_POINT ( 'NONE',  ( -9.750000000000003553, -3.699999999999994849, -1000.000000000000000 ) ) ;
#2624 = DIRECTION ( 'NONE',  ( -1.000000000000000000, 0.0000000000000000000, 0.0000000000000000000 ) ) ;
#2625 = FACE_OUTER_BOUND ( 'NONE', #1758, .T. ) ;
#2626 = CIRCLE ( 'NONE', #4380, 1.000000000000000000 ) ;
#2627 = ORIENTED_EDGE ( 'NONE', *, *, #1452, .F. ) ;
#2628 = CARTESIAN_POINT ( 'NONE',  ( 3.319999999999998952, -9.400000000000003908, -1000.000000000000000 ) ) ;
#2629 = ORIENTED_EDGE ( 'NONE', *, *, #6469, .T. ) ;
#2630 = VERTEX_POINT ( 'NONE', #5246 ) ;
#2631 = DIRECTION ( 'NONE',  ( -1.000000000000000000, 1.067310733163435619E-15, 0.0000000000000000000 ) ) ;
#2632 = DIRECTION ( 'NONE',  ( -0.0000000000000000000, -0.0000000000000000000, -1.000000000000000000 ) ) ;
#2633 = EDGE_LOOP ( 'NONE', ( #330, #7234, #3017, #7264 ) ) ;
#2634 = ORIENTED_EDGE ( 'NONE', *, *, #7013, .F. ) ;
#2635 = CARTESIAN_POINT ( 'NONE',  ( 3.950000000000001066, 10.00000000000000178, 0.0000000000000000000 ) ) ;
#2636 = EDGE_CURVE ( 'NONE', #7250, #4091, #1755, .T. ) ;
#2637 = PLANE ( 'NONE',  #5082 ) ;
#2638 = EDGE_LOOP ( 'NONE', ( #5797, #4710, #3083, #3704 ) ) ;
#2639 = CARTESIAN_POINT ( 'NONE',  ( -0.8694422283156213460, -2.343943303841099723, -1000.000000000000000 ) ) ;
#2640 = CARTESIAN_POINT ( 'NONE',  ( -5.200000000000002842, -6.462741699796952233, 0.0000000000000000000 ) ) ;
#2641 = AXIS2_PLACEMENT_3D ( 'NONE', #6406, #3052, #1360 ) ;
#2642 = FACE_OUTER_BOUND ( 'NONE', #6057, .T. ) ;
#2643 = CARTESIAN_POINT ( 'NONE',  ( -9.400000000000003908, -3.319999999999995843, -1000.000000000000000 ) ) ;
#2644 = CARTESIAN_POINT ( 'NONE',  ( -3.320000000000002505, -8.000000000000001776, 0.0000000000000000000 ) ) ;
#2645 = EDGE_CURVE ( 'NONE', #6137, #4986, #5655, .T. ) ;
#2646 = VERTEX_POINT ( 'NONE', #592 ) ;
#2647 = LINE ( 'NONE', #4817, #450 ) ;
#2648 = CARTESIAN_POINT ( 'NONE',  ( 9.750000000000001776, 3.699999999999996625, -1000.000000000000000 ) ) ;
#2649 = AXIS2_PLACEMENT_3D ( 'NONE', #2097, #461, #1650 ) ;
#2650 = CARTESIAN_POINT ( 'NONE',  ( -6.462741699796954897, -5.199999999999998401, 0.0000000000000000000 ) ) ;
#2651 = CARTESIAN_POINT ( 'NONE',  ( -4.720156211871647578, -8.700000000000001066, -1000.000000000000000 ) ) ;
#2652 = EDGE_CURVE ( 'NONE', #443, #1706, #5725, .T. ) ;
#2653 = ORIENTED_EDGE ( 'NONE', *, *, #4535, .T. ) ;
#2654 = ORIENTED_EDGE ( 'NONE', *, *, #11, .T. ) ;
#2655 = ADVANCED_FACE ( 'NONE', ( #668 ), #2454, .F. ) ;
#2656 = AXIS2_PLACEMENT_3D ( 'NONE', #6987, #5771, #5914 ) ;
#2657 = DIRECTION ( 'NONE',  ( 1.000000000000000000, 2.288475490443785424E-17, -0.0000000000000000000 ) ) ;
#2658 = FACE_OUTER_BOUND ( 'NONE', #6965, .T. ) ;
#2659 = CARTESIAN_POINT ( 'NONE',  ( 8.500000000000000000, 9.999999999999998224, -1000.000000000000000 ) ) ;
#2660 = CARTESIAN_POINT ( 'NONE',  ( 6.100000000000000533, -6.099999999999996980, -1000.000000000000000 ) ) ;
#2661 = ORIENTED_EDGE ( 'NONE', *, *, #6269, .T. ) ;
#2662 = DIRECTION ( 'NONE',  ( 0.0000000000000000000, 0.0000000000000000000, 1.000000000000000000 ) ) ;
#2663 = ORIENTED_EDGE ( 'NONE', *, *, #3391, .F. ) ;
#2664 = ORIENTED_EDGE ( 'NONE', *, *, #6069, .T. ) ;
#2665 = EDGE_LOOP ( 'NONE', ( #5239, #238, #4300, #2683 ) ) ;
#2666 = ADVANCED_FACE ( 'NONE', ( #5105 ), #1271, .T. ) ;
#2667 = LINE ( 'NONE', #6459, #1396 ) ;
#2668 = DIRECTION ( 'NONE',  ( 1.000000000000000000, 0.0000000000000000000, 0.0000000000000000000 ) ) ;
#2669 = ORIENTED_EDGE ( 'NONE', *, *, #7258, .F. ) ;
#2670 = ORIENTED_EDGE ( 'NONE', *, *, #5546, .T. ) ;
#2671 = CARTESIAN_POINT ( 'NONE',  ( 9.999999999999998224, -3.950000000000000178, -1000.000000000000000 ) ) ;
#2672 = EDGE_CURVE ( 'NONE', #6020, #7017, #153, .T. ) ;
#2673 = DIRECTION ( 'NONE',  ( 0.7071067811865475727, 0.7071067811865475727, 0.0000000000000000000 ) ) ;
#2674 = EDGE_LOOP ( 'NONE', ( #1814, #5247, #6422, #7196 ) ) ;
#2675 = CARTESIAN_POINT ( 'NONE',  ( -0.3472135954999596152, -3.473606797749979602, 0.0000000000000000000 ) ) ;
#2676 = SURFACE_STYLE_USAGE ( .BOTH. , #3160 ) ;
#2677 = DIRECTION ( 'NONE',  ( 0.6246950475544246206, 0.7808688094430300541, 0.0000000000000000000 ) ) ;
#2678 = AXIS2_PLACEMENT_3D ( 'NONE', #2375, #6349, #187 ) ;
#2679 = DIRECTION ( 'NONE',  ( -4.011769183883418917E-16, 1.000000000000000000, 0.0000000000000000000 ) ) ;
#2680 = VECTOR ( 'NONE', #4347, 1000.000000000000000 ) ;
#2681 = FACE_OUTER_BOUND ( 'NONE', #2705, .T. ) ;
#2682 = DIRECTION ( 'NONE',  ( 5.204170427930421283E-15, 1.000000000000000000, 0.0000000000000000000 ) ) ;
#2683 = ORIENTED_EDGE ( 'NONE', *, *, #4623, .F. ) ;
#2684 = ORIENTED_EDGE ( 'NONE', *, *, #2206, .F. ) ;
#2685 = DIRECTION ( 'NONE',  ( 0.0000000000000000000, 0.0000000000000000000, -1.000000000000000000 ) ) ;
#2686 = CARTESIAN_POINT ( 'NONE',  ( -6.800000000000004263, -6.799999999999997158, 0.0000000000000000000 ) ) ;
#2687 = VECTOR ( 'NONE', #4470, 999.9999999999998863 ) ;
#2688 = DIRECTION ( 'NONE',  ( -0.0000000000000000000, -0.0000000000000000000, -1.000000000000000000 ) ) ;
#2689 = LINE ( 'NONE', #4938, #5011 ) ;
#2690 = ORIENTED_EDGE ( 'NONE', *, *, #3843, .F. ) ;
#2691 = ORIENTED_EDGE ( 'NONE', *, *, #4403, .F. ) ;
#2692 = AXIS2_PLACEMENT_3D ( 'NONE', #7050, #263, #6426 ) ;
#2693 = AXIS2_PLACEMENT_3D ( 'NONE', #2514, #5196, #6888 ) ;
#2694 = VECTOR ( 'NONE', #7053, 999.9999999999998863 ) ;
#2695 = CARTESIAN_POINT ( 'NONE',  ( 4.115060990489114445, -8.093826238111399007, 0.0000000000000000000 ) ) ;
#2696 = ADVANCED_FACE ( 'NONE', ( #6460 ), #4834, .F. ) ;
#2697 = CARTESIAN_POINT ( 'NONE',  ( 1.697056274847711377, -2.404163056034254176, -1000.000000000000000 ) ) ;
#2698 = AXIS2_PLACEMENT_3D ( 'NONE', #745, #1863, #1717 ) ;
#2699 = CARTESIAN_POINT ( 'NONE',  ( -8.250000000000005329, -3.319999999999995843, 0.0000000000000000000 ) ) ;
#2700 = DIRECTION ( 'NONE',  ( 0.0000000000000000000, 0.0000000000000000000, -1.000000000000000000 ) ) ;
#2701 = EDGE_LOOP ( 'NONE', ( #299, #2238, #7081, #1213 ) ) ;
#2702 = DIRECTION ( 'NONE',  ( 1.000000000000000000, 0.0000000000000000000, 0.0000000000000000000 ) ) ;
#2703 = ORIENTED_EDGE ( 'NONE', *, *, #6303, .F. ) ;
#2704 = EDGE_LOOP ( 'NONE', ( #474, #5045, #1747, #4038 ) ) ;
#2705 = EDGE_LOOP ( 'NONE', ( #770, #4671, #4772, #4832 ) ) ;
#2706 = ADVANCED_FACE ( 'NONE', ( #7087 ), #5392, .T. ) ;
#2707 = CARTESIAN_POINT ( 'NONE',  ( 9.750000000000000000, 3.949999999999997957, -1000.000000000000000 ) ) ;
#2708 = ADVANCED_FACE ( 'NONE', ( #6979 ), #930, .T. ) ;
#2709 = CARTESIAN_POINT ( 'NONE',  ( -3.319999999999999840, 8.250000000000003553, -1000.000000000000000 ) ) ;
#2710 = ORIENTED_EDGE ( 'NONE', *, *, #1759, .F. ) ;
#2711 = ORIENTED_EDGE ( 'NONE', *, *, #7293, .T. ) ;
#2712 = DIRECTION ( 'NONE',  ( 0.0000000000000000000, 0.0000000000000000000, -1.000000000000000000 ) ) ;
#2713 = EDGE_CURVE ( 'NONE', #1349, #201, #895, .T. ) ;
#2714 = EDGE_CURVE ( 'NONE', #5941, #2630, #1515, .T. ) ;
#2715 = EDGE_CURVE ( 'NONE', #1669, #512, #4240, .T. ) ;
#2716 = CARTESIAN_POINT ( 'NONE',  ( -4.115060990489116222, 8.093826238111397231, 0.0000000000000000000 ) ) ;
#2717 = ORIENTED_EDGE ( 'NONE', *, *, #2955, .T. ) ;
#2718 = CARTESIAN_POINT ( 'NONE',  ( -2.404163056034253731, -1.697056274847710711, -1000.000000000000000 ) ) ;
#2719 = ADVANCED_FACE ( 'NONE', ( #3186 ), #4798, .F. ) ;
#2720 = CARTESIAN_POINT ( 'NONE',  ( -8.000000000000003553, -5.199999999999997513, -1000.000000000000000 ) ) ;
#2721 = CARTESIAN_POINT ( 'NONE',  ( 9.400000000000002132, 3.319999999999997620, -1000.000000000000000 ) ) ;
#2722 = FACE_OUTER_BOUND ( 'NONE', #4176, .T. ) ;
#2723 = ORIENTED_EDGE ( 'NONE', *, *, #132, .T. ) ;
#2724 = ORIENTED_EDGE ( 'NONE', *, *, #5990, .F. ) ;
#2725 = CARTESIAN_POINT ( 'NONE',  ( -8.700000000000002842, -4.949999999999996625, -1000.000000000000000 ) ) ;
#2726 = CARTESIAN_POINT ( 'NONE',  ( 0.4590169943749460302, 3.249999999999999556, 0.0000000000000000000 ) ) ;
#2727 = DIRECTION ( 'NONE',  ( -1.000000000000000000, 0.0000000000000000000, 0.0000000000000000000 ) ) ;
#2728 = CARTESIAN_POINT ( 'NONE',  ( 10.00000000000000000, 8.499999999999998224, 0.0000000000000000000 ) ) ;
#2729 = ORIENTED_EDGE ( 'NONE', *, *, #617, .T. ) ;
#2730 = EDGE_LOOP ( 'NONE', ( #5179, #6601, #6495, #5949 ) ) ;
#2731 = EDGE_CURVE ( 'NONE', #3777, #2029, #4173, .T. ) ;
#2732 = AXIS2_PLACEMENT_3D ( 'NONE', #4008, #1731, #2399 ) ;
#2733 = LINE ( 'NONE', #6048, #840 ) ;
#2734 = CYLINDRICAL_SURFACE ( 'NONE', #3995, 0.6999999999999992895 ) ;
#2735 = DIRECTION ( 'NONE',  ( -0.0000000000000000000, -0.0000000000000000000, -1.000000000000000000 ) ) ;
#2736 = FACE_OUTER_BOUND ( 'NONE', #6662, .T. ) ;
#2737 = AXIS2_PLACEMENT_3D ( 'NONE', #3138, #6969, #6482 ) ;
#2738 = ORIENTED_EDGE ( 'NONE', *, *, #4455, .F. ) ;
#2739 = DIRECTION ( 'NONE',  ( -1.000000000000000000, 0.0000000000000000000, 0.0000000000000000000 ) ) ;
#2740 = VERTEX_POINT ( 'NONE', #3075 ) ;
#2741 = ORIENTED_EDGE ( 'NONE', *, *, #5021, .T. ) ;
#2742 = VECTOR ( 'NONE', #456, 1000.000000000000000 ) ;
#2743 = EDGE_LOOP ( 'NONE', ( #5349, #4655, #7036, #3862 ) ) ;
#2744 = VECTOR ( 'NONE', #2096, 1000.000000000000000 ) ;
#2745 = CARTESIAN_POINT ( 'NONE',  ( -9.100000000000001421, -8.399999999999998579, 0.0000000000000000000 ) ) ;
#2746 = ORIENTED_EDGE ( 'NONE', *, *, #4245, .T. ) ;
#2747 = ORIENTED_EDGE ( 'NONE', *, *, #300, .T. ) ;
#2748 = DIRECTION ( 'NONE',  ( 0.0000000000000000000, 0.0000000000000000000, 1.000000000000000000 ) ) ;
#2749 = EDGE_CURVE ( 'NONE', #1243, #791, #819, .T. ) ;
#2750 = VECTOR ( 'NONE', #3321, 1000.000000000000000 ) ;
#2751 = ADVANCED_FACE ( 'NONE', ( #779 ), #5836, .T. ) ;
#2752 = ADVANCED_FACE ( 'NONE', ( #6392 ), #3732, .T. ) ;
#2753 = LINE ( 'NONE', #5104, #1871 ) ;
#2754 = PRESENTATION_LAYER_ASSIGNMENT (  '', '', ( #1696 ) ) ;
#2755 = ORIENTED_EDGE ( 'NONE', *, *, #1819, .F. ) ;
#2756 = VECTOR ( 'NONE', #4327, 1000.000000000000000 ) ;
#2757 = CARTESIAN_POINT ( 'NONE',  ( -9.100000000000004974, 9.099999999999999645, -1000.000000000000000 ) ) ;
#2758 = VECTOR ( 'NONE', #2412, 1000.000000000000000 ) ;
#2759 = ADVANCED_FACE ( 'NONE', ( #1454 ), #3696, .T. ) ;
#2760 = DIRECTION ( 'NONE',  ( 0.0000000000000000000, 0.0000000000000000000, 1.000000000000000000 ) ) ;
#2761 = ORIENTED_EDGE ( 'NONE', *, *, #7092, .T. ) ;
#2762 = ORIENTED_EDGE ( 'NONE', *, *, #3505, .T. ) ;
#2763 = DIRECTION ( 'NONE',  ( -0.0000000000000000000, -0.0000000000000000000, -1.000000000000000000 ) ) ;
#2764 = DIRECTION ( 'NONE',  ( 0.0000000000000000000, -0.0000000000000000000, -1.000000000000000000 ) ) ;
#2765 = CARTESIAN_POINT ( 'NONE',  ( 6.100000000000002309, 6.799999999999998934, 0.0000000000000000000 ) ) ;
#2766 = LINE ( 'NONE', #604, #1945 ) ;
#2767 = EDGE_LOOP ( 'NONE', ( #1929, #3348, #6485, #4199 ) ) ;
#2768 = ORIENTED_EDGE ( 'NONE', *, *, #4487, .F. ) ;
#2769 = VECTOR ( 'NONE', #2321, 1000.000000000000000 ) ;
#2770 = EDGE_CURVE ( 'NONE', #1335, #4165, #2232, .T. ) ;
#2771 = DIRECTION ( 'NONE',  ( -1.000000000000000000, 0.0000000000000000000, 0.0000000000000000000 ) ) ;
#2772 = DIRECTION ( 'NONE',  ( -0.0000000000000000000, 0.0000000000000000000, 1.000000000000000000 ) ) ;
#2773 = CIRCLE ( 'NONE', #288, 0.2500000000000002220 ) ;
#2774 = LINE ( 'NONE', #1522, #198 ) ;
#2775 = DIRECTION ( 'NONE',  ( 0.0000000000000000000, 0.0000000000000000000, 1.000000000000000000 ) ) ;
#2776 = VERTEX_POINT ( 'NONE', #1418 ) ;
#2777 = CARTESIAN_POINT ( 'NONE',  ( -5.200000000000002842, -6.462741699796952233, -1000.000000000000000 ) ) ;
#2778 = ORIENTED_EDGE ( 'NONE', *, *, #303, .F. ) ;
#2779 = ORIENTED_EDGE ( 'NONE', *, *, #1942, .T. ) ;
#2780 = CIRCLE ( 'NONE', #5719, 0.2500000000000000000 ) ;
#2781 = FACE_OUTER_BOUND ( 'NONE', #1982, .T. ) ;
#2782 = CARTESIAN_POINT ( 'NONE',  ( -6.350000000000001421, 9.099999999999999645, 0.0000000000000000000 ) ) ;
#2783 = CIRCLE ( 'NONE', #4659, 0.2500000000000002220 ) ;
#2784 = EDGE_LOOP ( 'NONE', ( #4588, #4057, #2123, #5343 ) ) ;
#2785 = ORIENTED_EDGE ( 'NONE', *, *, #4219, .F. ) ;
#2786 = CARTESIAN_POINT ( 'NONE',  ( 8.093826238111395455, 4.115060990489113557, 0.0000000000000000000 ) ) ;
#2787 = CARTESIAN_POINT ( 'NONE',  ( -4.600000000000001421, 8.700000000000002842, -1000.000000000000000 ) ) ;
#2788 = EDGE_CURVE ( 'NONE', #4036, #5832, #1156, .T. ) ;
#2789 = EDGE_CURVE ( 'NONE', #2137, #6766, #5946, .T. ) ;
#2790 = ADVANCED_FACE ( 'NONE', ( #3658 ), #5907, .F. ) ;
#2791 = ORIENTED_EDGE ( 'NONE', *, *, #5841, .F. ) ;
#2792 = DIRECTION ( 'NONE',  ( 0.0000000000000000000, 0.0000000000000000000, 1.000000000000000000 ) ) ;
#2793 = ADVANCED_FACE ( 'NONE', ( #1009 ), #6059, .T. ) ;
#2794 = CARTESIAN_POINT ( 'NONE',  ( 6.099999999999993427, -6.100000000000000533, 0.0000000000000000000 ) ) ;
#2795 = EDGE_LOOP ( 'NONE', ( #5249, #3885, #2684, #6661 ) ) ;
#2796 = VERTEX_POINT ( 'NONE', #4313 ) ;
#2797 = AXIS2_PLACEMENT_3D ( 'NONE', #5415, #2582, #6477 ) ;
#2798 = LINE ( 'NONE', #6184, #2047 ) ;
#2799 = DIRECTION ( 'NONE',  ( -0.0000000000000000000, -0.0000000000000000000, -1.000000000000000000 ) ) ;
#2800 = DIRECTION ( 'NONE',  ( 0.4472135954999486573, 0.8944271909999204073, 0.0000000000000000000 ) ) ;
#2801 = ORIENTED_EDGE ( 'NONE', *, *, #2597, .T. ) ;
#2802 = ORIENTED_EDGE ( 'NONE', *, *, #7061, .T. ) ;
#2803 = EDGE_CURVE ( 'NONE', #1623, #6865, #5034, .T. ) ;
#2804 = CIRCLE ( 'NONE', #6908, 0.2500000000000002220 ) ;
#2805 = CARTESIAN_POINT ( 'NONE',  ( -3.700000000000003730, -9.399999999999998579, -1000.000000000000000 ) ) ;
#2806 = DIRECTION ( 'NONE',  ( -0.0000000000000000000, -0.0000000000000000000, 1.000000000000000000 ) ) ;
#2807 = FACE_OUTER_BOUND ( 'NONE', #7185, .T. ) ;
#2808 = VECTOR ( 'NONE', #1752, 1000.000000000000000 ) ;
#2809 = CARTESIAN_POINT ( 'NONE',  ( -8.849999999999999645, -6.099999999999996980, -1000.000000000000000 ) ) ;
#2810 = CARTESIAN_POINT ( 'NONE',  ( -8.450000000000001066, 4.949999999999999289, -1000.000000000000000 ) ) ;
#2811 = LINE ( 'NONE', #5125, #2979 ) ;
#2812 = EDGE_CURVE ( 'NONE', #6161, #4496, #3225, .T. ) ;
#2813 = VECTOR ( 'NONE', #2491, 999.9999999999998863 ) ;
#2814 = PLANE ( 'NONE',  #2460 ) ;
#2815 = ORIENTED_EDGE ( 'NONE', *, *, #480, .F. ) ;
#2816 = ORIENTED_EDGE ( 'NONE', *, *, #7092, .F. ) ;
#2817 = AXIS2_PLACEMENT_3D ( 'NONE', #3842, #2078, #2739 ) ;
#2818 = CIRCLE ( 'NONE', #3040, 2.000000000000000000 ) ;
#2819 = CIRCLE ( 'NONE', #7169, 0.2500000000000002220 ) ;
#2820 = FACE_OUTER_BOUND ( 'NONE', #4572, .T. ) ;
#2821 = CIRCLE ( 'NONE', #3518, 0.2500000000000002220 ) ;
#2822 = CARTESIAN_POINT ( 'NONE',  ( -8.400000000000000355, 9.099999999999999645, 0.0000000000000000000 ) ) ;
#2823 = EDGE_LOOP ( 'NONE', ( #1169, #6006, #7219, #1707 ) ) ;
#2824 = VERTEX_POINT ( 'NONE', #3770 ) ;
#2825 = LINE ( 'NONE', #4469, #7033 ) ;
#2826 = DIRECTION ( 'NONE',  ( -0.0000000000000000000, -0.0000000000000000000, 1.000000000000000000 ) ) ;
#2827 = EDGE_CURVE ( 'NONE', #6388, #1377, #6453, .T. ) ;
#2828 = DIRECTION ( 'NONE',  ( 0.0000000000000000000, 0.0000000000000000000, -1.000000000000000000 ) ) ;
#2829 = ORIENTED_EDGE ( 'NONE', *, *, #3045, .T. ) ;
#2830 = VECTOR ( 'NONE', #7147, 1000.000000000000000 ) ;
#2831 = PLANE ( 'NONE',  #6721 ) ;
#2832 = DIRECTION ( 'NONE',  ( 0.0000000000000000000, 0.0000000000000000000, 1.000000000000000000 ) ) ;
#2833 = ORIENTED_EDGE ( 'NONE', *, *, #6727, .F. ) ;
#2834 = VERTEX_POINT ( 'NONE', #4354 ) ;
#2835 = CARTESIAN_POINT ( 'NONE',  ( 8.450000000000001066, 4.949999999999998401, 0.0000000000000000000 ) ) ;
#2836 = CARTESIAN_POINT ( 'NONE',  ( 8.699999999999999289, -4.600000000000001421, -1000.000000000000000 ) ) ;
#2837 = CARTESIAN_POINT ( 'NONE',  ( 3.499999999999999556, 0.3999999999999988010, -1000.000000000000000 ) ) ;
#2838 = VERTEX_POINT ( 'NONE', #412 ) ;
#2839 = ORIENTED_EDGE ( 'NONE', *, *, #5462, .T. ) ;
#2840 = ADVANCED_FACE ( 'NONE', ( #2083 ), #7163, .T. ) ;
#2841 = DIRECTION ( 'NONE',  ( 0.0000000000000000000, 1.000000000000000000, 0.0000000000000000000 ) ) ;
#2842 = EDGE_CURVE ( 'NONE', #2300, #1928, #796, .T. ) ;
#2843 = CARTESIAN_POINT ( 'NONE',  ( 8.699999999999999289, -4.600000000000001421, -1000.000000000000000 ) ) ;
#2844 = CARTESIAN_POINT ( 'NONE',  ( -1.823044737829954132, -5.499999999999999112, -1000.000000000000000 ) ) ;
#2845 = EDGE_CURVE ( 'NONE', #3028, #6235, #3185, .T. ) ;
#2846 = DIRECTION ( 'NONE',  ( -1.000000000000000000, 0.0000000000000000000, 0.0000000000000000000 ) ) ;
#2847 = CARTESIAN_POINT ( 'NONE',  ( 3.070000000000001616, 10.00000000000000178, -1000.000000000000000 ) ) ;
#2848 = CYLINDRICAL_SURFACE ( 'NONE', #1090, 0.2500000000000002220 ) ;
#2849 = CARTESIAN_POINT ( 'NONE',  ( 4.599999999999999645, -8.700000000000004619, -1000.000000000000000 ) ) ;
#2850 = ORIENTED_EDGE ( 'NONE', *, *, #1347, .F. ) ;
#2851 = ORIENTED_EDGE ( 'NONE', *, *, #438, .T. ) ;
#2852 = VECTOR ( 'NONE', #5958, 1000.000000000000000 ) ;
#2853 = CARTESIAN_POINT ( 'NONE',  ( 9.099999999999997868, -9.100000000000004974, 0.0000000000000000000 ) ) ;
#2854 = CIRCLE ( 'NONE', #248, 0.7000000000000000666 ) ;
#2855 = VECTOR ( 'NONE', #5325, 1000.000000000000000 ) ;
#2856 = DIRECTION ( 'NONE',  ( 0.0000000000000000000, -1.000000000000000000, 0.0000000000000000000 ) ) ;
#2857 = ORIENTED_EDGE ( 'NONE', *, *, #813, .F. ) ;
#2858 = DIRECTION ( 'NONE',  ( 6.003367684089352962E-16, -1.000000000000000000, 0.0000000000000000000 ) ) ;
#2859 = CARTESIAN_POINT ( 'NONE',  ( -5.200000000000001066, 8.450000000000002842, -1000.000000000000000 ) ) ;
#2860 = CIRCLE ( 'NONE', #7209, 0.2500000000000000000 ) ;
#2861 = CARTESIAN_POINT ( 'NONE',  ( -9.400000000000002132, -3.699999999999995293, -1000.000000000000000 ) ) ;
#2862 = CIRCLE ( 'NONE', #6612, 1.000000000000000000 ) ;
#2863 = DIRECTION ( 'NONE',  ( -7.228014483236698528E-16, -1.000000000000000000, 0.0000000000000000000 ) ) ;
#2864 = AXIS2_PLACEMENT_3D ( 'NONE', #7262, #6739, #2223 ) ;
#2865 = ORIENTED_EDGE ( 'NONE', *, *, #4359, .T. ) ;
#2866 = ADVANCED_FACE ( 'NONE', ( #4239 ), #894, .T. ) ;
#2867 = CARTESIAN_POINT ( 'NONE',  ( 3.069999999999998508, -9.150000000000003908, -1000.000000000000000 ) ) ;
#2868 = DIRECTION ( 'NONE',  ( -0.6246950475544245096, 0.7808688094430301652, 0.0000000000000000000 ) ) ;
#2869 = VERTEX_POINT ( 'NONE', #5356 ) ;
#2870 = ORIENTED_EDGE ( 'NONE', *, *, #5563, .T. ) ;
#2871 = DIRECTION ( 'NONE',  ( -0.0000000000000000000, -0.0000000000000000000, 1.000000000000000000 ) ) ;
#2872 = DIRECTION ( 'NONE',  ( -0.0000000000000000000, 0.0000000000000000000, 1.000000000000000000 ) ) ;
#2873 = CARTESIAN_POINT ( 'NONE',  ( -9.099999999999997868, 9.100000000000003197, 0.0000000000000000000 ) ) ;
#2874 = VERTEX_POINT ( 'NONE', #6017 ) ;
#2875 = ORIENTED_EDGE ( 'NONE', *, *, #6425, .F. ) ;
#2876 = FACE_OUTER_BOUND ( 'NONE', #5359, .T. ) ;
#2877 = CARTESIAN_POINT ( 'NONE',  ( 8.606173761888605611, -4.524939009510886123, -1000.000000000000000 ) ) ;
#2878 = EDGE_CURVE ( 'NONE', #4837, #129, #7161, .T. ) ;
#2879 = CARTESIAN_POINT ( 'NONE',  ( 6.800000000000002487, 6.099999999999998757, 0.0000000000000000000 ) ) ;
#2880 = LINE ( 'NONE', #3426, #4414 ) ;
#2881 = EDGE_CURVE ( 'NONE', #4183, #6363, #5391, .T. ) ;
#2882 = FACE_OUTER_BOUND ( 'NONE', #1813, .T. ) ;
#2883 = CARTESIAN_POINT ( 'NONE',  ( -8.400000000000002132, -9.099999999999997868, 0.0000000000000000000 ) ) ;
#2884 = EDGE_CURVE ( 'NONE', #1199, #1335, #2082, .T. ) ;
#2885 = DIRECTION ( 'NONE',  ( 0.0000000000000000000, 0.0000000000000000000, -1.000000000000000000 ) ) ;
#2886 = ORIENTED_EDGE ( 'NONE', *, *, #3709, .T. ) ;
#2887 = ORIENTED_EDGE ( 'NONE', *, *, #4541, .F. ) ;
#2888 = AXIS2_PLACEMENT_3D ( 'NONE', #1728, #21, #5559 ) ;
#2889 = CARTESIAN_POINT ( 'NONE',  ( -0.3472135954999584495, 3.473606797749979602, 0.0000000000000000000 ) ) ;
#2890 = VERTEX_POINT ( 'NONE', #968 ) ;
#2891 = CARTESIAN_POINT ( 'NONE',  ( -2.404163056034253731, -1.697056274847710711, -1000.000000000000000 ) ) ;
#2892 = DIRECTION ( 'NONE',  ( 0.0000000000000000000, 1.000000000000000000, 0.0000000000000000000 ) ) ;
#2893 = AXIS2_PLACEMENT_3D ( 'NONE', #4567, #5193, #4012 ) ;
#2894 = ADVANCED_FACE ( 'NONE', ( #2556 ), #4797, .T. ) ;
#2895 = DIRECTION ( 'NONE',  ( 0.0000000000000000000, 0.0000000000000000000, 1.000000000000000000 ) ) ;
#2896 = CARTESIAN_POINT ( 'NONE',  ( 8.849999999999996092, -6.350000000000001421, 0.0000000000000000000 ) ) ;
#2897 = VECTOR ( 'NONE', #947, 1000.000000000000000 ) ;
#2898 = ORIENTED_EDGE ( 'NONE', *, *, #1032, .F. ) ;
#2899 = CARTESIAN_POINT ( 'NONE',  ( -8.250000000000001776, 3.919843788128356987, -1000.000000000000000 ) ) ;
#2900 = ORIENTED_EDGE ( 'NONE', *, *, #5669, .F. ) ;
#2901 = EDGE_CURVE ( 'NONE', #2160, #217, #4570, .T. ) ;
#2902 = CARTESIAN_POINT ( 'NONE',  ( 0.3472135954999588936, 3.473606797749979602, -1000.000000000000000 ) ) ;
#2903 = CARTESIAN_POINT ( 'NONE',  ( 5.755634918610403439, -4.907106781186548972, -1000.000000000000000 ) ) ;
#2904 = ORIENTED_EDGE ( 'NONE', *, *, #6978, .F. ) ;
#2905 = ORIENTED_EDGE ( 'NONE', *, *, #5937, .F. ) ;
#2906 = CARTESIAN_POINT ( 'NONE',  ( -6.100000000000001421, 8.849999999999999645, -1000.000000000000000 ) ) ;
#2907 = CARTESIAN_POINT ( 'NONE',  ( -1.217219119641870684, -3.281520625377542189, -1000.000000000000000 ) ) ;
#2908 = CARTESIAN_POINT ( 'NONE',  ( -10.00000000000000178, 3.069999999999998064, 0.0000000000000000000 ) ) ;
#2909 = ORIENTED_EDGE ( 'NONE', *, *, #6347, .F. ) ;
#2910 = ORIENTED_EDGE ( 'NONE', *, *, #5488, .T. ) ;
#2911 = CARTESIAN_POINT ( 'NONE',  ( -4.950000000000003730, -8.450000000000001066, -1000.000000000000000 ) ) ;
#2912 = FACE_OUTER_BOUND ( 'NONE', #839, .T. ) ;
#2913 = AXIS2_PLACEMENT_3D ( 'NONE', #5791, #4688, #2995 ) ;
#2914 = CARTESIAN_POINT ( 'NONE',  ( -9.400000000000000355, 3.699999999999998401, 0.0000000000000000000 ) ) ;
#2915 = LINE ( 'NONE', #63, #4648 ) ;
#2916 = CARTESIAN_POINT ( 'NONE',  ( -8.000000000000003553, -5.199999999999997513, 0.0000000000000000000 ) ) ;
#2917 = CARTESIAN_POINT ( 'NONE',  ( -9.099999999999999645, -6.349999999999996980, 0.0000000000000000000 ) ) ;
#2918 = FACE_OUTER_BOUND ( 'NONE', #4504, .T. ) ;
#2919 = ORIENTED_EDGE ( 'NONE', *, *, #4401, .F. ) ;
#2920 = ORIENTED_EDGE ( 'NONE', *, *, #5993, .F. ) ;
#2921 = DIRECTION ( 'NONE',  ( -0.0000000000000000000, -0.0000000000000000000, 1.000000000000000000 ) ) ;
#2922 = AXIS2_PLACEMENT_3D ( 'NONE', #6522, #2662, #1003 ) ;
#2923 = ORIENTED_EDGE ( 'NONE', *, *, #5310, .T. ) ;
#2924 = LINE ( 'NONE', #3439, #6101 ) ;
#2925 = DIRECTION ( 'NONE',  ( -1.000000000000000000, -1.387778780781444413E-14, 0.0000000000000000000 ) ) ;
#2926 = ORIENTED_EDGE ( 'NONE', *, *, #2971, .F. ) ;
#2927 = AXIS2_PLACEMENT_3D ( 'NONE', #113, #6352, #3002 ) ;
#2928 = EDGE_CURVE ( 'NONE', #916, #4071, #2667, .T. ) ;
#2929 = LINE ( 'NONE', #5175, #2340 ) ;
#2930 = ADVANCED_FACE ( 'NONE', ( #1566 ), #4876, .T. ) ;
#2931 = CIRCLE ( 'NONE', #3047, 0.2500000000000002220 ) ;
#2932 = DIRECTION ( 'NONE',  ( -1.000000000000000000, 3.216245299353279611E-16, -0.0000000000000000000 ) ) ;
#2933 = EDGE_CURVE ( 'NONE', #3226, #6621, #1453, .T. ) ;
#2934 = ORIENTED_EDGE ( 'NONE', *, *, #4805, .T. ) ;
#2935 = LINE ( 'NONE', #4621, #681 ) ;
#2936 = ORIENTED_EDGE ( 'NONE', *, *, #1579, .F. ) ;
#2937 = ADVANCED_FACE ( 'NONE', ( #2121 ), #855, .F. ) ;
#2938 = DIRECTION ( 'NONE',  ( 1.000000000000000000, -0.0000000000000000000, 0.0000000000000000000 ) ) ;
#2939 = DIRECTION ( 'NONE',  ( 0.0000000000000000000, 0.0000000000000000000, 1.000000000000000000 ) ) ;
#2940 = ORIENTED_EDGE ( 'NONE', *, *, #7206, .F. ) ;
#2941 = EDGE_LOOP ( 'NONE', ( #6404, #2661, #2112, #4824 ) ) ;
#2942 = DIRECTION ( 'NONE',  ( -0.0000000000000000000, -0.0000000000000000000, -1.000000000000000000 ) ) ;
#2943 =( NAMED_UNIT ( * ) PLANE_ANGLE_UNIT ( ) SI_UNIT ( $, .RADIAN. ) );
#2944 = ORIENTED_EDGE ( 'NONE', *, *, #1194, .T. ) ;
#2945 = ORIENTED_EDGE ( 'NONE', *, *, #4626, .T. ) ;
#2946 = DIRECTION ( 'NONE',  ( -0.0000000000000000000, -0.0000000000000000000, -1.000000000000000000 ) ) ;
#2947 = CARTESIAN_POINT ( 'NONE',  ( -8.000000000000003553, -5.199999999999997513, -1000.000000000000000 ) ) ;
#2948 = PLANE ( 'NONE',  #2276 ) ;
#2949 = CARTESIAN_POINT ( 'NONE',  ( -10.00000000000000178, -8.499999999999996447, -1000.000000000000000 ) ) ;
#2950 = DIRECTION ( 'NONE',  ( 0.0000000000000000000, 0.0000000000000000000, 1.000000000000000000 ) ) ;
#2951 = DIRECTION ( 'NONE',  ( -0.0000000000000000000, -0.0000000000000000000, -1.000000000000000000 ) ) ;
#2952 = PLANE ( 'NONE',  #7138 ) ;
#2953 = ORIENTED_EDGE ( 'NONE', *, *, #5443, .F. ) ;
#2954 = ORIENTED_EDGE ( 'NONE', *, *, #6652, .T. ) ;
#2955 = EDGE_CURVE ( 'NONE', #849, #5832, #5867, .T. ) ;
#2956 = LINE ( 'NONE', #5132, #5816 ) ;
#2957 = VERTEX_POINT ( 'NONE', #411 ) ;
#2958 = CARTESIAN_POINT ( 'NONE',  ( -5.755634918610406103, -4.907106781186546307, 0.0000000000000000000 ) ) ;
#2959 = CARTESIAN_POINT ( 'NONE',  ( -3.319999999999999840, 9.150000000000002132, -1000.000000000000000 ) ) ;
#2960 = ORIENTED_EDGE ( 'NONE', *, *, #3868, .F. ) ;
#2961 = VECTOR ( 'NONE', #5668, 1000.000000000000000 ) ;
#2962 = CARTESIAN_POINT ( 'NONE',  ( -5.200000000000001066, 8.000000000000003553, -1000.000000000000000 ) ) ;
#2963 = CIRCLE ( 'NONE', #7082, 0.2500000000000000000 ) ;
#2964 = DIRECTION ( 'NONE',  ( 0.0000000000000000000, 1.000000000000000000, 0.0000000000000000000 ) ) ;
#2965 = EDGE_CURVE ( 'NONE', #3244, #1199, #6215, .T. ) ;
#2966 = EDGE_LOOP ( 'NONE', ( #1836, #4307, #266, #6895 ) ) ;
#2967 = DIRECTION ( 'NONE',  ( 0.0000000000000000000, 0.0000000000000000000, 1.000000000000000000 ) ) ;
#2968 = EDGE_CURVE ( 'NONE', #3018, #3173, #1868, .T. ) ;
#2969 = ORIENTED_EDGE ( 'NONE', *, *, #5669, .T. ) ;
#2970 = CIRCLE ( 'NONE', #6023, 0.2500000000000002220 ) ;
#2971 = EDGE_CURVE ( 'NONE', #7023, #6626, #929, .T. ) ;
#2972 = AXIS2_PLACEMENT_3D ( 'NONE', #6822, #4508, #4542 ) ;
#2973 = DIRECTION ( 'NONE',  ( 0.0000000000000000000, 1.000000000000000000, 0.0000000000000000000 ) ) ;
#2974 = VECTOR ( 'NONE', #5520, 1000.000000000000000 ) ;
#2975 = DIRECTION ( 'NONE',  ( -1.000000000000000000, 0.0000000000000000000, 0.0000000000000000000 ) ) ;
#2976 = VERTEX_POINT ( 'NONE', #3657 ) ;
#2977 = ORIENTED_EDGE ( 'NONE', *, *, #255, .T. ) ;
#2978 = CARTESIAN_POINT ( 'NONE',  ( 3.249999999999999556, 0.4590169943749445314, 0.0000000000000000000 ) ) ;
#2979 = VECTOR ( 'NONE', #1143, 1000.000000000000000 ) ;
#2980 = EDGE_LOOP ( 'NONE', ( #4281, #3688, #777, #5680 ) ) ;
#2981 = ORIENTED_EDGE ( 'NONE', *, *, #6901, .T. ) ;
#2982 = CARTESIAN_POINT ( 'NONE',  ( -6.350000000000004086, -8.849999999999997868, 0.0000000000000000000 ) ) ;
#2983 = EDGE_CURVE ( 'NONE', #5221, #3620, #6564, .T. ) ;
#2984 = LINE ( 'NONE', #5227, #6971 ) ;
#2985 = AXIS2_PLACEMENT_3D ( 'NONE', #3095, #2025, #429 ) ;
#2986 = CYLINDRICAL_SURFACE ( 'NONE', #491, 0.7000000000000000666 ) ;
#2987 = DIRECTION ( 'NONE',  ( 0.0000000000000000000, 1.000000000000000000, 0.0000000000000000000 ) ) ;
#2988 = CARTESIAN_POINT ( 'NONE',  ( -0.8694422283156213460, -2.343943303841099723, 0.0000000000000000000 ) ) ;
#2989 = CARTESIAN_POINT ( 'NONE',  ( 8.849999999999997868, 6.099999999999998757, 0.0000000000000000000 ) ) ;
#2990 = FACE_OUTER_BOUND ( 'NONE', #6357, .T. ) ;
#2991 = ORIENTED_EDGE ( 'NONE', *, *, #778, .T. ) ;
#2992 = EDGE_LOOP ( 'NONE', ( #3655, #3901, #1762, #5575 ) ) ;
#2993 = EDGE_CURVE ( 'NONE', #2176, #7250, #4205, .T. ) ;
#2994 = AXIS2_PLACEMENT_3D ( 'NONE', #1799, #6256, #643 ) ;
#2995 = DIRECTION ( 'NONE',  ( 1.000000000000000000, 0.0000000000000000000, 0.0000000000000000000 ) ) ;
#2996 = LINE ( 'NONE', #3584, #6864 ) ;
#2997 = EDGE_LOOP ( 'NONE', ( #4607, #6239, #2503, #1163 ) ) ;
#2998 = LINE ( 'NONE', #1230, #4319 ) ;
#2999 = CARTESIAN_POINT ( 'NONE',  ( -8.093826238111395455, 4.115060990489114445, 0.0000000000000000000 ) ) ;
#3000 = ORIENTED_EDGE ( 'NONE', *, *, #3339, .F. ) ;
#3001 = CIRCLE ( 'NONE', #3935, 0.2500000000000002220 ) ;
#3002 = DIRECTION ( 'NONE',  ( 0.4472135954999488794, 0.8944271909999204073, 0.0000000000000000000 ) ) ;
#3003 = LINE ( 'NONE', #632, #5046 ) ;
#3004 = AXIS2_PLACEMENT_3D ( 'NONE', #3859, #4370, #2682 ) ;
#3005 = ORIENTED_EDGE ( 'NONE', *, *, #1980, .F. ) ;
#3006 = CARTESIAN_POINT ( 'NONE',  ( 9.400000000000000355, 3.699999999999997069, -1000.000000000000000 ) ) ;
#3007 = ORIENTED_EDGE ( 'NONE', *, *, #1351, .F. ) ;
#3008 = DIRECTION ( 'NONE',  ( -0.0000000000000000000, -0.0000000000000000000, -1.000000000000000000 ) ) ;
#3009 = CIRCLE ( 'NONE', #5592, 0.7000000000000000666 ) ;
#3010 = ADVANCED_FACE ( 'NONE', ( #4954 ), #5058, .F. ) ;
#3011 = EDGE_CURVE ( 'NONE', #7180, #3907, #1149, .T. ) ;
#3012 = DIRECTION ( 'NONE',  ( -0.0000000000000000000, -0.0000000000000000000, -1.000000000000000000 ) ) ;
#3013 = VERTEX_POINT ( 'NONE', #3368 ) ;
#3014 = ORIENTED_EDGE ( 'NONE', *, *, #6840, .F. ) ;
#3015 = DIRECTION ( 'NONE',  ( 1.224646799147345565E-16, 1.000000000000000000, -0.0000000000000000000 ) ) ;
#3016 = CARTESIAN_POINT ( 'NONE',  ( 0.0000000000000000000, -0.0000000000000000000, -1000.000000000000000 ) ) ;
#3017 = ORIENTED_EDGE ( 'NONE', *, *, #6784, .F. ) ;
#3018 = VERTEX_POINT ( 'NONE', #584 ) ;
#3019 = CARTESIAN_POINT ( 'NONE',  ( 6.100000000000002309, 8.849999999999999645, -1000.000000000000000 ) ) ;
#3020 = ADVANCED_FACE ( 'NONE', ( #2781 ), #1, .F. ) ;
#3021 = LINE ( 'NONE', #3607, #713 ) ;
#3022 = DIRECTION ( 'NONE',  ( 0.0000000000000000000, 0.0000000000000000000, -1.000000000000000000 ) ) ;
#3023 = FACE_OUTER_BOUND ( 'NONE', #1768, .T. ) ;
#3024 = CARTESIAN_POINT ( 'NONE',  ( -2.050609665440985552, 2.050609665440980223, -1000.000000000000000 ) ) ;
#3025 = DIRECTION ( 'NONE',  ( 0.0000000000000000000, -0.0000000000000000000, -1.000000000000000000 ) ) ;
#3026 = ADVANCED_FACE ( 'NONE', ( #2820 ), #516, .T. ) ;
#3027 = CARTESIAN_POINT ( 'NONE',  ( 3.320000000000002061, 9.400000000000002132, -1000.000000000000000 ) ) ;
#3028 = VERTEX_POINT ( 'NONE', #5646 ) ;
#3029 = VERTEX_POINT ( 'NONE', #7236 ) ;
#3030 = CARTESIAN_POINT ( 'NONE',  ( -6.350000000000004086, -9.099999999999997868, 0.0000000000000000000 ) ) ;
#3031 = DIRECTION ( 'NONE',  ( -0.0000000000000000000, -0.0000000000000000000, -1.000000000000000000 ) ) ;
#3032 = EDGE_CURVE ( 'NONE', #1780, #5286, #6129, .T. ) ;
#3033 = EDGE_LOOP ( 'NONE', ( #2755, #3764, #2039, #150 ) ) ;
#3034 = CARTESIAN_POINT ( 'NONE',  ( 6.100000000000002309, 6.099999999999995204, 0.0000000000000000000 ) ) ;
#3035 = VERTEX_POINT ( 'NONE', #2194 ) ;
#3036 = CIRCLE ( 'NONE', #4435, 2.499999999999992895 ) ;
#3037 = VECTOR ( 'NONE', #147, 1000.000000000000000 ) ;
#3038 = VECTOR ( 'NONE', #7173, 1000.000000000000000 ) ;
#3039 = DIRECTION ( 'NONE',  ( -1.000000000000000000, -2.554369476926718043E-15, 0.0000000000000000000 ) ) ;
#3040 = AXIS2_PLACEMENT_3D ( 'NONE', #5160, #2259, #102 ) ;
#3041 = ORIENTED_EDGE ( 'NONE', *, *, #3782, .T. ) ;
#3042 = CARTESIAN_POINT ( 'NONE',  ( -10.00000000000000355, -3.069999999999994955, 0.0000000000000000000 ) ) ;
#3043 = ORIENTED_EDGE ( 'NONE', *, *, #2016, .T. ) ;
#3044 = VECTOR ( 'NONE', #6456, 1000.000000000000000 ) ;
#3045 = EDGE_CURVE ( 'NONE', #6523, #5915, #5339, .T. ) ;
#3046 = DIRECTION ( 'NONE',  ( 1.000000000000000000, 0.0000000000000000000, 0.0000000000000000000 ) ) ;
#3047 = AXIS2_PLACEMENT_3D ( 'NONE', #6508, #3863, #5484 ) ;
#3048 = AXIS2_PLACEMENT_3D ( 'NONE', #77, #2347, #6206 ) ;
#3049 = CARTESIAN_POINT ( 'NONE',  ( 2.050609665440985108, -2.050609665440980667, -1000.000000000000000 ) ) ;
#3050 = ORIENTED_EDGE ( 'NONE', *, *, #673, .F. ) ;
#3051 = CARTESIAN_POINT ( 'NONE',  ( 4.949999999999999289, -8.700000000000004619, -1000.000000000000000 ) ) ;
#3052 = DIRECTION ( 'NONE',  ( 0.0000000000000000000, 0.0000000000000000000, 1.000000000000000000 ) ) ;
#3053 = ORIENTED_EDGE ( 'NONE', *, *, #1953, .T. ) ;
#3054 = ORIENTED_EDGE ( 'NONE', *, *, #1309, .T. ) ;
#3055 = FACE_OUTER_BOUND ( 'NONE', #6872, .T. ) ;
#3056 = DIRECTION ( 'NONE',  ( 0.0000000000000000000, 0.0000000000000000000, 1.000000000000000000 ) ) ;
#3057 = CARTESIAN_POINT ( 'NONE',  ( -3.700000000000000622, 9.400000000000000355, -1000.000000000000000 ) ) ;
#3058 = DIRECTION ( 'NONE',  ( 0.0000000000000000000, 0.0000000000000000000, 1.000000000000000000 ) ) ;
#3059 = CARTESIAN_POINT ( 'NONE',  ( -5.755634918610406103, -4.907106781186546307, 0.0000000000000000000 ) ) ;
#3060 = LINE ( 'NONE', #4750, #3102 ) ;
#3061 = MANIFOLD_SOLID_BREP ( 'Зеркальное отражение23', #1571 ) ;
#3062 = DIRECTION ( 'NONE',  ( 1.000000000000000000, 0.0000000000000000000, 0.0000000000000000000 ) ) ;
#3063 = EDGE_CURVE ( 'NONE', #5220, #2291, #3340, .T. ) ;
#3064 = VERTEX_POINT ( 'NONE', #5020 ) ;
#3065 = ORIENTED_EDGE ( 'NONE', *, *, #3011, .T. ) ;
#3066 = EDGE_CURVE ( 'NONE', #6766, #531, #2171, .T. ) ;
#3067 = VERTEX_POINT ( 'NONE', #1710 ) ;
#3068 = EDGE_CURVE ( 'NONE', #2189, #2630, #4463, .T. ) ;
#3069 = DIRECTION ( 'NONE',  ( 0.0000000000000000000, -0.0000000000000000000, -1.000000000000000000 ) ) ;
#3070 = AXIS2_PLACEMENT_3D ( 'NONE', #3357, #5638, #5050 ) ;
#3071 = DIRECTION ( 'NONE',  ( -9.957992501029670227E-17, -1.000000000000000000, 0.0000000000000000000 ) ) ;
#3072 = ORIENTED_EDGE ( 'NONE', *, *, #4452, .T. ) ;
#3073 = DIRECTION ( 'NONE',  ( 0.0000000000000000000, 0.0000000000000000000, 1.000000000000000000 ) ) ;
#3074 = ORIENTED_EDGE ( 'NONE', *, *, #7204, .T. ) ;
#3075 = CARTESIAN_POINT ( 'NONE',  ( -4.085786437626903300, 3.237258300203046613, -1000.000000000000000 ) ) ;
#3076 = EDGE_LOOP ( 'NONE', ( #6597, #3276, #3053, #7302 ) ) ;
#3077 = CARTESIAN_POINT ( 'NONE',  ( -3.473606797749979602, -0.3472135954999565621, -1000.000000000000000 ) ) ;
#3078 = ORIENTED_EDGE ( 'NONE', *, *, #5871, .F. ) ;
#3079 = CIRCLE ( 'NONE', #6600, 0.2500000000000002220 ) ;
#3080 = DIRECTION ( 'NONE',  ( -0.0000000000000000000, -0.0000000000000000000, -1.000000000000000000 ) ) ;
#3081 = VECTOR ( 'NONE', #2184, 1000.000000000000000 ) ;
#3082 = FACE_OUTER_BOUND ( 'NONE', #583, .T. ) ;
#3083 = ORIENTED_EDGE ( 'NONE', *, *, #3339, .T. ) ;
#3085 = LINE ( 'NONE', #3636, #1975 ) ;
#3084 = CIRCLE ( 'NONE', #4612, 2.000000000000000000 ) ;
#3086 = EDGE_LOOP ( 'NONE', ( #2599, #1117, #141, #4102 ) ) ;
#3087 = CARTESIAN_POINT ( 'NONE',  ( 4.907106781186548083, -5.755634918610406103, -1000.000000000000000 ) ) ;
#3088 = VECTOR ( 'NONE', #5479, 1000.000000000000000 ) ;
#3089 = VECTOR ( 'NONE', #4123, 1000.000000000000000 ) ;
#3090 = DIRECTION ( 'NONE',  ( 0.0000000000000000000, 1.000000000000000000, 0.0000000000000000000 ) ) ;
#3091 = DIRECTION ( 'NONE',  ( -0.7071067811865476838, -0.7071067811865473507, 0.0000000000000000000 ) ) ;
#3092 = DIRECTION ( 'NONE',  ( 0.0000000000000000000, 0.0000000000000000000, 1.000000000000000000 ) ) ;
#3093 = AXIS2_PLACEMENT_3D ( 'NONE', #178, #1959, #6375 ) ;
#3094 = DIRECTION ( 'NONE',  ( 1.000000000000000000, -1.991598500205934045E-16, 0.0000000000000000000 ) ) ;
#3095 = CARTESIAN_POINT ( 'NONE',  ( -3.950000000000003730, -9.750000000000000000, -1000.000000000000000 ) ) ;
#3096 = DIRECTION ( 'NONE',  ( -0.0000000000000000000, -0.0000000000000000000, -1.000000000000000000 ) ) ;
#3097 = CARTESIAN_POINT ( 'NONE',  ( -6.100000000000001421, 6.099999999999996092, 0.0000000000000000000 ) ) ;
#3098 = ORIENTED_EDGE ( 'NONE', *, *, #2264, .F. ) ;
#3099 = ORIENTED_EDGE ( 'NONE', *, *, #4494, .F. ) ;
#3100 = ORIENTED_EDGE ( 'NONE', *, *, #3328, .F. ) ;
#3101 = EDGE_CURVE ( 'NONE', #7039, #2152, #1604, .T. ) ;
#3102 = VECTOR ( 'NONE', #5856, 1000.000000000000000 ) ;
#3103 = FACE_OUTER_BOUND ( 'NONE', #5826, .T. ) ;
#3104 = EDGE_CURVE ( 'NONE', #2069, #2241, #6751, .T. ) ;
#3105 = PLANE ( 'NONE',  #4947 ) ;
#3106 = ADVANCED_FACE ( 'NONE', ( #1300 ), #4689, .T. ) ;
#3107 = ORIENTED_EDGE ( 'NONE', *, *, #5366, .T. ) ;
#3108 = CARTESIAN_POINT ( 'NONE',  ( -5.200000000000001066, 8.700000000000002842, -1000.000000000000000 ) ) ;
#3109 = CIRCLE ( 'NONE', #1226, 0.2500000000000002220 ) ;
#3110 = ORIENTED_EDGE ( 'NONE', *, *, #6163, .F. ) ;
#3111 = DIRECTION ( 'NONE',  ( -0.0000000000000000000, -0.0000000000000000000, 1.000000000000000000 ) ) ;
#3112 = DIRECTION ( 'NONE',  ( 0.0000000000000000000, 0.0000000000000000000, 1.000000000000000000 ) ) ;
#3113 = ORIENTED_EDGE ( 'NONE', *, *, #5430, .T. ) ;
#3114 = LINE ( 'NONE', #2600, #3285 ) ;
#3115 = ORIENTED_EDGE ( 'NONE', *, *, #2478, .T. ) ;
#3116 = MECHANICAL_DESIGN_GEOMETRIC_PRESENTATION_REPRESENTATION (  '', ( #2183 ), #6517 ) ;
#3117 = CARTESIAN_POINT ( 'NONE',  ( 5.200000000000001066, -6.048528137423859086, -1000.000000000000000 ) ) ;
#3118 = CIRCLE ( 'NONE', #876, 0.2500000000000002220 ) ;
#3119 = ADVANCED_FACE ( 'NONE', ( #1262 ), #6934, .T. ) ;
#3120 = DIRECTION ( 'NONE',  ( 4.212044549456247126E-16, 1.000000000000000000, 0.0000000000000000000 ) ) ;
#3121 = EDGE_LOOP ( 'NONE', ( #1260, #1320, #6911, #6889 ) ) ;
#3122 = FACE_OUTER_BOUND ( 'NONE', #2362, .T. ) ;
#3123 = AXIS2_PLACEMENT_3D ( 'NONE', #6778, #7271, #7237 ) ;
#3124 = LINE ( 'NONE', #1918, #5442 ) ;
#3125 = DIRECTION ( 'NONE',  ( -1.000000000000000000, 1.224646799147345565E-16, 0.0000000000000000000 ) ) ;
#3126 = CARTESIAN_POINT ( 'NONE',  ( 0.4590169943749449755, -3.499999999999999556, 0.0000000000000000000 ) ) ;
#3127 = VECTOR ( 'NONE', #319, 1000.000000000000000 ) ;
#3128 = DIRECTION ( 'NONE',  ( -1.000000000000000000, 0.0000000000000000000, 0.0000000000000000000 ) ) ;
#3129 = VERTEX_POINT ( 'NONE', #6854 ) ;
#3130 = LINE ( 'NONE', #1885, #2101 ) ;
#3131 = CARTESIAN_POINT ( 'NONE',  ( 8.499999999999996447, -10.00000000000000178, 0.0000000000000000000 ) ) ;
#3132 = CYLINDRICAL_SURFACE ( 'NONE', #4910, 1.000000000000000000 ) ;
#3133 = LINE ( 'NONE', #3757, #161 ) ;
#3134 = ORIENTED_EDGE ( 'NONE', *, *, #2928, .F. ) ;
#3135 = ORIENTED_EDGE ( 'NONE', *, *, #843, .T. ) ;
#3136 = VERTEX_POINT ( 'NONE', #5792 ) ;
#3137 = EDGE_CURVE ( 'NONE', #1676, #1788, #108, .T. ) ;
#3138 = CARTESIAN_POINT ( 'NONE',  ( -1.823044737829954132, -5.499999999999999112, 0.0000000000000000000 ) ) ;
#3139 = LINE ( 'NONE', #325, #6699 ) ;
#3140 = CARTESIAN_POINT ( 'NONE',  ( 9.150000000000002132, 3.069999999999996732, 0.0000000000000000000 ) ) ;
#3141 = ORIENTED_EDGE ( 'NONE', *, *, #4953, .T. ) ;
#3142 = LINE ( 'NONE', #2628, #2680 ) ;
#3143 = EDGE_LOOP ( 'NONE', ( #6951, #4620, #4185, #1464 ) ) ;
#3144 = ORIENTED_EDGE ( 'NONE', *, *, #7159, .F. ) ;
#3145 = CARTESIAN_POINT ( 'NONE',  ( 3.069999999999998508, -8.000000000000005329, -1000.000000000000000 ) ) ;
#3146 = CARTESIAN_POINT ( 'NONE',  ( 8.000000000000003553, 3.319999999999997620, -1000.000000000000000 ) ) ;
#3147 = CIRCLE ( 'NONE', #6319, 0.2500000000000002220 ) ;
#3148 = ORIENTED_EDGE ( 'NONE', *, *, #1849, .T. ) ;
#3149 = ORIENTED_EDGE ( 'NONE', *, *, #6669, .T. ) ;
#3150 = DIRECTION ( 'NONE',  ( -0.0000000000000000000, -0.0000000000000000000, -1.000000000000000000 ) ) ;
#3151 = EDGE_CURVE ( 'NONE', #954, #5279, #7104, .T. ) ;
#3152 = EDGE_CURVE ( 'NONE', #1610, #2776, #5275, .T. ) ;
#3153 = CARTESIAN_POINT ( 'NONE',  ( -6.100000000000001421, 8.849999999999999645, 0.0000000000000000000 ) ) ;
#3154 = EDGE_CURVE ( 'NONE', #4899, #2630, #1188, .T. ) ;
#3155 = AXIS2_PLACEMENT_3D ( 'NONE', #5601, #3876, #4384 ) ;
#3156 = CARTESIAN_POINT ( 'NONE',  ( 5.200000000000001954, 6.048528137423857309, -1000.000000000000000 ) ) ;
#3157 = VERTEX_POINT ( 'NONE', #4131 ) ;
#3158 = VECTOR ( 'NONE', #3879, 1000.000000000000000 ) ;
#3159 = DIRECTION ( 'NONE',  ( 0.0000000000000000000, 0.0000000000000000000, 1.000000000000000000 ) ) ;
#3160 = SURFACE_SIDE_STYLE ('',( #2090 ) ) ;
#3161 = AXIS2_PLACEMENT_3D ( 'NONE', #743, #4066, #3552 ) ;
#3162 = DIRECTION ( 'NONE',  ( -1.000000000000000000, -2.220446049250312588E-16, 0.0000000000000000000 ) ) ;
#3163 = AXIS2_PLACEMENT_3D ( 'NONE', #4913, #3731, #370 ) ;
#3164 = DIRECTION ( 'NONE',  ( -0.0000000000000000000, -0.0000000000000000000, -1.000000000000000000 ) ) ;
#3165 = CARTESIAN_POINT ( 'NONE',  ( 8.250000000000000000, -3.919843788128358764, 0.0000000000000000000 ) ) ;
#3166 = VECTOR ( 'NONE', #2967, 1000.000000000000000 ) ;
#3167 = CARTESIAN_POINT ( 'NONE',  ( 10.00000000000000000, 10.00000000000000178, 0.0000000000000000000 ) ) ;
#3168 = VERTEX_POINT ( 'NONE', #3472 ) ;
#3169 = DIRECTION ( 'NONE',  ( -0.4472135954999487684, -0.8944271909999205183, 0.0000000000000000000 ) ) ;
#3170 = CARTESIAN_POINT ( 'NONE',  ( -4.115060990489119774, -8.093826238111395455, 0.0000000000000000000 ) ) ;
#3171 = LINE ( 'NONE', #466, #4196 ) ;
#3172 = PLANE ( 'NONE',  #4068 ) ;
#3173 = VERTEX_POINT ( 'NONE', #2373 ) ;
#3174 = EDGE_LOOP ( 'NONE', ( #964, #5418, #3928, #2105 ) ) ;
#3175 = ORIENTED_EDGE ( 'NONE', *, *, #5625, .T. ) ;
#3176 = DIRECTION ( 'NONE',  ( -1.991598500205934045E-16, -1.000000000000000000, 0.0000000000000000000 ) ) ;
#3177 = DIRECTION ( 'NONE',  ( 1.000000000000000000, -3.445092848397658153E-16, 0.0000000000000000000 ) ) ;
#3178 = DIRECTION ( 'NONE',  ( 3.216245299353279611E-16, 1.000000000000000000, 0.0000000000000000000 ) ) ;
#3179 = ORIENTED_EDGE ( 'NONE', *, *, #642, .T. ) ;
#3180 = CARTESIAN_POINT ( 'NONE',  ( 9.750000000000001776, 3.699999999999996625, 0.0000000000000000000 ) ) ;
#3181 = CIRCLE ( 'NONE', #5998, 0.4999999999999995559 ) ;
#3182 = ORIENTED_EDGE ( 'NONE', *, *, #5578, .T. ) ;
#3183 = EDGE_CURVE ( 'NONE', #6621, #5018, #2956, .T. ) ;
#3184 = ORIENTED_EDGE ( 'NONE', *, *, #528, .F. ) ;
#3185 = LINE ( 'NONE', #5906, #3629 ) ;
#3186 = FACE_OUTER_BOUND ( 'NONE', #4275, .T. ) ;
#3187 = ORIENTED_EDGE ( 'NONE', *, *, #1184, .T. ) ;
#3188 = ORIENTED_EDGE ( 'NONE', *, *, #661, .T. ) ;
#3189 = DIRECTION ( 'NONE',  ( 0.8944271909999206294, 0.4472135954999486573, 0.0000000000000000000 ) ) ;
#3190 = PLANE ( 'NONE',  #2611 ) ;
#3191 = EDGE_CURVE ( 'NONE', #297, #7136, #1818, .T. ) ;
#3192 = EDGE_CURVE ( 'NONE', #1899, #4700, #2996, .T. ) ;
#3193 = EDGE_CURVE ( 'NONE', #4148, #1837, #5831, .T. ) ;
#3194 = ORIENTED_EDGE ( 'NONE', *, *, #6180, .F. ) ;
#3195 = CARTESIAN_POINT ( 'NONE',  ( -8.499999999999998224, 8.500000000000000000, -1000.000000000000000 ) ) ;
#3196 = VECTOR ( 'NONE', #3198, 1000.000000000000000 ) ;
#3197 = ADVANCED_FACE ( 'NONE', ( #2444 ), #6382, .T. ) ;
#3198 = DIRECTION ( 'NONE',  ( 1.224646799147345565E-16, 1.000000000000000000, 0.0000000000000000000 ) ) ;
#3199 = CIRCLE ( 'NONE', #2737, 2.000000000000000000 ) ;
#3200 = CARTESIAN_POINT ( 'NONE',  ( -8.400000000000000355, 8.400000000000000355, -1000.000000000000000 ) ) ;
#3201 = VECTOR ( 'NONE', #3229, 999.9999999999998863 ) ;
#3202 = CARTESIAN_POINT ( 'NONE',  ( -6.048528137423859086, -5.199999999999998401, -1000.000000000000000 ) ) ;
#3203 = LINE ( 'NONE', #7217, #2424 ) ;
#3204 = VERTEX_POINT ( 'NONE', #4059 ) ;
#3205 = CARTESIAN_POINT ( 'NONE',  ( 3.499999999999999556, 2.651471862576141092, -1000.000000000000000 ) ) ;
#3206 = DIRECTION ( 'NONE',  ( 0.0000000000000000000, 0.0000000000000000000, -1.000000000000000000 ) ) ;
#3207 = LINE ( 'NONE', #4337, #2212 ) ;
#3208 = CYLINDRICAL_SURFACE ( 'NONE', #3711, 0.4999999999999995559 ) ;
#3209 = ORIENTED_EDGE ( 'NONE', *, *, #1353, .F. ) ;
#3210 = VERTEX_POINT ( 'NONE', #660 ) ;
#3211 = VECTOR ( 'NONE', #5819, 1000.000000000000114 ) ;
#3212 = EDGE_CURVE ( 'NONE', #3210, #7289, #3433, .T. ) ;
#3213 = DIRECTION ( 'NONE',  ( -0.0000000000000000000, 1.000000000000000000, -0.0000000000000000000 ) ) ;
#3214 = DIRECTION ( 'NONE',  ( 1.000000000000000000, 0.0000000000000000000, 0.0000000000000000000 ) ) ;
#3215 = DIRECTION ( 'NONE',  ( 7.456862032281076577E-16, -1.000000000000000000, 0.0000000000000000000 ) ) ;
#3216 = PLANE ( 'NONE',  #3919 ) ;
#3218 = ADVANCED_FACE ( 'NONE', ( #222 ), #695, .T. ) ;
#3217 = VECTOR ( 'NONE', #3533, 1000.000000000000000 ) ;
#3219 = ORIENTED_EDGE ( 'NONE', *, *, #4139, .T. ) ;
#3220 = DIRECTION ( 'NONE',  ( 0.0000000000000000000, -1.000000000000000000, 0.0000000000000000000 ) ) ;
#3221 = ORIENTED_EDGE ( 'NONE', *, *, #4706, .T. ) ;
#3222 = CIRCLE ( 'NONE', #1578, 0.2500000000000000000 ) ;
#3223 = ORIENTED_EDGE ( 'NONE', *, *, #6163, .T. ) ;
#3224 = DIRECTION ( 'NONE',  ( 0.0000000000000000000, 1.000000000000000000, 0.0000000000000000000 ) ) ;
#3225 = LINE ( 'NONE', #4914, #3516 ) ;
#3226 = VERTEX_POINT ( 'NONE', #1779 ) ;
#3227 = ORIENTED_EDGE ( 'NONE', *, *, #2095, .F. ) ;
#3228 = DIRECTION ( 'NONE',  ( -0.0000000000000000000, -0.0000000000000000000, 1.000000000000000000 ) ) ;
#3229 = DIRECTION ( 'NONE',  ( 0.7071067811865472397, -0.7071067811865477948, 0.0000000000000000000 ) ) ;
#3230 = ORIENTED_EDGE ( 'NONE', *, *, #984, .T. ) ;
#3231 = CARTESIAN_POINT ( 'NONE',  ( 9.750000000000001776, 3.699999999999996625, 0.0000000000000000000 ) ) ;
#3232 = EDGE_CURVE ( 'NONE', #5183, #3347, #6818, .T. ) ;
#3233 = LINE ( 'NONE', #5478, #2852 ) ;
#3234 = CIRCLE ( 'NONE', #1594, 0.2500000000000002220 ) ;
#3235 = PLANE ( 'NONE',  #3633 ) ;
#3236 = CARTESIAN_POINT ( 'NONE',  ( 3.699999999999998845, -9.400000000000002132, -1000.000000000000000 ) ) ;
#3237 = CARTESIAN_POINT ( 'NONE',  ( 0.4590169943749461412, 3.499999999999999556, -1000.000000000000000 ) ) ;
#3238 = ORIENTED_EDGE ( 'NONE', *, *, #3137, .T. ) ;
#3239 = FACE_OUTER_BOUND ( 'NONE', #2124, .T. ) ;
#3240 = DIRECTION ( 'NONE',  ( 0.0000000000000000000, -0.0000000000000000000, -1.000000000000000000 ) ) ;
#3241 = CIRCLE ( 'NONE', #4175, 0.2499999999999997780 ) ;
#3242 = CARTESIAN_POINT ( 'NONE',  ( -4.600000000000004086, -8.700000000000001066, -1000.000000000000000 ) ) ;
#3243 = CARTESIAN_POINT ( 'NONE',  ( 8.450000000000001066, 5.199999999999999289, 0.0000000000000000000 ) ) ;
#3244 = VERTEX_POINT ( 'NONE', #2889 ) ;
#3245 = EDGE_LOOP ( 'NONE', ( #6546, #4844, #2850, #3880 ) ) ;
#3246 = EDGE_CURVE ( 'NONE', #4183, #6731, #70, .T. ) ;
#3247 = EDGE_CURVE ( 'NONE', #5576, #7017, #2482, .T. ) ;
#3248 = AXIS2_PLACEMENT_3D ( 'NONE', #7135, #1544, #3788 ) ;
#3249 = DIRECTION ( 'NONE',  ( 0.0000000000000000000, 0.0000000000000000000, 1.000000000000000000 ) ) ;
#3250 = FACE_OUTER_BOUND ( 'NONE', #6867, .T. ) ;
#3251 = EDGE_CURVE ( 'NONE', #274, #3388, #5973, .T. ) ;
#3252 = DIRECTION ( 'NONE',  ( 0.0000000000000000000, -0.0000000000000000000, 1.000000000000000000 ) ) ;
#3253 = CARTESIAN_POINT ( 'NONE',  ( -8.606173761888607388, 4.524939009510884347, -1000.000000000000000 ) ) ;
#3254 = ORIENTED_EDGE ( 'NONE', *, *, #7162, .T. ) ;
#3255 = FACE_OUTER_BOUND ( 'NONE', #4631, .T. ) ;
#3256 = ORIENTED_EDGE ( 'NONE', *, *, #5218, .T. ) ;
#3257 = ADVANCED_FACE ( 'NONE', ( #5457 ), #3105, .F. ) ;
#3258 = ORIENTED_EDGE ( 'NONE', *, *, #5352, .T. ) ;
#3259 = ORIENTED_EDGE ( 'NONE', *, *, #797, .T. ) ;
#3260 = EDGE_CURVE ( 'NONE', #4000, #4538, #400, .T. ) ;
#3261 = DIRECTION ( 'NONE',  ( 0.0000000000000000000, -0.0000000000000000000, -1.000000000000000000 ) ) ;
#3262 = EDGE_LOOP ( 'NONE', ( #2591, #2247, #3400, #5939 ) ) ;
#3263 = ORIENTED_EDGE ( 'NONE', *, *, #4494, .T. ) ;
#3264 = DIRECTION ( 'NONE',  ( 1.000000000000000000, -3.075153856882639803E-15, 0.0000000000000000000 ) ) ;
#3265 = CARTESIAN_POINT ( 'NONE',  ( -8.093826238111395455, 4.115060990489115333, 0.0000000000000000000 ) ) ;
#3266 = CIRCLE ( 'NONE', #6092, 0.2500000000000002220 ) ;
#3267 = ORIENTED_EDGE ( 'NONE', *, *, #5789, .T. ) ;
#3268 = DIRECTION ( 'NONE',  ( 0.0000000000000000000, 0.0000000000000000000, -1.000000000000000000 ) ) ;
#3269 = AXIS2_PLACEMENT_3D ( 'NONE', #3195, #7058, #5957 ) ;
#3270 = EDGE_CURVE ( 'NONE', #2550, #6396, #5647, .T. ) ;
#3271 = DIRECTION ( 'NONE',  ( -1.000000000000000000, 0.0000000000000000000, 0.0000000000000000000 ) ) ;
#3272 = CIRCLE ( 'NONE', #5032, 0.2499999999999997780 ) ;
#3273 = LINE ( 'NONE', #2173, #1795 ) ;
#3274 = PLANE ( 'NONE',  #4527 ) ;
#3275 = ORIENTED_EDGE ( 'NONE', *, *, #1816, .F. ) ;
#3276 = ORIENTED_EDGE ( 'NONE', *, *, #528, .T. ) ;
#3277 = DIRECTION ( 'NONE',  ( 0.8944271909999204073, -0.4472135954999487129, 0.0000000000000000000 ) ) ;
#3278 = DIRECTION ( 'NONE',  ( 0.0000000000000000000, 1.000000000000000000, 0.0000000000000000000 ) ) ;
#3279 = AXIS2_PLACEMENT_3D ( 'NONE', #4224, #804, #2512 ) ;
#3280 = LINE ( 'NONE', #914, #4549 ) ;
#3281 = DIRECTION ( 'NONE',  ( -0.7071067811865476838, 0.7071067811865474617, 0.0000000000000000000 ) ) ;
#3282 = ORIENTED_EDGE ( 'NONE', *, *, #4046, .T. ) ;
#3283 = ORIENTED_EDGE ( 'NONE', *, *, #6085, .T. ) ;
#3284 = AXIS2_PLACEMENT_3D ( 'NONE', #6929, #1334, #5892 ) ;
#3285 = VECTOR ( 'NONE', #4734, 1000.000000000000000 ) ;
#3286 = DIRECTION ( 'NONE',  ( -1.000000000000000000, -0.0000000000000000000, -0.0000000000000000000 ) ) ;
#3287 = ADVANCED_FACE ( 'NONE', ( #2658 ), #3651, .T. ) ;
#3288 = PLANE ( 'NONE',  #2207 ) ;
#3289 = VECTOR ( 'NONE', #2932, 1000.000000000000000 ) ;
#3290 = DIRECTION ( 'NONE',  ( 1.000000000000000000, 0.0000000000000000000, 0.0000000000000000000 ) ) ;
#3291 = EDGE_CURVE ( 'NONE', #2957, #513, #6550, .T. ) ;
#3292 = CARTESIAN_POINT ( 'NONE',  ( 3.700000000000001954, 9.400000000000000355, -1000.000000000000000 ) ) ;
#3293 = EDGE_CURVE ( 'NONE', #5187, #1066, #3181, .T. ) ;
#3294 = ORIENTED_EDGE ( 'NONE', *, *, #4265, .T. ) ;
#3295 = LINE ( 'NONE', #4830, #4924 ) ;
#3296 = ORIENTED_EDGE ( 'NONE', *, *, #5283, .F. ) ;
#3297 = ORIENTED_EDGE ( 'NONE', *, *, #4178, .F. ) ;
#3298 = ORIENTED_EDGE ( 'NONE', *, *, #2827, .F. ) ;
#3299 = DIRECTION ( 'NONE',  ( 1.734723475976807094E-15, -1.000000000000000000, 0.0000000000000000000 ) ) ;
#3300 = LINE ( 'NONE', #3884, #3480 ) ;
#3301 = VERTEX_POINT ( 'NONE', #2073 ) ;
#3302 = VERTEX_POINT ( 'NONE', #253 ) ;
#3303 = CARTESIAN_POINT ( 'NONE',  ( -3.700000000000003730, -9.399999999999998579, 0.0000000000000000000 ) ) ;
#3304 = ADVANCED_FACE ( 'NONE', ( #2552 ), #361, .T. ) ;
#3305 = DIRECTION ( 'NONE',  ( 1.000000000000000000, 0.0000000000000000000, 0.0000000000000000000 ) ) ;
#3306 = VERTEX_POINT ( 'NONE', #845 ) ;
#3307 = CARTESIAN_POINT ( 'NONE',  ( 9.150000000000000355, -3.319999999999999396, -1000.000000000000000 ) ) ;
#3308 = DIRECTION ( 'NONE',  ( 0.0000000000000000000, 0.0000000000000000000, 1.000000000000000000 ) ) ;
#3309 = ORIENTED_EDGE ( 'NONE', *, *, #2364, .F. ) ;
#3310 = VERTEX_POINT ( 'NONE', #4304 ) ;
#3311 = CARTESIAN_POINT ( 'NONE',  ( 8.500000000000000000, 8.499999999999998224, -1000.000000000000000 ) ) ;
#3312 = CARTESIAN_POINT ( 'NONE',  ( 8.699999999999999289, -4.950000000000001066, -1000.000000000000000 ) ) ;
#3313 = CARTESIAN_POINT ( 'NONE',  ( 1.217219119641870018, 3.281520625377542633, -1000.000000000000000 ) ) ;
#3314 = DIRECTION ( 'NONE',  ( 4.336808689942017736E-16, 1.000000000000000000, 0.0000000000000000000 ) ) ;
#3315 = ORIENTED_EDGE ( 'NONE', *, *, #1176, .T. ) ;
#3316 = ORIENTED_EDGE ( 'NONE', *, *, #3212, .F. ) ;
#3317 = VECTOR ( 'NONE', #2127, 1000.000000000000000 ) ;
#3318 = DIRECTION ( 'NONE',  ( -0.0000000000000000000, -0.0000000000000000000, -1.000000000000000000 ) ) ;
#3319 = CARTESIAN_POINT ( 'NONE',  ( -5.200000000000003730, -8.700000000000001066, 0.0000000000000000000 ) ) ;
#3320 = DIRECTION ( 'NONE',  ( -0.0000000000000000000, -0.0000000000000000000, -1.000000000000000000 ) ) ;
#3321 = DIRECTION ( 'NONE',  ( 0.0000000000000000000, 0.0000000000000000000, 1.000000000000000000 ) ) ;
#3322 = AXIS2_PLACEMENT_3D ( 'NONE', #5307, #2518, #4721 ) ;
#3323 = ORIENTED_EDGE ( 'NONE', *, *, #5619, .T. ) ;
#3324 = FACE_OUTER_BOUND ( 'NONE', #6677, .T. ) ;
#3325 = ORIENTED_EDGE ( 'NONE', *, *, #4219, .T. ) ;
#3326 = ORIENTED_EDGE ( 'NONE', *, *, #7168, .T. ) ;
#3327 = VECTOR ( 'NONE', #5613, 1000.000000000000114 ) ;
#3328 = EDGE_CURVE ( 'NONE', #593, #6697, #2001, .T. ) ;
#3329 = ADVANCED_FACE ( 'NONE', ( #6483 ), #3761, .F. ) ;
#3330 = EDGE_CURVE ( 'NONE', #3129, #445, #5935, .T. ) ;
#3331 = VECTOR ( 'NONE', #1593, 1000.000000000000000 ) ;
#3332 = CARTESIAN_POINT ( 'NONE',  ( 6.462741699796953121, 4.199999999999999289, -1000.000000000000000 ) ) ;
#3333 = ORIENTED_EDGE ( 'NONE', *, *, #115, .T. ) ;
#3334 = ORIENTED_EDGE ( 'NONE', *, *, #2749, .F. ) ;
#3335 = CARTESIAN_POINT ( 'NONE',  ( 4.950000000000001954, 8.700000000000002842, -1000.000000000000000 ) ) ;
#3336 = LINE ( 'NONE', #2787, #2687 ) ;
#3337 = EDGE_CURVE ( 'NONE', #4517, #3724, #3139, .T. ) ;
#3338 = AXIS2_PLACEMENT_3D ( 'NONE', #2686, #4374, #6623 ) ;
#3339 = EDGE_CURVE ( 'NONE', #4286, #4831, #2589, .T. ) ;
#3340 = CIRCLE ( 'NONE', #269, 1.000000000000000000 ) ;
#3341 = ORIENTED_EDGE ( 'NONE', *, *, #7038, .F. ) ;
#3342 = EDGE_CURVE ( 'NONE', #2159, #4934, #2035, .T. ) ;
#3343 = VECTOR ( 'NONE', #6077, 1000.000000000000000 ) ;
#3344 = DIRECTION ( 'NONE',  ( 1.000000000000000000, -3.445092848397658153E-16, 0.0000000000000000000 ) ) ;
#3345 = EDGE_CURVE ( 'NONE', #5070, #496, #2126, .T. ) ;
#3346 = DIRECTION ( 'NONE',  ( 0.6246950475544242876, -0.7808688094430303872, 0.0000000000000000000 ) ) ;
#3347 = VERTEX_POINT ( 'NONE', #2109 ) ;
#3348 = ORIENTED_EDGE ( 'NONE', *, *, #5482, .F. ) ;
#3349 = LINE ( 'NONE', #3312, #2284 ) ;
#3350 = CARTESIAN_POINT ( 'NONE',  ( -1.217219119641870684, -3.281520625377542189, -1000.000000000000000 ) ) ;
#3351 = CARTESIAN_POINT ( 'NONE',  ( -3.237258300203048833, -4.085786437626903300, 0.0000000000000000000 ) ) ;
#3352 = EDGE_LOOP ( 'NONE', ( #6322, #2114, #5016, #4377 ) ) ;
#3353 = ORIENTED_EDGE ( 'NONE', *, *, #3970, .F. ) ;
#3354 = CIRCLE ( 'NONE', #2888, 0.2500000000000002220 ) ;
#3355 = DIRECTION ( 'NONE',  ( 1.000000000000000000, 0.0000000000000000000, 0.0000000000000000000 ) ) ;
#3356 = DIRECTION ( 'NONE',  ( -0.0000000000000000000, -0.0000000000000000000, -1.000000000000000000 ) ) ;
#3357 = CARTESIAN_POINT ( 'NONE',  ( 3.249999999999999556, -0.4590169943749455861, -1000.000000000000000 ) ) ;
#3358 = AXIS2_PLACEMENT_3D ( 'NONE', #6506, #1923, #351 ) ;
#3359 = CARTESIAN_POINT ( 'NONE',  ( -9.150000000000002132, 3.069999999999998064, -1000.000000000000000 ) ) ;
#3360 = CARTESIAN_POINT ( 'NONE',  ( -4.950000000000003730, -8.700000000000001066, 0.0000000000000000000 ) ) ;
#3361 = DIRECTION ( 'NONE',  ( 0.0000000000000000000, -0.0000000000000000000, 1.000000000000000000 ) ) ;
#3362 = ORIENTED_EDGE ( 'NONE', *, *, #6029, .F. ) ;
#3363 = PLANE ( 'NONE',  #5390 ) ;
#3364 = EDGE_LOOP ( 'NONE', ( #6513, #7088, #1600, #5002 ) ) ;
#3365 = VERTEX_POINT ( 'NONE', #6421 ) ;
#3366 = EDGE_CURVE ( 'NONE', #1888, #433, #3617, .T. ) ;
#3367 = CIRCLE ( 'NONE', #175, 0.2500000000000002220 ) ;
#3368 = CARTESIAN_POINT ( 'NONE',  ( -4.085786437626904188, -3.237258300203045280, -1000.000000000000000 ) ) ;
#3369 = CARTESIAN_POINT ( 'NONE',  ( -8.700000000000001066, 5.200000000000000178, -1000.000000000000000 ) ) ;
#3370 = ORIENTED_EDGE ( 'NONE', *, *, #7146, .T. ) ;
#3371 = ORIENTED_EDGE ( 'NONE', *, *, #3729, .F. ) ;
#3372 = CARTESIAN_POINT ( 'NONE',  ( -4.950000000000001066, 8.700000000000002842, -1000.000000000000000 ) ) ;
#3373 = CARTESIAN_POINT ( 'NONE',  ( 9.150000000000002132, 3.069999999999996732, 0.0000000000000000000 ) ) ;
#3374 = CARTESIAN_POINT ( 'NONE',  ( -3.070000000000002949, -8.000000000000001776, -1000.000000000000000 ) ) ;
#3375 = ORIENTED_EDGE ( 'NONE', *, *, #1684, .T. ) ;
#3376 = ADVANCED_FACE ( 'NONE', ( #2807 ), #7295, .T. ) ;
#3377 = EDGE_CURVE ( 'NONE', #7273, #3582, #4465, .T. ) ;
#3378 = ADVANCED_FACE ( 'NONE', ( #4942 ), #2734, .F. ) ;
#3379 = CARTESIAN_POINT ( 'NONE',  ( -8.606173761888607388, 4.524939009510884347, 0.0000000000000000000 ) ) ;
#3380 = DIRECTION ( 'NONE',  ( 0.0000000000000000000, 0.0000000000000000000, 1.000000000000000000 ) ) ;
#3381 = EDGE_LOOP ( 'NONE', ( #7101, #5501, #6913, #1651 ) ) ;
#3382 = VERTEX_POINT ( 'NONE', #998 ) ;
#3383 = CIRCLE ( 'NONE', #1618, 1.000000000000000000 ) ;
#3384 = DIRECTION ( 'NONE',  ( -0.0000000000000000000, 0.0000000000000000000, 1.000000000000000000 ) ) ;
#3385 = DIRECTION ( 'NONE',  ( -0.0000000000000000000, -0.0000000000000000000, -1.000000000000000000 ) ) ;
#3386 = CARTESIAN_POINT ( 'NONE',  ( -9.400000000000002132, 3.319999999999998952, 0.0000000000000000000 ) ) ;
#3387 = ORIENTED_EDGE ( 'NONE', *, *, #1337, .F. ) ;
#3388 = VERTEX_POINT ( 'NONE', #6084 ) ;
#3389 = VECTOR ( 'NONE', #4506, 1000.000000000000000 ) ;
#3390 = CARTESIAN_POINT ( 'NONE',  ( 10.00000000000000000, -3.069999999999999840, 0.0000000000000000000 ) ) ;
#3391 = EDGE_CURVE ( 'NONE', #395, #7126, #7176, .T. ) ;
#3392 = CARTESIAN_POINT ( 'NONE',  ( 3.319999999999998508, -8.250000000000005329, -1000.000000000000000 ) ) ;
#3393 = CARTESIAN_POINT ( 'NONE',  ( -8.000000000000001776, 3.919843788128356987, -1000.000000000000000 ) ) ;
#3394 = AXIS2_PLACEMENT_3D ( 'NONE', #5675, #1108, #614 ) ;
#3395 = CARTESIAN_POINT ( 'NONE',  ( 4.115060990489117110, 8.093826238111397231, -1000.000000000000000 ) ) ;
#3396 = DIRECTION ( 'NONE',  ( -0.0000000000000000000, 0.0000000000000000000, 1.000000000000000000 ) ) ;
#3397 = CARTESIAN_POINT ( 'NONE',  ( -5.755634918610404327, 4.907106781186548083, 0.0000000000000000000 ) ) ;
#3398 = CARTESIAN_POINT ( 'NONE',  ( -0.8694422283156213460, -2.343943303841099723, -1000.000000000000000 ) ) ;
#3399 = EDGE_LOOP ( 'NONE', ( #4315, #5242, #6816, #2520 ) ) ;
#3400 = ORIENTED_EDGE ( 'NONE', *, *, #6026, .F. ) ;
#3401 = VECTOR ( 'NONE', #6428, 1000.000000000000000 ) ;
#3402 = DIRECTION ( 'NONE',  ( 0.6246950475544246206, 0.7808688094430300541, 0.0000000000000000000 ) ) ;
#3403 = EDGE_CURVE ( 'NONE', #2492, #5111, #6664, .T. ) ;
#3404 = CARTESIAN_POINT ( 'NONE',  ( 9.150000000000000355, -3.319999999999999396, -1000.000000000000000 ) ) ;
#3405 = ORIENTED_EDGE ( 'NONE', *, *, #6360, .T. ) ;
#3406 = DIRECTION ( 'NONE',  ( 0.0000000000000000000, 0.0000000000000000000, 1.000000000000000000 ) ) ;
#3407 = CARTESIAN_POINT ( 'NONE',  ( 8.000000000000001776, 5.199999999999999289, -1000.000000000000000 ) ) ;
#3408 = LINE ( 'NONE', #5137, #3327 ) ;
#3409 = LINE ( 'NONE', #3479, #3983 ) ;
#3410 = ORIENTED_EDGE ( 'NONE', *, *, #2226, .F. ) ;
#3411 = EDGE_CURVE ( 'NONE', #849, #954, #1068, .T. ) ;
#3412 = DIRECTION ( 'NONE',  ( 1.000000000000000000, -1.991598500205934045E-16, 0.0000000000000000000 ) ) ;
#3413 = EDGE_CURVE ( 'NONE', #7023, #1004, #6587, .T. ) ;
#3414 = EDGE_CURVE ( 'NONE', #4821, #4276, #4352, .T. ) ;
#3415 = CYLINDRICAL_SURFACE ( 'NONE', #2071, 0.2500000000000002220 ) ;
#3416 = ORIENTED_EDGE ( 'NONE', *, *, #6727, .T. ) ;
#3417 = ORIENTED_EDGE ( 'NONE', *, *, #4587, .T. ) ;
#3418 = CARTESIAN_POINT ( 'NONE',  ( 0.3472135954999588936, 3.473606797749979602, 0.0000000000000000000 ) ) ;
#3419 = LINE ( 'NONE', #5114, #6438 ) ;
#3420 = CARTESIAN_POINT ( 'NONE',  ( -3.499999999999999556, 0.4590169943749448644, -1000.000000000000000 ) ) ;
#3421 = ORIENTED_EDGE ( 'NONE', *, *, #658, .T. ) ;
#3422 = ORIENTED_EDGE ( 'NONE', *, *, #3937, .T. ) ;
#3423 = CARTESIAN_POINT ( 'NONE',  ( -8.700000000000001066, 5.200000000000000178, 0.0000000000000000000 ) ) ;
#3424 = FACE_OUTER_BOUND ( 'NONE', #2966, .T. ) ;
#3425 = DIRECTION ( 'NONE',  ( -0.0000000000000000000, 0.0000000000000000000, -1.000000000000000000 ) ) ;
#3426 = CARTESIAN_POINT ( 'NONE',  ( -6.100000000000001421, 6.799999999999999822, 0.0000000000000000000 ) ) ;
#3427 = DIRECTION ( 'NONE',  ( -1.000000000000000000, 0.0000000000000000000, 0.0000000000000000000 ) ) ;
#3428 = LINE ( 'NONE', #5053, #4500 ) ;
#3429 = FACE_OUTER_BOUND ( 'NONE', #2598, .T. ) ;
#3430 = VERTEX_POINT ( 'NONE', #3393 ) ;
#3431 = ORIENTED_EDGE ( 'NONE', *, *, #4739, .T. ) ;
#3432 = VECTOR ( 'NONE', #2677, 999.9999999999998863 ) ;
#3433 = LINE ( 'NONE', #4650, #5579 ) ;
#3434 = EDGE_CURVE ( 'NONE', #1798, #225, #1035, .T. ) ;
#3435 = CIRCLE ( 'NONE', #4138, 1.000000000000000000 ) ;
#3436 = VECTOR ( 'NONE', #6204, 1000.000000000000000 ) ;
#3437 = DIRECTION ( 'NONE',  ( 0.0000000000000000000, 0.0000000000000000000, 1.000000000000000000 ) ) ;
#3438 = ORIENTED_EDGE ( 'NONE', *, *, #6085, .F. ) ;
#3439 = CARTESIAN_POINT ( 'NONE',  ( -4.720156211871647578, -8.700000000000001066, 0.0000000000000000000 ) ) ;
#3440 = FACE_OUTER_BOUND ( 'NONE', #4179, .T. ) ;
#3441 = VECTOR ( 'NONE', #5744, 1000.000000000000114 ) ;
#3442 = LINE ( 'NONE', #1124, #5203 ) ;
#3443 = CIRCLE ( 'NONE', #6151, 0.2500000000000002220 ) ;
#3444 = CARTESIAN_POINT ( 'NONE',  ( 6.099999999999993427, -6.100000000000000533, -1000.000000000000000 ) ) ;
#3445 = VECTOR ( 'NONE', #5603, 1000.000000000000000 ) ;
#3446 = ORIENTED_EDGE ( 'NONE', *, *, #3920, .F. ) ;
#3447 = DIRECTION ( 'NONE',  ( 0.0000000000000000000, 0.0000000000000000000, -1.000000000000000000 ) ) ;
#3448 = ORIENTED_EDGE ( 'NONE', *, *, #342, .F. ) ;
#3449 = VECTOR ( 'NONE', #5925, 1000.000000000000000 ) ;
#3450 = DIRECTION ( 'NONE',  ( -0.0000000000000000000, -0.0000000000000000000, -1.000000000000000000 ) ) ;
#3451 = CARTESIAN_POINT ( 'NONE',  ( -8.700000000000002842, -4.599999999999996980, -1000.000000000000000 ) ) ;
#3452 = ORIENTED_EDGE ( 'NONE', *, *, #6469, .F. ) ;
#3453 = VECTOR ( 'NONE', #91, 1000.000000000000000 ) ;
#3454 = VERTEX_POINT ( 'NONE', #2146 ) ;
#3455 = LINE ( 'NONE', #6289, #6985 ) ;
#3456 = DIRECTION ( 'NONE',  ( 0.0000000000000000000, -1.000000000000000000, 0.0000000000000000000 ) ) ;
#3457 = DIRECTION ( 'NONE',  ( 0.0000000000000000000, 0.0000000000000000000, 1.000000000000000000 ) ) ;
#3458 = ADVANCED_FACE ( 'NONE', ( #5493 ), #6192, .T. ) ;
#3459 = ORIENTED_EDGE ( 'NONE', *, *, #1276, .F. ) ;
#3460 = ORIENTED_EDGE ( 'NONE', *, *, #4535, .F. ) ;
#3461 = CARTESIAN_POINT ( 'NONE',  ( 8.449999999999999289, -4.720156211871644913, 0.0000000000000000000 ) ) ;
#3462 = CYLINDRICAL_SURFACE ( 'NONE', #2267, 0.2500000000000000000 ) ;
#3463 = DIRECTION ( 'NONE',  ( 0.0000000000000000000, 0.0000000000000000000, -1.000000000000000000 ) ) ;
#3464 = CARTESIAN_POINT ( 'NONE',  ( -10.00000000000000178, -3.949999999999994404, -1000.000000000000000 ) ) ;
#3465 = CARTESIAN_POINT ( 'NONE',  ( 8.400000000000000355, 9.099999999999997868, 0.0000000000000000000 ) ) ;
#3466 = LINE ( 'NONE', #4492, #6034 ) ;
#3467 = CARTESIAN_POINT ( 'NONE',  ( 8.000000000000003553, 3.069999999999997620, -1000.000000000000000 ) ) ;
#3468 = ADVANCED_FACE ( 'NONE', ( #4488 ), #3288, .T. ) ;
#3469 = VERTEX_POINT ( 'NONE', #6736 ) ;
#3470 = ORIENTED_EDGE ( 'NONE', *, *, #4848, .T. ) ;
#3471 = ADVANCED_FACE ( 'NONE', ( #3250 ), #471, .F. ) ;
#3472 = CARTESIAN_POINT ( 'NONE',  ( -9.999999999999998224, 8.500000000000000000, 0.0000000000000000000 ) ) ;
#3473 = ORIENTED_EDGE ( 'NONE', *, *, #2508, .T. ) ;
#3474 = CARTESIAN_POINT ( 'NONE',  ( 3.700000000000001510, 10.00000000000000000, -1000.000000000000000 ) ) ;
#3475 = DIRECTION ( 'NONE',  ( 0.0000000000000000000, 0.0000000000000000000, 1.000000000000000000 ) ) ;
#3476 = CIRCLE ( 'NONE', #1714, 1.000000000000000000 ) ;
#3477 = DIRECTION ( 'NONE',  ( 1.000000000000000000, 0.0000000000000000000, -0.0000000000000000000 ) ) ;
#3478 = EDGE_CURVE ( 'NONE', #389, #4634, #1140, .T. ) ;
#3479 = CARTESIAN_POINT ( 'NONE',  ( 3.320000000000002061, 9.400000000000002132, -1000.000000000000000 ) ) ;
#3480 = VECTOR ( 'NONE', #1711, 1000.000000000000114 ) ;
#3481 = ORIENTED_EDGE ( 'NONE', *, *, #1812, .T. ) ;
#3482 = DIRECTION ( 'NONE',  ( 0.0000000000000000000, 0.0000000000000000000, 1.000000000000000000 ) ) ;
#3483 = ORIENTED_EDGE ( 'NONE', *, *, #3560, .F. ) ;
#3484 = LINE ( 'NONE', #1239, #5905 ) ;
#3485 = CARTESIAN_POINT ( 'NONE',  ( -3.070000000000002505, -8.250000000000001776, -1000.000000000000000 ) ) ;
#3486 = ORIENTED_EDGE ( 'NONE', *, *, #2286, .F. ) ;
#3487 = ORIENTED_EDGE ( 'NONE', *, *, #7258, .T. ) ;
#3488 = EDGE_CURVE ( 'NONE', #5834, #6936, #7260, .T. ) ;
#3489 = DIRECTION ( 'NONE',  ( 0.0000000000000000000, 0.0000000000000000000, -1.000000000000000000 ) ) ;
#3490 = DIRECTION ( 'NONE',  ( -0.0000000000000000000, -0.0000000000000000000, -1.000000000000000000 ) ) ;
#3491 = CARTESIAN_POINT ( 'NONE',  ( -8.400000000000002132, -9.099999999999997868, -1000.000000000000000 ) ) ;
#3492 = ORIENTED_EDGE ( 'NONE', *, *, #7263, .T. ) ;
#3493 = EDGE_LOOP ( 'NONE', ( #6270, #109, #4459, #7109 ) ) ;
#3494 = DIRECTION ( 'NONE',  ( 0.0000000000000000000, 1.000000000000000000, 0.0000000000000000000 ) ) ;
#3495 = CARTESIAN_POINT ( 'NONE',  ( 8.449999999999999289, -4.950000000000001066, -1000.000000000000000 ) ) ;
#3496 = VECTOR ( 'NONE', #3792, 1000.000000000000000 ) ;
#3497 = FACE_OUTER_BOUND ( 'NONE', #4940, .T. ) ;
#3498 = DIRECTION ( 'NONE',  ( 1.000000000000000000, -1.224646799147345565E-16, -0.0000000000000000000 ) ) ;
#3499 = CARTESIAN_POINT ( 'NONE',  ( -0.4590169943749456416, 3.249999999999999556, -1000.447213595499761 ) ) ;
#3500 = DIRECTION ( 'NONE',  ( 0.0000000000000000000, 0.0000000000000000000, -1.000000000000000000 ) ) ;
#3501 = PLANE ( 'NONE',  #7268 ) ;
#3502 = ORIENTED_EDGE ( 'NONE', *, *, #2398, .T. ) ;
#3503 = ORIENTED_EDGE ( 'NONE', *, *, #4850, .F. ) ;
#3504 = VECTOR ( 'NONE', #6277, 1000.000000000000000 ) ;
#3505 = EDGE_CURVE ( 'NONE', #3907, #7239, #7212, .T. ) ;
#3506 = AXIS2_PLACEMENT_3D ( 'NONE', #6820, #5795, #1781 ) ;
#3507 = EDGE_CURVE ( 'NONE', #5286, #2796, #142, .T. ) ;
#3508 = DIRECTION ( 'NONE',  ( -0.0000000000000000000, -0.0000000000000000000, -1.000000000000000000 ) ) ;
#3509 = EDGE_CURVE ( 'NONE', #5665, #6480, #6770, .T. ) ;
#3510 = AXIS2_PLACEMENT_3D ( 'NONE', #963, #1487, #3220 ) ;
#3511 = ORIENTED_EDGE ( 'NONE', *, *, #1356, .F. ) ;
#3512 = CARTESIAN_POINT ( 'NONE',  ( 3.499999999999999556, 0.3999999999999988010, -1000.447213595499761 ) ) ;
#3513 = DIRECTION ( 'NONE',  ( -0.0000000000000000000, -0.0000000000000000000, -1.000000000000000000 ) ) ;
#3514 = ORIENTED_EDGE ( 'NONE', *, *, #4166, .F. ) ;
#3515 = VECTOR ( 'NONE', #5749, 1000.000000000000000 ) ;
#3516 = VECTOR ( 'NONE', #1567, 1000.000000000000000 ) ;
#3517 = DIRECTION ( 'NONE',  ( -0.0000000000000000000, -0.0000000000000000000, -1.000000000000000000 ) ) ;
#3518 = AXIS2_PLACEMENT_3D ( 'NONE', #3521, #3482, #2351 ) ;
#3519 = CARTESIAN_POINT ( 'NONE',  ( 9.750000000000000000, 3.949999999999997957, -1000.000000000000000 ) ) ;
#3520 = VERTEX_POINT ( 'NONE', #4565 ) ;
#3521 = CARTESIAN_POINT ( 'NONE',  ( -3.950000000000000178, 9.750000000000001776, 0.0000000000000000000 ) ) ;
#3522 = ORIENTED_EDGE ( 'NONE', *, *, #3861, .T. ) ;
#3523 = EDGE_CURVE ( 'NONE', #4878, #7153, #3913, .T. ) ;
#3524 = PLANE ( 'NONE',  #2385 ) ;
#3525 = EDGE_CURVE ( 'NONE', #1837, #6235, #2436, .T. ) ;
#3526 = LINE ( 'NONE', #5626, #644 ) ;
#3527 = ORIENTED_EDGE ( 'NONE', *, *, #752, .F. ) ;
#3528 = ORIENTED_EDGE ( 'NONE', *, *, #3104, .F. ) ;
#3529 = AXIS2_PLACEMENT_3D ( 'NONE', #1412, #4198, #2624 ) ;
#3530 = CYLINDRICAL_SURFACE ( 'NONE', #981, 0.2500000000000002220 ) ;
#3531 = EDGE_LOOP ( 'NONE', ( #6775, #1777, #3275, #4110 ) ) ;
#3532 = ORIENTED_EDGE ( 'NONE', *, *, #5419, .T. ) ;
#3533 = DIRECTION ( 'NONE',  ( -3.216245299353279611E-16, -1.000000000000000000, 0.0000000000000000000 ) ) ;
#3534 = LINE ( 'NONE', #5779, #4493 ) ;
#3535 = CARTESIAN_POINT ( 'NONE',  ( -5.200000000000002842, -6.048528137423856421, -1000.000000000000000 ) ) ;
#3536 = DIRECTION ( 'NONE',  ( 0.0000000000000000000, 1.000000000000000000, 0.0000000000000000000 ) ) ;
#3537 = DIRECTION ( 'NONE',  ( 0.0000000000000000000, 1.000000000000000000, 0.0000000000000000000 ) ) ;
#3538 = FACE_OUTER_BOUND ( 'NONE', #1756, .T. ) ;
#3539 = PLANE ( 'NONE',  #2693 ) ;
#3540 = ORIENTED_EDGE ( 'NONE', *, *, #5130, .T. ) ;
#3541 = VERTEX_POINT ( 'NONE', #2914 ) ;
#3542 = CARTESIAN_POINT ( 'NONE',  ( 3.319999999999998508, -8.250000000000005329, -1000.000000000000000 ) ) ;
#3543 = DIRECTION ( 'NONE',  ( 0.0000000000000000000, -1.000000000000000000, 0.0000000000000000000 ) ) ;
#3544 = ORIENTED_EDGE ( 'NONE', *, *, #2166, .T. ) ;
#3545 = DIRECTION ( 'NONE',  ( 0.0000000000000000000, 0.0000000000000000000, -1.000000000000000000 ) ) ;
#3546 = LINE ( 'NONE', #4693, #7160 ) ;
#3547 = EDGE_CURVE ( 'NONE', #2033, #1377, #6333, .T. ) ;
#3548 = VERTEX_POINT ( 'NONE', #4011 ) ;
#3549 = VECTOR ( 'NONE', #4365, 1000.000000000000000 ) ;
#3550 = EDGE_CURVE ( 'NONE', #5187, #1489, #2626, .T. ) ;
#3551 = ADVANCED_FACE ( 'NONE', ( #5228 ), #2294, .F. ) ;
#3552 = DIRECTION ( 'NONE',  ( -1.000000000000000000, 5.719453778396288762E-16, 0.0000000000000000000 ) ) ;
#3553 = AXIS2_PLACEMENT_3D ( 'NONE', #1963, #7041, #4197 ) ;
#3554 = VECTOR ( 'NONE', #529, 1000.000000000000000 ) ;
#3555 = CARTESIAN_POINT ( 'NONE',  ( -9.750000000000001776, -3.949999999999995293, -1000.000000000000000 ) ) ;
#3556 = EDGE_LOOP ( 'NONE', ( #88, #2489, #1273, #6479 ) ) ;
#3557 = CARTESIAN_POINT ( 'NONE',  ( 3.319999999999998508, -9.150000000000003908, -1000.000000000000000 ) ) ;
#3558 = VERTEX_POINT ( 'NONE', #1253 ) ;
#3559 = AXIS2_PLACEMENT_3D ( 'NONE', #5408, #5616, #4890 ) ;
#3560 = EDGE_CURVE ( 'NONE', #6293, #3653, #1219, .T. ) ;
#3561 = DIRECTION ( 'NONE',  ( 0.0000000000000000000, 0.0000000000000000000, 1.000000000000000000 ) ) ;
#3562 = VECTOR ( 'NONE', #1632, 1000.000000000000000 ) ;
#3563 = ADVANCED_FACE ( 'NONE', ( #3497 ), #2948, .T. ) ;
#3564 = AXIS2_PLACEMENT_3D ( 'NONE', #3608, #278, #5999 ) ;
#3565 = LINE ( 'NONE', #2011, #6307 ) ;
#3566 = ORIENTED_EDGE ( 'NONE', *, *, #3748, .T. ) ;
#3567 = ORIENTED_EDGE ( 'NONE', *, *, #3414, .F. ) ;
#3568 = PLANE ( 'NONE',  #1460 ) ;
#3569 = LINE ( 'NONE', #757, #276 ) ;
#3570 = CIRCLE ( 'NONE', #2163, 0.2499999999999997780 ) ;
#3571 = ORIENTED_EDGE ( 'NONE', *, *, #2789, .F. ) ;
#3572 = ORIENTED_EDGE ( 'NONE', *, *, #2205, .F. ) ;
#3573 = CARTESIAN_POINT ( 'NONE',  ( 6.349999999999999645, -9.100000000000001421, 0.0000000000000000000 ) ) ;
#3574 = ADVANCED_FACE ( 'NONE', ( #1180 ), #727, .T. ) ;
#3575 = DIRECTION ( 'NONE',  ( -0.0000000000000000000, -0.0000000000000000000, 1.000000000000000000 ) ) ;
#3576 = CARTESIAN_POINT ( 'NONE',  ( -6.800000000000004263, -6.799999999999997158, -1000.000000000000000 ) ) ;
#3577 = DIRECTION ( 'NONE',  ( -0.0000000000000000000, -0.0000000000000000000, -1.000000000000000000 ) ) ;
#3578 = CARTESIAN_POINT ( 'NONE',  ( -6.100000000000004086, -6.799999999999998046, 0.0000000000000000000 ) ) ;
#3579 = CARTESIAN_POINT ( 'NONE',  ( 3.950000000000001066, 10.00000000000000178, -1000.000000000000000 ) ) ;
#3580 = FACE_OUTER_BOUND ( 'NONE', #4912, .T. ) ;
#3581 = ORIENTED_EDGE ( 'NONE', *, *, #7187, .T. ) ;
#3582 = VERTEX_POINT ( 'NONE', #5709 ) ;
#3583 = PLANE ( 'NONE',  #5143 ) ;
#3584 = CARTESIAN_POINT ( 'NONE',  ( -3.950000000000003730, -10.00000000000000000, -1000.000000000000000 ) ) ;
#3585 = ORIENTED_EDGE ( 'NONE', *, *, #6695, .T. ) ;
#3586 = CARTESIAN_POINT ( 'NONE',  ( 6.800000000000002487, 6.099999999999998757, -1000.000000000000000 ) ) ;
#3587 = VERTEX_POINT ( 'NONE', #5157 ) ;
#3588 = EDGE_CURVE ( 'NONE', #2427, #4340, #100, .T. ) ;
#3589 = PRODUCT_DEFINITION_FORMATION_WITH_SPECIFIED_SOURCE ( 'ANY', '', #1157, .NOT_KNOWN. ) ;
#3590 = CARTESIAN_POINT ( 'NONE',  ( -3.281520625377542633, -1.217219119641867797, -1000.000000000000000 ) ) ;
#3591 = CIRCLE ( 'NONE', #408, 1.000000000000000000 ) ;
#3592 = ORIENTED_EDGE ( 'NONE', *, *, #3411, .T. ) ;
#3593 = CARTESIAN_POINT ( 'NONE',  ( -8.250000000000005329, -3.069999999999995399, -1000.000000000000000 ) ) ;
#3594 = ORIENTED_EDGE ( 'NONE', *, *, #790, .T. ) ;
#3595 = LINE ( 'NONE', #5840, #6024 ) ;
#3596 = AXIS2_PLACEMENT_3D ( 'NONE', #5251, #3634, #1424 ) ;
#3597 = EDGE_CURVE ( 'NONE', #1947, #6378, #1807, .T. ) ;
#3598 = ADVANCED_FACE ( 'NONE', ( #687 ), #135, .T. ) ;
#3599 = DIRECTION ( 'NONE',  ( -0.0000000000000000000, -0.0000000000000000000, -1.000000000000000000 ) ) ;
#3600 = VERTEX_POINT ( 'NONE', #2879 ) ;
#3601 = DIRECTION ( 'NONE',  ( -0.0000000000000000000, 1.000000000000000000, -0.0000000000000000000 ) ) ;
#3602 = DIRECTION ( 'NONE',  ( 0.0000000000000000000, 0.0000000000000000000, 1.000000000000000000 ) ) ;
#3603 = EDGE_LOOP ( 'NONE', ( #4790, #5930, #4856, #3850 ) ) ;
#3604 = ORIENTED_EDGE ( 'NONE', *, *, #5355, .T. ) ;
#3605 = ADVANCED_FACE ( 'NONE', ( #4639 ), #6883, .F. ) ;
#3606 = DIRECTION ( 'NONE',  ( 0.0000000000000000000, 0.0000000000000000000, 1.000000000000000000 ) ) ;
#3607 = CARTESIAN_POINT ( 'NONE',  ( -4.600000000000004086, -8.700000000000001066, 0.0000000000000000000 ) ) ;
#3608 = CARTESIAN_POINT ( 'NONE',  ( -3.950000000000003730, -9.750000000000000000, -1000.000000000000000 ) ) ;
#3609 = CARTESIAN_POINT ( 'NONE',  ( 3.700000000000001510, 9.750000000000001776, 0.0000000000000000000 ) ) ;
#3610 = DIRECTION ( 'NONE',  ( 1.000000000000000000, 0.0000000000000000000, 0.0000000000000000000 ) ) ;
#3611 = CARTESIAN_POINT ( 'NONE',  ( -1.217219119641869574, 3.281520625377542633, -1000.000000000000000 ) ) ;
#3612 = DIRECTION ( 'NONE',  ( -0.0000000000000000000, -0.0000000000000000000, -1.000000000000000000 ) ) ;
#3613 = ORIENTED_EDGE ( 'NONE', *, *, #1832, .T. ) ;
#3614 = VERTEX_POINT ( 'NONE', #612 ) ;
#3615 = AXIS2_PLACEMENT_3D ( 'NONE', #6186, #1133, #7254 ) ;
#3616 = LINE ( 'NONE', #5864, #4021 ) ;
#3617 = LINE ( 'NONE', #5865, #6941 ) ;
#3618 = ORIENTED_EDGE ( 'NONE', *, *, #3232, .F. ) ;
#3619 = DIRECTION ( 'NONE',  ( 0.0000000000000000000, 0.0000000000000000000, 1.000000000000000000 ) ) ;
#3620 = VERTEX_POINT ( 'NONE', #3972 ) ;
#3621 = VECTOR ( 'NONE', #1577, 1000.000000000000000 ) ;
#3622 = AXIS2_PLACEMENT_3D ( 'NONE', #6591, #7149, #3290 ) ;
#3623 = AXIS2_PLACEMENT_3D ( 'NONE', #5126, #2885, #6268 ) ;
#3624 = DIRECTION ( 'NONE',  ( -0.0000000000000000000, -0.0000000000000000000, -1.000000000000000000 ) ) ;
#3625 = VECTOR ( 'NONE', #6848, 1000.000000000000000 ) ;
#3626 = EDGE_LOOP ( 'NONE', ( #95, #4559, #919, #3043 ) ) ;
#3627 = CARTESIAN_POINT ( 'NONE',  ( 5.200000000000000178, -8.700000000000004619, 0.0000000000000000000 ) ) ;
#3628 = ORIENTED_EDGE ( 'NONE', *, *, #3550, .F. ) ;
#3629 = VECTOR ( 'NONE', #5428, 1000.000000000000000 ) ;
#3630 = AXIS2_PLACEMENT_3D ( 'NONE', #283, #7001, #6339 ) ;
#3631 = DIRECTION ( 'NONE',  ( -1.000000000000000000, -0.0000000000000000000, -0.0000000000000000000 ) ) ;
#3632 = VECTOR ( 'NONE', #4335, 1000.000000000000000 ) ;
#3633 = AXIS2_PLACEMENT_3D ( 'NONE', #6537, #2133, #2679 ) ;
#3634 = DIRECTION ( 'NONE',  ( 9.957992501029670227E-17, -1.000000000000000000, 0.0000000000000000000 ) ) ;
#3635 = ORIENTED_EDGE ( 'NONE', *, *, #4584, .T. ) ;
#3636 = CARTESIAN_POINT ( 'NONE',  ( 6.048528137423856421, -5.200000000000001066, 0.0000000000000000000 ) ) ;
#3637 = ADVANCED_FACE ( 'NONE', ( #4084 ), #2986, .F. ) ;
#3638 = ORIENTED_EDGE ( 'NONE', *, *, #2172, .T. ) ;
#3639 = EDGE_CURVE ( 'NONE', #4006, #1361, #6229, .T. ) ;
#3640 = DIRECTION ( 'NONE',  ( 0.0000000000000000000, 0.0000000000000000000, -1.000000000000000000 ) ) ;
#3641 = EDGE_CURVE ( 'NONE', #96, #2976, #241, .T. ) ;
#3642 = CARTESIAN_POINT ( 'NONE',  ( -4.085786437626904188, -3.237258300203045280, -1000.000000000000000 ) ) ;
#3643 = CARTESIAN_POINT ( 'NONE',  ( 8.250000000000001776, -3.069999999999999840, -1000.000000000000000 ) ) ;
#3644 = CARTESIAN_POINT ( 'NONE',  ( 8.700000000000001066, 4.949999999999998401, -1000.000000000000000 ) ) ;
#3645 = CARTESIAN_POINT ( 'NONE',  ( 6.048528137423856421, -5.200000000000001066, -1000.000000000000000 ) ) ;
#3646 = CYLINDRICAL_SURFACE ( 'NONE', #1455, 1.499999999999999556 ) ;
#3647 = CARTESIAN_POINT ( 'NONE',  ( -8.606173761888609164, -4.524939009510881682, -1000.000000000000000 ) ) ;
#3648 = ORIENTED_EDGE ( 'NONE', *, *, #343, .T. ) ;
#3649 = EDGE_LOOP ( 'NONE', ( #5901, #2318, #5876, #1449, #1524, #3661, #5200, #636 ) ) ;
#3650 = CARTESIAN_POINT ( 'NONE',  ( 3.499999999999999556, -0.3999999999999999667, -1000.447213595499761 ) ) ;
#3651 = PLANE ( 'NONE',  #1890 ) ;
#3652 = EDGE_CURVE ( 'NONE', #124, #3878, #871, .T. ) ;
#3653 = VERTEX_POINT ( 'NONE', #1366 ) ;
#3654 = DIRECTION ( 'NONE',  ( -1.000000000000000000, 5.719453778396288762E-16, -0.0000000000000000000 ) ) ;
#3655 = ORIENTED_EDGE ( 'NONE', *, *, #1719, .F. ) ;
#3656 = EDGE_CURVE ( 'NONE', #3013, #4417, #831, .T. ) ;
#3657 = CARTESIAN_POINT ( 'NONE',  ( 2.404163056034252399, -1.697056274847711821, 0.0000000000000000000 ) ) ;
#3658 = FACE_OUTER_BOUND ( 'NONE', #6145, .T. ) ;
#3659 = ORIENTED_EDGE ( 'NONE', *, *, #5617, .F. ) ;
#3660 = DIRECTION ( 'NONE',  ( -0.0000000000000000000, -0.0000000000000000000, 1.000000000000000000 ) ) ;
#3661 = ORIENTED_EDGE ( 'NONE', *, *, #5954, .F. ) ;
#3662 = AXIS2_PLACEMENT_3D ( 'NONE', #7247, #1612, #3271 ) ;
#3663 = LINE ( 'NONE', #4738, #6488 ) ;
#3664 = VECTOR ( 'NONE', #1806, 1000.000000000000000 ) ;
#3665 = LINE ( 'NONE', #1357, #2542 ) ;
#3666 = ORIENTED_EDGE ( 'NONE', *, *, #2933, .T. ) ;
#3668 = DIRECTION ( 'NONE',  ( -1.000000000000000000, 5.436691348603591705E-16, 0.0000000000000000000 ) ) ;
#3667 = VECTOR ( 'NONE', #3631, 1000.000000000000000 ) ;
#3669 = CARTESIAN_POINT ( 'NONE',  ( 3.473606797749979602, -0.3472135954999583940, 0.0000000000000000000 ) ) ;
#3670 = VECTOR ( 'NONE', #7177, 1000.000000000000000 ) ;
#3671 = DIRECTION ( 'NONE',  ( 0.0000000000000000000, -0.0000000000000000000, -1.000000000000000000 ) ) ;
#3672 = CARTESIAN_POINT ( 'NONE',  ( 3.700000000000001954, 9.400000000000000355, -1000.000000000000000 ) ) ;
#3673 = CARTESIAN_POINT ( 'NONE',  ( 8.849999999999996092, -6.100000000000001421, -1000.000000000000000 ) ) ;
#3674 = ORIENTED_EDGE ( 'NONE', *, *, #1167, .F. ) ;
#3675 = LINE ( 'NONE', #4125, #1044 ) ;
#3676 = CARTESIAN_POINT ( 'NONE',  ( 4.720156211871645802, 8.700000000000002842, 0.0000000000000000000 ) ) ;
#3677 = CARTESIAN_POINT ( 'NONE',  ( -3.499999999999999556, 0.3999999999999992450, -1000.000000000000000 ) ) ;
#3678 = CARTESIAN_POINT ( 'NONE',  ( 9.399999999999998579, -3.700000000000000178, 0.0000000000000000000 ) ) ;
#3679 = VERTEX_POINT ( 'NONE', #3126 ) ;
#3680 = ORIENTED_EDGE ( 'NONE', *, *, #941, .T. ) ;
#3681 = VERTEX_POINT ( 'NONE', #1989 ) ;
#3682 = EDGE_CURVE ( 'NONE', #4006, #2776, #6539, .T. ) ;
#3683 = CYLINDRICAL_SURFACE ( 'NONE', #2913, 2.499999999999992895 ) ;
#3684 = DIRECTION ( 'NONE',  ( 0.0000000000000000000, 0.0000000000000000000, 1.000000000000000000 ) ) ;
#3685 = EDGE_CURVE ( 'NONE', #1416, #6804, #2612, .T. ) ;
#3686 = CARTESIAN_POINT ( 'NONE',  ( 9.400000000000000355, 3.699999999999997069, -1000.000000000000000 ) ) ;
#3687 = EDGE_CURVE ( 'NONE', #1786, #1249, #3443, .T. ) ;
#3688 = ORIENTED_EDGE ( 'NONE', *, *, #5993, .T. ) ;
#3689 = DIRECTION ( 'NONE',  ( -0.8944271909999205183, -0.4472135954999486573, 0.0000000000000000000 ) ) ;
#3690 = AXIS2_PLACEMENT_3D ( 'NONE', #2319, #3384, #1654 ) ;
#3691 = EDGE_LOOP ( 'NONE', ( #3814, #3933, #1030, #4976 ) ) ;
#3692 = EDGE_CURVE ( 'NONE', #4700, #6832, #1448, .T. ) ;
#3693 = VECTOR ( 'NONE', #5238, 1000.000000000000000 ) ;
#3694 = ORIENTED_EDGE ( 'NONE', *, *, #3823, .F. ) ;
#3695 = DIRECTION ( 'NONE',  ( 0.0000000000000000000, -1.000000000000000000, 0.0000000000000000000 ) ) ;
#3696 = CYLINDRICAL_SURFACE ( 'NONE', #2342, 0.2500000000000000555 ) ;
#3697 = VERTEX_POINT ( 'NONE', #4159 ) ;
#3698 = VERTEX_POINT ( 'NONE', #5410 ) ;
#3699 = DIRECTION ( 'NONE',  ( 3.469446951953614189E-15, -1.000000000000000000, 0.0000000000000000000 ) ) ;
#3700 = VECTOR ( 'NONE', #4596, 1000.000000000000000 ) ;
#3701 = LINE ( 'NONE', #2087, #2500 ) ;
#3702 = CIRCLE ( 'NONE', #5942, 0.4999999999999995559 ) ;
#3703 = CARTESIAN_POINT ( 'NONE',  ( 3.069999999999998508, -10.00000000000000355, -1000.000000000000000 ) ) ;
#3704 = ORIENTED_EDGE ( 'NONE', *, *, #5482, .T. ) ;
#3705 = FACE_OUTER_BOUND ( 'NONE', #4061, .T. ) ;
#3706 = CIRCLE ( 'NONE', #1245, 0.2500000000000002220 ) ;
#3707 = DIRECTION ( 'NONE',  ( 0.0000000000000000000, 0.0000000000000000000, 1.000000000000000000 ) ) ;
#3708 = CARTESIAN_POINT ( 'NONE',  ( 3.070000000000001172, 8.000000000000003553, 0.0000000000000000000 ) ) ;
#3709 = EDGE_CURVE ( 'NONE', #1606, #5528, #4713, .T. ) ;
#3710 = CARTESIAN_POINT ( 'NONE',  ( -3.700000000000000622, 9.400000000000000355, -1000.000000000000000 ) ) ;
#3711 = AXIS2_PLACEMENT_3D ( 'NONE', #2067, #431, #3833 ) ;
#3712 = CARTESIAN_POINT ( 'NONE',  ( 6.350000000000002309, 8.849999999999999645, -1000.000000000000000 ) ) ;
#3713 = EDGE_LOOP ( 'NONE', ( #3674, #357, #759, #4231 ) ) ;
#3714 = CARTESIAN_POINT ( 'NONE',  ( 3.919843788128359652, 8.000000000000003553, -1000.000000000000000 ) ) ;
#3715 = FACE_OUTER_BOUND ( 'NONE', #2674, .T. ) ;
#3716 = CARTESIAN_POINT ( 'NONE',  ( 10.00000000000000000, 10.00000000000000178, -1000.000000000000000 ) ) ;
#3717 = LINE ( 'NONE', #5487, #3127 ) ;
#3718 = ORIENTED_EDGE ( 'NONE', *, *, #4706, .F. ) ;
#3719 = ORIENTED_EDGE ( 'NONE', *, *, #260, .T. ) ;
#3720 = ORIENTED_EDGE ( 'NONE', *, *, #4952, .F. ) ;
#3721 = LINE ( 'NONE', #4941, #6490 ) ;
#3722 = CARTESIAN_POINT ( 'NONE',  ( -4.950000000000001066, 8.450000000000002842, 0.0000000000000000000 ) ) ;
#3723 = CARTESIAN_POINT ( 'NONE',  ( -6.800000000000001599, 6.799999999999999822, -1000.000000000000000 ) ) ;
#3724 = VERTEX_POINT ( 'NONE', #2576 ) ;
#3725 = CARTESIAN_POINT ( 'NONE',  ( -3.700000000000000622, 9.400000000000000355, 0.0000000000000000000 ) ) ;
#3726 = EDGE_LOOP ( 'NONE', ( #5235, #2531, #4505, #1248 ) ) ;
#3727 = EDGE_CURVE ( 'NONE', #880, #4056, #4814, .T. ) ;
#3728 = VERTEX_POINT ( 'NONE', #5853 ) ;
#3729 = EDGE_CURVE ( 'NONE', #140, #5010, #5439, .T. ) ;
#3730 = EDGE_CURVE ( 'NONE', #5894, #1568, #1400, .T. ) ;
#3731 = DIRECTION ( 'NONE',  ( 0.0000000000000000000, 0.0000000000000000000, 1.000000000000000000 ) ) ;
#3732 = CYLINDRICAL_SURFACE ( 'NONE', #3871, 1.000000000000000000 ) ;
#3733 = ORIENTED_EDGE ( 'NONE', *, *, #4400, .F. ) ;
#3734 = ORIENTED_EDGE ( 'NONE', *, *, #6180, .T. ) ;
#3735 = CARTESIAN_POINT ( 'NONE',  ( 5.200000000000000178, -8.700000000000004619, -1000.000000000000000 ) ) ;
#3736 = CIRCLE ( 'NONE', #3968, 0.2500000000000002220 ) ;
#3737 = CIRCLE ( 'NONE', #5505, 2.499999999999992895 ) ;
#3738 = CARTESIAN_POINT ( 'NONE',  ( 9.099999999999999645, 9.100000000000001421, -1000.000000000000000 ) ) ;
#3739 = CIRCLE ( 'NONE', #2455, 0.2500000000000002220 ) ;
#3740 = AXIS2_PLACEMENT_3D ( 'NONE', #1008, #5466, #5317 ) ;
#3741 = ORIENTED_EDGE ( 'NONE', *, *, #813, .T. ) ;
#3742 = EDGE_CURVE ( 'NONE', #7257, #445, #15, .T. ) ;
#3743 = AXIS2_PLACEMENT_3D ( 'NONE', #5977, #2113, #7193 ) ;
#3744 = DIRECTION ( 'NONE',  ( 1.000000000000000000, 0.0000000000000000000, 0.0000000000000000000 ) ) ;
#3745 = VECTOR ( 'NONE', #6944, 1000.000000000000000 ) ;
#3746 = LINE ( 'NONE', #7214, #3432 ) ;
#3747 = VECTOR ( 'NONE', #5138, 1000.000000000000000 ) ;
#3748 = EDGE_CURVE ( 'NONE', #6056, #5234, #1955, .T. ) ;
#3749 = DIRECTION ( 'NONE',  ( 0.0000000000000000000, -0.0000000000000000000, 1.000000000000000000 ) ) ;
#3750 = DIRECTION ( 'NONE',  ( 0.0000000000000000000, 0.0000000000000000000, 1.000000000000000000 ) ) ;
#3751 = VECTOR ( 'NONE', #2099, 1000.000000000000000 ) ;
#3752 = LINE ( 'NONE', #987, #5829 ) ;
#3753 = VERTEX_POINT ( 'NONE', #908 ) ;
#3754 = DIRECTION ( 'NONE',  ( 0.0000000000000000000, 0.0000000000000000000, 1.000000000000000000 ) ) ;
#3755 = FACE_OUTER_BOUND ( 'NONE', #966, .T. ) ;
#3756 = CARTESIAN_POINT ( 'NONE',  ( -3.320000000000000728, 9.400000000000002132, 0.0000000000000000000 ) ) ;
#3757 = CARTESIAN_POINT ( 'NONE',  ( 8.699999999999999289, -4.720156211871644913, 0.0000000000000000000 ) ) ;
#3758 = ORIENTED_EDGE ( 'NONE', *, *, #2056, .F. ) ;
#3759 = ORIENTED_EDGE ( 'NONE', *, *, #4403, .T. ) ;
#3760 = CARTESIAN_POINT ( 'NONE',  ( -5.755634918610404327, 4.907106781186548083, 0.0000000000000000000 ) ) ;
#3761 = PLANE ( 'NONE',  #5764 ) ;
#3762 = CYLINDRICAL_SURFACE ( 'NONE', #5974, 0.2500000000000002220 ) ;
#3763 = CARTESIAN_POINT ( 'NONE',  ( -3.070000000000002949, -8.000000000000001776, -1000.000000000000000 ) ) ;
#3764 = ORIENTED_EDGE ( 'NONE', *, *, #3782, .F. ) ;
#3765 = DIRECTION ( 'NONE',  ( 0.0000000000000000000, 0.0000000000000000000, 1.000000000000000000 ) ) ;
#3766 = AXIS2_PLACEMENT_3D ( 'NONE', #6009, #958, #3214 ) ;
#3767 = ORIENTED_EDGE ( 'NONE', *, *, #5218, .F. ) ;
#3768 = ORIENTED_EDGE ( 'NONE', *, *, #2264, .T. ) ;
#3769 = DIRECTION ( 'NONE',  ( -0.0000000000000000000, -0.0000000000000000000, -1.000000000000000000 ) ) ;
#3770 = CARTESIAN_POINT ( 'NONE',  ( 6.350000000000002309, 9.099999999999999645, -1000.000000000000000 ) ) ;
#3771 = VERTEX_POINT ( 'NONE', #5299 ) ;
#3772 = VERTEX_POINT ( 'NONE', #1469 ) ;
#3773 = DIRECTION ( 'NONE',  ( -1.000000000000000000, 0.0000000000000000000, 0.0000000000000000000 ) ) ;
#3774 = ADVANCED_FACE ( 'NONE', ( #7098, #5960, #6473, #312, #1505, #7063 ), #209, .F. ) ;
#3775 = EDGE_CURVE ( 'NONE', #5099, #1486, #6960, .T. ) ;
#3776 = DIRECTION ( 'NONE',  ( 1.000000000000000000, -9.219612983442632573E-16, 0.0000000000000000000 ) ) ;
#3777 = VERTEX_POINT ( 'NONE', #6617 ) ;
#3778 = EDGE_CURVE ( 'NONE', #2189, #3430, #4891, .T. ) ;
#3779 = CARTESIAN_POINT ( 'NONE',  ( -8.700000000000001066, 4.949999999999999289, -1000.000000000000000 ) ) ;
#3780 = EDGE_CURVE ( 'NONE', #5987, #6461, #1582, .T. ) ;
#3781 = VECTOR ( 'NONE', #1580, 1000.000000000000000 ) ;
#3782 = EDGE_CURVE ( 'NONE', #3620, #4546, #3825, .T. ) ;
#3783 = LINE ( 'NONE', #5996, #3196 ) ;
#3784 = VECTOR ( 'NONE', #6008, 1000.000000000000000 ) ;
#3785 = CARTESIAN_POINT ( 'NONE',  ( -4.115060990489118886, -8.093826238111395455, 0.0000000000000000000 ) ) ;
#3786 = CIRCLE ( 'NONE', #6606, 1.000000000000000000 ) ;
#3787 = PLANE ( 'NONE',  #2038 ) ;
#3788 = DIRECTION ( 'NONE',  ( 0.0000000000000000000, -0.0000000000000000000, -1.000000000000000000 ) ) ;
#3789 = ORIENTED_EDGE ( 'NONE', *, *, #2955, .F. ) ;
#3790 = DIRECTION ( 'NONE',  ( -1.734723475976807094E-15, -1.000000000000000000, 0.0000000000000000000 ) ) ;
#3791 = CARTESIAN_POINT ( 'NONE',  ( 2.651471862576141536, -3.500000000000000000, -1000.000000000000000 ) ) ;
#3792 = DIRECTION ( 'NONE',  ( -3.216245299353279611E-16, -1.000000000000000000, 0.0000000000000000000 ) ) ;
#3793 = LINE ( 'NONE', #3097, #5953 ) ;
#3794 = EDGE_LOOP ( 'NONE', ( #1561, #257, #7130, #3209 ) ) ;
#3795 = ORIENTED_EDGE ( 'NONE', *, *, #2884, .T. ) ;
#3796 = ADVANCED_FACE ( 'NONE', ( #2681 ), #3787, .F. ) ;
#3797 = VECTOR ( 'NONE', #3749, 1000.000000000000000 ) ;
#3798 = VECTOR ( 'NONE', #6412, 1000.000000000000000 ) ;
#3799 = LINE ( 'NONE', #7188, #5903 ) ;
#3800 = DIRECTION ( 'NONE',  ( 0.0000000000000000000, 0.0000000000000000000, -1.000000000000000000 ) ) ;
#3801 = DIRECTION ( 'NONE',  ( -1.000000000000000000, -7.456862032281076577E-16, 0.0000000000000000000 ) ) ;
#3802 = FACE_OUTER_BOUND ( 'NONE', #3980, .T. ) ;
#3803 = ORIENTED_EDGE ( 'NONE', *, *, #5189, .T. ) ;
#3804 = CARTESIAN_POINT ( 'NONE',  ( -5.200000000000003730, -8.000000000000001776, -1000.000000000000000 ) ) ;
#3805 = VERTEX_POINT ( 'NONE', #1019 ) ;
#3806 = ORIENTED_EDGE ( 'NONE', *, *, #3366, .T. ) ;
#3807 = VECTOR ( 'NONE', #5414, 1000.000000000000000 ) ;
#3808 = ORIENTED_EDGE ( 'NONE', *, *, #6520, .T. ) ;
#3809 = DIRECTION ( 'NONE',  ( -1.000000000000000000, 0.0000000000000000000, 0.0000000000000000000 ) ) ;
#3810 = DIRECTION ( 'NONE',  ( -3.216245299353279611E-16, -1.000000000000000000, 0.0000000000000000000 ) ) ;
#3811 = AXIS2_PLACEMENT_3D ( 'NONE', #5254, #6873, #719 ) ;
#3812 = EDGE_CURVE ( 'NONE', #6608, #6827, #3273, .T. ) ;
#3813 = ORIENTED_EDGE ( 'NONE', *, *, #2526, .F. ) ;
#3814 = ORIENTED_EDGE ( 'NONE', *, *, #7100, .F. ) ;
#3815 = CARTESIAN_POINT ( 'NONE',  ( -3.237258300203047501, 4.085786437626904188, -1000.000000000000000 ) ) ;
#3816 = DIRECTION ( 'NONE',  ( 0.7071067811865475727, 0.7071067811865475727, 0.0000000000000000000 ) ) ;
#3817 = ORIENTED_EDGE ( 'NONE', *, *, #4627, .T. ) ;
#3818 = LINE ( 'NONE', #6067, #4093 ) ;
#3819 = EDGE_CURVE ( 'NONE', #5760, #4934, #4331, .T. ) ;
#3820 = FACE_OUTER_BOUND ( 'NONE', #1002, .T. ) ;
#3821 = CIRCLE ( 'NONE', #2641, 0.4999999999999995559 ) ;
#3822 = EDGE_CURVE ( 'NONE', #3728, #6713, #4967, .T. ) ;
#3823 = EDGE_CURVE ( 'NONE', #4516, #4933, #6853, .T. ) ;
#3824 = CARTESIAN_POINT ( 'NONE',  ( 9.099999999999997868, -6.350000000000001421, -1000.000000000000000 ) ) ;
#3825 = LINE ( 'NONE', #2643, #598 ) ;
#3826 = CARTESIAN_POINT ( 'NONE',  ( 6.800000000000002487, 6.799999999999998934, -1000.000000000000000 ) ) ;
#3827 = ORIENTED_EDGE ( 'NONE', *, *, #3656, .T. ) ;
#3828 = ORIENTED_EDGE ( 'NONE', *, *, #983, .F. ) ;
#3829 = LINE ( 'NONE', #911, #4927 ) ;
#3830 = LINE ( 'NONE', #1026, #977 ) ;
#3831 = AXIS2_PLACEMENT_3D ( 'NONE', #4293, #6540, #4968 ) ;
#3832 = DIRECTION ( 'NONE',  ( 0.0000000000000000000, 0.0000000000000000000, 1.000000000000000000 ) ) ;
#3833 = DIRECTION ( 'NONE',  ( -1.000000000000000000, 0.0000000000000000000, 0.0000000000000000000 ) ) ;
#3834 = ORIENTED_EDGE ( 'NONE', *, *, #1076, .F. ) ;
#3835 = ORIENTED_EDGE ( 'NONE', *, *, #563, .T. ) ;
#3836 = AXIS2_PLACEMENT_3D ( 'NONE', #5658, #4035, #2868 ) ;
#3837 = DIRECTION ( 'NONE',  ( 0.0000000000000000000, -0.0000000000000000000, -1.000000000000000000 ) ) ;
#3838 = DIRECTION ( 'NONE',  ( -1.000000000000000000, 0.0000000000000000000, 0.0000000000000000000 ) ) ;
#3839 = CARTESIAN_POINT ( 'NONE',  ( 8.849999999999996092, -6.100000000000001421, -1000.000000000000000 ) ) ;
#3840 = PLANE ( 'NONE',  #1924 ) ;
#3841 = ORIENTED_EDGE ( 'NONE', *, *, #2572, .F. ) ;
#3842 = CARTESIAN_POINT ( 'NONE',  ( 3.319999999999998508, -8.250000000000005329, 0.0000000000000000000 ) ) ;
#3843 = EDGE_CURVE ( 'NONE', #3772, #6776, #986, .T. ) ;
#3844 = ORIENTED_EDGE ( 'NONE', *, *, #172, .F. ) ;
#3845 = ORIENTED_EDGE ( 'NONE', *, *, #3414, .T. ) ;
#3846 = ORIENTED_EDGE ( 'NONE', *, *, #3478, .T. ) ;
#3847 =( NAMED_UNIT ( * ) PLANE_ANGLE_UNIT ( ) SI_UNIT ( $, .RADIAN. ) );
#3848 = LINE ( 'NONE', #3985, #7243 ) ;
#3849 = ORIENTED_EDGE ( 'NONE', *, *, #1217, .T. ) ;
#3850 = ORIENTED_EDGE ( 'NONE', *, *, #3137, .F. ) ;
#3851 = CARTESIAN_POINT ( 'NONE',  ( 2.651471862576141536, -3.500000000000000000, -1000.000000000000000 ) ) ;
#3852 = DIRECTION ( 'NONE',  ( 0.6246950475544243986, -0.7808688094430302762, 0.0000000000000000000 ) ) ;
#3853 = AXIS2_PLACEMENT_3D ( 'NONE', #1800, #6836, #4040 ) ;
#3854 = ORIENTED_EDGE ( 'NONE', *, *, #3337, .F. ) ;
#3855 = DIRECTION ( 'NONE',  ( 2.753529326947311940E-15, -1.000000000000000000, 0.0000000000000000000 ) ) ;
#3856 = FACE_OUTER_BOUND ( 'NONE', #1938, .T. ) ;
#3857 = VECTOR ( 'NONE', #2858, 1000.000000000000000 ) ;
#3858 = VECTOR ( 'NONE', #887, 1000.000000000000227 ) ;
#3859 = CARTESIAN_POINT ( 'NONE',  ( -3.249999999999999556, -0.4590169943749439208, -1000.000000000000000 ) ) ;
#3860 = ORIENTED_EDGE ( 'NONE', *, *, #2731, .T. ) ;
#3861 = EDGE_CURVE ( 'NONE', #3805, #1585, #423, .T. ) ;
#3862 = ORIENTED_EDGE ( 'NONE', *, *, #4575, .F. ) ;
#3863 = DIRECTION ( 'NONE',  ( -0.0000000000000000000, -0.0000000000000000000, -1.000000000000000000 ) ) ;
#3864 = FACE_OUTER_BOUND ( 'NONE', #2633, .T. ) ;
#3865 = AXIS2_PLACEMENT_3D ( 'NONE', #1992, #1846, #6998 ) ;
#3866 = FACE_OUTER_BOUND ( 'NONE', #5693, .T. ) ;
#3867 = CARTESIAN_POINT ( 'NONE',  ( -0.3472135954999584495, 3.473606797749979602, 0.0000000000000000000 ) ) ;
#3868 = EDGE_CURVE ( 'NONE', #1486, #7289, #6880, .T. ) ;
#3869 = ORIENTED_EDGE ( 'NONE', *, *, #1347, .T. ) ;
#3870 = VERTEX_POINT ( 'NONE', #685 ) ;
#3871 = AXIS2_PLACEMENT_3D ( 'NONE', #2007, #6493, #6942 ) ;
#3872 = EDGE_CURVE ( 'NONE', #3878, #2165, #24, .T. ) ;
#3873 = AXIS2_PLACEMENT_3D ( 'NONE', #2421, #4699, #4444 ) ;
#3874 = LINE ( 'NONE', #2108, #6379 ) ;
#3875 = DIRECTION ( 'NONE',  ( 0.0000000000000000000, -0.0000000000000000000, -1.000000000000000000 ) ) ;
#3876 = DIRECTION ( 'NONE',  ( 0.0000000000000000000, 0.0000000000000000000, 1.000000000000000000 ) ) ;
#3877 = CARTESIAN_POINT ( 'NONE',  ( -4.720156211871647578, -8.450000000000001066, -1000.000000000000000 ) ) ;
#3878 = VERTEX_POINT ( 'NONE', #4524 ) ;
#3879 = DIRECTION ( 'NONE',  ( 0.0000000000000000000, 0.0000000000000000000, 1.000000000000000000 ) ) ;
#3880 = ORIENTED_EDGE ( 'NONE', *, *, #2074, .F. ) ;
#3881 = EDGE_LOOP ( 'NONE', ( #5569, #3263, #4959, #6760 ) ) ;
#3882 = EDGE_CURVE ( 'NONE', #7238, #2499, #5094, .T. ) ;
#3883 = SURFACE_STYLE_FILL_AREA ( #4392 ) ;
#3884 = CARTESIAN_POINT ( 'NONE',  ( -3.499999999999999556, -0.3999999999999981348, -1000.000000000000000 ) ) ;
#3885 = ORIENTED_EDGE ( 'NONE', *, *, #2715, .F. ) ;
#3886 = VERTEX_POINT ( 'NONE', #2805 ) ;
#3887 = CARTESIAN_POINT ( 'NONE',  ( -6.462741699796952233, 4.200000000000000178, -1000.000000000000000 ) ) ;
#3888 = EDGE_CURVE ( 'NONE', #4238, #6197, #2862, .T. ) ;
#3889 = DIRECTION ( 'NONE',  ( 0.0000000000000000000, 1.000000000000000000, 0.0000000000000000000 ) ) ;
#3890 = ORIENTED_EDGE ( 'NONE', *, *, #1648, .F. ) ;
#3891 = PLANE ( 'NONE',  #5316 ) ;
#3892 = CARTESIAN_POINT ( 'NONE',  ( 1.217219119641870018, 3.281520625377542633, -1000.000000000000000 ) ) ;
#3893 = EDGE_LOOP ( 'NONE', ( #6559, #6039, #5431, #2887 ) ) ;
#3894 = ORIENTED_EDGE ( 'NONE', *, *, #2301, .T. ) ;
#3895 = EDGE_CURVE ( 'NONE', #5704, #5164, #5911, .T. ) ;
#3897 = LINE ( 'NONE', #5040, #4989 ) ;
#3896 = VECTOR ( 'NONE', #4889, 1000.000000000000000 ) ;
#3898 = DIRECTION ( 'NONE',  ( -1.000000000000000000, 0.0000000000000000000, 0.0000000000000000000 ) ) ;
#3899 = CARTESIAN_POINT ( 'NONE',  ( -3.473606797749979602, 0.3472135954999576724, 0.0000000000000000000 ) ) ;
#3900 = ORIENTED_EDGE ( 'NONE', *, *, #2842, .T. ) ;
#3901 = ORIENTED_EDGE ( 'NONE', *, *, #5766, .T. ) ;
#3902 = CARTESIAN_POINT ( 'NONE',  ( 9.099999999999999645, 8.400000000000000355, -1000.000000000000000 ) ) ;
#3903 = CARTESIAN_POINT ( 'NONE',  ( 5.200000000000000178, -8.000000000000005329, -1000.000000000000000 ) ) ;
#3904 = DIRECTION ( 'NONE',  ( -1.000000000000000000, 1.239088197126290669E-15, 0.0000000000000000000 ) ) ;
#3905 = DIRECTION ( 'NONE',  ( 0.0000000000000000000, 0.0000000000000000000, -1.000000000000000000 ) ) ;
#3906 = CYLINDRICAL_SURFACE ( 'NONE', #2864, 0.2500000000000002220 ) ;
#3907 = VERTEX_POINT ( 'NONE', #2255 ) ;
#3908 = DIRECTION ( 'NONE',  ( -1.000000000000000000, 1.067310733163435619E-15, 0.0000000000000000000 ) ) ;
#3909 = ORIENTED_EDGE ( 'NONE', *, *, #2387, .T. ) ;
#3910 = ORIENTED_EDGE ( 'NONE', *, *, #5488, .F. ) ;
#3911 = ADVANCED_FACE ( 'NONE', ( #7292 ), #98, .T. ) ;
#3912 = DIRECTION ( 'NONE',  ( 0.7071067811865474617, -0.7071067811865474617, 0.0000000000000000000 ) ) ;
#3913 = CIRCLE ( 'NONE', #5323, 0.2500000000000002220 ) ;
#3914 = EDGE_CURVE ( 'NONE', #5721, #6066, #6959, .T. ) ;
#3915 = DIRECTION ( 'NONE',  ( -0.0000000000000000000, 0.0000000000000000000, 1.000000000000000000 ) ) ;
#3916 = EDGE_LOOP ( 'NONE', ( #3680, #6955, #6531, #545 ) ) ;
#3917 = ORIENTED_EDGE ( 'NONE', *, *, #6237, .T. ) ;
#3918 = CARTESIAN_POINT ( 'NONE',  ( 3.069999999999998508, -8.250000000000005329, 0.0000000000000000000 ) ) ;
#3919 = AXIS2_PLACEMENT_3D ( 'NONE', #4306, #6484, #4272 ) ;
#3920 = EDGE_CURVE ( 'NONE', #1879, #6260, #591, .T. ) ;
#3921 = PRODUCT_DEFINITION_SHAPE ( 'NONE', 'NONE',  #1410 ) ;
#3922 = CARTESIAN_POINT ( 'NONE',  ( -8.000000000000005329, -3.319999999999995843, -1000.000000000000000 ) ) ;
#3923 = VECTOR ( 'NONE', #6444, 1000.000000000000000 ) ;
#3924 = ORIENTED_EDGE ( 'NONE', *, *, #3045, .F. ) ;
#3925 = AXIS2_PLACEMENT_3D ( 'NONE', #2726, #568, #1062 ) ;
#3926 = CARTESIAN_POINT ( 'NONE',  ( 0.4590169943749460302, 3.249999999999999556, -1000.447213595499761 ) ) ;
#3927 = LINE ( 'NONE', #2355, #523 ) ;
#3928 = ORIENTED_EDGE ( 'NONE', *, *, #5937, .T. ) ;
#3929 = ORIENTED_EDGE ( 'NONE', *, *, #6343, .F. ) ;
#3930 = DIRECTION ( 'NONE',  ( -0.7071067811865479058, -0.7071067811865472397, 0.0000000000000000000 ) ) ;
#3931 = DIRECTION ( 'NONE',  ( -1.000000000000000000, 0.0000000000000000000, 0.0000000000000000000 ) ) ;
#3932 = CARTESIAN_POINT ( 'NONE',  ( 4.720156211871645802, 8.700000000000002842, 0.0000000000000000000 ) ) ;
#3933 = ORIENTED_EDGE ( 'NONE', *, *, #6165, .T. ) ;
#3934 = ORIENTED_EDGE ( 'NONE', *, *, #4048, .F. ) ;
#3935 = AXIS2_PLACEMENT_3D ( 'NONE', #6327, #6991, #1915 ) ;
#3936 = CARTESIAN_POINT ( 'NONE',  ( -6.350000000000001421, 8.849999999999999645, -1000.000000000000000 ) ) ;
#3937 = EDGE_CURVE ( 'NONE', #6608, #4725, #3079, .T. ) ;
#3938 = CARTESIAN_POINT ( 'NONE',  ( -0.4590169943749456416, 3.499999999999999556, -1000.000000000000000 ) ) ;
#3939 = DIRECTION ( 'NONE',  ( -0.0000000000000000000, -0.0000000000000000000, -1.000000000000000000 ) ) ;
#3940 = AXIS2_PLACEMENT_3D ( 'NONE', #5371, #4748, #4815 ) ;
#3941 = CARTESIAN_POINT ( 'NONE',  ( -4.907106781186548972, 5.755634918610405215, -1000.000000000000000 ) ) ;
#3942 = LINE ( 'NONE', #1256, #6558 ) ;
#3943 = CARTESIAN_POINT ( 'NONE',  ( 4.115060990489115333, -8.093826238111399007, 0.0000000000000000000 ) ) ;
#3944 = CARTESIAN_POINT ( 'NONE',  ( 10.00000000000000000, 3.699999999999996625, -1000.000000000000000 ) ) ;
#3945 = EDGE_LOOP ( 'NONE', ( #6765, #3135, #1670, #1889 ) ) ;
#3946 = VERTEX_POINT ( 'NONE', #6261 ) ;
#3947 = CIRCLE ( 'NONE', #2656, 0.2500000000000002220 ) ;
#3948 = PRESENTATION_STYLE_ASSIGNMENT (( #1077 ) ) ;
#3949 = CARTESIAN_POINT ( 'NONE',  ( -3.700000000000003286, -9.750000000000000000, -1000.000000000000000 ) ) ;
#3950 = ORIENTED_EDGE ( 'NONE', *, *, #3291, .T. ) ;
#3951 = DIRECTION ( 'NONE',  ( -0.4472135954999487129, -0.8944271909999205183, 0.0000000000000000000 ) ) ;
#3952 = ADVANCED_FACE ( 'NONE', ( #6767 ), #5080, .F. ) ;
#3953 = EDGE_CURVE ( 'NONE', #4939, #1623, #4047, .T. ) ;
#3954 = EDGE_CURVE ( 'NONE', #700, #247, #2280, .T. ) ;
#3955 = LINE ( 'NONE', #43, #5747 ) ;
#3956 = FACE_OUTER_BOUND ( 'NONE', #396, .T. ) ;
#3957 = EDGE_LOOP ( 'NONE', ( #5561, #414, #7256, #5931 ) ) ;
#3958 = VECTOR ( 'NONE', #1436, 1000.000000000000000 ) ;
#3959 = LINE ( 'NONE', #5068, #3554 ) ;
#3960 = PLANE ( 'NONE',  #5477 ) ;
#3961 = ORIENTED_EDGE ( 'NONE', *, *, #5399, .F. ) ;
#3962 = ORIENTED_EDGE ( 'NONE', *, *, #564, .F. ) ;
#3963 = CARTESIAN_POINT ( 'NONE',  ( 4.720156211871645802, 8.700000000000002842, -1000.000000000000000 ) ) ;
#3964 = DIRECTION ( 'NONE',  ( 0.0000000000000000000, 0.0000000000000000000, 1.000000000000000000 ) ) ;
#3965 = LINE ( 'NONE', #3899, #750 ) ;
#3966 = ORIENTED_EDGE ( 'NONE', *, *, #2525, .T. ) ;
#3967 = ORIENTED_EDGE ( 'NONE', *, *, #1122, .T. ) ;
#3968 = AXIS2_PLACEMENT_3D ( 'NONE', #2699, #4981, #5014 ) ;
#3969 = DIRECTION ( 'NONE',  ( 0.0000000000000000000, 0.0000000000000000000, 1.000000000000000000 ) ) ;
#3970 = EDGE_CURVE ( 'NONE', #3136, #4622, #6295, .T. ) ;
#3971 = LINE ( 'NONE', #2877, #3664 ) ;
#3972 = CARTESIAN_POINT ( 'NONE',  ( -9.400000000000003908, -3.319999999999995843, 0.0000000000000000000 ) ) ;
#3973 = VECTOR ( 'NONE', #2368, 1000.000000000000000 ) ;
#3974 = PLANE ( 'NONE',  #521 ) ;
#3975 = CARTESIAN_POINT ( 'NONE',  ( 4.907106781186549860, 5.755634918610404327, 0.0000000000000000000 ) ) ;
#3976 = CARTESIAN_POINT ( 'NONE',  ( 8.093826238111395455, 4.115060990489113557, -1000.000000000000000 ) ) ;
#3977 = AXIS2_PLACEMENT_3D ( 'NONE', #262, #334, #7086 ) ;
#3978 = CARTESIAN_POINT ( 'NONE',  ( 9.999999999999996447, -10.00000000000000533, -1000.000000000000000 ) ) ;
#3979 = ORIENTED_EDGE ( 'NONE', *, *, #5828, .T. ) ;
#3980 = EDGE_LOOP ( 'NONE', ( #1095, #2098, #1614, #4119 ) ) ;
#3981 = AXIS2_PLACEMENT_3D ( 'NONE', #4984, #5497, #3765 ) ;
#3982 = AXIS2_PLACEMENT_3D ( 'NONE', #6076, #3169, #3277 ) ;
#3983 = VECTOR ( 'NONE', #1160, 1000.000000000000000 ) ;
#3984 =( LENGTH_UNIT ( ) NAMED_UNIT ( * ) SI_UNIT ( .MILLI., .METRE. ) );
#3985 = CARTESIAN_POINT ( 'NONE',  ( 3.949999999999997957, -10.00000000000000355, -1000.000000000000000 ) ) ;
#3986 = ORIENTED_EDGE ( 'NONE', *, *, #5079, .T. ) ;
#3987 = CARTESIAN_POINT ( 'NONE',  ( 3.700000000000001954, 9.400000000000000355, -1000.000000000000000 ) ) ;
#3988 = DIRECTION ( 'NONE',  ( -7.228014483236698528E-16, -1.000000000000000000, 0.0000000000000000000 ) ) ;
#3989 = DIRECTION ( 'NONE',  ( 0.0000000000000000000, 0.0000000000000000000, 1.000000000000000000 ) ) ;
#3990 = DIRECTION ( 'NONE',  ( 0.0000000000000000000, 0.0000000000000000000, 1.000000000000000000 ) ) ;
#3991 = EDGE_CURVE ( 'NONE', #2383, #1896, #5780, .T. ) ;
#3992 = ORIENTED_EDGE ( 'NONE', *, *, #1876, .F. ) ;
#3993 = DIRECTION ( 'NONE',  ( 0.8944271909999206294, 0.4472135954999484908, 0.0000000000000000000 ) ) ;
#3994 = EDGE_LOOP ( 'NONE', ( #1082, #3571, #116, #5499 ) ) ;
#3995 = AXIS2_PLACEMENT_3D ( 'NONE', #6049, #1554, #2257 ) ;
#3996 = DIRECTION ( 'NONE',  ( -0.0000000000000000000, -0.0000000000000000000, -1.000000000000000000 ) ) ;
#3997 = ADVANCED_FACE ( 'NONE', ( #2876 ), #573, .F. ) ;
#3998 = EDGE_CURVE ( 'NONE', #519, #3520, #538, .T. ) ;
#3999 = CARTESIAN_POINT ( 'NONE',  ( 3.070000000000001172, 8.000000000000003553, -1000.000000000000000 ) ) ;
#4000 = VERTEX_POINT ( 'NONE', #4599 ) ;
#4001 = VERTEX_POINT ( 'NONE', #609 ) ;
#4002 = DIRECTION ( 'NONE',  ( -1.000000000000000000, 1.224646799147345565E-16, 0.0000000000000000000 ) ) ;
#4003 = DIRECTION ( 'NONE',  ( 0.7808688094430301652, -0.6246950475544245096, 0.0000000000000000000 ) ) ;
#4004 = CARTESIAN_POINT ( 'NONE',  ( -0.4000000000000011324, -3.499999999999999556, 0.0000000000000000000 ) ) ;
#4005 = ORIENTED_EDGE ( 'NONE', *, *, #3780, .F. ) ;
#4006 = VERTEX_POINT ( 'NONE', #5706 ) ;
#4007 = EDGE_CURVE ( 'NONE', #4074, #5257, #649, .T. ) ;
#4008 = CARTESIAN_POINT ( 'NONE',  ( -6.462741699796954009, -4.199999999999998401, -1000.000000000000000 ) ) ;
#4009 = PRODUCT_RELATED_PRODUCT_CATEGORY ( 'part', '', ( #1157 ) ) ;
#4010 = CARTESIAN_POINT ( 'NONE',  ( -3.281520625377542189, 1.217219119641868907, 0.0000000000000000000 ) ) ;
#4011 = CARTESIAN_POINT ( 'NONE',  ( -2.404163056034252843, 1.697056274847711155, 0.0000000000000000000 ) ) ;
#4012 = DIRECTION ( 'NONE',  ( 1.000000000000000000, 0.0000000000000000000, 0.0000000000000000000 ) ) ;
#4013 = DIRECTION ( 'NONE',  ( -1.000000000000000000, 0.0000000000000000000, 0.0000000000000000000 ) ) ;
#4014 = DIRECTION ( 'NONE',  ( 1.000000000000000000, 0.0000000000000000000, 0.0000000000000000000 ) ) ;
#4015 = PLANE ( 'NONE',  #1745 ) ;
#4016 = ORIENTED_EDGE ( 'NONE', *, *, #107, .T. ) ;
#4017 = ORIENTED_EDGE ( 'NONE', *, *, #270, .T. ) ;
#4018 = EDGE_CURVE ( 'NONE', #6427, #2029, #2265, .T. ) ;
#4019 = AXIS2_PLACEMENT_3D ( 'NONE', #6470, #2017, #6439 ) ;
#4020 = CARTESIAN_POINT ( 'NONE',  ( -3.950000000000000178, 9.750000000000001776, -1000.000000000000000 ) ) ;
#4021 = VECTOR ( 'NONE', #4755, 1000.000000000000000 ) ;
#4022 = VECTOR ( 'NONE', #13, 1000.000000000000000 ) ;
#4023 = ORIENTED_EDGE ( 'NONE', *, *, #5510, .F. ) ;
#4024 = CARTESIAN_POINT ( 'NONE',  ( -8.499999999999998224, 10.00000000000000000, -1000.000000000000000 ) ) ;
#4025 = CARTESIAN_POINT ( 'NONE',  ( 8.400000000000000355, 8.400000000000000355, -1000.000000000000000 ) ) ;
#4026 = LINE ( 'NONE', #2309, #3436 ) ;
#4027 = VECTOR ( 'NONE', #2541, 1000.000000000000000 ) ;
#4028 = EDGE_CURVE ( 'NONE', #1935, #7200, #3124, .T. ) ;
#4029 = DIRECTION ( 'NONE',  ( -4.336808689942017736E-16, -1.000000000000000000, 0.0000000000000000000 ) ) ;
#4030 = VERTEX_POINT ( 'NONE', #5885 ) ;
#4031 = DIRECTION ( 'NONE',  ( -1.000000000000000000, -2.853109251957608495E-15, 0.0000000000000000000 ) ) ;
#4032 = EDGE_LOOP ( 'NONE', ( #5767, #4822, #6400, #4210 ) ) ;
#4033 = AXIS2_PLACEMENT_3D ( 'NONE', #5823, #3025, #2439 ) ;
#4034 = LINE ( 'NONE', #5585, #841 ) ;
#4035 = DIRECTION ( 'NONE',  ( 0.7808688094430301652, 0.6246950475544245096, 0.0000000000000000000 ) ) ;
#4036 = VERTEX_POINT ( 'NONE', #239 ) ;
#4037 = CIRCLE ( 'NONE', #3811, 0.2500000000000002220 ) ;
#4038 = ORIENTED_EDGE ( 'NONE', *, *, #5033, .F. ) ;
#4039 = CARTESIAN_POINT ( 'NONE',  ( -8.400000000000000355, 9.099999999999999645, -1000.000000000000000 ) ) ;
#4040 = DIRECTION ( 'NONE',  ( 1.000000000000000000, 0.0000000000000000000, 0.0000000000000000000 ) ) ;
#4041 = LINE ( 'NONE', #4004, #3700 ) ;
#4042 = EDGE_CURVE ( 'NONE', #2426, #4622, #828, .T. ) ;
#4043 = ORIENTED_EDGE ( 'NONE', *, *, #772, .F. ) ;
#4044 = ORIENTED_EDGE ( 'NONE', *, *, #3247, .F. ) ;
#4045 = AXIS2_PLACEMENT_3D ( 'NONE', #5608, #6777, #6166 ) ;
#4046 = EDGE_CURVE ( 'NONE', #297, #5384, #6916, .T. ) ;
#4047 = LINE ( 'NONE', #1216, #1314 ) ;
#4048 = EDGE_CURVE ( 'NONE', #5628, #891, #4776, .T. ) ;
#4049 = CARTESIAN_POINT ( 'NONE',  ( 3.237258300203046613, -4.085786437626905077, -1000.000000000000000 ) ) ;
#4050 = DIRECTION ( 'NONE',  ( 0.0000000000000000000, 0.0000000000000000000, 1.000000000000000000 ) ) ;
#4051 = LINE ( 'NONE', #4085, #6207 ) ;
#4052 = DIRECTION ( 'NONE',  ( 0.0000000000000000000, -1.000000000000000000, 0.0000000000000000000 ) ) ;
#4053 = DIRECTION ( 'NONE',  ( -0.0000000000000000000, -0.0000000000000000000, 1.000000000000000000 ) ) ;
#4054 = AXIS2_PLACEMENT_3D ( 'NONE', #4448, #6694, #535 ) ;
#4055 = CARTESIAN_POINT ( 'NONE',  ( 0.8694422283156209019, 2.343943303841100168, 0.0000000000000000000 ) ) ;
#4056 = VERTEX_POINT ( 'NONE', #2573 ) ;
#4057 = ORIENTED_EDGE ( 'NONE', *, *, #2341, .F. ) ;
#4058 = CIRCLE ( 'NONE', #5000, 0.2500000000000002220 ) ;
#4059 = CARTESIAN_POINT ( 'NONE',  ( 6.100000000000002309, 6.799999999999998934, 0.0000000000000000000 ) ) ;
#4060 = EDGE_CURVE ( 'NONE', #7039, #2869, #4811, .T. ) ;
#4061 = EDGE_LOOP ( 'NONE', ( #3845, #4754, #1301, #6158 ) ) ;
#4062 = CARTESIAN_POINT ( 'NONE',  ( 3.700000000000001954, 9.400000000000000355, -1000.000000000000000 ) ) ;
#4063 = DIRECTION ( 'NONE',  ( 1.000000000000000000, 2.753529326947311940E-15, 0.0000000000000000000 ) ) ;
#4064 = VERTEX_POINT ( 'NONE', #4745 ) ;
#4065 = VECTOR ( 'NONE', #6831, 1000.000000000000000 ) ;
#4066 = DIRECTION ( 'NONE',  ( -5.719453778396288762E-16, -1.000000000000000000, 0.0000000000000000000 ) ) ;
#4067 = CARTESIAN_POINT ( 'NONE',  ( -3.700000000000000178, 10.00000000000000000, -1000.000000000000000 ) ) ;
#4068 = AXIS2_PLACEMENT_3D ( 'NONE', #5416, #4897, #7184 ) ;
#4069 = VERTEX_POINT ( 'NONE', #3087 ) ;
#4070 = DIRECTION ( 'NONE',  ( -1.000000000000000000, 0.0000000000000000000, 0.0000000000000000000 ) ) ;
#4071 = VERTEX_POINT ( 'NONE', #5260 ) ;
#4072 = CYLINDRICAL_SURFACE ( 'NONE', #6139, 0.2500000000000002220 ) ;
#4073 = CARTESIAN_POINT ( 'NONE',  ( -6.800000000000001599, 6.099999999999999645, 0.0000000000000000000 ) ) ;
#4074 = VERTEX_POINT ( 'NONE', #4186 ) ;
#4075 = ORIENTED_EDGE ( 'NONE', *, *, #4359, .F. ) ;
#4076 = LINE ( 'NONE', #4632, #5690 ) ;
#4077 = LINE ( 'NONE', #6258, #5232 ) ;
#4078 = VERTEX_POINT ( 'NONE', #3019 ) ;
#4079 = EDGE_LOOP ( 'NONE', ( #216, #5498, #146, #3846 ) ) ;
#4080 = CARTESIAN_POINT ( 'NONE',  ( 3.499999999999999556, -0.3999999999999999667, 0.0000000000000000000 ) ) ;
#4081 = CARTESIAN_POINT ( 'NONE',  ( -0.4590169943749456416, 3.249999999999999556, -1000.000000000000000 ) ) ;
#4082 = EDGE_CURVE ( 'NONE', #433, #4553, #121, .T. ) ;
#4083 = AXIS2_PLACEMENT_3D ( 'NONE', #3350, #2249, #2179 ) ;
#4084 = FACE_OUTER_BOUND ( 'NONE', #4475, .T. ) ;
#4085 = CARTESIAN_POINT ( 'NONE',  ( -3.319999999999999840, 8.000000000000003553, -1000.000000000000000 ) ) ;
#4086 = EDGE_CURVE ( 'NONE', #4837, #2159, #4609, .T. ) ;
#4087 = CARTESIAN_POINT ( 'NONE',  ( -4.720156211871644913, 8.450000000000002842, -1000.000000000000000 ) ) ;
#4088 = DIRECTION ( 'NONE',  ( 0.0000000000000000000, 0.0000000000000000000, -1.000000000000000000 ) ) ;
#4089 = EDGE_CURVE ( 'NONE', #3582, #6292, #5817, .T. ) ;
#4090 = CARTESIAN_POINT ( 'NONE',  ( 1.823044737829953021, 5.500000000000000000, -1000.000000000000000 ) ) ;
#4091 = VERTEX_POINT ( 'NONE', #2471 ) ;
#4092 = ORIENTED_EDGE ( 'NONE', *, *, #3547, .F. ) ;
#4093 = VECTOR ( 'NONE', #1154, 1000.000000000000000 ) ;
#4094 = ORIENTED_EDGE ( 'NONE', *, *, #4875, .F. ) ;
#4095 = DIRECTION ( 'NONE',  ( -0.4472135954999484353, 0.8944271909999206294, 0.0000000000000000000 ) ) ;
#4096 = DIRECTION ( 'NONE',  ( -1.000000000000000000, 0.0000000000000000000, 0.0000000000000000000 ) ) ;
#4097 = AXIS2_PLACEMENT_3D ( 'NONE', #5357, #2046, #6528 ) ;
#4098 = EDGE_CURVE ( 'NONE', #3886, #6714, #171, .T. ) ;
#4099 = ORIENTED_EDGE ( 'NONE', *, *, #6138, .F. ) ;
#4100 = DIRECTION ( 'NONE',  ( 0.0000000000000000000, 0.0000000000000000000, 1.000000000000000000 ) ) ;
#4101 = DIRECTION ( 'NONE',  ( -0.0000000000000000000, 1.000000000000000000, 0.0000000000000000000 ) ) ;
#4102 = ORIENTED_EDGE ( 'NONE', *, *, #3685, .T. ) ;
#4103 = CIRCLE ( 'NONE', #6214, 2.499999999999992895 ) ;
#4104 = EDGE_CURVE ( 'NONE', #1004, #3136, #2433, .T. ) ;
#4105 = AXIS2_PLACEMENT_3D ( 'NONE', #5983, #5944, #6492 ) ;
#4106 = CARTESIAN_POINT ( 'NONE',  ( -8.000000000000003553, 3.319999999999998508, -1000.000000000000000 ) ) ;
#4107 = DIRECTION ( 'NONE',  ( -1.000000000000000000, 0.0000000000000000000, 0.0000000000000000000 ) ) ;
#4108 = ORIENTED_EDGE ( 'NONE', *, *, #6698, .F. ) ;
#4109 = CARTESIAN_POINT ( 'NONE',  ( -5.200000000000003730, -8.450000000000001066, 0.0000000000000000000 ) ) ;
#4110 = ORIENTED_EDGE ( 'NONE', *, *, #4545, .F. ) ;
#4111 = EDGE_CURVE ( 'NONE', #168, #2159, #4711, .T. ) ;
#4112 = DIRECTION ( 'NONE',  ( -0.7808688094430302762, 0.6246950475544243986, 0.0000000000000000000 ) ) ;
#4113 = CARTESIAN_POINT ( 'NONE',  ( -3.700000000000003730, -9.399999999999998579, 0.0000000000000000000 ) ) ;
#4114 = ORIENTED_EDGE ( 'NONE', *, *, #6538, .F. ) ;
#4115 = ORIENTED_EDGE ( 'NONE', *, *, #6209, .F. ) ;
#4116 = CYLINDRICAL_SURFACE ( 'NONE', #5455, 2.000000000000000000 ) ;
#4117 =( LENGTH_UNIT ( ) NAMED_UNIT ( * ) SI_UNIT ( .MILLI., .METRE. ) );
#4118 = ORIENTED_EDGE ( 'NONE', *, *, #6920, .F. ) ;
#4119 = ORIENTED_EDGE ( 'NONE', *, *, #7278, .F. ) ;
#4120 = DIRECTION ( 'NONE',  ( 0.0000000000000000000, 0.0000000000000000000, 1.000000000000000000 ) ) ;
#4121 = CARTESIAN_POINT ( 'NONE',  ( -0.4000000000000000222, 3.499999999999999556, -1000.000000000000000 ) ) ;
#4122 = EDGE_CURVE ( 'NONE', #4991, #468, #309, .T. ) ;
#4123 = DIRECTION ( 'NONE',  ( 0.0000000000000000000, 0.0000000000000000000, 1.000000000000000000 ) ) ;
#4124 = LINE ( 'NONE', #3673, #2065 ) ;
#4125 = CARTESIAN_POINT ( 'NONE',  ( 2.651471862576141536, -3.500000000000000000, 0.0000000000000000000 ) ) ;
#4126 = DIRECTION ( 'NONE',  ( 1.000000000000000000, 0.0000000000000000000, 0.0000000000000000000 ) ) ;
#4127 = LINE ( 'NONE', #1960, #5515 ) ;
#4128 = ORIENTED_EDGE ( 'NONE', *, *, #3639, .T. ) ;
#4129 = ORIENTED_EDGE ( 'NONE', *, *, #7187, .F. ) ;
#4130 = CARTESIAN_POINT ( 'NONE',  ( -8.450000000000001066, 5.200000000000000178, -1000.000000000000000 ) ) ;
#4131 = CARTESIAN_POINT ( 'NONE',  ( 8.000000000000001776, -3.319999999999999840, 0.0000000000000000000 ) ) ;
#4132 = ORIENTED_EDGE ( 'NONE', *, *, #6138, .T. ) ;
#4133 = DIRECTION ( 'NONE',  ( -0.0000000000000000000, -0.0000000000000000000, -1.000000000000000000 ) ) ;
#4134 = LINE ( 'NONE', #3586, #1385 ) ;
#4135 = VERTEX_POINT ( 'NONE', #4218 ) ;
#4136 = AXIS2_PLACEMENT_3D ( 'NONE', #2092, #5407, #459 ) ;
#4137 = ADVANCED_FACE ( 'NONE', ( #3055 ), #2504, .F. ) ;
#4138 = AXIS2_PLACEMENT_3D ( 'NONE', #4010, #3356, #6263 ) ;
#4139 = EDGE_CURVE ( 'NONE', #5279, #3029, #2144, .T. ) ;
#4140 = AXIS2_PLACEMENT_3D ( 'NONE', #1535, #6644, #4247 ) ;
#4141 = CARTESIAN_POINT ( 'NONE',  ( -6.048528137423857309, 5.200000000000000178, 0.0000000000000000000 ) ) ;
#4142 = ADVANCED_FACE ( 'NONE', ( #1427 ), #5778, .F. ) ;
#4143 = ORIENTED_EDGE ( 'NONE', *, *, #4806, .T. ) ;
#4144 = CARTESIAN_POINT ( 'NONE',  ( -0.4000000000000011324, -3.499999999999999556, -1000.447213595499761 ) ) ;
#4145 = ORIENTED_EDGE ( 'NONE', *, *, #1499, .F. ) ;
#4146 = AXIS2_PLACEMENT_3D ( 'NONE', #1428, #3164, #869 ) ;
#4147 = AXIS2_PLACEMENT_3D ( 'NONE', #130, #4562, #3494 ) ;
#4148 = VERTEX_POINT ( 'NONE', #6331 ) ;
#4149 = DIRECTION ( 'NONE',  ( -0.0000000000000000000, -0.0000000000000000000, -1.000000000000000000 ) ) ;
#4150 = VECTOR ( 'NONE', #923, 1000.000000000000000 ) ;
#4151 = LINE ( 'NONE', #1946, #5243 ) ;
#4152 = ORIENTED_EDGE ( 'NONE', *, *, #1415, .T. ) ;
#4153 = LINE ( 'NONE', #1359, #1815 ) ;
#4154 = CARTESIAN_POINT ( 'NONE',  ( -8.250000000000005329, -3.069999999999995399, -1000.000000000000000 ) ) ;
#4155 = ORIENTED_EDGE ( 'NONE', *, *, #2558, .F. ) ;
#4156 = ORIENTED_EDGE ( 'NONE', *, *, #4868, .T. ) ;
#4157 = DIRECTION ( 'NONE',  ( -0.0000000000000000000, -0.0000000000000000000, -1.000000000000000000 ) ) ;
#4158 = DIRECTION ( 'NONE',  ( 0.0000000000000000000, 1.000000000000000000, 0.0000000000000000000 ) ) ;
#4159 = CARTESIAN_POINT ( 'NONE',  ( -0.4590169943749468073, -3.499999999999999556, -1000.000000000000000 ) ) ;
#4160 = CARTESIAN_POINT ( 'NONE',  ( -6.048528137423857309, 5.200000000000000178, -1000.000000000000000 ) ) ;
#4161 = DIRECTION ( 'NONE',  ( 0.7071067811865477948, 0.7071067811865472397, 0.0000000000000000000 ) ) ;
#4162 = CARTESIAN_POINT ( 'NONE',  ( -4.115060990489116222, 8.093826238111397231, -1000.000000000000000 ) ) ;
#4163 = DIRECTION ( 'NONE',  ( 1.000000000000000000, 2.288475490443785424E-17, 0.0000000000000000000 ) ) ;
#4164 = ORIENTED_EDGE ( 'NONE', *, *, #6940, .F. ) ;
#4165 = VERTEX_POINT ( 'NONE', #5550 ) ;
#4166 = EDGE_CURVE ( 'NONE', #825, #6198, #1502, .T. ) ;
#4167 = CARTESIAN_POINT ( 'NONE',  ( 6.099999999999995204, 6.099999999999998757, -1000.000000000000000 ) ) ;
#4168 = DIRECTION ( 'NONE',  ( -0.0000000000000000000, -0.0000000000000000000, -1.000000000000000000 ) ) ;
#4169 = ORIENTED_EDGE ( 'NONE', *, *, #549, .F. ) ;
#4170 = LINE ( 'NONE', #5900, #5511 ) ;
#4171 = ORIENTED_EDGE ( 'NONE', *, *, #303, .T. ) ;
#4172 = CIRCLE ( 'NONE', #1232, 1.000000000000000000 ) ;
#4173 = LINE ( 'NONE', #3146, #5623 ) ;
#4174 = EDGE_CURVE ( 'NONE', #259, #3388, #5518, .T. ) ;
#4175 = AXIS2_PLACEMENT_3D ( 'NONE', #6109, #6073, #1020 ) ;
#4176 = EDGE_LOOP ( 'NONE', ( #6741, #1440, #5184, #1500 ) ) ;
#4177 = FACE_BOUND ( 'NONE', #4786, .T. ) ;
#4178 = EDGE_CURVE ( 'NONE', #7136, #3210, #5902, .T. ) ;
#4179 = EDGE_LOOP ( 'NONE', ( #3532, #223, #2653, #5330 ) ) ;
#4180 = ADVANCED_FACE ( 'NONE', ( #3820 ), #2170, .T. ) ;
#4181 = CARTESIAN_POINT ( 'NONE',  ( 3.499999999999999112, -1.823044737829952133, 0.0000000000000000000 ) ) ;
#4182 = DIRECTION ( 'NONE',  ( -0.0000000000000000000, -0.0000000000000000000, -1.000000000000000000 ) ) ;
#4183 = VERTEX_POINT ( 'NONE', #6536 ) ;
#4184 = CARTESIAN_POINT ( 'NONE',  ( -6.800000000000003375, -6.099999999999996980, -1000.000000000000000 ) ) ;
#4185 = ORIENTED_EDGE ( 'NONE', *, *, #778, .F. ) ;
#4186 = CARTESIAN_POINT ( 'NONE',  ( 5.200000000000001066, -6.462741699796954897, -1000.000000000000000 ) ) ;
#4187 = DIRECTION ( 'NONE',  ( 2.220446049250312588E-16, 1.000000000000000000, -0.0000000000000000000 ) ) ;
#4188 = CARTESIAN_POINT ( 'NONE',  ( -3.500000000000000000, -2.651471862576140204, -1000.000000000000000 ) ) ;
#4189 = DIRECTION ( 'NONE',  ( 0.0000000000000000000, 0.0000000000000000000, 1.000000000000000000 ) ) ;
#4190 = CARTESIAN_POINT ( 'NONE',  ( 8.699999999999999289, -5.200000000000001066, -1000.000000000000000 ) ) ;
#4191 = CARTESIAN_POINT ( 'NONE',  ( 2.343943303841100168, 0.8694422283156196807, -1000.000000000000000 ) ) ;
#4192 = DIRECTION ( 'NONE',  ( -0.8944271909999202963, 0.4472135954999488794, 0.0000000000000000000 ) ) ;
#4193 = ORIENTED_EDGE ( 'NONE', *, *, #3597, .T. ) ;
#4194 = ORIENTED_EDGE ( 'NONE', *, *, #5035, .T. ) ;
#4195 = EDGE_CURVE ( 'NONE', #3028, #4148, #6650, .T. ) ;
#4196 = VECTOR ( 'NONE', #4227, 999.9999999999998863 ) ;
#4197 = DIRECTION ( 'NONE',  ( 1.000000000000000000, 9.448460532487010622E-16, 0.0000000000000000000 ) ) ;
#4198 = DIRECTION ( 'NONE',  ( 0.0000000000000000000, -0.0000000000000000000, -1.000000000000000000 ) ) ;
#4199 = ORIENTED_EDGE ( 'NONE', *, *, #7278, .T. ) ;
#4200 = CARTESIAN_POINT ( 'NONE',  ( 3.070000000000000728, 8.250000000000003553, -1000.000000000000000 ) ) ;
#4201 = ORIENTED_EDGE ( 'NONE', *, *, #1496, .T. ) ;
#4202 = CIRCLE ( 'NONE', #1033, 0.2500000000000002220 ) ;
#4203 = CIRCLE ( 'NONE', #3155, 0.2500000000000002220 ) ;
#4204 = VECTOR ( 'NONE', #4654, 1000.000000000000000 ) ;
#4205 = LINE ( 'NONE', #6094, #623 ) ;
#4206 = DIRECTION ( 'NONE',  ( 0.0000000000000000000, 0.0000000000000000000, -1.000000000000000000 ) ) ;
#4207 = AXIS2_PLACEMENT_3D ( 'NONE', #1142, #6812, #4013 ) ;
#4208 = ORIENTED_EDGE ( 'NONE', *, *, #4587, .F. ) ;
#4209 = DIRECTION ( 'NONE',  ( 0.0000000000000000000, 0.0000000000000000000, 1.000000000000000000 ) ) ;
#4210 = ORIENTED_EDGE ( 'NONE', *, *, #250, .T. ) ;
#4211 = AXIS2_PLACEMENT_3D ( 'NONE', #1417, #3769, #3224 ) ;
#4212 = CIRCLE ( 'NONE', #86, 0.2500000000000000000 ) ;
#4213 = LINE ( 'NONE', #4181, #1790 ) ;
#4214 = VECTOR ( 'NONE', #6866, 1000.000000000000000 ) ;
#4215 = LINE ( 'NONE', #6465, #1956 ) ;
#4216 = ORIENTED_EDGE ( 'NONE', *, *, #3403, .T. ) ;
#4217 = DIRECTION ( 'NONE',  ( 0.0000000000000000000, 1.000000000000000000, 0.0000000000000000000 ) ) ;
#4218 = CARTESIAN_POINT ( 'NONE',  ( 8.449999999999999289, -5.200000000000001066, -1000.000000000000000 ) ) ;
#4219 = EDGE_CURVE ( 'NONE', #1896, #755, #6070, .T. ) ;
#4220 = EDGE_CURVE ( 'NONE', #3035, #2029, #1540, .T. ) ;
#4221 = CARTESIAN_POINT ( 'NONE',  ( -1.823044737829952355, 5.500000000000000000, -1000.000000000000000 ) ) ;
#4222 = DIRECTION ( 'NONE',  ( -6.715253028499256278E-16, -1.000000000000000000, 0.0000000000000000000 ) ) ;
#4223 = CARTESIAN_POINT ( 'NONE',  ( 8.500000000000000000, 8.499999999999998224, -1000.000000000000000 ) ) ;
#4224 = CARTESIAN_POINT ( 'NONE',  ( 3.700000000000001510, 10.00000000000000000, -1000.000000000000000 ) ) ;
#4225 = CARTESIAN_POINT ( 'NONE',  ( -4.907106781186548972, 5.755634918610405215, 0.0000000000000000000 ) ) ;
#4226 = EDGE_CURVE ( 'NONE', #7267, #4078, #3783, .T. ) ;
#4227 = DIRECTION ( 'NONE',  ( -0.6246950475544245096, 0.7808688094430301652, -0.0000000000000000000 ) ) ;
#4228 = CARTESIAN_POINT ( 'NONE',  ( 8.449999999999999289, -5.200000000000001066, -1000.000000000000000 ) ) ;
#4229 = ORIENTED_EDGE ( 'NONE', *, *, #331, .T. ) ;
#4230 = VECTOR ( 'NONE', #4421, 1000.000000000000000 ) ;
#4231 = ORIENTED_EDGE ( 'NONE', *, *, #843, .F. ) ;
#4232 = ORIENTED_EDGE ( 'NONE', *, *, #5879, .T. ) ;
#4233 = DIRECTION ( 'NONE',  ( -0.0000000000000000000, 0.0000000000000000000, -1.000000000000000000 ) ) ;
#4234 = CARTESIAN_POINT ( 'NONE',  ( 5.200000000000001954, 8.700000000000002842, -1000.000000000000000 ) ) ;
#4235 = DIRECTION ( 'NONE',  ( 0.0000000000000000000, -0.0000000000000000000, -1.000000000000000000 ) ) ;
#4236 = ORIENTED_EDGE ( 'NONE', *, *, #4220, .F. ) ;
#4237 = CARTESIAN_POINT ( 'NONE',  ( 6.099999999999999645, -6.800000000000000711, -1000.000000000000000 ) ) ;
#4238 = VERTEX_POINT ( 'NONE', #7132 ) ;
#4239 = FACE_OUTER_BOUND ( 'NONE', #1362, .T. ) ;
#4240 = LINE ( 'NONE', #1492, #6795 ) ;
#4241 = AXIS2_PLACEMENT_3D ( 'NONE', #3307, #944, #6615 ) ;
#4242 = EDGE_LOOP ( 'NONE', ( #1797, #6377, #1507, #6021 ) ) ;
#4243 = VERTEX_POINT ( 'NONE', #2640 ) ;
#4244 = LINE ( 'NONE', #2493, #7164 ) ;
#4245 = EDGE_CURVE ( 'NONE', #880, #6936, #383, .T. ) ;
#4246 = VECTOR ( 'NONE', #4439, 1000.000000000000000 ) ;
#4247 = DIRECTION ( 'NONE',  ( 0.0000000000000000000, 0.0000000000000000000, 1.000000000000000000 ) ) ;
#4248 = CIRCLE ( 'NONE', #3322, 0.2500000000000002220 ) ;
#4249 = DIRECTION ( 'NONE',  ( -0.0000000000000000000, -0.0000000000000000000, -1.000000000000000000 ) ) ;
#4250 = ORIENTED_EDGE ( 'NONE', *, *, #7245, .F. ) ;
#4252 = FACE_OUTER_BOUND ( 'NONE', #6636, .T. ) ;
#4251 = VECTOR ( 'NONE', #1193, 1000.000000000000000 ) ;
#4253 = CARTESIAN_POINT ( 'NONE',  ( -3.499999999999999112, 2.651471862576141536, -1000.000000000000000 ) ) ;
#4254 = VECTOR ( 'NONE', #1330, 1000.000000000000000 ) ;
#4255 = LINE ( 'NONE', #3708, #2505 ) ;
#4256 = DIRECTION ( 'NONE',  ( 1.000000000000000000, 9.448460532487010622E-16, 0.0000000000000000000 ) ) ;
#4257 = CARTESIAN_POINT ( 'NONE',  ( -8.499999999999998224, 8.500000000000000000, 0.0000000000000000000 ) ) ;
#4258 = EDGE_CURVE ( 'NONE', #259, #7267, #6255, .T. ) ;
#4259 = VECTOR ( 'NONE', #7044, 1000.000000000000000 ) ;
#4260 = EDGE_LOOP ( 'NONE', ( #3854, #2372, #2669, #5319 ) ) ;
#4261 = DIRECTION ( 'NONE',  ( 0.0000000000000000000, 0.0000000000000000000, 1.000000000000000000 ) ) ;
#4262 = CARTESIAN_POINT ( 'NONE',  ( 8.400000000000000355, 9.099999999999997868, -1000.000000000000000 ) ) ;
#4263 = CARTESIAN_POINT ( 'NONE',  ( 9.399999999999998579, -3.700000000000000178, -1000.000000000000000 ) ) ;
#4264 = DIRECTION ( 'NONE',  ( -1.000000000000000000, 1.991598500205934045E-16, 0.0000000000000000000 ) ) ;
#4265 = EDGE_CURVE ( 'NONE', #2529, #7039, #7, .T. ) ;
#4266 = ORIENTED_EDGE ( 'NONE', *, *, #1255, .F. ) ;
#4267 = ORIENTED_EDGE ( 'NONE', *, *, #6468, .F. ) ;
#4268 = ADVANCED_FACE ( 'NONE', ( #3856 ), #6503, .T. ) ;
#4269 = ORIENTED_EDGE ( 'NONE', *, *, #4086, .F. ) ;
#4270 = CARTESIAN_POINT ( 'NONE',  ( -8.700000000000002842, -4.720156211871640473, 0.0000000000000000000 ) ) ;
#4271 = CARTESIAN_POINT ( 'NONE',  ( -6.100000000000004086, -8.849999999999997868, -1000.000000000000000 ) ) ;
#4272 = DIRECTION ( 'NONE',  ( 0.0000000000000000000, -0.0000000000000000000, -1.000000000000000000 ) ) ;
#4273 = ORIENTED_EDGE ( 'NONE', *, *, #5951, .T. ) ;
#4274 = CARTESIAN_POINT ( 'NONE',  ( 3.473606797749979602, 0.3472135954999572838, 0.0000000000000000000 ) ) ;
#4275 = EDGE_LOOP ( 'NONE', ( #3481, #4229, #551, #2192 ) ) ;
#4276 = VERTEX_POINT ( 'NONE', #1466 ) ;
#4277 = EDGE_CURVE ( 'NONE', #4634, #5253, #6834, .T. ) ;
#4278 = CARTESIAN_POINT ( 'NONE',  ( -0.4590169943749456416, 3.249999999999999556, 0.0000000000000000000 ) ) ;
#4279 = DIRECTION ( 'NONE',  ( 1.000000000000000000, 0.0000000000000000000, 0.0000000000000000000 ) ) ;
#4280 = VERTEX_POINT ( 'NONE', #7096 ) ;
#4281 = ORIENTED_EDGE ( 'NONE', *, *, #2119, .F. ) ;
#4282 = CARTESIAN_POINT ( 'NONE',  ( 1.217219119641868907, -3.281520625377543077, -1000.000000000000000 ) ) ;
#4283 = AXIS2_PLACEMENT_3D ( 'NONE', #5966, #878, #915 ) ;
#4284 = EDGE_CURVE ( 'NONE', #1635, #3306, #3233, .T. ) ;
#4285 = FACE_OUTER_BOUND ( 'NONE', #2377, .T. ) ;
#4286 = VERTEX_POINT ( 'NONE', #348 ) ;
#4287 = CARTESIAN_POINT ( 'NONE',  ( -8.500000000000001776, -9.999999999999996447, -1000.000000000000000 ) ) ;
#4288 = DIRECTION ( 'NONE',  ( 1.000000000000000000, 0.0000000000000000000, 0.0000000000000000000 ) ) ;
#4289 = VECTOR ( 'NONE', #2236, 1000.000000000000000 ) ;
#4290 = DIRECTION ( 'NONE',  ( 1.000000000000000000, 0.0000000000000000000, 0.0000000000000000000 ) ) ;
#4291 = DIRECTION ( 'NONE',  ( -9.957992501029670227E-17, 1.000000000000000000, 0.0000000000000000000 ) ) ;
#4292 = CARTESIAN_POINT ( 'NONE',  ( 4.085786437626903300, 3.237258300203046169, -1000.000000000000000 ) ) ;
#4293 = CARTESIAN_POINT ( 'NONE',  ( 8.250000000000001776, -3.319999999999999840, -1000.000000000000000 ) ) ;
#4294 = ORIENTED_EDGE ( 'NONE', *, *, #2044, .F. ) ;
#4295 = CARTESIAN_POINT ( 'NONE',  ( -8.450000000000002842, -4.949999999999996625, 0.0000000000000000000 ) ) ;
#4296 = DIRECTION ( 'NONE',  ( -0.6246950475544247317, -0.7808688094430299431, 0.0000000000000000000 ) ) ;
#4297 = CARTESIAN_POINT ( 'NONE',  ( 6.349999999999999645, -8.850000000000001421, 0.0000000000000000000 ) ) ;
#4298 = DIRECTION ( 'NONE',  ( -0.0000000000000000000, -0.0000000000000000000, 1.000000000000000000 ) ) ;
#4299 = EDGE_LOOP ( 'NONE', ( #272, #7111, #2442, #6253 ) ) ;
#4300 = ORIENTED_EDGE ( 'NONE', *, *, #6981, .F. ) ;
#4301 = ADVANCED_FACE ( 'NONE', ( #905 ), #7174, .F. ) ;
#4302 = CARTESIAN_POINT ( 'NONE',  ( 8.000000000000003553, 3.319999999999997620, 0.0000000000000000000 ) ) ;
#4303 = EDGE_CURVE ( 'NONE', #5183, #3064, #3746, .T. ) ;
#4304 = CARTESIAN_POINT ( 'NONE',  ( 3.320000000000002061, 9.400000000000002132, 0.0000000000000000000 ) ) ;
#4305 = EDGE_CURVE ( 'NONE', #4389, #7192, #1195, .T. ) ;
#4306 = CARTESIAN_POINT ( 'NONE',  ( -3.070000000000000284, 8.000000000000003553, -1000.000000000000000 ) ) ;
#4307 = ORIENTED_EDGE ( 'NONE', *, *, #4195, .T. ) ;
#4308 = CARTESIAN_POINT ( 'NONE',  ( -1.823044737829952355, 3.499999999999999556, 0.0000000000000000000 ) ) ;
#4309 = EDGE_LOOP ( 'NONE', ( #4395, #5733, #200, #3452 ) ) ;
#4310 = ORIENTED_EDGE ( 'NONE', *, *, #3895, .F. ) ;
#4311 = CARTESIAN_POINT ( 'NONE',  ( 3.499999999999998668, -2.651471862576142424, -1000.000000000000000 ) ) ;
#4312 = EDGE_CURVE ( 'NONE', #1965, #6626, #3084, .T. ) ;
#4313 = CARTESIAN_POINT ( 'NONE',  ( 8.399999999999998579, -9.100000000000001421, 0.0000000000000000000 ) ) ;
#4314 = AXIS2_PLACEMENT_3D ( 'NONE', #5825, #5752, #1848 ) ;
#4315 = ORIENTED_EDGE ( 'NONE', *, *, #2878, .F. ) ;
#4316 = ORIENTED_EDGE ( 'NONE', *, *, #631, .F. ) ;
#4317 = DIRECTION ( 'NONE',  ( -3.499007729145976668E-16, 1.000000000000000000, 0.0000000000000000000 ) ) ;
#4318 = ADVANCED_FACE ( 'NONE', ( #6756 ), #3891, .F. ) ;
#4319 = VECTOR ( 'NONE', #6780, 999.9999999999998863 ) ;
#4320 = AXIS2_PLACEMENT_3D ( 'NONE', #1538, #2054, #940 ) ;
#4321 = FACE_OUTER_BOUND ( 'NONE', #1729, .T. ) ;
#4322 = AXIS2_PLACEMENT_3D ( 'NONE', #590, #1158, #3889 ) ;
#4323 = ADVANCED_FACE ( 'NONE', ( #637 ), #2831, .T. ) ;
#4324 = AXIS2_PLACEMENT_3D ( 'NONE', #6599, #3810, #6018 ) ;
#4325 = ORIENTED_EDGE ( 'NONE', *, *, #4850, .T. ) ;
#4326 = VECTOR ( 'NONE', #7079, 1000.000000000000114 ) ;
#4327 = DIRECTION ( 'NONE',  ( 0.0000000000000000000, 0.0000000000000000000, 1.000000000000000000 ) ) ;
#4328 = AXIS2_PLACEMENT_3D ( 'NONE', #1495, #3660, #1420 ) ;
#4329 = DIRECTION ( 'NONE',  ( 1.000000000000000000, -3.445092848397658153E-16, 0.0000000000000000000 ) ) ;
#4330 = DIRECTION ( 'NONE',  ( -1.000000000000000000, 0.0000000000000000000, 0.0000000000000000000 ) ) ;
#4331 = LINE ( 'NONE', #1543, #2744 ) ;
#4332 = VECTOR ( 'NONE', #1645, 1000.000000000000000 ) ;
#4333 = CARTESIAN_POINT ( 'NONE',  ( -3.499999999999999112, 1.823044737829951467, 0.0000000000000000000 ) ) ;
#4334 = ORIENTED_EDGE ( 'NONE', *, *, #833, .F. ) ;
#4335 = DIRECTION ( 'NONE',  ( -0.0000000000000000000, -0.0000000000000000000, -1.000000000000000000 ) ) ;
#4336 = LINE ( 'NONE', #3791, #4624 ) ;
#4337 = CARTESIAN_POINT ( 'NONE',  ( -9.400000000000000355, 3.699999999999998401, 0.0000000000000000000 ) ) ;
#4338 = LINE ( 'NONE', #994, #7235 ) ;
#4339 = ORIENTED_EDGE ( 'NONE', *, *, #6824, .T. ) ;
#4340 = VERTEX_POINT ( 'NONE', #1760 ) ;
#4341 = EDGE_CURVE ( 'NONE', #684, #4030, #3959, .T. ) ;
#4342 = DIRECTION ( 'NONE',  ( 0.0000000000000000000, -1.000000000000000000, 0.0000000000000000000 ) ) ;
#4343 = DIRECTION ( 'NONE',  ( 0.0000000000000000000, -0.0000000000000000000, -1.000000000000000000 ) ) ;
#4344 = PLANE ( 'NONE',  #1148 ) ;
#4345 = DIRECTION ( 'NONE',  ( 0.0000000000000000000, -0.0000000000000000000, -1.000000000000000000 ) ) ;
#4346 = VERTEX_POINT ( 'NONE', #2902 ) ;
#4347 = DIRECTION ( 'NONE',  ( -0.0000000000000000000, -0.0000000000000000000, -1.000000000000000000 ) ) ;
#4348 = AXIS2_PLACEMENT_3D ( 'NONE', #3903, #5531, #6120 ) ;
#4349 = ORIENTED_EDGE ( 'NONE', *, *, #4651, .F. ) ;
#4350 = VERTEX_POINT ( 'NONE', #6686 ) ;
#4351 = VERTEX_POINT ( 'NONE', #4550 ) ;
#4352 = CIRCLE ( 'NONE', #6242, 0.2500000000000002220 ) ;
#4353 = CARTESIAN_POINT ( 'NONE',  ( 3.320000000000000728, 8.250000000000003553, -1000.000000000000000 ) ) ;
#4354 = CARTESIAN_POINT ( 'NONE',  ( 9.400000000000000355, -3.320000000000000284, 0.0000000000000000000 ) ) ;
#4355 = ORIENTED_EDGE ( 'NONE', *, *, #5266, .T. ) ;
#4356 = ORIENTED_EDGE ( 'NONE', *, *, #5954, .T. ) ;
#4357 = LINE ( 'NONE', #6133, #4696 ) ;
#4358 = EDGE_CURVE ( 'NONE', #684, #3772, #596, .T. ) ;
#4359 = EDGE_CURVE ( 'NONE', #119, #6461, #3484, .T. ) ;
#4360 = PLANE ( 'NONE',  #718 ) ;
#4361 = EDGE_CURVE ( 'NONE', #5628, #5915, #2281, .T. ) ;
#4362 = ORIENTED_EDGE ( 'NONE', *, *, #220, .T. ) ;
#4363 = LINE ( 'NONE', #1611, #3621 ) ;
#4364 = AXIS2_PLACEMENT_3D ( 'NONE', #4963, #421, #4290 ) ;
#4365 = DIRECTION ( 'NONE',  ( 0.0000000000000000000, 0.0000000000000000000, 1.000000000000000000 ) ) ;
#4366 = CIRCLE ( 'NONE', #7205, 1.000000000000000000 ) ;
#4367 = CARTESIAN_POINT ( 'NONE',  ( 8.093826238111393678, -4.115060990489116222, -1000.000000000000000 ) ) ;
#4368 = VECTOR ( 'NONE', #5689, 1000.000000000000000 ) ;
#4369 = DIRECTION ( 'NONE',  ( -0.0000000000000000000, -0.0000000000000000000, -1.000000000000000000 ) ) ;
#4370 = DIRECTION ( 'NONE',  ( 0.0000000000000000000, 0.0000000000000000000, -1.000000000000000000 ) ) ;
#4371 = CARTESIAN_POINT ( 'NONE',  ( -4.524939009510886123, 8.606173761888609164, 0.0000000000000000000 ) ) ;
#4372 = ORIENTED_EDGE ( 'NONE', *, *, #3819, .F. ) ;
#4373 = DIRECTION ( 'NONE',  ( -4.336808689942017736E-16, -1.000000000000000000, 0.0000000000000000000 ) ) ;
#4374 = DIRECTION ( 'NONE',  ( 0.0000000000000000000, 0.0000000000000000000, 1.000000000000000000 ) ) ;
#4375 = DIRECTION ( 'NONE',  ( -2.975573931872343249E-15, -1.000000000000000000, 0.0000000000000000000 ) ) ;
#4376 = DIRECTION ( 'NONE',  ( 1.000000000000000000, 9.448460532487010622E-16, 0.0000000000000000000 ) ) ;
#4377 = ORIENTED_EDGE ( 'NONE', *, *, #751, .T. ) ;
#4378 = ORIENTED_EDGE ( 'NONE', *, *, #902, .T. ) ;
#4379 = AXIS2_PLACEMENT_3D ( 'NONE', #6370, #277, #4158 ) ;
#4380 = AXIS2_PLACEMENT_3D ( 'NONE', #6264, #4526, #6810 ) ;
#4381 = PLANE ( 'NONE',  #4730 ) ;
#4382 = CIRCLE ( 'NONE', #3093, 2.000000000000000000 ) ;
#4383 = DIRECTION ( 'NONE',  ( -1.000000000000000000, 0.0000000000000000000, 0.0000000000000000000 ) ) ;
#4384 = DIRECTION ( 'NONE',  ( -1.000000000000000000, 0.0000000000000000000, 0.0000000000000000000 ) ) ;
#4385 = LINE ( 'NONE', #7077, #975 ) ;
#4386 = ORIENTED_EDGE ( 'NONE', *, *, #6433, .F. ) ;
#4387 = DIRECTION ( 'NONE',  ( 0.0000000000000000000, 0.0000000000000000000, 1.000000000000000000 ) ) ;
#4388 = VERTEX_POINT ( 'NONE', #3379 ) ;
#4389 = VERTEX_POINT ( 'NONE', #1091 ) ;
#4390 = AXIS2_PLACEMENT_3D ( 'NONE', #1993, #4818, #1547 ) ;
#4391 = EDGE_LOOP ( 'NONE', ( #3806, #3099, #2926, #6188 ) ) ;
#4392 = FILL_AREA_STYLE ('',( #1640 ) ) ;
#4393 = VECTOR ( 'NONE', #5736, 1000.000000000000000 ) ;
#4394 = CARTESIAN_POINT ( 'NONE',  ( 10.00000000000000355, -10.00000000000000178, -1000.000000000000000 ) ) ;
#4395 = ORIENTED_EDGE ( 'NONE', *, *, #6958, .F. ) ;
#4396 = ORIENTED_EDGE ( 'NONE', *, *, #1953, .F. ) ;
#4397 = CARTESIAN_POINT ( 'NONE',  ( -10.00000000000000888, -9.999999999999996447, 0.0000000000000000000 ) ) ;
#4398 = VECTOR ( 'NONE', #5097, 1000.000000000000000 ) ;
#4399 = DIRECTION ( 'NONE',  ( 0.0000000000000000000, 0.0000000000000000000, 1.000000000000000000 ) ) ;
#4400 = EDGE_CURVE ( 'NONE', #6633, #5286, #1721, .T. ) ;
#4401 = EDGE_CURVE ( 'NONE', #2869, #2796, #1649, .T. ) ;
#4402 = VECTOR ( 'NONE', #3602, 1000.000000000000000 ) ;
#4403 = EDGE_CURVE ( 'NONE', #462, #7280, #7207, .T. ) ;
#4404 = VERTEX_POINT ( 'NONE', #5031 ) ;
#4405 = DIRECTION ( 'NONE',  ( 1.000000000000000000, -1.266470583184028925E-15, 0.0000000000000000000 ) ) ;
#4406 = CARTESIAN_POINT ( 'NONE',  ( -3.919843788128358764, 8.250000000000003553, 0.0000000000000000000 ) ) ;
#4407 = VECTOR ( 'NONE', #6115, 1000.000000000000000 ) ;
#4408 = DIRECTION ( 'NONE',  ( 0.0000000000000000000, 0.0000000000000000000, 1.000000000000000000 ) ) ;
#4409 = FACE_OUTER_BOUND ( 'NONE', #2638, .T. ) ;
#4410 = ORIENTED_EDGE ( 'NONE', *, *, #6177, .T. ) ;
#4411 = ORIENTED_EDGE ( 'NONE', *, *, #5076, .T. ) ;
#4412 = FACE_OUTER_BOUND ( 'NONE', #901, .T. ) ;
#4413 = DIRECTION ( 'NONE',  ( -0.0000000000000000000, -0.0000000000000000000, 1.000000000000000000 ) ) ;
#4414 = VECTOR ( 'NONE', #5674, 1000.000000000000000 ) ;
#4415 = DIRECTION ( 'NONE',  ( -1.991598500205934045E-16, -1.000000000000000000, 0.0000000000000000000 ) ) ;
#4416 = CARTESIAN_POINT ( 'NONE',  ( 8.699999999999999289, -4.950000000000001066, 0.0000000000000000000 ) ) ;
#4417 = VERTEX_POINT ( 'NONE', #49 ) ;
#4418 = ORIENTED_EDGE ( 'NONE', *, *, #4952, .T. ) ;
#4419 = AXIS2_PLACEMENT_3D ( 'NONE', #1049, #5955, #7199 ) ;
#4420 = LINE ( 'NONE', #997, #5202 ) ;
#4421 = DIRECTION ( 'NONE',  ( 0.0000000000000000000, 0.0000000000000000000, 1.000000000000000000 ) ) ;
#4422 = DIRECTION ( 'NONE',  ( -1.000000000000000000, 3.216245299353279611E-16, -0.0000000000000000000 ) ) ;
#4423 = DIRECTION ( 'NONE',  ( -0.0000000000000000000, -0.0000000000000000000, -1.000000000000000000 ) ) ;
#4424 = EDGE_CURVE ( 'NONE', #5207, #2529, #5657, .T. ) ;
#4425 = ORIENTED_EDGE ( 'NONE', *, *, #341, .F. ) ;
#4426 = DIRECTION ( 'NONE',  ( -0.0000000000000000000, -0.0000000000000000000, 1.000000000000000000 ) ) ;
#4427 = ORIENTED_EDGE ( 'NONE', *, *, #481, .F. ) ;
#4428 = EDGE_LOOP ( 'NONE', ( #5507, #1175, #1688, #3417 ) ) ;
#4429 = SURFACE_SIDE_STYLE ('',( #3883 ) ) ;
#4430 = CARTESIAN_POINT ( 'NONE',  ( 3.281520625377542189, 1.217219119641868463, -1000.000000000000000 ) ) ;
#4431 = ORIENTED_EDGE ( 'NONE', *, *, #6689, .T. ) ;
#4432 = ORIENTED_EDGE ( 'NONE', *, *, #5545, .F. ) ;
#4433 = CARTESIAN_POINT ( 'NONE',  ( 6.462741699796954009, 5.199999999999999289, -1000.000000000000000 ) ) ;
#4434 = CARTESIAN_POINT ( 'NONE',  ( -6.462741699796954009, -4.199999999999998401, -1000.000000000000000 ) ) ;
#4435 = AXIS2_PLACEMENT_3D ( 'NONE', #2288, #2799, #5042 ) ;
#4436 = EDGE_CURVE ( 'NONE', #6697, #7180, #1563, .T. ) ;
#4437 = ORIENTED_EDGE ( 'NONE', *, *, #6796, .T. ) ;
#4438 = VECTOR ( 'NONE', #3988, 1000.000000000000000 ) ;
#4439 = DIRECTION ( 'NONE',  ( -1.000000000000000000, 5.436691348603591705E-16, 0.0000000000000000000 ) ) ;
#4440 = CIRCLE ( 'NONE', #1272, 0.2500000000000002220 ) ;
#4441 = CARTESIAN_POINT ( 'NONE',  ( -3.320000000000002505, -8.000000000000001776, -1000.000000000000000 ) ) ;
#4442 = VERTEX_POINT ( 'NONE', #2867 ) ;
#4443 = VERTEX_POINT ( 'NONE', #6140 ) ;
#4444 = DIRECTION ( 'NONE',  ( -1.000000000000000000, 8.673617379884035472E-16, 0.0000000000000000000 ) ) ;
#4445 = LINE ( 'NONE', #3418, #6861 ) ;
#4446 = AXIS2_PLACEMENT_3D ( 'NONE', #2962, #3477, #578 ) ;
#4447 = CARTESIAN_POINT ( 'NONE',  ( 5.200000000000001066, -6.048528137423859086, -1000.000000000000000 ) ) ;
#4448 = CARTESIAN_POINT ( 'NONE',  ( 3.281520625377541744, -1.217219119641869574, 0.0000000000000000000 ) ) ;
#4449 = ORIENTED_EDGE ( 'NONE', *, *, #5406, .F. ) ;
#4450 = ORIENTED_EDGE ( 'NONE', *, *, #6274, .T. ) ;
#4451 = EDGE_CURVE ( 'NONE', #2646, #4878, #4590, .T. ) ;
#4452 = EDGE_CURVE ( 'NONE', #6427, #4735, #6793, .T. ) ;
#4453 = DIRECTION ( 'NONE',  ( 0.0000000000000000000, -0.0000000000000000000, -1.000000000000000000 ) ) ;
#4454 = DIRECTION ( 'NONE',  ( 0.0000000000000000000, -1.000000000000000000, 0.0000000000000000000 ) ) ;
#4455 = EDGE_CURVE ( 'NONE', #3772, #6020, #4034, .T. ) ;
#4456 = CARTESIAN_POINT ( 'NONE',  ( 4.200000000000001954, 6.462741699796952233, 0.0000000000000000000 ) ) ;
#4457 = CARTESIAN_POINT ( 'NONE',  ( 9.150000000000002132, 3.319999999999996732, 0.0000000000000000000 ) ) ;
#4458 = CARTESIAN_POINT ( 'NONE',  ( 5.200000000000000178, -8.450000000000004619, 0.0000000000000000000 ) ) ;
#4459 = ORIENTED_EDGE ( 'NONE', *, *, #29, .F. ) ;
#4460 = DIRECTION ( 'NONE',  ( 1.000000000000000000, 2.220446049250312588E-16, 0.0000000000000000000 ) ) ;
#4461 = ORIENTED_EDGE ( 'NONE', *, *, #179, .F. ) ;
#4462 = ORIENTED_EDGE ( 'NONE', *, *, #6652, .F. ) ;
#4463 = LINE ( 'NONE', #1115, #1106 ) ;
#4464 = ADVANCED_FACE ( 'NONE', ( #6249 ), #7282, .T. ) ;
#4465 = CIRCLE ( 'NONE', #1178, 2.000000000000000000 ) ;
#4466 = CARTESIAN_POINT ( 'NONE',  ( -4.085786437626904188, -3.237258300203045280, 0.0000000000000000000 ) ) ;
#4467 = VERTEX_POINT ( 'NONE', #1870 ) ;
#4468 = EDGE_LOOP ( 'NONE', ( #1695, #2829, #5107, #572, #5009, #4269, #53, #451 ) ) ;
#4469 = CARTESIAN_POINT ( 'NONE',  ( 10.00000000000000000, 3.699999999999996625, -1000.000000000000000 ) ) ;
#4470 = DIRECTION ( 'NONE',  ( -0.6246950475544245096, 0.7808688094430301652, -0.0000000000000000000 ) ) ;
#4471 = ORIENTED_EDGE ( 'NONE', *, *, #5818, .T. ) ;
#4472 = ADVANCED_FACE ( 'NONE', ( #6320 ), #4072, .T. ) ;
#4473 = CARTESIAN_POINT ( 'NONE',  ( -6.100000000000001421, 6.099999999999996092, -1000.000000000000000 ) ) ;
#4474 = CARTESIAN_POINT ( 'NONE',  ( -2.651471862576143756, -3.499999999999998668, -1000.000000000000000 ) ) ;
#4475 = EDGE_LOOP ( 'NONE', ( #2182, #415, #4884, #2285 ) ) ;
#4476 = ORIENTED_EDGE ( 'NONE', *, *, #7124, .T. ) ;
#4478 = DIRECTION ( 'NONE',  ( -2.220446049250312588E-16, -1.000000000000000000, 0.0000000000000000000 ) ) ;
#4477 = AXIS2_PLACEMENT_3D ( 'NONE', #3936, #3969, #3355 ) ;
#4479 = DIRECTION ( 'NONE',  ( 0.0000000000000000000, 0.0000000000000000000, 1.000000000000000000 ) ) ;
#4480 = LINE ( 'NONE', #3932, #2058 ) ;
#4481 = ORIENTED_EDGE ( 'NONE', *, *, #2032, .T. ) ;
#4482 = VERTEX_POINT ( 'NONE', #1315 ) ;
#4483 = CARTESIAN_POINT ( 'NONE',  ( -1.217219119641869574, 3.281520625377542633, -1000.000000000000000 ) ) ;
#4484 = VECTOR ( 'NONE', #539, 1000.000000000000114 ) ;
#4485 = VECTOR ( 'NONE', #6213, 1000.000000000000000 ) ;
#4486 = DIRECTION ( 'NONE',  ( 1.000000000000000000, 0.0000000000000000000, 0.0000000000000000000 ) ) ;
#4487 = EDGE_CURVE ( 'NONE', #1879, #4660, #965, .T. ) ;
#4488 = FACE_OUTER_BOUND ( 'NONE', #2381, .T. ) ;
#4489 = DIRECTION ( 'NONE',  ( -0.0000000000000000000, -0.0000000000000000000, -1.000000000000000000 ) ) ;
#4490 = ADVANCED_FACE ( 'NONE', ( #785 ), #4768, .F. ) ;
#4491 = DIRECTION ( 'NONE',  ( 0.0000000000000000000, -1.000000000000000000, 0.0000000000000000000 ) ) ;
#4492 = CARTESIAN_POINT ( 'NONE',  ( -5.200000000000001066, 8.450000000000002842, -1000.000000000000000 ) ) ;
#4493 = VECTOR ( 'NONE', #726, 1000.000000000000000 ) ;
#4494 = EDGE_CURVE ( 'NONE', #6626, #433, #4213, .T. ) ;
#4495 = FACE_OUTER_BOUND ( 'NONE', #1875, .T. ) ;
#4496 = VERTEX_POINT ( 'NONE', #1386 ) ;
#4497 = EDGE_LOOP ( 'NONE', ( #6798, #6313, #6098, #2352 ) ) ;
#4498 = VECTOR ( 'NONE', #5480, 1000.000000000000000 ) ;
#4499 = ADVANCED_FACE ( 'NONE', ( #6401 ), #3524, .F. ) ;
#4500 = VECTOR ( 'NONE', #2260, 1000.000000000000114 ) ;
#4501 = DIRECTION ( 'NONE',  ( 1.000000000000000000, -1.991598500205934045E-16, 0.0000000000000000000 ) ) ;
#4502 = VECTOR ( 'NONE', #5370, 1000.000000000000000 ) ;
#4503 = PLANE ( 'NONE',  #1367 ) ;
#4504 = EDGE_LOOP ( 'NONE', ( #3326, #2085, #3581, #4646 ) ) ;
#4505 = ORIENTED_EDGE ( 'NONE', *, *, #5430, .F. ) ;
#4506 = DIRECTION ( 'NONE',  ( -1.000000000000000000, 5.719453778396288762E-16, -0.0000000000000000000 ) ) ;
#4507 = EDGE_CURVE ( 'NONE', #1088, #6595, #595, .T. ) ;
#4508 = DIRECTION ( 'NONE',  ( -0.0000000000000000000, -0.0000000000000000000, -1.000000000000000000 ) ) ;
#4509 = CIRCLE ( 'NONE', #5807, 0.7000000000000000666 ) ;
#4510 = CARTESIAN_POINT ( 'NONE',  ( -8.000000000000005329, -3.319999999999995843, 0.0000000000000000000 ) ) ;
#4511 = AXIS2_PLACEMENT_3D ( 'NONE', #6200, #1047, #3402 ) ;
#4512 = ORIENTED_EDGE ( 'NONE', *, *, #3104, .T. ) ;
#4513 = EDGE_CURVE ( 'NONE', #119, #4071, #4625, .T. ) ;
#4514 = CARTESIAN_POINT ( 'NONE',  ( -6.099999999999996092, -6.099999999999997868, 0.0000000000000000000 ) ) ;
#4515 = LINE ( 'NONE', #1723, #4769 ) ;
#4516 = VERTEX_POINT ( 'NONE', #1423 ) ;
#4517 = VERTEX_POINT ( 'NONE', #6430 ) ;
#4518 = DIRECTION ( 'NONE',  ( 0.0000000000000000000, 0.0000000000000000000, 1.000000000000000000 ) ) ;
#4519 = FACE_OUTER_BOUND ( 'NONE', #948, .T. ) ;
#4520 = DIRECTION ( 'NONE',  ( -1.000000000000000000, 0.0000000000000000000, 0.0000000000000000000 ) ) ;
#4521 = ORIENTED_EDGE ( 'NONE', *, *, #306, .T. ) ;
#4522 = ORIENTED_EDGE ( 'NONE', *, *, #3154, .T. ) ;
#4523 = COLOUR_RGB ( '',0.8941176470588234615, 0.9137254901960784048, 0.9294117647058823817 ) ;
#4524 = CARTESIAN_POINT ( 'NONE',  ( -9.400000000000000355, 3.699999999999998401, -1000.000000000000000 ) ) ;
#4525 = CARTESIAN_POINT ( 'NONE',  ( 3.919843788128356987, -8.000000000000005329, 0.0000000000000000000 ) ) ;
#4526 = DIRECTION ( 'NONE',  ( -0.0000000000000000000, -0.0000000000000000000, -1.000000000000000000 ) ) ;
#4527 = AXIS2_PLACEMENT_3D ( 'NONE', #1613, #3346, #5588 ) ;
#4528 = CARTESIAN_POINT ( 'NONE',  ( -9.400000000000002132, -3.699999999999995293, -1000.000000000000000 ) ) ;
#4529 = DIRECTION ( 'NONE',  ( -1.000000000000000000, 0.0000000000000000000, 0.0000000000000000000 ) ) ;
#4530 = CYLINDRICAL_SURFACE ( 'NONE', #5682, 0.2500000000000002220 ) ;
#4531 = DIRECTION ( 'NONE',  ( -9.957992501029670227E-17, -1.000000000000000000, 0.0000000000000000000 ) ) ;
#4532 = ORIENTED_EDGE ( 'NONE', *, *, #5818, .F. ) ;
#4533 = VERTEX_POINT ( 'NONE', #2532 ) ;
#4534 = VECTOR ( 'NONE', #1642, 1000.000000000000000 ) ;
#4535 = EDGE_CURVE ( 'NONE', #1229, #2189, #5670, .T. ) ;
#4536 = DIRECTION ( 'NONE',  ( 0.0000000000000000000, 0.0000000000000000000, -1.000000000000000000 ) ) ;
#4537 = DIRECTION ( 'NONE',  ( 0.0000000000000000000, 0.0000000000000000000, 1.000000000000000000 ) ) ;
#4538 = VERTEX_POINT ( 'NONE', #862 ) ;
#4539 = CARTESIAN_POINT ( 'NONE',  ( -9.150000000000002132, 3.069999999999998064, 0.0000000000000000000 ) ) ;
#4540 = LINE ( 'NONE', #6781, #4438 ) ;
#4541 = EDGE_CURVE ( 'NONE', #6832, #1011, #3663, .T. ) ;
#4542 = DIRECTION ( 'NONE',  ( 0.0000000000000000000, -1.000000000000000000, 0.0000000000000000000 ) ) ;
#4543 = EDGE_CURVE ( 'NONE', #2199, #6635, #5912, .T. ) ;
#4544 = CARTESIAN_POINT ( 'NONE',  ( 4.600000000000002309, 8.700000000000002842, -1000.000000000000000 ) ) ;
#4545 = EDGE_CURVE ( 'NONE', #1131, #5757, #711, .T. ) ;
#4546 = VERTEX_POINT ( 'NONE', #5880 ) ;
#4547 = ORIENTED_EDGE ( 'NONE', *, *, #2254, .F. ) ;
#4548 = EDGE_CURVE ( 'NONE', #3035, #2160, #823, .T. ) ;
#4549 = VECTOR ( 'NONE', #2688, 1000.000000000000000 ) ;
#4550 = CARTESIAN_POINT ( 'NONE',  ( -3.070000000000002949, -8.250000000000001776, 0.0000000000000000000 ) ) ;
#4551 = EDGE_CURVE ( 'NONE', #2224, #4069, #268, .T. ) ;
#4552 = CARTESIAN_POINT ( 'NONE',  ( 6.350000000000002309, 9.099999999999999645, 0.0000000000000000000 ) ) ;
#4553 = VERTEX_POINT ( 'NONE', #197 ) ;
#4554 = ORIENTED_EDGE ( 'NONE', *, *, #6784, .T. ) ;
#4555 = CIRCLE ( 'NONE', #5272, 1.499999999999999556 ) ;
#4556 = DIRECTION ( 'NONE',  ( -0.0000000000000000000, 1.000000000000000000, -0.0000000000000000000 ) ) ;
#4557 = CARTESIAN_POINT ( 'NONE',  ( 8.849999999999996092, -6.350000000000001421, -1000.000000000000000 ) ) ;
#4558 = CARTESIAN_POINT ( 'NONE',  ( 8.500000000000000000, 8.499999999999998224, 0.0000000000000000000 ) ) ;
#4559 = ORIENTED_EDGE ( 'NONE', *, *, #6027, .T. ) ;
#4560 = ORIENTED_EDGE ( 'NONE', *, *, #4513, .T. ) ;
#4561 = VECTOR ( 'NONE', #4489, 1000.000000000000000 ) ;
#4562 = DIRECTION ( 'NONE',  ( 0.0000000000000000000, 0.0000000000000000000, 1.000000000000000000 ) ) ;
#4563 = AXIS2_PLACEMENT_3D ( 'NONE', #2261, #5570, #511 ) ;
#4564 = DIRECTION ( 'NONE',  ( 0.0000000000000000000, 0.0000000000000000000, -1.000000000000000000 ) ) ;
#4565 = CARTESIAN_POINT ( 'NONE',  ( -8.700000000000001066, 4.949999999999999289, 0.0000000000000000000 ) ) ;
#4566 = VECTOR ( 'NONE', #5783, 1000.000000000000000 ) ;
#4567 = CARTESIAN_POINT ( 'NONE',  ( -4.950000000000001066, 8.450000000000002842, -1000.000000000000000 ) ) ;
#4568 = CARTESIAN_POINT ( 'NONE',  ( -5.200000000000001066, 6.048528137423858198, -1000.000000000000000 ) ) ;
#4569 = CARTESIAN_POINT ( 'NONE',  ( -4.200000000000002842, -6.462741699796951345, -1000.000000000000000 ) ) ;
#4570 = CIRCLE ( 'NONE', #5162, 0.2500000000000002220 ) ;
#4571 = DIRECTION ( 'NONE',  ( -0.0000000000000000000, 0.0000000000000000000, -1.000000000000000000 ) ) ;
#4572 = EDGE_LOOP ( 'NONE', ( #6839, #6463, #5127, #1823 ) ) ;
#4573 = ORIENTED_EDGE ( 'NONE', *, *, #3709, .F. ) ;
#4574 = AXIS2_PLACEMENT_3D ( 'NONE', #7034, #5233, #5785 ) ;
#4575 = EDGE_CURVE ( 'NONE', #6541, #462, #6464, .T. ) ;
#4576 = VECTOR ( 'NONE', #5248, 999.9999999999998863 ) ;
#4577 = AXIS2_PLACEMENT_3D ( 'NONE', #3519, #704, #2964 ) ;
#4578 = CARTESIAN_POINT ( 'NONE',  ( -9.150000000000002132, 3.319999999999998064, -1000.000000000000000 ) ) ;
#4579 = ORIENTED_EDGE ( 'NONE', *, *, #6843, .F. ) ;
#4580 = CARTESIAN_POINT ( 'NONE',  ( -3.919843788128361428, -8.250000000000001776, -1000.000000000000000 ) ) ;
#4581 = CARTESIAN_POINT ( 'NONE',  ( 8.250000000000001776, -3.319999999999999840, -1000.000000000000000 ) ) ;
#4582 = DIRECTION ( 'NONE',  ( 0.0000000000000000000, 1.000000000000000000, 0.0000000000000000000 ) ) ;
#4583 = DIRECTION ( 'NONE',  ( 0.0000000000000000000, -1.000000000000000000, 0.0000000000000000000 ) ) ;
#4584 = EDGE_CURVE ( 'NONE', #3136, #1888, #2963, .T. ) ;
#4585 = ORIENTED_EDGE ( 'NONE', *, *, #2881, .F. ) ;
#4586 = DIRECTION ( 'NONE',  ( -0.0000000000000000000, -0.0000000000000000000, -1.000000000000000000 ) ) ;
#4587 = EDGE_CURVE ( 'NONE', #3064, #4986, #3595, .T. ) ;
#4588 = ORIENTED_EDGE ( 'NONE', *, *, #2343, .F. ) ;
#4589 = ADVANCED_FACE ( 'NONE', ( #1278 ), #4360, .T. ) ;
#4590 = LINE ( 'NONE', #1792, #1443 ) ;
#4591 = FACE_OUTER_BOUND ( 'NONE', #4873, .T. ) ;
#4592 = ORIENTED_EDGE ( 'NONE', *, *, #1680, .T. ) ;
#4593 = ORIENTED_EDGE ( 'NONE', *, *, #1128, .T. ) ;
#4594 = DIRECTION ( 'NONE',  ( 9.957992501029670227E-17, 1.000000000000000000, 0.0000000000000000000 ) ) ;
#4595 = FACE_OUTER_BOUND ( 'NONE', #5802, .T. ) ;
#4596 = DIRECTION ( 'NONE',  ( 0.8944271909999206294, 0.4472135954999484908, 0.0000000000000000000 ) ) ;
#4597 = ORIENTED_EDGE ( 'NONE', *, *, #991, .T. ) ;
#4598 = ORIENTED_EDGE ( 'NONE', *, *, #3560, .T. ) ;
#4599 = CARTESIAN_POINT ( 'NONE',  ( -3.473606797749979602, -0.3472135954999565621, 0.0000000000000000000 ) ) ;
#4600 = EDGE_CURVE ( 'NONE', #5271, #1229, #2052, .T. ) ;
#4601 = CARTESIAN_POINT ( 'NONE',  ( 3.249999999999999556, -0.4590169943749455861, -1000.447213595499761 ) ) ;
#4602 = DIRECTION ( 'NONE',  ( 1.224646799147345565E-16, 1.000000000000000000, 0.0000000000000000000 ) ) ;
#4603 = FACE_OUTER_BOUND ( 'NONE', #1739, .T. ) ;
#4604 = DIRECTION ( 'NONE',  ( -4.011769183883418917E-16, 1.000000000000000000, 0.0000000000000000000 ) ) ;
#4605 = FACE_OUTER_BOUND ( 'NONE', #5607, .T. ) ;
#4606 = CARTESIAN_POINT ( 'NONE',  ( 4.085786437626903300, 3.237258300203046169, 0.0000000000000000000 ) ) ;
#4607 = ORIENTED_EDGE ( 'NONE', *, *, #5729, .F. ) ;
#4608 = EDGE_LOOP ( 'NONE', ( #662, #1851, #3227, #4118 ) ) ;
#4609 = CIRCLE ( 'NONE', #5072, 0.2500000000000002220 ) ;
#4610 = DIRECTION ( 'NONE',  ( 0.0000000000000000000, 1.000000000000000000, 0.0000000000000000000 ) ) ;
#4611 = VECTOR ( 'NONE', #5707, 1000.000000000000000 ) ;
#4612 = AXIS2_PLACEMENT_3D ( 'NONE', #6284, #6828, #1202 ) ;
#4613 = VERTEX_POINT ( 'NONE', #6025 ) ;
#4614 = FACE_OUTER_BOUND ( 'NONE', #3121, .T. ) ;
#4615 = CARTESIAN_POINT ( 'NONE',  ( 4.720156211871643137, -8.450000000000004619, 0.0000000000000000000 ) ) ;
#4616 = ORIENTED_EDGE ( 'NONE', *, *, #561, .F. ) ;
#4617 = CARTESIAN_POINT ( 'NONE',  ( -6.100000000000004086, -8.849999999999997868, -1000.000000000000000 ) ) ;
#4618 = VECTOR ( 'NONE', #5887, 1000.000000000000000 ) ;
#4619 = DIRECTION ( 'NONE',  ( 0.6246950475544246206, 0.7808688094430300541, 0.0000000000000000000 ) ) ;
#4620 = ORIENTED_EDGE ( 'NONE', *, *, #2251, .F. ) ;
#4621 = CARTESIAN_POINT ( 'NONE',  ( -9.999999999999998224, 10.00000000000000355, -1000.000000000000000 ) ) ;
#4622 = VERTEX_POINT ( 'NONE', #1014 ) ;
#4623 = EDGE_CURVE ( 'NONE', #124, #741, #7093, .T. ) ;
#4624 = VECTOR ( 'NONE', #1619, 1000.000000000000000 ) ;
#4625 = LINE ( 'NONE', #159, #6491 ) ;
#4626 = EDGE_CURVE ( 'NONE', #3382, #2550, #5512, .T. ) ;
#4627 = EDGE_CURVE ( 'NONE', #71, #2237, #6103, .T. ) ;
#4628 = CARTESIAN_POINT ( 'NONE',  ( 9.099999999999997868, -9.100000000000004974, -1000.000000000000000 ) ) ;
#4629 = EDGE_LOOP ( 'NONE', ( #6030, #5139, #2919, #4592, #1569, #6931, #1725, #978 ) ) ;
#4630 = AXIS2_PLACEMENT_3D ( 'NONE', #6031, #5883, #826 ) ;
#4631 = EDGE_LOOP ( 'NONE', ( #5899, #5128, #3179, #810 ) ) ;
#4632 = CARTESIAN_POINT ( 'NONE',  ( 6.099999999999999645, -6.800000000000000711, 0.0000000000000000000 ) ) ;
#4633 = PLANE ( 'NONE',  #5348 ) ;
#4634 = VERTEX_POINT ( 'NONE', #2716 ) ;
#4635 = ORIENTED_EDGE ( 'NONE', *, *, #2243, .F. ) ;
#4636 = DIRECTION ( 'NONE',  ( -0.0000000000000000000, -0.0000000000000000000, -1.000000000000000000 ) ) ;
#4637 = EDGE_CURVE ( 'NONE', #3587, #274, #4840, .T. ) ;
#4638 = LINE ( 'NONE', #829, #1919 ) ;
#4639 = FACE_OUTER_BOUND ( 'NONE', #2980, .T. ) ;
#4640 = CARTESIAN_POINT ( 'NONE',  ( -3.700000000000000178, 10.00000000000000000, -1000.000000000000000 ) ) ;
#4641 = PLANE ( 'NONE',  #5273 ) ;
#4642 = DIRECTION ( 'NONE',  ( 0.0000000000000000000, -1.000000000000000000, 0.0000000000000000000 ) ) ;
#4643 = EDGE_CURVE ( 'NONE', #6160, #4622, #340, .T. ) ;
#4644 = CARTESIAN_POINT ( 'NONE',  ( 9.346979907074258767E-15, -3.299999999999999378, 0.0000000000000000000 ) ) ;
#4645 = ORIENTED_EDGE ( 'NONE', *, *, #4303, .F. ) ;
#4646 = ORIENTED_EDGE ( 'NONE', *, *, #5055, .T. ) ;
#4647 = ORIENTED_EDGE ( 'NONE', *, *, #6212, .T. ) ;
#4648 = VECTOR ( 'NONE', #5159, 1000.000000000000000 ) ;
#4649 = DIRECTION ( 'NONE',  ( -0.8944271909999206294, -0.4472135954999484353, 0.0000000000000000000 ) ) ;
#4650 = CARTESIAN_POINT ( 'NONE',  ( 9.150000000000000355, -3.069999999999999840, 0.0000000000000000000 ) ) ;
#4651 = EDGE_CURVE ( 'NONE', #2069, #3870, #5472, .T. ) ;
#4652 = ORIENTED_EDGE ( 'NONE', *, *, #2535, .T. ) ;
#4653 = LINE ( 'NONE', #6749, #4679 ) ;
#4654 = DIRECTION ( 'NONE',  ( 1.000000000000000000, -3.445092848397658646E-16, 0.0000000000000000000 ) ) ;
#4655 = ORIENTED_EDGE ( 'NONE', *, *, #4098, .F. ) ;
#4656 = VECTOR ( 'NONE', #2939, 1000.000000000000000 ) ;
#4657 = PLANE ( 'NONE',  #4446 ) ;
#4658 = CARTESIAN_POINT ( 'NONE',  ( 3.699999999999998845, -9.400000000000002132, 0.0000000000000000000 ) ) ;
#4659 = AXIS2_PLACEMENT_3D ( 'NONE', #2583, #1437, #1512 ) ;
#4660 = VERTEX_POINT ( 'NONE', #2601 ) ;
#4661 = DIRECTION ( 'NONE',  ( 4.723654528293322233E-16, 1.000000000000000000, -0.0000000000000000000 ) ) ;
#4662 = ORIENTED_EDGE ( 'NONE', *, *, #7248, .F. ) ;
#4663 = ADVANCED_FACE ( 'NONE', ( #4285 ), #3190, .F. ) ;
#4664 = DIRECTION ( 'NONE',  ( 0.0000000000000000000, -1.000000000000000000, 0.0000000000000000000 ) ) ;
#4665 = DIRECTION ( 'NONE',  ( 1.000000000000000000, 0.0000000000000000000, 0.0000000000000000000 ) ) ;
#4666 = ORIENTED_EDGE ( 'NONE', *, *, #3260, .F. ) ;
#4667 = ORIENTED_EDGE ( 'NONE', *, *, #2597, .F. ) ;
#4668 = DIRECTION ( 'NONE',  ( 0.0000000000000000000, 0.0000000000000000000, 1.000000000000000000 ) ) ;
#4669 = CARTESIAN_POINT ( 'NONE',  ( 9.150000000000000355, -3.069999999999999840, 0.0000000000000000000 ) ) ;
#4670 = VERTEX_POINT ( 'NONE', #976 ) ;
#4671 = ORIENTED_EDGE ( 'NONE', *, *, #6609, .T. ) ;
#4672 = CARTESIAN_POINT ( 'NONE',  ( 9.399999999999998579, -3.700000000000000178, -1000.000000000000000 ) ) ;
#4673 = CARTESIAN_POINT ( 'NONE',  ( -8.093826238111397231, -4.115060990489111781, 0.0000000000000000000 ) ) ;
#4674 = AXIS2_PLACEMENT_3D ( 'NONE', #1246, #3490, #5737 ) ;
#4675 = DIRECTION ( 'NONE',  ( -0.7071067811865479058, -0.7071067811865472397, 0.0000000000000000000 ) ) ;
#4676 = CARTESIAN_POINT ( 'NONE',  ( -10.00000000000000533, 10.00000000000000000, -1000.000000000000000 ) ) ;
#4677 = FACE_OUTER_BOUND ( 'NONE', #3493, .T. ) ;
#4678 = CARTESIAN_POINT ( 'NONE',  ( -8.000000000000001776, 5.200000000000000178, 0.0000000000000000000 ) ) ;
#4679 = VECTOR ( 'NONE', #6240, 1000.000000000000000 ) ;
#4680 = DIRECTION ( 'NONE',  ( -4.336808689942017736E-16, -1.000000000000000000, 0.0000000000000000000 ) ) ;
#4681 = EDGE_CURVE ( 'NONE', #6804, #3067, #1054, .T. ) ;
#4682 = ORIENTED_EDGE ( 'NONE', *, *, #7060, .T. ) ;
#4683 = VERTEX_POINT ( 'NONE', #2565 ) ;
#4684 = EDGE_CURVE ( 'NONE', #537, #6328, #4841, .T. ) ;
#4685 = AXIS2_PLACEMENT_3D ( 'NONE', #1343, #2521, #739 ) ;
#4686 = EDGE_CURVE ( 'NONE', #1965, #6573, #7170, .T. ) ;
#4687 = AXIS2_PLACEMENT_3D ( 'NONE', #5244, #703, #6900 ) ;
#4688 = DIRECTION ( 'NONE',  ( 0.0000000000000000000, 0.0000000000000000000, 1.000000000000000000 ) ) ;
#4689 = CYLINDRICAL_SURFACE ( 'NONE', #1348, 0.2500000000000002220 ) ;
#4690 = AXIS2_PLACEMENT_3D ( 'NONE', #4278, #6527, #1490 ) ;
#4691 = ORIENTED_EDGE ( 'NONE', *, *, #5181, .F. ) ;
#4692 = CARTESIAN_POINT ( 'NONE',  ( -8.250000000000003553, 3.069999999999998508, 0.0000000000000000000 ) ) ;
#4693 = CARTESIAN_POINT ( 'NONE',  ( 6.099999999999995204, 6.099999999999998757, 0.0000000000000000000 ) ) ;
#4694 = ORIENTED_EDGE ( 'NONE', *, *, #5578, .F. ) ;
#4695 = AXIS2_PLACEMENT_3D ( 'NONE', #1472, #5413, #6040 ) ;
#4696 = VECTOR ( 'NONE', #7240, 1000.000000000000000 ) ;
#4697 = CARTESIAN_POINT ( 'NONE',  ( -6.048528137423859086, -5.199999999999998401, -1000.000000000000000 ) ) ;
#4698 = ORIENTED_EDGE ( 'NONE', *, *, #3819, .T. ) ;
#4699 = DIRECTION ( 'NONE',  ( 0.0000000000000000000, 0.0000000000000000000, 1.000000000000000000 ) ) ;
#4700 = VERTEX_POINT ( 'NONE', #378 ) ;
#4701 = UNCERTAINTY_MEASURE_WITH_UNIT (LENGTH_MEASURE( 1.000000000000000082E-05 ), #3984, 'distance_accuracy_value', 'NONE');
#4702 = DIRECTION ( 'NONE',  ( -0.0000000000000000000, -0.0000000000000000000, -1.000000000000000000 ) ) ;
#4703 = CARTESIAN_POINT ( 'NONE',  ( 1.823044737829952799, 3.499999999999999112, 0.0000000000000000000 ) ) ;
#4704 = ORIENTED_EDGE ( 'NONE', *, *, #2246, .T. ) ;
#4705 = ORIENTED_EDGE ( 'NONE', *, *, #760, .F. ) ;
#4706 = EDGE_CURVE ( 'NONE', #5962, #928, #4803, .T. ) ;
#4707 = CARTESIAN_POINT ( 'NONE',  ( 8.450000000000001066, 4.949999999999998401, -1000.000000000000000 ) ) ;
#4708 = FACE_OUTER_BOUND ( 'NONE', #352, .T. ) ;
#4709 = ORIENTED_EDGE ( 'NONE', *, *, #3345, .F. ) ;
#4710 = ORIENTED_EDGE ( 'NONE', *, *, #752, .T. ) ;
#4711 = LINE ( 'NONE', #6956, #3217 ) ;
#4712 = DIRECTION ( 'NONE',  ( -0.0000000000000000000, -0.0000000000000000000, -1.000000000000000000 ) ) ;
#4713 = LINE ( 'NONE', #4188, #3798 ) ;
#4714 = DIRECTION ( 'NONE',  ( -0.0000000000000000000, -0.0000000000000000000, 1.000000000000000000 ) ) ;
#4715 = PLANE ( 'NONE',  #3279 ) ;
#4716 = FACE_OUTER_BOUND ( 'NONE', #1636, .T. ) ;
#4717 = DIRECTION ( 'NONE',  ( 0.0000000000000000000, 0.0000000000000000000, -1.000000000000000000 ) ) ;
#4718 = ORIENTED_EDGE ( 'NONE', *, *, #6977, .F. ) ;
#4719 = ORIENTED_EDGE ( 'NONE', *, *, #2195, .F. ) ;
#4720 = ADVANCED_FACE ( 'NONE', ( #7208 ), #7055, .F. ) ;
#4721 = DIRECTION ( 'NONE',  ( -1.387778780781444413E-14, 1.000000000000000000, 0.0000000000000000000 ) ) ;
#4722 = ADVANCED_FACE ( 'NONE', ( #4321 ), #2637, .T. ) ;
#4723 = DIRECTION ( 'NONE',  ( 0.0000000000000000000, -1.000000000000000000, 0.0000000000000000000 ) ) ;
#4724 = EDGE_CURVE ( 'NONE', #7118, #3653, #3701, .T. ) ;
#4725 = VERTEX_POINT ( 'NONE', #3153 ) ;
#4726 = DIRECTION ( 'NONE',  ( 0.0000000000000000000, 0.0000000000000000000, 1.000000000000000000 ) ) ;
#4727 = ORIENTED_EDGE ( 'NONE', *, *, #2203, .T. ) ;
#4728 = VECTOR ( 'NONE', #6409, 1000.000000000000000 ) ;
#4729 = EDGE_CURVE ( 'NONE', #2515, #6633, #6571, .T. ) ;
#4730 = AXIS2_PLACEMENT_3D ( 'NONE', #399, #2657, #1034 ) ;
#4731 = VECTOR ( 'NONE', #3412, 1000.000000000000000 ) ;
#4732 = DIRECTION ( 'NONE',  ( -0.0000000000000000000, -0.0000000000000000000, -1.000000000000000000 ) ) ;
#4733 = ORIENTED_EDGE ( 'NONE', *, *, #3063, .T. ) ;
#4734 = DIRECTION ( 'NONE',  ( 1.000000000000000000, 2.753529326947311940E-15, 0.0000000000000000000 ) ) ;
#4735 = VERTEX_POINT ( 'NONE', #3373 ) ;
#4736 = CIRCLE ( 'NONE', #558, 0.2500000000000002220 ) ;
#4737 = AXIS2_PLACEMENT_3D ( 'NONE', #6037, #4408, #5445 ) ;
#4738 = CARTESIAN_POINT ( 'NONE',  ( -3.700000000000003286, -9.750000000000000000, 0.0000000000000000000 ) ) ;
#4739 = EDGE_CURVE ( 'NONE', #512, #4417, #3786, .T. ) ;
#4740 = DIRECTION ( 'NONE',  ( 1.000000000000000000, 0.0000000000000000000, 0.0000000000000000000 ) ) ;
#4741 = ORIENTED_EDGE ( 'NONE', *, *, #7171, .T. ) ;
#4742 = CARTESIAN_POINT ( 'NONE',  ( 0.3472135954999577279, -3.473606797749979602, -1000.000000000000000 ) ) ;
#4743 = ORIENTED_EDGE ( 'NONE', *, *, #4111, .F. ) ;
#4744 = EDGE_LOOP ( 'NONE', ( #1658, #7151, #7301, #2446 ) ) ;
#4745 = CARTESIAN_POINT ( 'NONE',  ( -4.720156211871644913, 8.700000000000002842, 0.0000000000000000000 ) ) ;
#4746 = LINE ( 'NONE', #1954, #1565 ) ;
#4747 = DIRECTION ( 'NONE',  ( 1.000000000000000000, 0.0000000000000000000, 0.0000000000000000000 ) ) ;
#4748 = DIRECTION ( 'NONE',  ( -1.000000000000000000, -2.288475490443785424E-17, 0.0000000000000000000 ) ) ;
#4749 = FACE_OUTER_BOUND ( 'NONE', #2823, .T. ) ;
#4750 = CARTESIAN_POINT ( 'NONE',  ( 9.099999999999997868, -6.350000000000001421, 0.0000000000000000000 ) ) ;
#4751 = VECTOR ( 'NONE', #6673, 1000.000000000000000 ) ;
#4752 = CARTESIAN_POINT ( 'NONE',  ( 8.250000000000001776, -3.070000000000000284, 0.0000000000000000000 ) ) ;
#4753 = VERTEX_POINT ( 'NONE', #1087 ) ;
#4754 = ORIENTED_EDGE ( 'NONE', *, *, #5673, .T. ) ;
#4755 = DIRECTION ( 'NONE',  ( 0.0000000000000000000, 0.0000000000000000000, 1.000000000000000000 ) ) ;
#4756 = CARTESIAN_POINT ( 'NONE',  ( 2.050609665440985996, 2.050609665440979779, 0.0000000000000000000 ) ) ;
#4757 = EDGE_LOOP ( 'NONE', ( #2663, #6526, #1916, #3844 ) ) ;
#4758 = LINE ( 'NONE', #7046, #1983 ) ;
#4759 = EDGE_LOOP ( 'NONE', ( #6224, #3527, #1690, #1267 ) ) ;
#4760 = EDGE_CURVE ( 'NONE', #6859, #4340, #4026, .T. ) ;
#4761 = CIRCLE ( 'NONE', #5705, 2.499999999999992895 ) ;
#4762 = CARTESIAN_POINT ( 'NONE',  ( -9.400000000000002132, -3.699999999999995293, 0.0000000000000000000 ) ) ;
#4763 = CARTESIAN_POINT ( 'NONE',  ( -5.200000000000003730, -8.000000000000001776, -1000.000000000000000 ) ) ;
#4764 = ORIENTED_EDGE ( 'NONE', *, *, #6389, .F. ) ;
#4765 = CARTESIAN_POINT ( 'NONE',  ( -8.700000000000001066, 4.949999999999999289, -1000.000000000000000 ) ) ;
#4766 = ORIENTED_EDGE ( 'NONE', *, *, #2432, .T. ) ;
#4767 = EDGE_CURVE ( 'NONE', #816, #4546, #6243, .T. ) ;
#4768 = PLANE ( 'NONE',  #2020 ) ;
#4769 = VECTOR ( 'NONE', #3599, 1000.000000000000000 ) ;
#4770 = EDGE_CURVE ( 'NONE', #5929, #513, #6681, .T. ) ;
#4771 = LINE ( 'NONE', #4808, #413 ) ;
#4772 = ORIENTED_EDGE ( 'NONE', *, *, #1184, .F. ) ;
#4773 = EDGE_CURVE ( 'NONE', #4056, #7154, #725, .T. ) ;
#4774 = DIRECTION ( 'NONE',  ( 0.0000000000000000000, 0.0000000000000000000, 1.000000000000000000 ) ) ;
#4775 = ORIENTED_EDGE ( 'NONE', *, *, #4551, .F. ) ;
#4776 = LINE ( 'NONE', #5226, #1429 ) ;
#4777 = DIRECTION ( 'NONE',  ( 0.0000000000000000000, 0.0000000000000000000, 1.000000000000000000 ) ) ;
#4778 = DIRECTION ( 'NONE',  ( 1.000000000000000000, 2.753529326947311940E-15, 0.0000000000000000000 ) ) ;
#4779 = DIRECTION ( 'NONE',  ( -0.0000000000000000000, -0.0000000000000000000, -1.000000000000000000 ) ) ;
#4780 = FACE_OUTER_BOUND ( 'NONE', #4744, .T. ) ;
#4781 = LINE ( 'NONE', #2139, #3449 ) ;
#4782 = LINE ( 'NONE', #6302, #904 ) ;
#4783 = LINE ( 'NONE', #4228, #5583 ) ;
#4784 = ORIENTED_EDGE ( 'NONE', *, *, #1908, .T. ) ;
#4785 = ORIENTED_EDGE ( 'NONE', *, *, #5055, .F. ) ;
#4786 = EDGE_LOOP ( 'NONE', ( #3370, #4232, #1099, #3422, #2904, #4152, #1911, #851 ) ) ;
#4787 = DIRECTION ( 'NONE',  ( -2.220446049250312588E-16, -1.000000000000000000, 0.0000000000000000000 ) ) ;
#4788 = DIRECTION ( 'NONE',  ( -0.0000000000000000000, -0.0000000000000000000, 1.000000000000000000 ) ) ;
#4789 = LINE ( 'NONE', #4944, #4259 ) ;
#4790 = ORIENTED_EDGE ( 'NONE', *, *, #132, .F. ) ;
#4791 = FACE_OUTER_BOUND ( 'NONE', #2701, .T. ) ;
#4792 = ORIENTED_EDGE ( 'NONE', *, *, #3152, .F. ) ;
#4793 = CIRCLE ( 'NONE', #4320, 0.2500000000000002220 ) ;
#4794 = ADVANCED_FACE ( 'NONE', ( #6785 ), #5547, .F. ) ;
#4795 = AXIS2_PLACEMENT_3D ( 'NONE', #6896, #588, #5686 ) ;
#4796 = AXIS2_PLACEMENT_3D ( 'NONE', #925, #4387, #2040 ) ;
#4797 = CYLINDRICAL_SURFACE ( 'NONE', #4211, 0.2500000000000000000 ) ;
#4798 = CYLINDRICAL_SURFACE ( 'NONE', #2692, 0.2500000000000002220 ) ;
#4799 = VECTOR ( 'NONE', #280, 1000.000000000000000 ) ;
#4800 = ORIENTED_EDGE ( 'NONE', *, *, #3868, .T. ) ;
#4801 = PLANE ( 'NONE',  #2107 ) ;
#4802 = AXIS2_PLACEMENT_3D ( 'NONE', #5504, #3261, #2668 ) ;
#4803 = LINE ( 'NONE', #6064, #12 ) ;
#4804 = AXIS2_PLACEMENT_3D ( 'NONE', #3557, #3447, #193 ) ;
#4805 = EDGE_CURVE ( 'NONE', #6160, #1004, #3408, .T. ) ;
#4806 = EDGE_CURVE ( 'NONE', #771, #1940, #5026, .T. ) ;
#4807 = EDGE_CURVE ( 'NONE', #1146, #2529, #2201, .T. ) ;
#4808 = CARTESIAN_POINT ( 'NONE',  ( -5.200000000000003730, -8.450000000000001066, -1000.000000000000000 ) ) ;
#4809 = ORIENTED_EDGE ( 'NONE', *, *, #1122, .F. ) ;
#4810 = CYLINDRICAL_SURFACE ( 'NONE', #3269, 1.499999999999999556 ) ;
#4811 = LINE ( 'NONE', #3573, #1671 ) ;
#4812 = FACE_OUTER_BOUND ( 'NONE', #3603, .T. ) ;
#4813 = VECTOR ( 'NONE', #7113, 1000.000000000000000 ) ;
#4814 = LINE ( 'NONE', #350, #4502 ) ;
#4815 = DIRECTION ( 'NONE',  ( 0.0000000000000000000, -0.0000000000000000000, -1.000000000000000000 ) ) ;
#4816 = EDGE_LOOP ( 'NONE', ( #6117, #5740, #4075, #4560 ) ) ;
#4817 = CARTESIAN_POINT ( 'NONE',  ( 5.200000000000001954, 8.000000000000003553, 0.0000000000000000000 ) ) ;
#4818 = DIRECTION ( 'NONE',  ( 0.0000000000000000000, 0.0000000000000000000, 1.000000000000000000 ) ) ;
#4819 = CARTESIAN_POINT ( 'NONE',  ( -5.200000000000001066, 6.462741699796953121, -1000.000000000000000 ) ) ;
#4820 = DIRECTION ( 'NONE',  ( 0.0000000000000000000, 1.000000000000000000, 0.0000000000000000000 ) ) ;
#4821 = VERTEX_POINT ( 'NONE', #5582 ) ;
#4822 = ORIENTED_EDGE ( 'NONE', *, *, #6709, .T. ) ;
#4823 = EDGE_CURVE ( 'NONE', #6804, #1456, #1086, .T. ) ;
#4824 = ORIENTED_EDGE ( 'NONE', *, *, #2226, .T. ) ;
#4825 = CARTESIAN_POINT ( 'NONE',  ( -4.524939009510888788, -8.606173761888607388, -1000.000000000000000 ) ) ;
#4826 = CARTESIAN_POINT ( 'NONE',  ( -8.000000000000005329, -3.069999999999995843, -1000.000000000000000 ) ) ;
#4827 = LINE ( 'NONE', #6519, #4150 ) ;
#4828 = EDGE_CURVE ( 'NONE', #865, #4533, #6142, .T. ) ;
#4829 = ORIENTED_EDGE ( 'NONE', *, *, #1742, .T. ) ;
#4830 = CARTESIAN_POINT ( 'NONE',  ( 5.200000000000000178, -8.000000000000005329, 0.0000000000000000000 ) ) ;
#4831 = VERTEX_POINT ( 'NONE', #3922 ) ;
#4832 = ORIENTED_EDGE ( 'NONE', *, *, #658, .F. ) ;
#4833 = CARTESIAN_POINT ( 'NONE',  ( 0.4590169943749460857, 3.499999999999999556, -1000.000000000000000 ) ) ;
#4834 = CYLINDRICAL_SURFACE ( 'NONE', #6683, 0.2500000000000002220 ) ;
#4835 = AXIS2_PLACEMENT_3D ( 'NONE', #4483, #4636, #1769 ) ;
#4836 = ORIENTED_EDGE ( 'NONE', *, *, #2558, .T. ) ;
#4837 = VERTEX_POINT ( 'NONE', #5653 ) ;
#4838 = LINE ( 'NONE', #1458, #2116 ) ;
#4839 = CIRCLE ( 'NONE', #1673, 0.2500000000000000000 ) ;
#4840 = CIRCLE ( 'NONE', #126, 0.2500000000000002220 ) ;
#4841 = LINE ( 'NONE', #1498, #6380 ) ;
#4842 = CIRCLE ( 'NONE', #967, 2.000000000000000000 ) ;
#4843 = CYLINDRICAL_SURFACE ( 'NONE', #6762, 1.000000000000000000 ) ;
#4844 = ORIENTED_EDGE ( 'NONE', *, *, #6716, .F. ) ;
#4846 = DIRECTION ( 'NONE',  ( 0.7071067811865472397, -0.7071067811865477948, 0.0000000000000000000 ) ) ;
#4845 = AXIS2_PLACEMENT_3D ( 'NONE', #2240, #2895, #5065 ) ;
#4847 = EDGE_CURVE ( 'NONE', #217, #7083, #3442, .T. ) ;
#4848 = EDGE_CURVE ( 'NONE', #2392, #3614, #6922, .T. ) ;
#4849 = DIRECTION ( 'NONE',  ( -1.000000000000000000, -0.0000000000000000000, -0.0000000000000000000 ) ) ;
#4850 = EDGE_CURVE ( 'NONE', #5884, #5941, #1681, .T. ) ;
#4851 = VECTOR ( 'NONE', #4778, 1000.000000000000000 ) ;
#4852 = LINE ( 'NONE', #6753, #3289 ) ;
#4853 = DIRECTION ( 'NONE',  ( -1.000000000000000000, 0.0000000000000000000, 0.0000000000000000000 ) ) ;
#4854 = DIRECTION ( 'NONE',  ( 0.0000000000000000000, 0.0000000000000000000, -1.000000000000000000 ) ) ;
#4855 = AXIS2_PLACEMENT_3D ( 'NONE', #3763, #3178, #2700 ) ;
#4856 = ORIENTED_EDGE ( 'NONE', *, *, #5879, .F. ) ;
#4857 = DIRECTION ( 'NONE',  ( -1.000000000000000000, 0.0000000000000000000, 0.0000000000000000000 ) ) ;
#4858 = CARTESIAN_POINT ( 'NONE',  ( -9.099999999999997868, 6.349999999999999645, -1000.000000000000000 ) ) ;
#4859 = DIRECTION ( 'NONE',  ( 1.000000000000000000, 3.499007729145976668E-16, 0.0000000000000000000 ) ) ;
#4860 = CARTESIAN_POINT ( 'NONE',  ( 6.349999999999999645, -9.100000000000001421, -1000.000000000000000 ) ) ;
#4861 = ORIENTED_EDGE ( 'NONE', *, *, #3843, .T. ) ;
#4862 = ORIENTED_EDGE ( 'NONE', *, *, #5766, .F. ) ;
#4863 = EDGE_CURVE ( 'NONE', #5396, #3548, #1715, .T. ) ;
#4864 = ORIENTED_EDGE ( 'NONE', *, *, #701, .T. ) ;
#4865 = AXIS2_PLACEMENT_3D ( 'NONE', #5485, #6509, #391 ) ;
#4866 = DIRECTION ( 'NONE',  ( -1.000000000000000000, -2.220446049250312588E-16, 0.0000000000000000000 ) ) ;
#4867 = DIRECTION ( 'NONE',  ( 1.000000000000000000, 0.0000000000000000000, 0.0000000000000000000 ) ) ;
#4868 = EDGE_CURVE ( 'NONE', #537, #791, #2753, .T. ) ;
#4869 = CARTESIAN_POINT ( 'NONE',  ( 9.999999999999998224, -3.699999999999999734, -1000.000000000000000 ) ) ;
#4870 = ORIENTED_EDGE ( 'NONE', *, *, #2971, .T. ) ;
#4871 = CARTESIAN_POINT ( 'NONE',  ( 4.949999999999999289, -8.700000000000004619, 0.0000000000000000000 ) ) ;
#4872 = CIRCLE ( 'NONE', #6279, 0.4999999999999995559 ) ;
#4873 = EDGE_LOOP ( 'NONE', ( #320, #1880, #4250, #1354 ) ) ;
#4874 = ORIENTED_EDGE ( 'NONE', *, *, #6881, .F. ) ;
#4875 = EDGE_CURVE ( 'NONE', #4091, #4074, #3955, .T. ) ;
#4876 = CYLINDRICAL_SURFACE ( 'NONE', #4105, 0.2500000000000002220 ) ;
#4877 = DIRECTION ( 'NONE',  ( 1.000000000000000000, 0.0000000000000000000, 0.0000000000000000000 ) ) ;
#4878 = VERTEX_POINT ( 'NONE', #6135 ) ;
#4879 = ORIENTED_EDGE ( 'NONE', *, *, #2901, .F. ) ;
#4880 = CARTESIAN_POINT ( 'NONE',  ( -6.048528137423857309, 5.200000000000000178, -1000.000000000000000 ) ) ;
#4881 = AXIS2_PLACEMENT_3D ( 'NONE', #5043, #7288, #2250 ) ;
#4882 = DIRECTION ( 'NONE',  ( 0.0000000000000000000, 0.0000000000000000000, 1.000000000000000000 ) ) ;
#4883 = CIRCLE ( 'NONE', #5473, 0.2500000000000002220 ) ;
#4884 = ORIENTED_EDGE ( 'NONE', *, *, #514, .T. ) ;
#4885 = LINE ( 'NONE', #2639, #5920 ) ;
#4886 = APPLICATION_PROTOCOL_DEFINITION ( 'draft international standard', 'automotive_design', 1998, #398 ) ;
#4887 = EDGE_CURVE ( 'NONE', #389, #4670, #3336, .T. ) ;
#4888 = AXIS2_PLACEMENT_3D ( 'NONE', #2533, #714, #2975 ) ;
#4889 = DIRECTION ( 'NONE',  ( -1.000000000000000000, -2.503208479043009645E-16, -0.0000000000000000000 ) ) ;
#4890 = DIRECTION ( 'NONE',  ( -1.000000000000000000, 0.0000000000000000000, 0.0000000000000000000 ) ) ;
#4891 = LINE ( 'NONE', #6653, #2974 ) ;
#4892 = PLANE ( 'NONE',  #3248 ) ;
#4893 = ORIENTED_EDGE ( 'NONE', *, *, #3597, .F. ) ;
#4894 = LINE ( 'NONE', #3205, #6685 ) ;
#4895 = CARTESIAN_POINT ( 'NONE',  ( -8.450000000000001066, 5.200000000000000178, 0.0000000000000000000 ) ) ;
#4896 = LINE ( 'NONE', #393, #6906 ) ;
#4897 = DIRECTION ( 'NONE',  ( -1.000000000000000000, 1.224646799147345565E-16, 0.0000000000000000000 ) ) ;
#4898 = ORIENTED_EDGE ( 'NONE', *, *, #2343, .T. ) ;
#4899 = VERTEX_POINT ( 'NONE', #4106 ) ;
#4900 = CARTESIAN_POINT ( 'NONE',  ( -3.070000000000000284, 10.00000000000000178, -1000.000000000000000 ) ) ;
#4901 = DIRECTION ( 'NONE',  ( -1.000000000000000000, -2.220446049250312588E-16, 0.0000000000000000000 ) ) ;
#4902 = CARTESIAN_POINT ( 'NONE',  ( 4.907106781186548083, -5.755634918610406103, 0.0000000000000000000 ) ) ;
#4903 = EDGE_CURVE ( 'NONE', #3679, #2621, #2929, .T. ) ;
#4904 = PLANE ( 'NONE',  #6613 ) ;
#4905 = ADVANCED_FACE ( 'NONE', ( #190 ), #5798, .T. ) ;
#4906 = ORIENTED_EDGE ( 'NONE', *, *, #143, .T. ) ;
#4907 = LINE ( 'NONE', #3180, #1637 ) ;
#4908 = ORIENTED_EDGE ( 'NONE', *, *, #6177, .F. ) ;
#4909 = EDGE_LOOP ( 'NONE', ( #647, #2062, #3007, #4462 ) ) ;
#4910 = AXIS2_PLACEMENT_3D ( 'NONE', #3313, #5663, #3898 ) ;
#4911 = ADVANCED_FACE ( 'NONE', ( #666 ), #2378, .F. ) ;
#4912 = EDGE_LOOP ( 'NONE', ( #3375, #3909, #1830, #7251 ) ) ;
#4913 = CARTESIAN_POINT ( 'NONE',  ( 3.320000000000000728, 8.250000000000003553, -1000.000000000000000 ) ) ;
#4914 = CARTESIAN_POINT ( 'NONE',  ( -10.00000000000000178, -10.00000000000000000, -1000.000000000000000 ) ) ;
#4915 = AXIS2_PLACEMENT_3D ( 'NONE', #2959, #1450, #2554 ) ;
#4916 = EDGE_LOOP ( 'NONE', ( #286, #7116, #1527, #2981 ) ) ;
#4917 = ORIENTED_EDGE ( 'NONE', *, *, #629, .T. ) ;
#4918 = LINE ( 'NONE', #3335, #2467 ) ;
#4919 = VECTOR ( 'NONE', #6603, 1000.000000000000000 ) ;
#4920 = CARTESIAN_POINT ( 'NONE',  ( 6.048528137423858198, 5.199999999999999289, -1000.000000000000000 ) ) ;
#4921 = CIRCLE ( 'NONE', #7156, 0.2500000000000002220 ) ;
#4922 = VECTOR ( 'NONE', #2527, 1000.000000000000000 ) ;
#4923 = EDGE_LOOP ( 'NONE', ( #1065, #972, #737, #748 ) ) ;
#4924 = VECTOR ( 'NONE', #6594, 1000.000000000000000 ) ;
#4925 = CARTESIAN_POINT ( 'NONE',  ( -3.700000000000000622, 9.400000000000000355, -1000.000000000000000 ) ) ;
#4926 = DIRECTION ( 'NONE',  ( 0.0000000000000000000, 0.0000000000000000000, 1.000000000000000000 ) ) ;
#4927 = VECTOR ( 'NONE', #1508, 1000.000000000000000 ) ;
#4928 = CARTESIAN_POINT ( 'NONE',  ( 6.099999999999995204, 6.099999999999998757, -1000.000000000000000 ) ) ;
#4929 = VECTOR ( 'NONE', #4619, 999.9999999999998863 ) ;
#4930 = CARTESIAN_POINT ( 'NONE',  ( -3.700000000000000178, 9.750000000000001776, 0.0000000000000000000 ) ) ;
#4931 = DIRECTION ( 'NONE',  ( 0.0000000000000000000, 0.0000000000000000000, 1.000000000000000000 ) ) ;
#4932 = LINE ( 'NONE', #5481, #761 ) ;
#4933 = VERTEX_POINT ( 'NONE', #2451 ) ;
#4934 = VERTEX_POINT ( 'NONE', #4617 ) ;
#4935 = CARTESIAN_POINT ( 'NONE',  ( 5.200000000000000178, -8.450000000000004619, -1000.000000000000000 ) ) ;
#4936 = CARTESIAN_POINT ( 'NONE',  ( 6.349999999999999645, -8.850000000000001421, -1000.000000000000000 ) ) ;
#4937 = LINE ( 'NONE', #2140, #3496 ) ;
#4938 = CARTESIAN_POINT ( 'NONE',  ( -3.070000000000003393, -10.00000000000000000, 0.0000000000000000000 ) ) ;
#4939 = VERTEX_POINT ( 'NONE', #5762 ) ;
#4940 = EDGE_LOOP ( 'NONE', ( #1457, #4427, #6007, #3483 ) ) ;
#4941 = CARTESIAN_POINT ( 'NONE',  ( -5.200000000000002842, -6.462741699796951345, -1000.000000000000000 ) ) ;
#4942 = FACE_OUTER_BOUND ( 'NONE', #3916, .T. ) ;
#4943 = DIRECTION ( 'NONE',  ( -0.0000000000000000000, -0.0000000000000000000, -1.000000000000000000 ) ) ;
#4944 = CARTESIAN_POINT ( 'NONE',  ( 1.697056274847712265, 2.404163056034253731, -1000.000000000000000 ) ) ;
#4945 = VERTEX_POINT ( 'NONE', #5724 ) ;
#4946 = CYLINDRICAL_SURFACE ( 'NONE', #4796, 0.4999999999999995559 ) ;
#4947 = AXIS2_PLACEMENT_3D ( 'NONE', #5308, #3177, #6452 ) ;
#4948 = ORIENTED_EDGE ( 'NONE', *, *, #3507, .F. ) ;
#4949 = EDGE_LOOP ( 'NONE', ( #3540, #2954, #2833, #3849 ) ) ;
#4950 = EDGE_CURVE ( 'NONE', #1803, #3558, #3739, .T. ) ;
#4951 = ORIENTED_EDGE ( 'NONE', *, *, #1161, .T. ) ;
#4952 = EDGE_CURVE ( 'NONE', #3753, #1242, #6314, .T. ) ;
#4953 = EDGE_CURVE ( 'NONE', #2740, #1947, #2571, .T. ) ;
#4954 = FACE_OUTER_BOUND ( 'NONE', #619, .T. ) ;
#4955 = ORIENTED_EDGE ( 'NONE', *, *, #1078, .F. ) ;
#4956 = ORIENTED_EDGE ( 'NONE', *, *, #7162, .F. ) ;
#4957 = DIRECTION ( 'NONE',  ( 1.000000000000000000, 0.0000000000000000000, 0.0000000000000000000 ) ) ;
#4958 = CARTESIAN_POINT ( 'NONE',  ( 6.048528137423856421, -5.200000000000001066, -1000.000000000000000 ) ) ;
#4959 = ORIENTED_EDGE ( 'NONE', *, *, #4082, .T. ) ;
#4960 = EDGE_CURVE ( 'NONE', #3653, #4243, #5394, .T. ) ;
#4961 = FACE_OUTER_BOUND ( 'NONE', #39, .T. ) ;
#4962 = VECTOR ( 'NONE', #5849, 1000.000000000000000 ) ;
#4963 = CARTESIAN_POINT ( 'NONE',  ( -2.050609665440986440, -2.050609665440979335, -1000.000000000000000 ) ) ;
#4964 = ADVANCED_FACE ( 'NONE', ( #1862 ), #4657, .T. ) ;
#4965 = VECTOR ( 'NONE', #4787, 1000.000000000000000 ) ;
#4966 = AXIS2_PLACEMENT_3D ( 'NONE', #2353, #2204, #6178 ) ;
#4967 = LINE ( 'NONE', #7216, #256 ) ;
#4968 = DIRECTION ( 'NONE',  ( 0.0000000000000000000, 1.000000000000000000, 0.0000000000000000000 ) ) ;
#4969 = EDGE_LOOP ( 'NONE', ( #5659, #1379, #6219, #4764 ) ) ;
#4970 = EDGE_LOOP ( 'NONE', ( #2936, #897, #6080, #6593 ) ) ;
#4971 = DIRECTION ( 'NONE',  ( 0.0000000000000000000, 0.0000000000000000000, -1.000000000000000000 ) ) ;
#4972 = DIRECTION ( 'NONE',  ( -1.000000000000000000, 2.875994006862046300E-15, 0.0000000000000000000 ) ) ;
#4973 = DIRECTION ( 'NONE',  ( -0.0000000000000000000, -0.0000000000000000000, -1.000000000000000000 ) ) ;
#4974 = CARTESIAN_POINT ( 'NONE',  ( 8.606173761888607388, 4.524939009510883459, -1000.000000000000000 ) ) ;
#4975 = ORIENTED_EDGE ( 'NONE', *, *, #6468, .T. ) ;
#4976 = ORIENTED_EDGE ( 'NONE', *, *, #6119, .T. ) ;
#4977 = AXIS2_PLACEMENT_3D ( 'NONE', #6441, #1430, #2473 ) ;
#4978 = CARTESIAN_POINT ( 'NONE',  ( 3.069999999999998508, -10.00000000000000355, -1000.000000000000000 ) ) ;
#4979 = VECTOR ( 'NONE', #1370, 1000.000000000000000 ) ;
#4980 = CARTESIAN_POINT ( 'NONE',  ( 10.00000000000000711, 9.999999999999998224, -1000.000000000000000 ) ) ;
#4981 = DIRECTION ( 'NONE',  ( -0.0000000000000000000, -0.0000000000000000000, -1.000000000000000000 ) ) ;
#4982 = LINE ( 'NONE', #6157, #6153 ) ;
#4983 = EDGE_LOOP ( 'NONE', ( #5447, #5522, #6283, #571 ) ) ;
#4984 = CARTESIAN_POINT ( 'NONE',  ( -9.100000000000001421, -9.099999999999999645, -1000.000000000000000 ) ) ;
#4985 = ORIENTED_EDGE ( 'NONE', *, *, #2965, .T. ) ;
#4986 = VERTEX_POINT ( 'NONE', #5194 ) ;
#4987 = AXIS2_PLACEMENT_3D ( 'NONE', #805, #4053, #1886 ) ;
#4988 = DIRECTION ( 'NONE',  ( -1.000000000000000000, -1.507409228940042622E-16, 0.0000000000000000000 ) ) ;
#4989 = VECTOR ( 'NONE', #4972, 1000.000000000000000 ) ;
#4990 = DIRECTION ( 'NONE',  ( 0.0000000000000000000, 0.0000000000000000000, 1.000000000000000000 ) ) ;
#4991 = VERTEX_POINT ( 'NONE', #3465 ) ;
#4992 = ORIENTED_EDGE ( 'NONE', *, *, #3730, .F. ) ;
#4993 = DIRECTION ( 'NONE',  ( -0.0000000000000000000, 0.0000000000000000000, 1.000000000000000000 ) ) ;
#4994 = CARTESIAN_POINT ( 'NONE',  ( 9.099999999999997868, -9.100000000000004974, -1000.000000000000000 ) ) ;
#4995 = ORIENTED_EDGE ( 'NONE', *, *, #1684, .F. ) ;
#4996 = EDGE_CURVE ( 'NONE', #1669, #7094, #1809, .T. ) ;
#4997 = EDGE_CURVE ( 'NONE', #3204, #3600, #5863, .T. ) ;
#4998 = EDGE_CURVE ( 'NONE', #4735, #5987, #4921, .T. ) ;
#4999 = DIRECTION ( 'NONE',  ( 9.957992501029670227E-17, -1.000000000000000000, 0.0000000000000000000 ) ) ;
#5000 = AXIS2_PLACEMENT_3D ( 'NONE', #2022, #4189, #3128 ) ;
#5001 = DIRECTION ( 'NONE',  ( 0.0000000000000000000, -1.000000000000000000, 0.0000000000000000000 ) ) ;
#5002 = ORIENTED_EDGE ( 'NONE', *, *, #2749, .T. ) ;
#5003 = ORIENTED_EDGE ( 'NONE', *, *, #2881, .T. ) ;
#5004 = DIRECTION ( 'NONE',  ( -0.4472135954999484908, 0.8944271909999206294, 0.0000000000000000000 ) ) ;
#5005 = CARTESIAN_POINT ( 'NONE',  ( 1.823044737829952799, 3.499999999999999112, 0.0000000000000000000 ) ) ;
#5006 = CIRCLE ( 'NONE', #55, 0.2500000000000002220 ) ;
#5007 = PLANE ( 'NONE',  #74 ) ;
#5008 = CARTESIAN_POINT ( 'NONE',  ( 3.281520625377541744, -1.217219119641869574, -1000.000000000000000 ) ) ;
#5009 = ORIENTED_EDGE ( 'NONE', *, *, #4111, .T. ) ;
#5010 = VERTEX_POINT ( 'NONE', #6772 ) ;
#5011 = VECTOR ( 'NONE', #952, 1000.000000000000000 ) ;
#5012 = LINE ( 'NONE', #1659, #4611 ) ;
#5013 = CARTESIAN_POINT ( 'NONE',  ( -4.115060990489117110, 8.093826238111397231, 0.0000000000000000000 ) ) ;
#5014 = DIRECTION ( 'NONE',  ( 0.0000000000000000000, 1.000000000000000000, 0.0000000000000000000 ) ) ;
#5015 = CARTESIAN_POINT ( 'NONE',  ( -4.200000000000002842, -6.462741699796951345, -1000.000000000000000 ) ) ;
#5016 = ORIENTED_EDGE ( 'NONE', *, *, #6978, .T. ) ;
#5017 = FACE_OUTER_BOUND ( 'NONE', #6367, .T. ) ;
#5018 = VERTEX_POINT ( 'NONE', #1736 ) ;
#5019 = ORIENTED_EDGE ( 'NONE', *, *, #4543, .T. ) ;
#5020 = CARTESIAN_POINT ( 'NONE',  ( 4.524939009510887011, 8.606173761888609164, 0.0000000000000000000 ) ) ;
#5021 = EDGE_CURVE ( 'NONE', #6480, #6943, #64, .T. ) ;
#5022 = DIRECTION ( 'NONE',  ( 0.0000000000000000000, 0.0000000000000000000, 1.000000000000000000 ) ) ;
#5023 = ORIENTED_EDGE ( 'NONE', *, *, #6977, .T. ) ;
#5024 = VERTEX_POINT ( 'NONE', #30 ) ;
#5025 = CARTESIAN_POINT ( 'NONE',  ( -6.462741699796953121, 5.200000000000000178, -1000.000000000000000 ) ) ;
#5026 = LINE ( 'NONE', #1646, #133 ) ;
#5027 = CIRCLE ( 'NONE', #1860, 1.000000000000000000 ) ;
#5028 = ORIENTED_EDGE ( 'NONE', *, *, #2490, .F. ) ;
#5029 = AXIS2_PLACEMENT_3D ( 'NONE', #4615, #1231, #2925 ) ;
#5030 = EDGE_CURVE ( 'NONE', #4683, #6099, #920, .T. ) ;
#5031 = CARTESIAN_POINT ( 'NONE',  ( 9.099999999999999645, 8.400000000000000355, 0.0000000000000000000 ) ) ;
#5032 = AXIS2_PLACEMENT_3D ( 'NONE', #5458, #1631, #1069 ) ;
#5033 = EDGE_CURVE ( 'NONE', #2237, #4404, #653, .T. ) ;
#5034 = CIRCLE ( 'NONE', #2459, 2.000000000000000000 ) ;
#5035 = EDGE_CURVE ( 'NONE', #6099, #3946, #5602, .T. ) ;
#5036 = CIRCLE ( 'NONE', #6680, 1.000000000000000000 ) ;
#5037 = DIRECTION ( 'NONE',  ( 1.000000000000000000, 2.288475490443785424E-17, 0.0000000000000000000 ) ) ;
#5038 = ORIENTED_EDGE ( 'NONE', *, *, #7128, .F. ) ;
#5039 = ORIENTED_EDGE ( 'NONE', *, *, #7110, .F. ) ;
#5040 = CARTESIAN_POINT ( 'NONE',  ( 3.700000000000001954, 9.400000000000000355, 0.0000000000000000000 ) ) ;
#5041 = VECTOR ( 'NONE', #6194, 1000.000000000000000 ) ;
#5042 = DIRECTION ( 'NONE',  ( 1.000000000000000000, 0.0000000000000000000, 0.0000000000000000000 ) ) ;
#5043 = CARTESIAN_POINT ( 'NONE',  ( 0.0000000000000000000, -0.0000000000000000000, -1000.000000000000000 ) ) ;
#5044 = ORIENTED_EDGE ( 'NONE', *, *, #5173, .F. ) ;
#5045 = ORIENTED_EDGE ( 'NONE', *, *, #1032, .T. ) ;
#5046 = VECTOR ( 'NONE', #5800, 1000.000000000000000 ) ;
#5047 = DIRECTION ( 'NONE',  ( 0.0000000000000000000, 0.0000000000000000000, 1.000000000000000000 ) ) ;
#5048 = CIRCLE ( 'NONE', #556, 0.2499999999999997780 ) ;
#5049 = CYLINDRICAL_SURFACE ( 'NONE', #1441, 0.6999999999999992895 ) ;
#5050 = DIRECTION ( 'NONE',  ( -3.469446951953614189E-15, 1.000000000000000000, 0.0000000000000000000 ) ) ;
#5051 = FACE_OUTER_BOUND ( 'NONE', #6930, .T. ) ;
#5052 = DIRECTION ( 'NONE',  ( 0.0000000000000000000, 0.0000000000000000000, 1.000000000000000000 ) ) ;
#5053 = CARTESIAN_POINT ( 'NONE',  ( 0.3999999999999993006, -3.499999999999999556, -1000.000000000000000 ) ) ;
#5054 = CARTESIAN_POINT ( 'NONE',  ( 9.100000000000003197, -9.100000000000001421, -1000.000000000000000 ) ) ;
#5055 = EDGE_CURVE ( 'NONE', #6144, #3454, #1221, .T. ) ;
#5056 = ORIENTED_EDGE ( 'NONE', *, *, #1819, .T. ) ;
#5057 = ORIENTED_EDGE ( 'NONE', *, *, #5405, .T. ) ;
#5058 = PLANE ( 'NONE',  #4045 ) ;
#5059 = EDGE_CURVE ( 'NONE', #2224, #641, #2818, .T. ) ;
#5060 = AXIS2_PLACEMENT_3D ( 'NONE', #6516, #4788, #1964 ) ;
#5061 = DIRECTION ( 'NONE',  ( -1.000000000000000000, -2.220446049250312588E-16, 0.0000000000000000000 ) ) ;
#5062 = ORIENTED_EDGE ( 'NONE', *, *, #2968, .F. ) ;
#5063 = ORIENTED_EDGE ( 'NONE', *, *, #2389, .T. ) ;
#5064 = CARTESIAN_POINT ( 'NONE',  ( -5.755634918610404327, 4.907106781186548083, -1000.000000000000000 ) ) ;
#5065 = DIRECTION ( 'NONE',  ( -2.220446049250312588E-16, -1.000000000000000000, 0.0000000000000000000 ) ) ;
#5066 = DIRECTION ( 'NONE',  ( 1.000000000000000000, -3.216245299353279611E-16, 0.0000000000000000000 ) ) ;
#5067 = ORIENTED_EDGE ( 'NONE', *, *, #642, .F. ) ;
#5068 = CARTESIAN_POINT ( 'NONE',  ( 3.699999999999998401, -9.750000000000003553, 0.0000000000000000000 ) ) ;
#5069 = CARTESIAN_POINT ( 'NONE',  ( 3.499999999999999112, -1.823044737829952133, -1000.000000000000000 ) ) ;
#5070 = VERTEX_POINT ( 'NONE', #2296 ) ;
#5071 = ORIENTED_EDGE ( 'NONE', *, *, #6308, .F. ) ;
#5073 = DIRECTION ( 'NONE',  ( 0.0000000000000000000, -0.0000000000000000000, -1.000000000000000000 ) ) ;
#5072 = AXIS2_PLACEMENT_3D ( 'NONE', #2982, #3606, #722 ) ;
#5074 = CARTESIAN_POINT ( 'NONE',  ( -9.150000000000003908, -3.319999999999994955, -1000.000000000000000 ) ) ;
#5075 = CARTESIAN_POINT ( 'NONE',  ( -8.450000000000002842, -5.199999999999997513, 0.0000000000000000000 ) ) ;
#5076 = EDGE_CURVE ( 'NONE', #3018, #6859, #542, .T. ) ;
#5077 = ORIENTED_EDGE ( 'NONE', *, *, #4996, .T. ) ;
#5078 = ORIENTED_EDGE ( 'NONE', *, *, #4805, .F. ) ;
#5079 = EDGE_CURVE ( 'NONE', #5168, #5929, #6682, .T. ) ;
#5080 = CYLINDRICAL_SURFACE ( 'NONE', #2732, 1.000000000000000000 ) ;
#5081 = AXIS2_PLACEMENT_3D ( 'NONE', #6381, #6933, #6892 ) ;
#5082 = AXIS2_PLACEMENT_3D ( 'NONE', #6497, #7129, #1461 ) ;
#5083 = DIRECTION ( 'NONE',  ( 1.000000000000000000, -3.445092848397658153E-16, 0.0000000000000000000 ) ) ;
#5084 = DIRECTION ( 'NONE',  ( 0.0000000000000000000, 0.0000000000000000000, 1.000000000000000000 ) ) ;
#5085 = FACE_OUTER_BOUND ( 'NONE', #758, .T. ) ;
#5086 = LINE ( 'NONE', #6231, #3625 ) ;
#5087 = DIRECTION ( 'NONE',  ( -0.0000000000000000000, -0.0000000000000000000, -1.000000000000000000 ) ) ;
#5088 = AXIS2_PLACEMENT_3D ( 'NONE', #1329, #3575, #686 ) ;
#5089 = LINE ( 'NONE', #6233, #5624 ) ;
#5090 = EDGE_CURVE ( 'NONE', #1249, #3157, #5086, .T. ) ;
#5091 = ORIENTED_EDGE ( 'NONE', *, *, #5189, .F. ) ;
#5092 = ORIENTED_EDGE ( 'NONE', *, *, #6560, .F. ) ;
#5093 = EDGE_CURVE ( 'NONE', #6832, #3886, #3942, .T. ) ;
#5094 = CIRCLE ( 'NONE', #4147, 0.2500000000000002220 ) ;
#5095 = VECTOR ( 'NONE', #1447, 1000.000000000000000 ) ;
#5096 = ADVANCED_FACE ( 'NONE', ( #1182 ), #6300, .T. ) ;
#5097 = DIRECTION ( 'NONE',  ( -4.212044549456247126E-16, -1.000000000000000000, 0.0000000000000000000 ) ) ;
#5098 = CARTESIAN_POINT ( 'NONE',  ( 5.200000000000001954, 8.000000000000003553, -1000.000000000000000 ) ) ;
#5099 = VERTEX_POINT ( 'NONE', #6156 ) ;
#5100 = LINE ( 'NONE', #6276, #3037 ) ;
#5101 = FACE_OUTER_BOUND ( 'NONE', #7072, .T. ) ;
#5102 = AXIS2_PLACEMENT_3D ( 'NONE', #354, #3206, #7067 ) ;
#5103 = EDGE_CURVE ( 'NONE', #3697, #3724, #6334, .T. ) ;
#5104 = CARTESIAN_POINT ( 'NONE',  ( 5.200000000000000178, -8.700000000000004619, -1000.000000000000000 ) ) ;
#5105 = FACE_OUTER_BOUND ( 'NONE', #3994, .T. ) ;
#5106 = ORIENTED_EDGE ( 'NONE', *, *, #4950, .T. ) ;
#5107 = ORIENTED_EDGE ( 'NONE', *, *, #4361, .F. ) ;
#5108 = DIRECTION ( 'NONE',  ( 1.000000000000000000, 2.288475490443786040E-17, 0.0000000000000000000 ) ) ;
#5109 = LINE ( 'NONE', #2794, #6185 ) ;
#5110 = ORIENTED_EDGE ( 'NONE', *, *, #5324, .T. ) ;
#5111 = VERTEX_POINT ( 'NONE', #3360 ) ;
#5112 = ADVANCED_FACE ( 'NONE', ( #2882 ), #2329, .F. ) ;
#5113 = DIRECTION ( 'NONE',  ( 0.0000000000000000000, -1.000000000000000000, 0.0000000000000000000 ) ) ;
#5114 = CARTESIAN_POINT ( 'NONE',  ( 6.100000000000000533, -6.099999999999996980, 0.0000000000000000000 ) ) ;
#5115 = CARTESIAN_POINT ( 'NONE',  ( 8.000000000000001776, -3.070000000000000284, -1000.000000000000000 ) ) ;
#5116 = ORIENTED_EDGE ( 'NONE', *, *, #260, .F. ) ;
#5117 = ORIENTED_EDGE ( 'NONE', *, *, #1176, .F. ) ;
#5118 = DIRECTION ( 'NONE',  ( 0.0000000000000000000, 1.000000000000000000, 0.0000000000000000000 ) ) ;
#5119 = CARTESIAN_POINT ( 'NONE',  ( 8.000000000000001776, 3.919843788128356099, -1000.000000000000000 ) ) ;
#5120 = CARTESIAN_POINT ( 'NONE',  ( 8.000000000000001776, 5.199999999999999289, -1000.000000000000000 ) ) ;
#5121 = VECTOR ( 'NONE', #495, 1000.000000000000000 ) ;
#5122 = ADVANCED_BREP_SHAPE_REPRESENTATION ( '222LX ¦юэёЄЁєъЎшюээvщ яЁюЇшы№ 20ї20L', ( #3061, #6754 ), #7114 ) ;
#5123 = LINE ( 'NONE', #4640, #2093 ) ;
#5124 = CARTESIAN_POINT ( 'NONE',  ( 8.499999999999996447, -8.500000000000001776, -1000.000000000000000 ) ) ;
#5125 = CARTESIAN_POINT ( 'NONE',  ( 2.404163056034253287, 1.697056274847711377, -1000.000000000000000 ) ) ;
#5126 = CARTESIAN_POINT ( 'NONE',  ( 6.350000000000002309, 8.849999999999999645, -1000.000000000000000 ) ) ;
#5127 = ORIENTED_EDGE ( 'NONE', *, *, #2812, .T. ) ;
#5128 = ORIENTED_EDGE ( 'NONE', *, *, #115, .F. ) ;
#5129 = AXIS2_PLACEMENT_3D ( 'NONE', #4628, #6252, #639 ) ;
#5130 = EDGE_CURVE ( 'NONE', #5773, #6197, #1703, .T. ) ;
#5131 = EDGE_CURVE ( 'NONE', #1635, #3029, #206, .T. ) ;
#5132 = CARTESIAN_POINT ( 'NONE',  ( 3.319999999999998508, -8.000000000000005329, -1000.000000000000000 ) ) ;
#5133 = ADVANCED_FACE ( 'NONE', ( #4780 ), #4641, .T. ) ;
#5134 = ORIENTED_EDGE ( 'NONE', *, *, #3861, .F. ) ;
#5135 = CARTESIAN_POINT ( 'NONE',  ( 3.950000000000001066, 10.00000000000000178, -1000.000000000000000 ) ) ;
#5136 = DIRECTION ( 'NONE',  ( 0.0000000000000000000, 0.0000000000000000000, 1.000000000000000000 ) ) ;
#5137 = CARTESIAN_POINT ( 'NONE',  ( 3.499999999999999556, -0.3999999999999999667, -1000.000000000000000 ) ) ;
#5138 = DIRECTION ( 'NONE',  ( 1.000000000000000000, 2.288475490443785424E-17, 0.0000000000000000000 ) ) ;
#5139 = ORIENTED_EDGE ( 'NONE', *, *, #3507, .T. ) ;
#5140 = LINE ( 'NONE', #5556, #5282 ) ;
#5141 = ORIENTED_EDGE ( 'NONE', *, *, #2535, .F. ) ;
#5142 = EDGE_CURVE ( 'NONE', #6595, #5721, #3130, .T. ) ;
#5143 = AXIS2_PLACEMENT_3D ( 'NONE', #4167, #2551, #3069 ) ;
#5144 = CARTESIAN_POINT ( 'NONE',  ( 4.950000000000001954, 8.450000000000002842, -1000.000000000000000 ) ) ;
#5145 = CARTESIAN_POINT ( 'NONE',  ( -10.00000000000000178, -3.699999999999994849, 0.0000000000000000000 ) ) ;
#5146 = ORIENTED_EDGE ( 'NONE', *, *, #3729, .T. ) ;
#5147 = ORIENTED_EDGE ( 'NONE', *, *, #5266, .F. ) ;
#5148 = AXIS2_PLACEMENT_3D ( 'NONE', #2089, #3159, #3744 ) ;
#5149 = LINE ( 'NONE', #5700, #621 ) ;
#5150 = CARTESIAN_POINT ( 'NONE',  ( 3.499999999999999556, -0.4590169943749456416, 0.0000000000000000000 ) ) ;
#5151 = CARTESIAN_POINT ( 'NONE',  ( 4.907106781186548083, -5.755634918610406103, 0.0000000000000000000 ) ) ;
#5152 = ORIENTED_EDGE ( 'NONE', *, *, #382, .T. ) ;
#5153 = EDGE_LOOP ( 'NONE', ( #1932, #1576, #3789, #2710, #3074, #4410, #3149, #7285, #1055, #1903, #5067, #2875, #2768, #6394, #618, #5468 ) ) ;
#5154 = CARTESIAN_POINT ( 'NONE',  ( -9.750000000000000000, 3.949999999999998845, -1000.000000000000000 ) ) ;
#5155 = VECTOR ( 'NONE', #1303, 1000.000000000000000 ) ;
#5156 = LINE ( 'NONE', #650, #2497 ) ;
#5157 = CARTESIAN_POINT ( 'NONE',  ( 9.099999999999997868, 6.349999999999998757, 0.0000000000000000000 ) ) ;
#5158 = AXIS2_PLACEMENT_3D ( 'NONE', #4190, #1403, #767 ) ;
#5159 = DIRECTION ( 'NONE',  ( 0.0000000000000000000, 0.0000000000000000000, 1.000000000000000000 ) ) ;
#5160 = CARTESIAN_POINT ( 'NONE',  ( 1.823044737829951245, -5.500000000000000888, -1000.000000000000000 ) ) ;
#5161 = DIRECTION ( 'NONE',  ( -0.7808688094430302762, 0.6246950475544243986, 0.0000000000000000000 ) ) ;
#5162 = AXIS2_PLACEMENT_3D ( 'NONE', #7011, #2045, #3695 ) ;
#5163 = CARTESIAN_POINT ( 'NONE',  ( -3.319999999999999840, 8.000000000000003553, -1000.000000000000000 ) ) ;
#5164 = VERTEX_POINT ( 'NONE', #6886 ) ;
#5165 = EDGE_LOOP ( 'NONE', ( #3767, #1633, #7047, #2977 ) ) ;
#5166 = AXIS2_PLACEMENT_3D ( 'NONE', #4295, #2685, #2138 ) ;
#5167 = DIRECTION ( 'NONE',  ( 0.0000000000000000000, 0.0000000000000000000, 1.000000000000000000 ) ) ;
#5168 = VERTEX_POINT ( 'NONE', #5822 ) ;
#5169 = CARTESIAN_POINT ( 'NONE',  ( -8.250000000000003553, 3.069999999999998064, -1000.000000000000000 ) ) ;
#5170 = CYLINDRICAL_SURFACE ( 'NONE', #6674, 0.2500000000000002220 ) ;
#5171 = EDGE_CURVE ( 'NONE', #5172, #6144, #4103, .T. ) ;
#5172 = VERTEX_POINT ( 'NONE', #834 ) ;
#5173 = EDGE_CURVE ( 'NONE', #954, #5224, #1750, .T. ) ;
#5174 = ADVANCED_FACE ( 'NONE', ( #4749 ), #6443, .F. ) ;
#5175 = CARTESIAN_POINT ( 'NONE',  ( 0.4590169943749449200, -3.499999999999999556, -1000.000000000000000 ) ) ;
#5176 = CARTESIAN_POINT ( 'NONE',  ( 6.099999999999999645, -8.850000000000001421, -1000.000000000000000 ) ) ;
#5177 = VERTEX_POINT ( 'NONE', #5302 ) ;
#5178 = LINE ( 'NONE', #117, #4576 ) ;
#5179 = ORIENTED_EDGE ( 'NONE', *, *, #4507, .F. ) ;
#5180 = CARTESIAN_POINT ( 'NONE',  ( 9.099999999999997868, -8.400000000000002132, 0.0000000000000000000 ) ) ;
#5181 = EDGE_CURVE ( 'NONE', #5760, #168, #1434, .T. ) ;
#5182 = DIRECTION ( 'NONE',  ( 1.000000000000000000, -1.266470583184028925E-15, 0.0000000000000000000 ) ) ;
#5183 = VERTEX_POINT ( 'NONE', #5924 ) ;
#5184 = ORIENTED_EDGE ( 'NONE', *, *, #4997, .T. ) ;
#5185 = DIRECTION ( 'NONE',  ( 0.0000000000000000000, 0.0000000000000000000, 1.000000000000000000 ) ) ;
#5186 = EDGE_LOOP ( 'NONE', ( #4481, #4143, #490, #7179 ) ) ;
#5187 = VERTEX_POINT ( 'NONE', #212 ) ;
#5188 = CARTESIAN_POINT ( 'NONE',  ( -6.350000000000001421, 8.849999999999999645, 0.0000000000000000000 ) ) ;
#5189 = EDGE_CURVE ( 'NONE', #4670, #1007, #5513, .T. ) ;
#5190 = DIRECTION ( 'NONE',  ( -1.000000000000000000, 5.436691348603592691E-16, 0.0000000000000000000 ) ) ;
#5191 = AXIS2_PLACEMENT_3D ( 'NONE', #275, #4120, #6369 ) ;
#5192 = DIRECTION ( 'NONE',  ( -0.0000000000000000000, -0.0000000000000000000, -1.000000000000000000 ) ) ;
#5193 = DIRECTION ( 'NONE',  ( 0.0000000000000000000, 0.0000000000000000000, 1.000000000000000000 ) ) ;
#5194 = CARTESIAN_POINT ( 'NONE',  ( 4.524939009510887011, 8.606173761888609164, -1000.000000000000000 ) ) ;
#5195 = CARTESIAN_POINT ( 'NONE',  ( 2.343943303841100168, 0.8694422283156196807, -1000.000000000000000 ) ) ;
#5196 = DIRECTION ( 'NONE',  ( 1.000000000000000000, -3.216245299353279611E-16, -0.0000000000000000000 ) ) ;
#5197 = ORIENTED_EDGE ( 'NONE', *, *, #363, .T. ) ;
#5198 = ORIENTED_EDGE ( 'NONE', *, *, #3434, .T. ) ;
#5199 = VECTOR ( 'NONE', #5400, 1000.000000000000000 ) ;
#5200 = ORIENTED_EDGE ( 'NONE', *, *, #5581, .T. ) ;
#5201 = CARTESIAN_POINT ( 'NONE',  ( 8.250000000000003553, 3.319999999999997620, -1000.000000000000000 ) ) ;
#5202 = VECTOR ( 'NONE', #6589, 1000.000000000000000 ) ;
#5203 = VECTOR ( 'NONE', #6752, 1000.000000000000227 ) ;
#5204 = ORIENTED_EDGE ( 'NONE', *, *, #3639, .F. ) ;
#5205 = LINE ( 'NONE', #1153, #5618 ) ;
#5206 = CARTESIAN_POINT ( 'NONE',  ( -0.4590169943749456971, 3.499999999999999556, 0.0000000000000000000 ) ) ;
#5207 = VERTEX_POINT ( 'NONE', #5267 ) ;
#5208 = ADVANCED_FACE ( 'NONE', ( #4677 ), #4715, .F. ) ;
#5209 = CARTESIAN_POINT ( 'NONE',  ( 8.699999999999999289, -5.200000000000001066, -1000.000000000000000 ) ) ;
#5210 = AXIS2_PLACEMENT_3D ( 'NONE', #2401, #1734, #3425 ) ;
#5211 = CARTESIAN_POINT ( 'NONE',  ( 0.4590169943749449755, -3.499999999999999556, -1000.000000000000000 ) ) ;
#5212 = AXIS2_PLACEMENT_3D ( 'NONE', #509, #5641, #3361 ) ;
#5213 = ORIENTED_EDGE ( 'NONE', *, *, #5076, .F. ) ;
#5214 = LINE ( 'NONE', #1653, #4214 ) ;
#5215 = ORIENTED_EDGE ( 'NONE', *, *, #2812, .F. ) ;
#5216 = DIRECTION ( 'NONE',  ( 0.0000000000000000000, 0.0000000000000000000, -1.000000000000000000 ) ) ;
#5217 = ADVANCED_FACE ( 'NONE', ( #2544 ), #729, .F. ) ;
#5218 = EDGE_CURVE ( 'NONE', #3679, #17, #3675, .T. ) ;
#5219 = CARTESIAN_POINT ( 'NONE',  ( 3.319999999999998952, -9.400000000000003908, -1000.000000000000000 ) ) ;
#5220 = VERTEX_POINT ( 'NONE', #6925 ) ;
#5221 = VERTEX_POINT ( 'NONE', #1369 ) ;
#5222 = DIRECTION ( 'NONE',  ( 0.0000000000000000000, -1.000000000000000000, 0.0000000000000000000 ) ) ;
#5223 = ORIENTED_EDGE ( 'NONE', *, *, #3246, .T. ) ;
#5224 = VERTEX_POINT ( 'NONE', #2988 ) ;
#5225 = ADVANCED_FACE ( 'NONE', ( #6336 ), #6374, .F. ) ;
#5226 = CARTESIAN_POINT ( 'NONE',  ( -6.800000000000003375, -6.099999999999996980, -1000.000000000000000 ) ) ;
#5227 = CARTESIAN_POINT ( 'NONE',  ( 10.00000000000000711, 9.999999999999998224, 0.0000000000000000000 ) ) ;
#5228 = FACE_OUTER_BOUND ( 'NONE', #2730, .T. ) ;
#5229 = LINE ( 'NONE', #6847, #2538 ) ;
#5230 = DIRECTION ( 'NONE',  ( -9.957992501029670227E-17, -1.000000000000000000, 0.0000000000000000000 ) ) ;
#5231 = DIRECTION ( 'NONE',  ( 0.0000000000000000000, -0.0000000000000000000, 1.000000000000000000 ) ) ;
#5232 = VECTOR ( 'NONE', #1210, 1000.000000000000000 ) ;
#5233 = DIRECTION ( 'NONE',  ( -1.000000000000000000, 1.224646799147345565E-16, 0.0000000000000000000 ) ) ;
#5234 = VERTEX_POINT ( 'NONE', #874 ) ;
#5235 = ORIENTED_EDGE ( 'NONE', *, *, #4773, .F. ) ;
#5236 = CIRCLE ( 'NONE', #5710, 1.499999999999999556 ) ;
#5237 = CARTESIAN_POINT ( 'NONE',  ( -8.500000000000001776, -9.999999999999996447, 0.0000000000000000000 ) ) ;
#5238 = DIRECTION ( 'NONE',  ( -9.957992501029670227E-17, 1.000000000000000000, 0.0000000000000000000 ) ) ;
#5239 = ORIENTED_EDGE ( 'NONE', *, *, #3652, .T. ) ;
#5240 = DIRECTION ( 'NONE',  ( 0.0000000000000000000, 0.0000000000000000000, -1.000000000000000000 ) ) ;
#5241 = LINE ( 'NONE', #7008, #5278 ) ;
#5242 = ORIENTED_EDGE ( 'NONE', *, *, #1908, .F. ) ;
#5243 = VECTOR ( 'NONE', #824, 1000.000000000000000 ) ;
#5244 = CARTESIAN_POINT ( 'NONE',  ( -4.200000000000002842, -6.462741699796951345, 0.0000000000000000000 ) ) ;
#5245 = EDGE_CURVE ( 'NONE', #6260, #5396, #1986, .T. ) ;
#5246 = CARTESIAN_POINT ( 'NONE',  ( -8.000000000000003553, 3.319999999999998508, 0.0000000000000000000 ) ) ;
#5247 = ORIENTED_EDGE ( 'NONE', *, *, #2314, .F. ) ;
#5248 = DIRECTION ( 'NONE',  ( -0.7071067811865476838, -0.7071067811865473507, 0.0000000000000000000 ) ) ;
#5249 = ORIENTED_EDGE ( 'NONE', *, *, #4739, .F. ) ;
#5250 = DIRECTION ( 'NONE',  ( 0.0000000000000000000, 0.0000000000000000000, 1.000000000000000000 ) ) ;
#5251 = CARTESIAN_POINT ( 'NONE',  ( 10.00000000000000178, 3.069999999999996732, -1000.000000000000000 ) ) ;
#5252 = ORIENTED_EDGE ( 'NONE', *, *, #6029, .T. ) ;
#5253 = VERTEX_POINT ( 'NONE', #5337 ) ;
#5254 = CARTESIAN_POINT ( 'NONE',  ( -6.350000000000004086, -8.849999999999997868, -1000.000000000000000 ) ) ;
#5255 = DIRECTION ( 'NONE',  ( -1.000000000000000000, -2.220446049250312588E-16, 0.0000000000000000000 ) ) ;
#5256 = EDGE_CURVE ( 'NONE', #4417, #5910, #5855, .T. ) ;
#5257 = VERTEX_POINT ( 'NONE', #4935 ) ;
#5258 = ORIENTED_EDGE ( 'NONE', *, *, #3523, .F. ) ;
#5259 = EDGE_CURVE ( 'NONE', #3306, #5396, #1638, .T. ) ;
#5260 = CARTESIAN_POINT ( 'NONE',  ( 9.400000000000000355, 3.699999999999997069, 0.0000000000000000000 ) ) ;
#5261 = ADVANCED_FACE ( 'NONE', ( #3239 ), #315, .T. ) ;
#5262 = DIRECTION ( 'NONE',  ( -0.0000000000000000000, -0.0000000000000000000, -1.000000000000000000 ) ) ;
#5263 = CIRCLE ( 'NONE', #2797, 0.2500000000000000000 ) ;
#5264 = DIRECTION ( 'NONE',  ( -1.000000000000000000, 0.0000000000000000000, 0.0000000000000000000 ) ) ;
#5265 = CARTESIAN_POINT ( 'NONE',  ( -1.823044737829953466, -3.499999999999999112, 0.0000000000000000000 ) ) ;
#5266 = EDGE_CURVE ( 'NONE', #7142, #5721, #427, .T. ) ;
#5267 = CARTESIAN_POINT ( 'NONE',  ( 6.099999999999999645, -8.850000000000001421, 0.0000000000000000000 ) ) ;
#5268 = DIRECTION ( 'NONE',  ( -0.0000000000000000000, -0.0000000000000000000, -1.000000000000000000 ) ) ;
#5269 = CARTESIAN_POINT ( 'NONE',  ( -3.700000000000003730, -9.399999999999998579, -1000.000000000000000 ) ) ;
#5270 = VERTEX_POINT ( 'NONE', #2580 ) ;
#5271 = VERTEX_POINT ( 'NONE', #949 ) ;
#5272 = AXIS2_PLACEMENT_3D ( 'NONE', #2167, #5516, #1266 ) ;
#5273 = AXIS2_PLACEMENT_3D ( 'NONE', #3645, #4161, #2476 ) ;
#5274 = LINE ( 'NONE', #4130, #6967 ) ;
#5275 = LINE ( 'NONE', #1855, #2758 ) ;
#5276 = AXIS2_PLACEMENT_3D ( 'NONE', #5467, #3111, #2006 ) ;
#5277 = ADVANCED_FACE ( 'NONE', ( #2063 ), #1060, .F. ) ;
#5278 = VECTOR ( 'NONE', #3654, 1000.000000000000000 ) ;
#5279 = VERTEX_POINT ( 'NONE', #6582 ) ;
#5280 = FACE_OUTER_BOUND ( 'NONE', #6323, .T. ) ;
#5281 = EDGE_LOOP ( 'NONE', ( #5379, #5424, #4023, #924 ) ) ;
#5282 = VECTOR ( 'NONE', #6691, 1000.000000000000000 ) ;
#5283 = EDGE_CURVE ( 'NONE', #3301, #3907, #2647, .T. ) ;
#5284 = CIRCLE ( 'NONE', #6227, 1.000000000000000000 ) ;
#5285 = DIRECTION ( 'NONE',  ( 0.0000000000000000000, 1.000000000000000000, 0.0000000000000000000 ) ) ;
#5286 = VERTEX_POINT ( 'NONE', #6622 ) ;
#5287 = DIRECTION ( 'NONE',  ( 0.0000000000000000000, 0.0000000000000000000, 1.000000000000000000 ) ) ;
#5288 = ORIENTED_EDGE ( 'NONE', *, *, #2036, .T. ) ;
#5289 = VECTOR ( 'NONE', #2772, 1000.000000000000000 ) ;
#5290 = CARTESIAN_POINT ( 'NONE',  ( -8.250000000000001776, 3.919843788128356987, 0.0000000000000000000 ) ) ;
#5291 = CARTESIAN_POINT ( 'NONE',  ( 10.00000000000000355, -10.00000000000000178, -1000.000000000000000 ) ) ;
#5292 = ORIENTED_EDGE ( 'NONE', *, *, #4541, .T. ) ;
#5293 = CARTESIAN_POINT ( 'NONE',  ( -2.651471862576143756, -3.499999999999998668, 0.0000000000000000000 ) ) ;
#5294 = CARTESIAN_POINT ( 'NONE',  ( -3.237258300203048833, -4.085786437626903300, -1000.000000000000000 ) ) ;
#5295 = ORIENTED_EDGE ( 'NONE', *, *, #6830, .F. ) ;
#5296 = ORIENTED_EDGE ( 'NONE', *, *, #7128, .T. ) ;
#5297 = DIRECTION ( 'NONE',  ( 0.0000000000000000000, -1.000000000000000000, 0.0000000000000000000 ) ) ;
#5298 = DIRECTION ( 'NONE',  ( 1.000000000000000000, 0.0000000000000000000, 0.0000000000000000000 ) ) ;
#5299 = CARTESIAN_POINT ( 'NONE',  ( 8.606173761888607388, 4.524939009510883459, 0.0000000000000000000 ) ) ;
#5300 = DIRECTION ( 'NONE',  ( 0.0000000000000000000, -0.0000000000000000000, -1.000000000000000000 ) ) ;
#5301 = EDGE_CURVE ( 'NONE', #5726, #3035, #7281, .T. ) ;
#5302 = CARTESIAN_POINT ( 'NONE',  ( 3.949999999999997957, -10.00000000000000355, -1000.000000000000000 ) ) ;
#5303 = CARTESIAN_POINT ( 'NONE',  ( 8.499999999999996447, -8.500000000000001776, -1000.000000000000000 ) ) ;
#5304 = DIRECTION ( 'NONE',  ( -0.0000000000000000000, -0.0000000000000000000, -1.000000000000000000 ) ) ;
#5305 = ORIENTED_EDGE ( 'NONE', *, *, #1452, .T. ) ;
#5306 = EDGE_LOOP ( 'NONE', ( #6131, #1530, #939, #5465 ) ) ;
#5307 = CARTESIAN_POINT ( 'NONE',  ( -8.450000000000002842, -4.720156211871640473, 0.0000000000000000000 ) ) ;
#5308 = CARTESIAN_POINT ( 'NONE',  ( 9.099999999999999645, 9.100000000000001421, -1000.000000000000000 ) ) ;
#5309 = EDGE_CURVE ( 'NONE', #5555, #1456, #4894, .T. ) ;
#5310 = EDGE_CURVE ( 'NONE', #791, #5257, #332, .T. ) ;
#5311 = ORIENTED_EDGE ( 'NONE', *, *, #4082, .F. ) ;
#5312 = LINE ( 'NONE', #292, #1741 ) ;
#5313 = ORIENTED_EDGE ( 'NONE', *, *, #5450, .T. ) ;
#5314 = AXIS2_PLACEMENT_3D ( 'NONE', #2606, #6108, #2057 ) ;
#5315 = EDGE_CURVE ( 'NONE', #6305, #3469, #5524, .T. ) ;
#5316 = AXIS2_PLACEMENT_3D ( 'NONE', #4473, #2938, #2242 ) ;
#5317 = DIRECTION ( 'NONE',  ( 0.0000000000000000000, -1.000000000000000000, 0.0000000000000000000 ) ) ;
#5318 = DIRECTION ( 'NONE',  ( -0.0000000000000000000, -0.0000000000000000000, 1.000000000000000000 ) ) ;
#5319 = ORIENTED_EDGE ( 'NONE', *, *, #931, .F. ) ;
#5320 = FACE_OUTER_BOUND ( 'NONE', #716, .T. ) ;
#5321 = ORIENTED_EDGE ( 'NONE', *, *, #4028, .F. ) ;
#5322 = VECTOR ( 'NONE', #5190, 1000.000000000000000 ) ;
#5323 = AXIS2_PLACEMENT_3D ( 'NONE', #6846, #4050, #6297 ) ;
#5324 = EDGE_CURVE ( 'NONE', #1242, #4135, #2931, .T. ) ;
#5325 = DIRECTION ( 'NONE',  ( -0.0000000000000000000, -0.0000000000000000000, -1.000000000000000000 ) ) ;
#5326 = CIRCLE ( 'NONE', #606, 0.7000000000000000666 ) ;
#5327 = CYLINDRICAL_SURFACE ( 'NONE', #4888, 0.2500000000000002220 ) ;
#5328 = ORIENTED_EDGE ( 'NONE', *, *, #4543, .F. ) ;
#5329 = DIRECTION ( 'NONE',  ( -0.0000000000000000000, -0.0000000000000000000, -1.000000000000000000 ) ) ;
#5330 = ORIENTED_EDGE ( 'NONE', *, *, #3778, .T. ) ;
#5331 = DIRECTION ( 'NONE',  ( -0.0000000000000000000, -0.0000000000000000000, -1.000000000000000000 ) ) ;
#5332 = LINE ( 'NONE', #208, #3441 ) ;
#5333 = VECTOR ( 'NONE', #3930, 1000.000000000000000 ) ;
#5334 = EDGE_CURVE ( 'NONE', #7094, #7142, #5992, .T. ) ;
#5335 = DIRECTION ( 'NONE',  ( -0.0000000000000000000, -0.0000000000000000000, -1.000000000000000000 ) ) ;
#5336 = CARTESIAN_POINT ( 'NONE',  ( 9.150000000000002132, 3.319999999999996732, -1000.000000000000000 ) ) ;
#5337 = CARTESIAN_POINT ( 'NONE',  ( -3.919843788128358764, 8.000000000000003553, 0.0000000000000000000 ) ) ;
#5338 = CARTESIAN_POINT ( 'NONE',  ( -0.8694422283156205689, 2.343943303841100168, 0.0000000000000000000 ) ) ;
#5339 = CIRCLE ( 'NONE', #5692, 0.2500000000000002220 ) ;
#5340 = CARTESIAN_POINT ( 'NONE',  ( -3.249999999999999556, 0.4590169943749449200, 0.0000000000000000000 ) ) ;
#5341 = DIRECTION ( 'NONE',  ( -0.0000000000000000000, -0.0000000000000000000, -1.000000000000000000 ) ) ;
#5342 = ORIENTED_EDGE ( 'NONE', *, *, #5581, .F. ) ;
#5343 = ORIENTED_EDGE ( 'NONE', *, *, #7215, .F. ) ;
#5344 = ORIENTED_EDGE ( 'NONE', *, *, #3413, .T. ) ;
#5345 = APPLICATION_CONTEXT ( 'automotive_design' ) ;
#5346 = DIRECTION ( 'NONE',  ( 1.000000000000000000, 0.0000000000000000000, 0.0000000000000000000 ) ) ;
#5347 = CARTESIAN_POINT ( 'NONE',  ( 10.00000000000000355, -10.00000000000000178, 0.0000000000000000000 ) ) ;
#5348 = AXIS2_PLACEMENT_3D ( 'NONE', #5702, #2394, #789 ) ;
#5349 = ORIENTED_EDGE ( 'NONE', *, *, #5761, .F. ) ;
#5350 = CYLINDRICAL_SURFACE ( 'NONE', #4685, 0.2500000000000002220 ) ;
#5351 = ORIENTED_EDGE ( 'NONE', *, *, #6015, .F. ) ;
#5352 = EDGE_CURVE ( 'NONE', #4030, #6020, #2024, .T. ) ;
#5353 = AXIS2_PLACEMENT_3D ( 'NONE', #3712, #3577, #5821 ) ;
#5354 = ADVANCED_FACE ( 'NONE', ( #464 ), #1546, .F. ) ;
#5355 = EDGE_CURVE ( 'NONE', #201, #1131, #1990, .T. ) ;
#5356 = CARTESIAN_POINT ( 'NONE',  ( 6.349999999999999645, -9.100000000000001421, 0.0000000000000000000 ) ) ;
#5357 = CARTESIAN_POINT ( 'NONE',  ( 3.249999999999999556, 0.4590169943749445314, -1000.447213595499761 ) ) ;
#5358 = CIRCLE ( 'NONE', #1006, 0.2500000000000002220 ) ;
#5359 = EDGE_LOOP ( 'NONE', ( #6001, #6074, #672, #4334 ) ) ;
#5360 = FACE_BOUND ( 'NONE', #1170, .T. ) ;
#5361 = VERTEX_POINT ( 'NONE', #3714 ) ;
#5362 = CARTESIAN_POINT ( 'NONE',  ( -9.750000000000001776, 3.699999999999997957, 0.0000000000000000000 ) ) ;
#5363 = VECTOR ( 'NONE', #6130, 1000.000000000000000 ) ;
#5364 = CARTESIAN_POINT ( 'NONE',  ( 4.950000000000001954, 8.700000000000002842, -1000.000000000000000 ) ) ;
#5365 = ORIENTED_EDGE ( 'NONE', *, *, #1944, .F. ) ;
#5366 = EDGE_CURVE ( 'NONE', #816, #5221, #3829, .T. ) ;
#5367 = DIRECTION ( 'NONE',  ( -2.554369476926718832E-15, 1.000000000000000000, 0.0000000000000000000 ) ) ;
#5368 = DIRECTION ( 'NONE',  ( 0.0000000000000000000, 0.0000000000000000000, 1.000000000000000000 ) ) ;
#5369 = DIRECTION ( 'NONE',  ( -0.0000000000000000000, -0.0000000000000000000, -1.000000000000000000 ) ) ;
#5370 = DIRECTION ( 'NONE',  ( -0.0000000000000000000, 0.0000000000000000000, -1.000000000000000000 ) ) ;
#5371 = CARTESIAN_POINT ( 'NONE',  ( 8.000000000000001776, -3.070000000000000284, -1000.000000000000000 ) ) ;
#5372 = ORIENTED_EDGE ( 'NONE', *, *, #3192, .T. ) ;
#5373 = DIRECTION ( 'NONE',  ( 9.957992501029670227E-17, -1.000000000000000000, 0.0000000000000000000 ) ) ;
#5374 = CYLINDRICAL_SURFACE ( 'NONE', #1689, 1.000000000000000000 ) ;
#5375 = DIRECTION ( 'NONE',  ( -1.000000000000000000, 3.174733781892936357E-15, 0.0000000000000000000 ) ) ;
#5376 = CARTESIAN_POINT ( 'NONE',  ( 5.200000000000001954, 6.462741699796952233, -1000.000000000000000 ) ) ;
#5377 = ORIENTED_EDGE ( 'NONE', *, *, #4104, .T. ) ;
#5378 = ORIENTED_EDGE ( 'NONE', *, *, #4277, .F. ) ;
#5379 = ORIENTED_EDGE ( 'NONE', *, *, #5059, .F. ) ;
#5380 = CIRCLE ( 'NONE', #7024, 1.000000000000000000 ) ;
#5381 = FACE_OUTER_BOUND ( 'NONE', #2665, .T. ) ;
#5382 = DIRECTION ( 'NONE',  ( 0.0000000000000000000, 0.0000000000000000000, -1.000000000000000000 ) ) ;
#5383 = LINE ( 'NONE', #3253, #5095 ) ;
#5384 = VERTEX_POINT ( 'NONE', #1617 ) ;
#5385 = LINE ( 'NONE', #329, #4326 ) ;
#5386 = ORIENTED_EDGE ( 'NONE', *, *, #2074, .T. ) ;
#5387 = VECTOR ( 'NONE', #5136, 1000.000000000000000 ) ;
#5388 = CIRCLE ( 'NONE', #5741, 0.2500000000000002220 ) ;
#5389 = ORIENTED_EDGE ( 'NONE', *, *, #234, .F. ) ;
#5390 = AXIS2_PLACEMENT_3D ( 'NONE', #2849, #6740, #5605 ) ;
#5391 = LINE ( 'NONE', #4833, #446 ) ;
#5392 = PLANE ( 'NONE',  #1162 ) ;
#5393 = ADVANCED_FACE ( 'NONE', ( #4412 ), #6657, .T. ) ;
#5394 = CIRCLE ( 'NONE', #4687, 1.000000000000000000 ) ;
#5395 = EDGE_LOOP ( 'NONE', ( #2522, #4955, #6890, #5695 ) ) ;
#5396 = VERTEX_POINT ( 'NONE', #7102 ) ;
#5397 = FACE_OUTER_BOUND ( 'NONE', #322, .T. ) ;
#5398 = ADVANCED_FACE ( 'NONE', ( #635 ), #81, .T. ) ;
#5399 = EDGE_CURVE ( 'NONE', #6731, #5908, #2346, .T. ) ;
#5400 = DIRECTION ( 'NONE',  ( 0.0000000000000000000, 0.0000000000000000000, 1.000000000000000000 ) ) ;
#5401 = AXIS2_PLACEMENT_3D ( 'NONE', #3311, #2615, #4857 ) ;
#5402 = CARTESIAN_POINT ( 'NONE',  ( 4.085786437626903300, 3.237258300203046169, -1000.000000000000000 ) ) ;
#5403 = EDGE_LOOP ( 'NONE', ( #4667, #7290, #4948, #3733 ) ) ;
#5404 = CARTESIAN_POINT ( 'NONE',  ( -9.750000000000001776, -3.949999999999995293, -1000.000000000000000 ) ) ;
#5405 = EDGE_CURVE ( 'NONE', #1706, #1622, #6801, .T. ) ;
#5406 = EDGE_CURVE ( 'NONE', #3029, #4036, #1787, .T. ) ;
#5407 = DIRECTION ( 'NONE',  ( -0.0000000000000000000, -0.0000000000000000000, 1.000000000000000000 ) ) ;
#5408 = CARTESIAN_POINT ( 'NONE',  ( -3.319999999999999840, 9.150000000000002132, -1000.000000000000000 ) ) ;
#5409 = VECTOR ( 'NONE', #1105, 1000.000000000000000 ) ;
#5410 = CARTESIAN_POINT ( 'NONE',  ( -0.3472135954999584495, 3.473606797749979602, -1000.000000000000000 ) ) ;
#5411 = CARTESIAN_POINT ( 'NONE',  ( 3.499999999999999556, 0.4590169943749444204, -1000.000000000000000 ) ) ;
#5412 = ORIENTED_EDGE ( 'NONE', *, *, #1936, .T. ) ;
#5413 = DIRECTION ( 'NONE',  ( -0.0000000000000000000, -0.0000000000000000000, 1.000000000000000000 ) ) ;
#5414 = DIRECTION ( 'NONE',  ( -0.0000000000000000000, -0.0000000000000000000, 1.000000000000000000 ) ) ;
#5415 = CARTESIAN_POINT ( 'NONE',  ( 0.4590169943749449755, -3.249999999999999556, 0.0000000000000000000 ) ) ;
#5416 = CARTESIAN_POINT ( 'NONE',  ( 3.070000000000001616, 10.00000000000000178, -1000.000000000000000 ) ) ;
#5417 = ORIENTED_EDGE ( 'NONE', *, *, #7159, .T. ) ;
#5418 = ORIENTED_EDGE ( 'NONE', *, *, #4623, .T. ) ;
#5419 = EDGE_CURVE ( 'NONE', #3430, #5271, #6342, .T. ) ;
#5420 = ORIENTED_EDGE ( 'NONE', *, *, #3151, .T. ) ;
#5421 = CARTESIAN_POINT ( 'NONE',  ( 3.281520625377542189, 1.217219119641868463, 0.0000000000000000000 ) ) ;
#5422 = DIRECTION ( 'NONE',  ( -0.0000000000000000000, -0.0000000000000000000, -1.000000000000000000 ) ) ;
#5423 = DIRECTION ( 'NONE',  ( 1.000000000000000000, 0.0000000000000000000, 0.0000000000000000000 ) ) ;
#5424 = ORIENTED_EDGE ( 'NONE', *, *, #2016, .F. ) ;
#5425 = CYLINDRICAL_SURFACE ( 'NONE', #5743, 0.2500000000000002220 ) ;
#5426 = ORIENTED_EDGE ( 'NONE', *, *, #7068, .T. ) ;
#5427 = EDGE_LOOP ( 'NONE', ( #6259, #1603, #7003, #2629 ) ) ;
#5428 = DIRECTION ( 'NONE',  ( -9.957992501029670227E-17, 1.000000000000000000, 0.0000000000000000000 ) ) ;
#5429 = DIRECTION ( 'NONE',  ( -0.7071067811865476838, -0.7071067811865473507, 0.0000000000000000000 ) ) ;
#5430 = EDGE_CURVE ( 'NONE', #2431, #880, #2821, .T. ) ;
#5431 = ORIENTED_EDGE ( 'NONE', *, *, #143, .F. ) ;
#5432 = ORIENTED_EDGE ( 'NONE', *, *, #2243, .T. ) ;
#5433 = DIRECTION ( 'NONE',  ( 0.4472135954999486018, -0.8944271909999205183, 0.0000000000000000000 ) ) ;
#5434 = VECTOR ( 'NONE', #3344, 1000.000000000000000 ) ;
#5435 = CARTESIAN_POINT ( 'NONE',  ( 8.849999999999997868, 6.349999999999998757, 0.0000000000000000000 ) ) ;
#5436 = VECTOR ( 'NONE', #5066, 1000.000000000000000 ) ;
#5437 = ORIENTED_EDGE ( 'NONE', *, *, #3641, .F. ) ;
#5438 = DIRECTION ( 'NONE',  ( 0.0000000000000000000, -1.000000000000000000, 0.0000000000000000000 ) ) ;
#5439 = CIRCLE ( 'NONE', #6032, 2.000000000000000000 ) ;
#5440 = CARTESIAN_POINT ( 'NONE',  ( 0.3472135954999577279, -3.473606797749979602, 0.0000000000000000000 ) ) ;
#5441 = ADVANCED_FACE ( 'NONE', ( #6395 ), #747, .F. ) ;
#5442 = VECTOR ( 'NONE', #1288, 1000.000000000000000 ) ;
#5443 = EDGE_CURVE ( 'NONE', #1130, #6481, #5140, .T. ) ;
#5444 = DIRECTION ( 'NONE',  ( 0.0000000000000000000, 0.0000000000000000000, -1.000000000000000000 ) ) ;
#5445 = DIRECTION ( 'NONE',  ( 1.000000000000000000, 0.0000000000000000000, 0.0000000000000000000 ) ) ;
#5446 = CARTESIAN_POINT ( 'NONE',  ( 9.400000000000000355, -3.320000000000000284, -1000.000000000000000 ) ) ;
#5447 = ORIENTED_EDGE ( 'NONE', *, *, #6433, .T. ) ;
#5448 = DIRECTION ( 'NONE',  ( -9.957992501029670227E-17, 1.000000000000000000, 0.0000000000000000000 ) ) ;
#5449 = CARTESIAN_POINT ( 'NONE',  ( -3.069999999999999840, 8.250000000000003553, -1000.000000000000000 ) ) ;
#5450 = EDGE_CURVE ( 'NONE', #2008, #2300, #5768, .T. ) ;
#5451 = CARTESIAN_POINT ( 'NONE',  ( 3.919843788128359652, 8.250000000000003553, -1000.000000000000000 ) ) ;
#5452 = CARTESIAN_POINT ( 'NONE',  ( 9.100000000000006750, 9.099999999999997868, -1000.000000000000000 ) ) ;
#5453 = EDGE_LOOP ( 'NONE', ( #6547, #1867, #5584, #1050 ) ) ;
#5454 = ORIENTED_EDGE ( 'NONE', *, *, #5617, .T. ) ;
#5455 = AXIS2_PLACEMENT_3D ( 'NONE', #2428, #5844, #6365 ) ;
#5456 = CARTESIAN_POINT ( 'NONE',  ( -6.099999999999994316, 6.099999999999999645, 0.0000000000000000000 ) ) ;
#5457 = FACE_OUTER_BOUND ( 'NONE', #2704, .T. ) ;
#5458 = CARTESIAN_POINT ( 'NONE',  ( 3.320000000000001172, 9.150000000000002132, -1000.000000000000000 ) ) ;
#5459 = DIRECTION ( 'NONE',  ( -0.0000000000000000000, -0.0000000000000000000, 1.000000000000000000 ) ) ;
#5460 = ORIENTED_EDGE ( 'NONE', *, *, #5030, .T. ) ;
#5461 = DIRECTION ( 'NONE',  ( 1.000000000000000000, 0.0000000000000000000, 0.0000000000000000000 ) ) ;
#5462 = EDGE_CURVE ( 'NONE', #2151, #4078, #1902, .T. ) ;
#5463 = VERTEX_POINT ( 'NONE', #706 ) ;
#5464 = AXIS2_PLACEMENT_3D ( 'NONE', #1227, #3031, #6273 ) ;
#5465 = ORIENTED_EDGE ( 'NONE', *, *, #2117, .F. ) ;
#5466 = DIRECTION ( 'NONE',  ( 0.0000000000000000000, -0.0000000000000000000, -1.000000000000000000 ) ) ;
#5467 = CARTESIAN_POINT ( 'NONE',  ( -9.750000000000001776, -3.949999999999995293, 0.0000000000000000000 ) ) ;
#5468 = ORIENTED_EDGE ( 'NONE', *, *, #5259, .F. ) ;
#5469 = EDGE_LOOP ( 'NONE', ( #3694, #2920, #425, #4115 ) ) ;
#5470 = CARTESIAN_POINT ( 'NONE',  ( 5.755634918610405215, 4.907106781186547195, 0.0000000000000000000 ) ) ;
#5471 = EDGE_CURVE ( 'NONE', #503, #4467, #2935, .T. ) ;
#5472 = LINE ( 'NONE', #5991, #1674 ) ;
#5473 = AXIS2_PLACEMENT_3D ( 'NONE', #5553, #6687, #5001 ) ;
#5474 = ORIENTED_EDGE ( 'NONE', *, *, #622, .T. ) ;
#5475 = DIRECTION ( 'NONE',  ( -0.0000000000000000000, -0.0000000000000000000, -1.000000000000000000 ) ) ;
#5476 = CARTESIAN_POINT ( 'NONE',  ( 0.0000000000000000000, 0.0000000000000000000, 0.0000000000000000000 ) ) ;
#5477 = AXIS2_PLACEMENT_3D ( 'NONE', #3999, #1835, #6321 ) ;
#5478 = CARTESIAN_POINT ( 'NONE',  ( -2.343943303841100168, 0.8694422283156200137, -1000.000000000000000 ) ) ;
#5479 = DIRECTION ( 'NONE',  ( 0.0000000000000000000, 0.0000000000000000000, 1.000000000000000000 ) ) ;
#5480 = DIRECTION ( 'NONE',  ( -1.000000000000000000, -2.554369476926718043E-15, 0.0000000000000000000 ) ) ;
#5481 = CARTESIAN_POINT ( 'NONE',  ( -3.473606797749979602, -0.3472135954999565621, 0.0000000000000000000 ) ) ;
#5482 = EDGE_CURVE ( 'NONE', #4831, #2430, #1350, .T. ) ;
#5483 = ORIENTED_EDGE ( 'NONE', *, *, #5642, .F. ) ;
#5484 = DIRECTION ( 'NONE',  ( 0.0000000000000000000, 1.000000000000000000, 0.0000000000000000000 ) ) ;
#5485 = CARTESIAN_POINT ( 'NONE',  ( 0.4590169943749449755, -3.249999999999999556, -1000.000000000000000 ) ) ;
#5486 = LINE ( 'NONE', #3677, #665 ) ;
#5487 = CARTESIAN_POINT ( 'NONE',  ( -8.700000000000001066, 5.200000000000000178, -1000.000000000000000 ) ) ;
#5488 = EDGE_CURVE ( 'NONE', #6865, #5910, #5178, .T. ) ;
#5489 = EDGE_LOOP ( 'NONE', ( #5606, #345, #5057, #5967 ) ) ;
#5490 = ORIENTED_EDGE ( 'NONE', *, *, #4174, .T. ) ;
#5491 = EDGE_CURVE ( 'NONE', #4350, #6541, #5048, .T. ) ;
#5492 = CARTESIAN_POINT ( 'NONE',  ( 3.237258300203046613, -4.085786437626905077, -1000.000000000000000 ) ) ;
#5493 = FACE_OUTER_BOUND ( 'NONE', #2175, .T. ) ;
#5494 = DIRECTION ( 'NONE',  ( 0.0000000000000000000, 0.0000000000000000000, 1.000000000000000000 ) ) ;
#5495 = CARTESIAN_POINT ( 'NONE',  ( 2.404163056034252843, -1.697056274847712265, -1000.000000000000000 ) ) ;
#5496 = ORIENTED_EDGE ( 'NONE', *, *, #410, .T. ) ;
#5497 = DIRECTION ( 'NONE',  ( -1.000000000000000000, 5.436691348603591705E-16, 0.0000000000000000000 ) ) ;
#5498 = ORIENTED_EDGE ( 'NONE', *, *, #1053, .T. ) ;
#5499 = ORIENTED_EDGE ( 'NONE', *, *, #1290, .F. ) ;
#5500 = AXIS2_PLACEMENT_3D ( 'NONE', #4557, #3385, #5630 ) ;
#5501 = ORIENTED_EDGE ( 'NONE', *, *, #6402, .F. ) ;
#5502 = EDGE_CURVE ( 'NONE', #2241, #3226, #5214, .T. ) ;
#5503 = DIRECTION ( 'NONE',  ( 1.507409228940042622E-16, -1.000000000000000000, 0.0000000000000000000 ) ) ;
#5504 = CARTESIAN_POINT ( 'NONE',  ( 3.319999999999998508, -9.150000000000003908, -1000.000000000000000 ) ) ;
#5505 = AXIS2_PLACEMENT_3D ( 'NONE', #380, #866, #5995 ) ;
#5506 = ORIENTED_EDGE ( 'NONE', *, *, #3293, .T. ) ;
#5507 = ORIENTED_EDGE ( 'NONE', *, *, #1022, .T. ) ;
#5508 = DIRECTION ( 'NONE',  ( 0.0000000000000000000, -0.0000000000000000000, 1.000000000000000000 ) ) ;
#5509 = AXIS2_PLACEMENT_3D ( 'NONE', #6100, #3228, #5544 ) ;
#5510 = EDGE_CURVE ( 'NONE', #17, #2176, #6932, .T. ) ;
#5511 = VECTOR ( 'NONE', #3073, 1000.000000000000000 ) ;
#5512 = LINE ( 'NONE', #938, #2742 ) ;
#5513 = CIRCLE ( 'NONE', #6450, 0.2500000000000002220 ) ;
#5514 = ORIENTED_EDGE ( 'NONE', *, *, #300, .F. ) ;
#5515 = VECTOR ( 'NONE', #245, 1000.000000000000000 ) ;
#5516 = DIRECTION ( 'NONE',  ( 0.0000000000000000000, 0.0000000000000000000, 1.000000000000000000 ) ) ;
#5517 = AXIS2_PLACEMENT_3D ( 'NONE', #6462, #859, #1383 ) ;
#5518 = LINE ( 'NONE', #4928, #6371 ) ;
#5519 = CIRCLE ( 'NONE', #2698, 0.7000000000000000666 ) ;
#5520 = DIRECTION ( 'NONE',  ( -0.0000000000000000000, -0.0000000000000000000, -1.000000000000000000 ) ) ;
#5521 = CARTESIAN_POINT ( 'NONE',  ( 9.400000000000002132, 3.319999999999997620, -1000.000000000000000 ) ) ;
#5522 = ORIENTED_EDGE ( 'NONE', *, *, #5934, .T. ) ;
#5523 = ORIENTED_EDGE ( 'NONE', *, *, #2354, .T. ) ;
#5524 = LINE ( 'NONE', #989, #3632 ) ;
#5525 = DIRECTION ( 'NONE',  ( 0.0000000000000000000, -0.0000000000000000000, -1.000000000000000000 ) ) ;
#5526 = CARTESIAN_POINT ( 'NONE',  ( -8.849999999999999645, -6.099999999999996980, -1000.000000000000000 ) ) ;
#5527 = LINE ( 'NONE', #5115, #1467 ) ;
#5528 = VERTEX_POINT ( 'NONE', #2457 ) ;
#5529 = ORIENTED_EDGE ( 'NONE', *, *, #494, .T. ) ;
#5530 = LINE ( 'NONE', #470, #3081 ) ;
#5531 = DIRECTION ( 'NONE',  ( -1.000000000000000000, 1.991598500205934045E-16, -0.0000000000000000000 ) ) ;
#5532 = CARTESIAN_POINT ( 'NONE',  ( -6.800000000000001599, 6.099999999999999645, -1000.000000000000000 ) ) ;
#5533 = DIRECTION ( 'NONE',  ( -1.000000000000000000, 1.991598500205934045E-16, -0.0000000000000000000 ) ) ;
#5534 = ORIENTED_EDGE ( 'NONE', *, *, #5745, .F. ) ;
#5535 = DIRECTION ( 'NONE',  ( 0.0000000000000000000, 0.0000000000000000000, 1.000000000000000000 ) ) ;
#5536 = VERTEX_POINT ( 'NONE', #4109 ) ;
#5537 = EDGE_LOOP ( 'NONE', ( #2070, #4682, #80, #2053 ) ) ;
#5538 = ORIENTED_EDGE ( 'NONE', *, *, #5761, .T. ) ;
#5539 = ADVANCED_FACE ( 'NONE', ( #6356 ), #1311, .F. ) ;
#5540 = EDGE_CURVE ( 'NONE', #6776, #4442, #6566, .T. ) ;
#5541 = DIRECTION ( 'NONE',  ( 0.0000000000000000000, -1.000000000000000000, 0.0000000000000000000 ) ) ;
#5542 = ORIENTED_EDGE ( 'NONE', *, *, #6879, .T. ) ;
#5543 = ORIENTED_EDGE ( 'NONE', *, *, #6106, .T. ) ;
#5544 = DIRECTION ( 'NONE',  ( -1.000000000000000000, 0.0000000000000000000, 0.0000000000000000000 ) ) ;
#5545 = EDGE_CURVE ( 'NONE', #6328, #1243, #5803, .T. ) ;
#5546 = EDGE_CURVE ( 'NONE', #4351, #6481, #210, .T. ) ;
#5547 = CYLINDRICAL_SURFACE ( 'NONE', #4845, 2.499999999999992895 ) ;
#5548 = ORIENTED_EDGE ( 'NONE', *, *, #5059, .T. ) ;
#5549 = AXIS2_PLACEMENT_3D ( 'NONE', #6994, #1952, #867 ) ;
#5550 = CARTESIAN_POINT ( 'NONE',  ( -3.237258300203047501, 4.085786437626904188, 0.0000000000000000000 ) ) ;
#5551 = AXIS2_PLACEMENT_3D ( 'NONE', #3392, #1771, #5637 ) ;
#5552 = AXIS2_PLACEMENT_3D ( 'NONE', #1907, #4149, #3046 ) ;
#5553 = CARTESIAN_POINT ( 'NONE',  ( -8.849999999999997868, 6.349999999999999645, -1000.000000000000000 ) ) ;
#5554 = ORIENTED_EDGE ( 'NONE', *, *, #1103, .T. ) ;
#5555 = VERTEX_POINT ( 'NONE', #5909 ) ;
#5556 = CARTESIAN_POINT ( 'NONE',  ( -3.070000000000002949, -8.000000000000001776, 0.0000000000000000000 ) ) ;
#5557 = DIRECTION ( 'NONE',  ( 1.000000000000000000, 0.0000000000000000000, 0.0000000000000000000 ) ) ;
#5558 = FACE_OUTER_BOUND ( 'NONE', #3626, .T. ) ;
#5559 = DIRECTION ( 'NONE',  ( -1.000000000000000000, 0.0000000000000000000, 0.0000000000000000000 ) ) ;
#5560 = ORIENTED_EDGE ( 'NONE', *, *, #7068, .F. ) ;
#5561 = ORIENTED_EDGE ( 'NONE', *, *, #4729, .T. ) ;
#5562 = VECTOR ( 'NONE', #5921, 1000.000000000000000 ) ;
#5563 = EDGE_CURVE ( 'NONE', #2838, #2646, #1401, .T. ) ;
#5564 = CARTESIAN_POINT ( 'NONE',  ( -9.400000000000002132, 3.319999999999998952, -1000.000000000000000 ) ) ;
#5565 = VECTOR ( 'NONE', #4423, 1000.000000000000000 ) ;
#5566 = DIRECTION ( 'NONE',  ( -2.081668171172166620E-14, 1.000000000000000000, 0.0000000000000000000 ) ) ;
#5567 = DIRECTION ( 'NONE',  ( 1.000000000000000000, 1.387778780781444413E-14, 0.0000000000000000000 ) ) ;
#5568 = FACE_OUTER_BOUND ( 'NONE', #6707, .T. ) ;
#5569 = ORIENTED_EDGE ( 'NONE', *, *, #4312, .T. ) ;
#5570 = DIRECTION ( 'NONE',  ( -1.000000000000000000, 4.723654528293322233E-16, 0.0000000000000000000 ) ) ;
#5571 = ORIENTED_EDGE ( 'NONE', *, *, #3330, .T. ) ;
#5572 = VERTEX_POINT ( 'NONE', #5988 ) ;
#5573 = AXIS2_PLACEMENT_3D ( 'NONE', #1257, #138, #3500 ) ;
#5574 = DIRECTION ( 'NONE',  ( 1.000000000000000000, 5.116099788370755993E-17, 0.0000000000000000000 ) ) ;
#5575 = ORIENTED_EDGE ( 'NONE', *, *, #220, .F. ) ;
#5576 = VERTEX_POINT ( 'NONE', #5838 ) ;
#5577 = DIRECTION ( 'NONE',  ( -1.000000000000000000, 0.0000000000000000000, 0.0000000000000000000 ) ) ;
#5578 = EDGE_CURVE ( 'NONE', #1361, #1610, #3114, .T. ) ;
#5579 = VECTOR ( 'NONE', #5756, 1000.000000000000000 ) ;
#5580 = ADVANCED_FACE ( 'NONE', ( #5397, #4177, #5360, #6983, #5877, #375 ), #229, .T. ) ;
#5581 = EDGE_CURVE ( 'NONE', #6586, #4991, #4244, .T. ) ;
#5582 = CARTESIAN_POINT ( 'NONE',  ( 9.999999999999998224, -3.950000000000000178, -1000.000000000000000 ) ) ;
#5583 = VECTOR ( 'NONE', #6478, 1000.000000000000000 ) ;
#5584 = ORIENTED_EDGE ( 'NONE', *, *, #1944, .T. ) ;
#5585 = CARTESIAN_POINT ( 'NONE',  ( 3.699999999999998845, -9.400000000000002132, -1000.000000000000000 ) ) ;
#5586 = CIRCLE ( 'NONE', #5353, 0.2500000000000002220 ) ;
#5587 = EDGE_CURVE ( 'NONE', #1652, #1236, #1641, .T. ) ;
#5588 = DIRECTION ( 'NONE',  ( 0.7808688094430303872, 0.6246950475544242876, 0.0000000000000000000 ) ) ;
#5589 = ORIENTED_EDGE ( 'NONE', *, *, #6306, .F. ) ;
#5590 = EDGE_LOOP ( 'NONE', ( #7037, #6646, #444, #1152 ) ) ;
#5591 = DIRECTION ( 'NONE',  ( -0.0000000000000000000, -0.0000000000000000000, -1.000000000000000000 ) ) ;
#5592 = AXIS2_PLACEMENT_3D ( 'NONE', #1981, #5842, #4740 ) ;
#5593 = DIRECTION ( 'NONE',  ( 0.6246950475544245096, 0.7808688094430301652, 0.0000000000000000000 ) ) ;
#5594 = DIRECTION ( 'NONE',  ( 0.0000000000000000000, 0.0000000000000000000, 1.000000000000000000 ) ) ;
#5595 = ORIENTED_EDGE ( 'NONE', *, *, #2645, .F. ) ;
#5596 = VERTEX_POINT ( 'NONE', #2635 ) ;
#5597 = DIRECTION ( 'NONE',  ( 0.0000000000000000000, 0.0000000000000000000, 1.000000000000000000 ) ) ;
#5598 = ADVANCED_FACE ( 'NONE', ( #934 ), #4801, .F. ) ;
#5599 = CARTESIAN_POINT ( 'NONE',  ( -0.4590169943749456971, 3.499999999999999556, -1000.000000000000000 ) ) ;
#5600 = CARTESIAN_POINT ( 'NONE',  ( -0.4590169943749466408, -3.249999999999999556, -1000.447213595499761 ) ) ;
#5601 = CARTESIAN_POINT ( 'NONE',  ( 6.350000000000002309, 8.849999999999999645, 0.0000000000000000000 ) ) ;
#5602 = LINE ( 'NONE', #3975, #7040 ) ;
#5603 = DIRECTION ( 'NONE',  ( -4.011769183883418917E-16, 1.000000000000000000, 0.0000000000000000000 ) ) ;
#5604 = VERTEX_POINT ( 'NONE', #3077 ) ;
#5605 = DIRECTION ( 'NONE',  ( 0.6246950475544243986, -0.7808688094430301652, 0.0000000000000000000 ) ) ;
#5606 = ORIENTED_EDGE ( 'NONE', *, *, #6397, .T. ) ;
#5607 = EDGE_LOOP ( 'NONE', ( #128, #1996, #634, #3934 ) ) ;
#5608 = CARTESIAN_POINT ( 'NONE',  ( -6.100000000000003197, -6.099999999999994316, -1000.000000000000000 ) ) ;
#5609 = CARTESIAN_POINT ( 'NONE',  ( 3.499999999999999556, -0.4590169943749455861, -1000.000000000000000 ) ) ;
#5610 = ORIENTED_EDGE ( 'NONE', *, *, #6095, .F. ) ;
#5611 = ORIENTED_EDGE ( 'NONE', *, *, #1719, .T. ) ;
#5612 = CARTESIAN_POINT ( 'NONE',  ( 8.606173761888605611, -4.524939009510886123, -1000.000000000000000 ) ) ;
#5613 = DIRECTION ( 'NONE',  ( 0.4472135954999484353, -0.8944271909999206294, 0.0000000000000000000 ) ) ;
#5614 = ADVANCED_FACE ( 'NONE', ( #5320 ), #7127, .F. ) ;
#5615 = AXIS2_PLACEMENT_3D ( 'NONE', #6114, #3964, #2214 ) ;
#5616 = DIRECTION ( 'NONE',  ( 0.0000000000000000000, 0.0000000000000000000, -1.000000000000000000 ) ) ;
#5617 = EDGE_CURVE ( 'NONE', #3520, #865, #2530, .T. ) ;
#5618 = VECTOR ( 'NONE', #3406, 1000.000000000000000 ) ;
#5619 = EDGE_CURVE ( 'NONE', #2740, #5787, #1973, .T. ) ;
#5620 = VERTEX_POINT ( 'NONE', #2086 ) ;
#5621 = DIRECTION ( 'NONE',  ( 1.000000000000000000, 0.0000000000000000000, 0.0000000000000000000 ) ) ;
#5622 = VECTOR ( 'NONE', #5640, 1000.000000000000000 ) ;
#5623 = VECTOR ( 'NONE', #3112, 1000.000000000000000 ) ;
#5624 = VECTOR ( 'NONE', #4531, 1000.000000000000000 ) ;
#5625 = EDGE_CURVE ( 'NONE', #6766, #2228, #2009, .T. ) ;
#5626 = CARTESIAN_POINT ( 'NONE',  ( -1.000420741214221784E-14, 3.299999999999999378, -1000.447213595499761 ) ) ;
#5627 = ORIENTED_EDGE ( 'NONE', *, *, #6397, .F. ) ;
#5628 = VERTEX_POINT ( 'NONE', #6569 ) ;
#5629 = LINE ( 'NONE', #2393, #3453 ) ;
#5630 = DIRECTION ( 'NONE',  ( 0.0000000000000000000, 1.000000000000000000, 0.0000000000000000000 ) ) ;
#5631 = DIRECTION ( 'NONE',  ( 0.0000000000000000000, 0.0000000000000000000, 1.000000000000000000 ) ) ;
#5632 = VERTEX_POINT ( 'NONE', #3593 ) ;
#5633 = ORIENTED_EDGE ( 'NONE', *, *, #6609, .F. ) ;
#5634 = EDGE_CURVE ( 'NONE', #7172, #6713, #782, .T. ) ;
#5635 = DIRECTION ( 'NONE',  ( 1.000000000000000000, 0.0000000000000000000, 0.0000000000000000000 ) ) ;
#5636 = CIRCLE ( 'NONE', #1978, 0.2500000000000002220 ) ;
#5637 = DIRECTION ( 'NONE',  ( -1.000000000000000000, 0.0000000000000000000, 0.0000000000000000000 ) ) ;
#5638 = DIRECTION ( 'NONE',  ( 0.0000000000000000000, 0.0000000000000000000, 1.000000000000000000 ) ) ;
#5639 = CARTESIAN_POINT ( 'NONE',  ( -0.4590169943749468073, -3.499999999999999556, 0.0000000000000000000 ) ) ;
#5640 = DIRECTION ( 'NONE',  ( -0.0000000000000000000, -0.0000000000000000000, -1.000000000000000000 ) ) ;
#5641 = DIRECTION ( 'NONE',  ( 0.0000000000000000000, 1.000000000000000000, 0.0000000000000000000 ) ) ;
#5642 = EDGE_CURVE ( 'NONE', #5111, #5704, #4838, .T. ) ;
#5643 = FACE_OUTER_BOUND ( 'NONE', #2997, .T. ) ;
#5644 = ORIENTED_EDGE ( 'NONE', *, *, #2607, .F. ) ;
#5645 = ORIENTED_EDGE ( 'NONE', *, *, #6398, .T. ) ;
#5646 = CARTESIAN_POINT ( 'NONE',  ( 8.700000000000001066, 4.720156211871642249, -1000.000000000000000 ) ) ;
#5647 = CIRCLE ( 'NONE', #574, 0.2500000000000002220 ) ;
#5648 = FACE_OUTER_BOUND ( 'NONE', #5427, .T. ) ;
#5649 = EDGE_LOOP ( 'NONE', ( #2136, #4094, #5772, #7218 ) ) ;
#5650 = LINE ( 'NONE', #4539, #2450 ) ;
#5651 = FACE_OUTER_BOUND ( 'NONE', #1804, .T. ) ;
#5652 = VECTOR ( 'NONE', #2220, 1000.000000000000000 ) ;
#5653 = CARTESIAN_POINT ( 'NONE',  ( -6.350000000000004086, -9.099999999999997868, 0.0000000000000000000 ) ) ;
#5654 = ADVANCED_FACE ( 'NONE', ( #7090 ), #2050, .T. ) ;
#5655 = LINE ( 'NONE', #4544, #4929 ) ;
#5656 = ORIENTED_EDGE ( 'NONE', *, *, #2672, .T. ) ;
#5657 = LINE ( 'NONE', #84, #2379 ) ;
#5658 = CARTESIAN_POINT ( 'NONE',  ( -4.600000000000001421, 8.700000000000002842, -1000.000000000000000 ) ) ;
#5659 = ORIENTED_EDGE ( 'NONE', *, *, #6390, .F. ) ;
#5660 = ORIENTED_EDGE ( 'NONE', *, *, #1716, .F. ) ;
#5662 = LINE ( 'NONE', #54, #5333 ) ;
#5661 = VECTOR ( 'NONE', #4999, 1000.000000000000000 ) ;
#5663 = DIRECTION ( 'NONE',  ( 0.0000000000000000000, 0.0000000000000000000, 1.000000000000000000 ) ) ;
#5664 = DIRECTION ( 'NONE',  ( 4.212044549456247126E-16, 1.000000000000000000, 0.0000000000000000000 ) ) ;
#5665 = VERTEX_POINT ( 'NONE', #4433 ) ;
#5666 = ORIENTED_EDGE ( 'NONE', *, *, #1432, .T. ) ;
#5667 = EDGE_CURVE ( 'NONE', #6056, #4821, #6170, .T. ) ;
#5668 = DIRECTION ( 'NONE',  ( 2.220446049250312588E-16, 1.000000000000000000, -0.0000000000000000000 ) ) ;
#5669 = EDGE_CURVE ( 'NONE', #5757, #5787, #5284, .T. ) ;
#5670 = CIRCLE ( 'NONE', #1079, 0.2500000000000002220 ) ;
#5671 = DIRECTION ( 'NONE',  ( -1.000000000000000000, -2.220446049250312588E-16, 0.0000000000000000000 ) ) ;
#5672 = CARTESIAN_POINT ( 'NONE',  ( -6.099999999999994316, 6.099999999999999645, -1000.000000000000000 ) ) ;
#5673 = EDGE_CURVE ( 'NONE', #4276, #58, #4357, .T. ) ;
#5674 = DIRECTION ( 'NONE',  ( -0.0000000000000000000, 0.0000000000000000000, 1.000000000000000000 ) ) ;
#5675 = CARTESIAN_POINT ( 'NONE',  ( -0.4590169943749466408, -3.249999999999999556, -1000.000000000000000 ) ) ;
#5676 = DIRECTION ( 'NONE',  ( 1.000000000000000000, 0.0000000000000000000, 0.0000000000000000000 ) ) ;
#5677 = CIRCLE ( 'NONE', #5088, 2.000000000000000000 ) ;
#5678 = CARTESIAN_POINT ( 'NONE',  ( -6.800000000000001599, 6.799999999999999822, 0.0000000000000000000 ) ) ;
#5679 = ORIENTED_EDGE ( 'NONE', *, *, #2478, .F. ) ;
#5680 = ORIENTED_EDGE ( 'NONE', *, *, #6649, .F. ) ;
#5681 = VECTOR ( 'NONE', #6841, 1000.000000000000000 ) ;
#5682 = AXIS2_PLACEMENT_3D ( 'NONE', #6337, #4088, #4642 ) ;
#5683 = CARTESIAN_POINT ( 'NONE',  ( -8.000000000000003553, 3.319999999999998508, -1000.000000000000000 ) ) ;
#5684 = LINE ( 'NONE', #1746, #527 ) ;
#5685 = VERTEX_POINT ( 'NONE', #3918 ) ;
#5686 = DIRECTION ( 'NONE',  ( -1.000000000000000000, 0.0000000000000000000, 0.0000000000000000000 ) ) ;
#5687 = LINE ( 'NONE', #6105, #7270 ) ;
#5688 = VECTOR ( 'NONE', #6583, 1000.000000000000000 ) ;
#5689 = DIRECTION ( 'NONE',  ( -2.653949401937014992E-15, 1.000000000000000000, 0.0000000000000000000 ) ) ;
#5690 = VECTOR ( 'NONE', #5185, 1000.000000000000000 ) ;
#5691 = FACE_OUTER_BOUND ( 'NONE', #1763, .T. ) ;
#5692 = AXIS2_PLACEMENT_3D ( 'NONE', #2302, #4536, #1744 ) ;
#5693 = EDGE_LOOP ( 'NONE', ( #365, #3486, #3544, #3572 ) ) ;
#5694 = CARTESIAN_POINT ( 'NONE',  ( -2.343943303841100612, -0.8694422283156192366, -1000.000000000000000 ) ) ;
#5695 = ORIENTED_EDGE ( 'NONE', *, *, #1701, .F. ) ;
#5696 = DIRECTION ( 'NONE',  ( -1.000000000000000000, 0.0000000000000000000, 0.0000000000000000000 ) ) ;
#5697 = DIRECTION ( 'NONE',  ( 0.0000000000000000000, 0.0000000000000000000, 1.000000000000000000 ) ) ;
#5698 = ORIENTED_EDGE ( 'NONE', *, *, #6782, .F. ) ;
#5699 = VERTEX_POINT ( 'NONE', #7202 ) ;
#5700 = CARTESIAN_POINT ( 'NONE',  ( 6.350000000000002309, 9.099999999999999645, 0.0000000000000000000 ) ) ;
#5701 = CARTESIAN_POINT ( 'NONE',  ( 1.697056274847711377, -2.404163056034254176, -1000.000000000000000 ) ) ;
#5702 = CARTESIAN_POINT ( 'NONE',  ( 8.000000000000003553, 3.069999999999997620, -1000.000000000000000 ) ) ;
#5703 = ORIENTED_EDGE ( 'NONE', *, *, #3478, .F. ) ;
#5704 = VERTEX_POINT ( 'NONE', #1532 ) ;
#5705 = AXIS2_PLACEMENT_3D ( 'NONE', #3016, #5845, #1801 ) ;
#5706 = CARTESIAN_POINT ( 'NONE',  ( -3.700000000000000622, 9.400000000000000355, -1000.000000000000000 ) ) ;
#5707 = DIRECTION ( 'NONE',  ( -0.0000000000000000000, -0.0000000000000000000, -1.000000000000000000 ) ) ;
#5708 = EDGE_CURVE ( 'NONE', #7239, #6697, #4918, .T. ) ;
#5709 = CARTESIAN_POINT ( 'NONE',  ( -1.823044737829953466, -3.499999999999999112, -1000.000000000000000 ) ) ;
#5710 = AXIS2_PLACEMENT_3D ( 'NONE', #4257, #3092, #1991 ) ;
#5711 = CARTESIAN_POINT ( 'NONE',  ( -3.950000000000003730, -9.750000000000000000, 0.0000000000000000000 ) ) ;
#5712 = ADVANCED_FACE ( 'NONE', ( #6715 ), #520, .F. ) ;
#5713 = DIRECTION ( 'NONE',  ( 0.0000000000000000000, 0.0000000000000000000, -1.000000000000000000 ) ) ;
#5714 = DIRECTION ( 'NONE',  ( -0.0000000000000000000, -0.0000000000000000000, -1.000000000000000000 ) ) ;
#5715 = EDGE_CURVE ( 'NONE', #5177, #684, #5636, .T. ) ;
#5716 = DIRECTION ( 'NONE',  ( -6.715253028499256278E-16, -1.000000000000000000, 0.0000000000000000000 ) ) ;
#5717 = ORIENTED_EDGE ( 'NONE', *, *, #4773, .T. ) ;
#5718 = ORIENTED_EDGE ( 'NONE', *, *, #494, .F. ) ;
#5719 = AXIS2_PLACEMENT_3D ( 'NONE', #786, #4249, #4665 ) ;
#5720 = CARTESIAN_POINT ( 'NONE',  ( 8.700000000000001066, 5.199999999999999289, 0.0000000000000000000 ) ) ;
#5721 = VERTEX_POINT ( 'NONE', #7167 ) ;
#5722 = DIRECTION ( 'NONE',  ( 0.0000000000000000000, -0.0000000000000000000, -1.000000000000000000 ) ) ;
#5723 = CARTESIAN_POINT ( 'NONE',  ( 4.720156211871645802, 8.450000000000002842, -1000.000000000000000 ) ) ;
#5724 = CARTESIAN_POINT ( 'NONE',  ( 3.473606797749979602, 0.3472135954999572838, -1000.000000000000000 ) ) ;
#5725 = LINE ( 'NONE', #1785, #1872 ) ;
#5726 = VERTEX_POINT ( 'NONE', #2786 ) ;
#5727 = DIRECTION ( 'NONE',  ( 2.853109251957608495E-15, -1.000000000000000000, 0.0000000000000000000 ) ) ;
#5728 = ORIENTED_EDGE ( 'NONE', *, *, #2452, .F. ) ;
#5729 = EDGE_CURVE ( 'NONE', #531, #119, #2825, .T. ) ;
#5730 = AXIS2_PLACEMENT_3D ( 'NONE', #3716, #4859, #1994 ) ;
#5731 = DIRECTION ( 'NONE',  ( 0.0000000000000000000, 0.0000000000000000000, -1.000000000000000000 ) ) ;
#5732 = DIRECTION ( 'NONE',  ( -6.938893903907222067E-15, -1.000000000000000000, 0.0000000000000000000 ) ) ;
#5733 = ORIENTED_EDGE ( 'NONE', *, *, #4046, .F. ) ;
#5734 = EDGE_LOOP ( 'NONE', ( #3141, #4193, #4017, #6385 ) ) ;
#5735 = CIRCLE ( 'NONE', #2564, 0.7000000000000000666 ) ;
#5736 = DIRECTION ( 'NONE',  ( 0.0000000000000000000, -0.0000000000000000000, -1.000000000000000000 ) ) ;
#5737 = DIRECTION ( 'NONE',  ( 0.0000000000000000000, -1.000000000000000000, 0.0000000000000000000 ) ) ;
#5738 = FACE_OUTER_BOUND ( 'NONE', #1767, .T. ) ;
#5739 = ORIENTED_EDGE ( 'NONE', *, *, #699, .F. ) ;
#5740 = ORIENTED_EDGE ( 'NONE', *, *, #3780, .T. ) ;
#5741 = AXIS2_PLACEMENT_3D ( 'NONE', #738, #3545, #1713 ) ;
#5742 = DIRECTION ( 'NONE',  ( -0.0000000000000000000, -0.0000000000000000000, -1.000000000000000000 ) ) ;
#5743 = AXIS2_PLACEMENT_3D ( 'NONE', #7152, #1525, #366 ) ;
#5744 = DIRECTION ( 'NONE',  ( 0.8944271909999204073, -0.4472135954999487129, 0.0000000000000000000 ) ) ;
#5745 = EDGE_CURVE ( 'NONE', #1899, #1972, #1083, .T. ) ;
#5746 = CARTESIAN_POINT ( 'NONE',  ( -3.499999999999999112, 1.823044737829951467, 0.0000000000000000000 ) ) ;
#5747 = VECTOR ( 'NONE', #522, 1000.000000000000000 ) ;
#5748 = CARTESIAN_POINT ( 'NONE',  ( 4.907106781186549860, 5.755634918610404327, -1000.000000000000000 ) ) ;
#5749 = DIRECTION ( 'NONE',  ( -1.000000000000000000, 5.436691348603592691E-16, 0.0000000000000000000 ) ) ;
#5750 = DIRECTION ( 'NONE',  ( 0.0000000000000000000, 0.0000000000000000000, 1.000000000000000000 ) ) ;
#5751 = VECTOR ( 'NONE', #4732, 1000.000000000000000 ) ;
#5752 = DIRECTION ( 'NONE',  ( 0.0000000000000000000, 0.0000000000000000000, -1.000000000000000000 ) ) ;
#5753 = ORIENTED_EDGE ( 'NONE', *, *, #4226, .F. ) ;
#5754 = ORIENTED_EDGE ( 'NONE', *, *, #2042, .T. ) ;
#5755 = AXIS2_PLACEMENT_3D ( 'NONE', #1024, #3754, #4373 ) ;
#5756 = DIRECTION ( 'NONE',  ( 0.0000000000000000000, 0.0000000000000000000, 1.000000000000000000 ) ) ;
#5757 = VERTEX_POINT ( 'NONE', #5025 ) ;
#5758 = LINE ( 'NONE', #3474, #3857 ) ;
#5759 = DIRECTION ( 'NONE',  ( -1.000000000000000000, 0.0000000000000000000, 0.0000000000000000000 ) ) ;
#5760 = VERTEX_POINT ( 'NONE', #6022 ) ;
#5761 = EDGE_CURVE ( 'NONE', #6714, #6541, #2200, .T. ) ;
#5762 = CARTESIAN_POINT ( 'NONE',  ( -3.499999999999999556, -0.4590169943749438097, 0.0000000000000000000 ) ) ;
#5763 = EDGE_CURVE ( 'NONE', #7083, #3028, #4440, .T. ) ;
#5764 = AXIS2_PLACEMENT_3D ( 'NONE', #1446, #4901, #3684 ) ;
#5765 = DIRECTION ( 'NONE',  ( 1.000000000000000000, 2.288475490443786040E-17, 0.0000000000000000000 ) ) ;
#5766 = EDGE_CURVE ( 'NONE', #496, #1879, #6642, .T. ) ;
#5767 = ORIENTED_EDGE ( 'NONE', *, *, #4651, .T. ) ;
#5768 = LINE ( 'NONE', #7252, #92 ) ;
#5769 = VERTEX_POINT ( 'NONE', #3372 ) ;
#5770 = DIRECTION ( 'NONE',  ( 0.0000000000000000000, -1.000000000000000000, 0.0000000000000000000 ) ) ;
#5771 = DIRECTION ( 'NONE',  ( -0.0000000000000000000, -0.0000000000000000000, -1.000000000000000000 ) ) ;
#5772 = ORIENTED_EDGE ( 'NONE', *, *, #2636, .F. ) ;
#5773 = VERTEX_POINT ( 'NONE', #3815 ) ;
#5774 = CARTESIAN_POINT ( 'NONE',  ( 4.950000000000001954, 8.450000000000002842, -1000.000000000000000 ) ) ;
#5775 = CARTESIAN_POINT ( 'NONE',  ( 5.755634918610403439, -4.907106781186548972, 0.0000000000000000000 ) ) ;
#5776 = ORIENTED_EDGE ( 'NONE', *, *, #4863, .F. ) ;
#5777 = VERTEX_POINT ( 'NONE', #5612 ) ;
#5778 = CYLINDRICAL_SURFACE ( 'NONE', #2015, 1.000000000000000000 ) ;
#5779 = CARTESIAN_POINT ( 'NONE',  ( 4.115060990489117998, 8.093826238111397231, 0.0000000000000000000 ) ) ;
#5780 = CIRCLE ( 'NONE', #4477, 0.2500000000000002220 ) ;
#5781 = DIRECTION ( 'NONE',  ( 0.7071067811865472397, -0.7071067811865479058, 0.0000000000000000000 ) ) ;
#5782 = CARTESIAN_POINT ( 'NONE',  ( -8.400000000000002132, -9.099999999999997868, -1000.000000000000000 ) ) ;
#5783 = DIRECTION ( 'NONE',  ( 0.0000000000000000000, 0.0000000000000000000, 1.000000000000000000 ) ) ;
#5784 = CYLINDRICAL_SURFACE ( 'NONE', #2278, 1.000000000000000000 ) ;
#5785 = DIRECTION ( 'NONE',  ( 0.0000000000000000000, 0.0000000000000000000, -1.000000000000000000 ) ) ;
#5786 = ORIENTED_EDGE ( 'NONE', *, *, #5667, .F. ) ;
#5787 = VERTEX_POINT ( 'NONE', #5064 ) ;
#5788 = CIRCLE ( 'NONE', #10, 1.000000000000000000 ) ;
#5789 = EDGE_CURVE ( 'NONE', #225, #6305, #548, .T. ) ;
#5790 = VECTOR ( 'NONE', #4882, 1000.000000000000000 ) ;
#5791 = CARTESIAN_POINT ( 'NONE',  ( 0.0000000000000000000, 0.0000000000000000000, -1000.000000000000000 ) ) ;
#5792 = CARTESIAN_POINT ( 'NONE',  ( 3.473606797749979602, -0.3472135954999583940, 0.0000000000000000000 ) ) ;
#5793 = AXIS2_PLACEMENT_3D ( 'NONE', #3200, #5444, #4330 ) ;
#5794 = ORIENTED_EDGE ( 'NONE', *, *, #270, .F. ) ;
#5795 = DIRECTION ( 'NONE',  ( -0.0000000000000000000, -0.0000000000000000000, -1.000000000000000000 ) ) ;
#5796 = CARTESIAN_POINT ( 'NONE',  ( -6.100000000000001421, 6.099999999999996092, -1000.000000000000000 ) ) ;
#5797 = ORIENTED_EDGE ( 'NONE', *, *, #790, .F. ) ;
#5798 = PLANE ( 'NONE',  #3161 ) ;
#5799 = VECTOR ( 'NONE', #5192, 1000.000000000000000 ) ;
#5800 = DIRECTION ( 'NONE',  ( 0.0000000000000000000, 0.0000000000000000000, 1.000000000000000000 ) ) ;
#5801 = EDGE_CURVE ( 'NONE', #3067, #5220, #5, .T. ) ;
#5802 = EDGE_LOOP ( 'NONE', ( #2664, #6225, #4171, #4652 ) ) ;
#5803 = LINE ( 'NONE', #3627, #3401 ) ;
#5804 = ADVANCED_FACE ( 'NONE', ( #1570 ), #486, .F. ) ;
#5805 = ORIENTED_EDGE ( 'NONE', *, *, #4139, .F. ) ;
#5806 = ADVANCED_FACE ( 'NONE', ( #453 ), #2161, .T. ) ;
#5807 = AXIS2_PLACEMENT_3D ( 'NONE', #1096, #602, #5557 ) ;
#5808 = DIRECTION ( 'NONE',  ( -0.0000000000000000000, -0.0000000000000000000, 1.000000000000000000 ) ) ;
#5809 = DIRECTION ( 'NONE',  ( 0.7071067811865475727, 0.7071067811865475727, 0.0000000000000000000 ) ) ;
#5810 = ORIENTED_EDGE ( 'NONE', *, *, #4436, .T. ) ;
#5811 = ORIENTED_EDGE ( 'NONE', *, *, #7242, .T. ) ;
#5812 = CARTESIAN_POINT ( 'NONE',  ( 2.651471862576142868, 3.499999999999999112, -1000.000000000000000 ) ) ;
#5813 = FILL_AREA_STYLE ('',( #1323 ) ) ;
#5814 = ORIENTED_EDGE ( 'NONE', *, *, #3434, .F. ) ;
#5815 = ORIENTED_EDGE ( 'NONE', *, *, #5079, .F. ) ;
#5816 = VECTOR ( 'NONE', #736, 1000.000000000000000 ) ;
#5817 = LINE ( 'NONE', #762, #4728 ) ;
#5818 = EDGE_CURVE ( 'NONE', #1229, #4388, #2998, .T. ) ;
#5819 = DIRECTION ( 'NONE',  ( -0.8944271909999204073, 0.4472135954999487129, 0.0000000000000000000 ) ) ;
#5820 = CARTESIAN_POINT ( 'NONE',  ( 3.070000000000001616, 10.00000000000000178, 0.0000000000000000000 ) ) ;
#5821 = DIRECTION ( 'NONE',  ( -1.000000000000000000, 0.0000000000000000000, 0.0000000000000000000 ) ) ;
#5822 = CARTESIAN_POINT ( 'NONE',  ( 9.999999999999996447, -8.500000000000001776, -1000.000000000000000 ) ) ;
#5823 = CARTESIAN_POINT ( 'NONE',  ( 5.500000000000000000, 1.823044737829950357, 0.0000000000000000000 ) ) ;
#5824 = VECTOR ( 'NONE', #2180, 1000.000000000000000 ) ;
#5825 = CARTESIAN_POINT ( 'NONE',  ( 3.919843788128359652, 8.250000000000003553, -1000.000000000000000 ) ) ;
#5826 = EDGE_LOOP ( 'NONE', ( #1042, #90, #6851, #3362 ) ) ;
#5827 = EDGE_LOOP ( 'NONE', ( #732, #3405, #2785, #2469 ) ) ;
#5828 = EDGE_CURVE ( 'NONE', #6973, #2492, #2924, .T. ) ;
#5829 = VECTOR ( 'NONE', #2208, 1000.000000000000000 ) ;
#5830 = CYLINDRICAL_SURFACE ( 'NONE', #5081, 0.2500000000000002220 ) ;
#5831 = LINE ( 'NONE', #5720, #3693 ) ;
#5832 = VERTEX_POINT ( 'NONE', #2891 ) ;
#5833 = DIRECTION ( 'NONE',  ( -0.0000000000000000000, -0.0000000000000000000, -1.000000000000000000 ) ) ;
#5834 = VERTEX_POINT ( 'NONE', #4024 ) ;
#5835 = AXIS2_PLACEMENT_3D ( 'NONE', #3049, #163, #2498 ) ;
#5836 = PLANE ( 'NONE',  #326 ) ;
#5837 = VERTEX_POINT ( 'NONE', #5135 ) ;
#5838 = CARTESIAN_POINT ( 'NONE',  ( 3.069999999999998508, -9.150000000000003908, 0.0000000000000000000 ) ) ;
#5839 = ORIENTED_EDGE ( 'NONE', *, *, #1046, .F. ) ;
#5840 = CARTESIAN_POINT ( 'NONE',  ( 4.524939009510887011, 8.606173761888609164, -1000.000000000000000 ) ) ;
#5841 = EDGE_CURVE ( 'NONE', #1652, #1947, #4653, .T. ) ;
#5842 = DIRECTION ( 'NONE',  ( 0.0000000000000000000, 0.0000000000000000000, 1.000000000000000000 ) ) ;
#5843 = ORIENTED_EDGE ( 'NONE', *, *, #4637, .F. ) ;
#5844 = DIRECTION ( 'NONE',  ( 0.0000000000000000000, -0.0000000000000000000, -1.000000000000000000 ) ) ;
#5845 = DIRECTION ( 'NONE',  ( -0.0000000000000000000, -0.0000000000000000000, -1.000000000000000000 ) ) ;
#5846 = ORIENTED_EDGE ( 'NONE', *, *, #4584, .F. ) ;
#5847 = ORIENTED_EDGE ( 'NONE', *, *, #1252, .F. ) ;
#5848 = CIRCLE ( 'NONE', #5500, 0.2500000000000002220 ) ;
#5849 = DIRECTION ( 'NONE',  ( -0.0000000000000000000, -0.0000000000000000000, -1.000000000000000000 ) ) ;
#5850 = EDGE_CURVE ( 'NONE', #5894, #379, #110, .T. ) ;
#5851 = ADVANCED_FACE ( 'NONE', ( #40 ), #1191, .T. ) ;
#5852 = FACE_OUTER_BOUND ( 'NONE', #6877, .T. ) ;
#5853 = CARTESIAN_POINT ( 'NONE',  ( -9.150000000000003908, -3.069999999999994955, -1000.000000000000000 ) ) ;
#5854 = PLANE ( 'NONE',  #3940 ) ;
#5855 = LINE ( 'NONE', #3059, #4799 ) ;
#5856 = DIRECTION ( 'NONE',  ( 0.0000000000000000000, 0.0000000000000000000, 1.000000000000000000 ) ) ;
#5857 = ADVANCED_FACE ( 'NONE', ( #1748 ), #72, .F. ) ;
#5858 = VECTOR ( 'NONE', #7261, 1000.000000000000000 ) ;
#5859 = CYLINDRICAL_SURFACE ( 'NONE', #4314, 0.2500000000000002220 ) ;
#5860 = ORIENTED_EDGE ( 'NONE', *, *, #2172, .F. ) ;
#5861 = ORIENTED_EDGE ( 'NONE', *, *, #1534, .T. ) ;
#5862 = AXIS2_PLACEMENT_3D ( 'NONE', #3978, #66, #5716 ) ;
#5863 = CIRCLE ( 'NONE', #1279, 0.7000000000000000666 ) ;
#5864 = CARTESIAN_POINT ( 'NONE',  ( -9.400000000000000355, 3.699999999999998401, -1000.000000000000000 ) ) ;
#5865 = CARTESIAN_POINT ( 'NONE',  ( 3.499999999999998668, -2.651471862576142424, 0.0000000000000000000 ) ) ;
#5866 = ADVANCED_FACE ( 'NONE', ( #6311 ), #2337, .F. ) ;
#5867 = CIRCLE ( 'NONE', #3977, 0.4999999999999995559 ) ;
#5868 = AXIS2_PLACEMENT_3D ( 'NONE', #104, #1185, #1705 ) ;
#5869 = ORIENTED_EDGE ( 'NONE', *, *, #4575, .T. ) ;
#5870 = DIRECTION ( 'NONE',  ( 0.0000000000000000000, 1.000000000000000000, 0.0000000000000000000 ) ) ;
#5871 = EDGE_CURVE ( 'NONE', #2356, #5894, #5758, .T. ) ;
#5872 = ORIENTED_EDGE ( 'NONE', *, *, #5828, .F. ) ;
#5873 = VECTOR ( 'NONE', #7015, 1000.000000000000000 ) ;
#5874 = VECTOR ( 'NONE', #2310, 1000.000000000000000 ) ;
#5875 = DIRECTION ( 'NONE',  ( 1.000000000000000000, 0.0000000000000000000, 0.0000000000000000000 ) ) ;
#5876 = ORIENTED_EDGE ( 'NONE', *, *, #1228, .F. ) ;
#5877 = FACE_BOUND ( 'NONE', #4468, .T. ) ;
#5878 = VERTEX_POINT ( 'NONE', #1302 ) ;
#5879 = EDGE_CURVE ( 'NONE', #1788, #6827, #1630, .T. ) ;
#5880 = CARTESIAN_POINT ( 'NONE',  ( -9.400000000000003908, -3.319999999999995843, -1000.000000000000000 ) ) ;
#5881 = CARTESIAN_POINT ( 'NONE',  ( -8.849999999999997868, 6.099999999999999645, -1000.000000000000000 ) ) ;
#5882 = ORIENTED_EDGE ( 'NONE', *, *, #196, .F. ) ;
#5883 = DIRECTION ( 'NONE',  ( 0.0000000000000000000, 0.0000000000000000000, -1.000000000000000000 ) ) ;
#5884 = VERTEX_POINT ( 'NONE', #5169 ) ;
#5885 = CARTESIAN_POINT ( 'NONE',  ( 3.699999999999998401, -9.750000000000003553, 0.0000000000000000000 ) ) ;
#5886 = CARTESIAN_POINT ( 'NONE',  ( 8.093826238111393678, -4.115060990489117110, 0.0000000000000000000 ) ) ;
#5887 = DIRECTION ( 'NONE',  ( -0.0000000000000000000, -0.0000000000000000000, -1.000000000000000000 ) ) ;
#5888 = CARTESIAN_POINT ( 'NONE',  ( -1.697056274847712043, 2.404163056034253731, -1000.000000000000000 ) ) ;
#5889 = ADVANCED_FACE ( 'NONE', ( #1821 ), #1265, .F. ) ;
#5890 = DIRECTION ( 'NONE',  ( -0.0000000000000000000, -0.0000000000000000000, -1.000000000000000000 ) ) ;
#5891 = DIRECTION ( 'NONE',  ( 1.000000000000000000, 0.0000000000000000000, 0.0000000000000000000 ) ) ;
#5892 = DIRECTION ( 'NONE',  ( 0.0000000000000000000, 1.000000000000000000, 0.0000000000000000000 ) ) ;
#5893 = EDGE_CURVE ( 'NONE', #891, #1643, #5100, .T. ) ;
#5894 = VERTEX_POINT ( 'NONE', #3987 ) ;
#5895 = ORIENTED_EDGE ( 'NONE', *, *, #1533, .T. ) ;
#5896 = EDGE_CURVE ( 'NONE', #4286, #4001, #5388, .T. ) ;
#5897 = DIRECTION ( 'NONE',  ( 0.0000000000000000000, 0.0000000000000000000, 1.000000000000000000 ) ) ;
#5898 = DIRECTION ( 'NONE',  ( -1.000000000000000000, 0.0000000000000000000, 0.0000000000000000000 ) ) ;
#5899 = ORIENTED_EDGE ( 'NONE', *, *, #3293, .F. ) ;
#5900 = CARTESIAN_POINT ( 'NONE',  ( -1.106556836092879848E-14, -3.299999999999999378, -1000.447213595499761 ) ) ;
#5901 = ORIENTED_EDGE ( 'NONE', *, *, #2485, .F. ) ;
#5902 = CIRCLE ( 'NONE', #4241, 0.2499999999999997780 ) ;
#5903 = VECTOR ( 'NONE', #7075, 1000.000000000000114 ) ;
#5904 = ADVANCED_FACE ( 'NONE', ( #4614 ), #2447, .F. ) ;
#5905 = VECTOR ( 'NONE', #6722, 1000.000000000000000 ) ;
#5906 = CARTESIAN_POINT ( 'NONE',  ( 8.700000000000001066, 5.199999999999999289, -1000.000000000000000 ) ) ;
#5907 = PLANE ( 'NONE',  #4324 ) ;
#5908 = VERTEX_POINT ( 'NONE', #2306 ) ;
#5909 = CARTESIAN_POINT ( 'NONE',  ( 3.499999999999999556, 0.4590169943749444759, -1000.000000000000000 ) ) ;
#5910 = VERTEX_POINT ( 'NONE', #2958 ) ;
#5911 = CIRCLE ( 'NONE', #970, 0.2500000000000002220 ) ;
#5912 = LINE ( 'NONE', #6986, #3667 ) ;
#5913 = AXIS2_PLACEMENT_3D ( 'NONE', #6051, #2002, #4235 ) ;
#5914 = DIRECTION ( 'NONE',  ( 0.0000000000000000000, -1.000000000000000000, 0.0000000000000000000 ) ) ;
#5915 = VERTEX_POINT ( 'NONE', #627 ) ;
#5916 = CARTESIAN_POINT ( 'NONE',  ( -1.697056274847712931, -2.404163056034253287, -1000.000000000000000 ) ) ;
#5917 = PRODUCT_CONTEXT ( 'NONE', #5345, 'mechanical' ) ;
#5918 = DIRECTION ( 'NONE',  ( 0.0000000000000000000, -1.000000000000000000, 0.0000000000000000000 ) ) ;
#5919 = CARTESIAN_POINT ( 'NONE',  ( 3.473606797749979602, 0.3472135954999572838, 0.0000000000000000000 ) ) ;
#5920 = VECTOR ( 'NONE', #5475, 1000.000000000000000 ) ;
#5921 = DIRECTION ( 'NONE',  ( 0.0000000000000000000, 0.0000000000000000000, 1.000000000000000000 ) ) ;
#5922 = DIRECTION ( 'NONE',  ( -1.000000000000000000, 0.0000000000000000000, 0.0000000000000000000 ) ) ;
#5923 = ORIENTED_EDGE ( 'NONE', *, *, #4806, .F. ) ;
#5924 = CARTESIAN_POINT ( 'NONE',  ( 4.115060990489117110, 8.093826238111397231, 0.0000000000000000000 ) ) ;
#5925 = DIRECTION ( 'NONE',  ( -0.0000000000000000000, -0.0000000000000000000, -1.000000000000000000 ) ) ;
#5926 = AXIS2_PLACEMENT_3D ( 'NONE', #4020, #1894, #1340 ) ;
#5927 = DIRECTION ( 'NONE',  ( -0.4472135954999486018, 0.8944271909999205183, 0.0000000000000000000 ) ) ;
#5928 = PLANE ( 'NONE',  #4283 ) ;
#5929 = VERTEX_POINT ( 'NONE', #6203 ) ;
#5930 = ORIENTED_EDGE ( 'NONE', *, *, #6360, .F. ) ;
#5931 = ORIENTED_EDGE ( 'NONE', *, *, #331, .F. ) ;
#5932 = EDGE_CURVE ( 'NONE', #1935, #6427, #5205, .T. ) ;
#5933 = LINE ( 'NONE', #773, #4965 ) ;
#5934 = EDGE_CURVE ( 'NONE', #6044, #4389, #5650, .T. ) ;
#5935 = LINE ( 'NONE', #884, #6578 ) ;
#5936 = AXIS2_PLACEMENT_3D ( 'NONE', #4558, #6730, #4520 ) ;
#5937 = EDGE_CURVE ( 'NONE', #741, #4482, #2221, .T. ) ;
#5938 = LINE ( 'NONE', #3140, #2750 ) ;
#5939 = ORIENTED_EDGE ( 'NONE', *, *, #32, .F. ) ;
#5940 = LINE ( 'NONE', #4200, #3044 ) ;
#5941 = VERTEX_POINT ( 'NONE', #4692 ) ;
#5942 = AXIS2_PLACEMENT_3D ( 'NONE', #136, #577, #2295 ) ;
#5943 = ORIENTED_EDGE ( 'NONE', *, *, #1263, .T. ) ;
#5944 = DIRECTION ( 'NONE',  ( 0.0000000000000000000, 0.0000000000000000000, -1.000000000000000000 ) ) ;
#5945 = EDGE_CURVE ( 'NONE', #5915, #1643, #6937, .T. ) ;
#5946 = LINE ( 'NONE', #1937, #676 ) ;
#5947 = VECTOR ( 'NONE', #271, 1000.000000000000000 ) ;
#5948 = ORIENTED_EDGE ( 'NONE', *, *, #4960, .T. ) ;
#5949 = ORIENTED_EDGE ( 'NONE', *, *, #6783, .F. ) ;
#5950 = CARTESIAN_POINT ( 'NONE',  ( 10.00000000000000000, 10.00000000000000178, -1000.000000000000000 ) ) ;
#5951 = EDGE_CURVE ( 'NONE', #3946, #3301, #913, .T. ) ;
#5952 = DIRECTION ( 'NONE',  ( -0.7071067811865479058, -0.7071067811865472397, 0.0000000000000000000 ) ) ;
#5953 = VECTOR ( 'NONE', #4820, 1000.000000000000000 ) ;
#5954 = EDGE_CURVE ( 'NONE', #6586, #2151, #4203, .T. ) ;
#5955 = DIRECTION ( 'NONE',  ( -0.0000000000000000000, -0.0000000000000000000, -1.000000000000000000 ) ) ;
#5956 = ORIENTED_EDGE ( 'NONE', *, *, #2965, .F. ) ;
#5957 = DIRECTION ( 'NONE',  ( 1.000000000000000000, 0.0000000000000000000, 0.0000000000000000000 ) ) ;
#5958 = DIRECTION ( 'NONE',  ( -0.0000000000000000000, -0.0000000000000000000, -1.000000000000000000 ) ) ;
#5959 = CARTESIAN_POINT ( 'NONE',  ( 3.950000000000001066, 9.750000000000001776, 0.0000000000000000000 ) ) ;
#5960 = FACE_BOUND ( 'NONE', #52, .T. ) ;
#5961 = LINE ( 'NONE', #832, #1602 ) ;
#5962 = VERTEX_POINT ( 'NONE', #2659 ) ;
#5963 = CARTESIAN_POINT ( 'NONE',  ( -8.849999999999997868, 6.349999999999999645, -1000.000000000000000 ) ) ;
#5964 = DIRECTION ( 'NONE',  ( 0.0000000000000000000, -0.0000000000000000000, -1.000000000000000000 ) ) ;
#5965 = FACE_OUTER_BOUND ( 'NONE', #720, .T. ) ;
#5966 = CARTESIAN_POINT ( 'NONE',  ( -10.00000000000000178, -3.699999999999994849, -1000.000000000000000 ) ) ;
#5967 = ORIENTED_EDGE ( 'NONE', *, *, #6649, .T. ) ;
#5968 = ORIENTED_EDGE ( 'NONE', *, *, #3970, .T. ) ;
#5969 = EDGE_LOOP ( 'NONE', ( #3098, #4635, #5956, #4956 ) ) ;
#5970 = AXIS2_PLACEMENT_3D ( 'NONE', #1927, #6416, #4680 ) ;
#5971 = EDGE_CURVE ( 'NONE', #5536, #5111, #317, .T. ) ;
#5972 = DIRECTION ( 'NONE',  ( -0.0000000000000000000, 0.0000000000000000000, 1.000000000000000000 ) ) ;
#5973 = LINE ( 'NONE', #812, #1298 ) ;
#5974 = AXIS2_PLACEMENT_3D ( 'NONE', #6665, #6010, #959 ) ;
#5975 = FACE_OUTER_BOUND ( 'NONE', #2941, .T. ) ;
#5976 = ORIENTED_EDGE ( 'NONE', *, *, #1491, .T. ) ;
#5977 = CARTESIAN_POINT ( 'NONE',  ( -3.319999999999999840, 9.150000000000002132, 0.0000000000000000000 ) ) ;
#5978 = ORIENTED_EDGE ( 'NONE', *, *, #5130, .F. ) ;
#5979 = VECTOR ( 'NONE', #4726, 1000.000000000000000 ) ;
#5980 = VECTOR ( 'NONE', #2735, 1000.000000000000000 ) ;
#5981 = ORIENTED_EDGE ( 'NONE', *, *, #6303, .T. ) ;
#5982 = AXIS2_PLACEMENT_3D ( 'NONE', #2709, #2632, #4877 ) ;
#5983 = CARTESIAN_POINT ( 'NONE',  ( 3.950000000000001066, 9.750000000000001776, -1000.000000000000000 ) ) ;
#5984 = CARTESIAN_POINT ( 'NONE',  ( 0.4590169943749449755, -3.249999999999999556, -1000.447213595499761 ) ) ;
#5985 = AXIS2_PLACEMENT_3D ( 'NONE', #3499, #3905, #3427 ) ;
#5986 = ORIENTED_EDGE ( 'NONE', *, *, #5625, .F. ) ;
#5987 = VERTEX_POINT ( 'NONE', #1595 ) ;
#5988 = CARTESIAN_POINT ( 'NONE',  ( 1.697056274847712265, 2.404163056034253731, -1000.000000000000000 ) ) ;
#5989 = ADVANCED_FACE ( 'NONE', ( #5051 ), #4344, .F. ) ;
#5990 = EDGE_CURVE ( 'NONE', #3168, #4467, #508, .T. ) ;
#5991 = CARTESIAN_POINT ( 'NONE',  ( 4.599999999999999645, -8.700000000000004619, 0.0000000000000000000 ) ) ;
#5992 = CIRCLE ( 'NONE', #5166, 0.2500000000000002220 ) ;
#5993 = EDGE_CURVE ( 'NONE', #6568, #4516, #2147, .T. ) ;
#5994 = ORIENTED_EDGE ( 'NONE', *, *, #3270, .T. ) ;
#5995 = DIRECTION ( 'NONE',  ( 1.000000000000000000, -3.216245299353279611E-16, 0.0000000000000000000 ) ) ;
#5996 = CARTESIAN_POINT ( 'NONE',  ( 6.100000000000002309, 6.099999999999995204, -1000.000000000000000 ) ) ;
#5997 = CYLINDRICAL_SURFACE ( 'NONE', #5793, 0.6999999999999992895 ) ;
#5998 = AXIS2_PLACEMENT_3D ( 'NONE', #4756, #5422, #5898 ) ;
#5999 = DIRECTION ( 'NONE',  ( 1.000000000000000000, 0.0000000000000000000, 0.0000000000000000000 ) ) ;
#6000 = LINE ( 'NONE', #4441, #6419 ) ;
#6001 = ORIENTED_EDGE ( 'NONE', *, *, #890, .T. ) ;
#6002 = DIRECTION ( 'NONE',  ( -0.0000000000000000000, 0.0000000000000000000, 1.000000000000000000 ) ) ;
#6003 = LINE ( 'NONE', #5449, #3807 ) ;
#6004 = DIRECTION ( 'NONE',  ( 0.0000000000000000000, 0.0000000000000000000, -1.000000000000000000 ) ) ;
#6005 = DIRECTION ( 'NONE',  ( 3.174733781892936752E-15, 1.000000000000000000, 0.0000000000000000000 ) ) ;
#6006 = ORIENTED_EDGE ( 'NONE', *, *, #1123, .T. ) ;
#6007 = ORIENTED_EDGE ( 'NONE', *, *, #4724, .T. ) ;
#6008 = DIRECTION ( 'NONE',  ( -0.0000000000000000000, -0.0000000000000000000, -1.000000000000000000 ) ) ;
#6009 = CARTESIAN_POINT ( 'NONE',  ( -1.217219119641869574, 3.281520625377542633, 0.0000000000000000000 ) ) ;
#6010 = DIRECTION ( 'NONE',  ( 0.0000000000000000000, 0.0000000000000000000, 1.000000000000000000 ) ) ;
#6011 = CARTESIAN_POINT ( 'NONE',  ( 3.499999999999999556, 2.651471862576141092, -1000.000000000000000 ) ) ;
#6012 = EDGE_LOOP ( 'NONE', ( #7108, #2209, #6690, #5295 ) ) ;
#6013 = CARTESIAN_POINT ( 'NONE',  ( -9.999999999999998224, 10.00000000000000355, 0.0000000000000000000 ) ) ;
#6014 = ORIENTED_EDGE ( 'NONE', *, *, #5309, .F. ) ;
#6015 = EDGE_CURVE ( 'NONE', #1007, #4064, #2187, .T. ) ;
#6016 = ORIENTED_EDGE ( 'NONE', *, *, #2117, .T. ) ;
#6017 = CARTESIAN_POINT ( 'NONE',  ( 6.099999999999999645, -6.800000000000000711, 0.0000000000000000000 ) ) ;
#6018 = DIRECTION ( 'NONE',  ( 0.0000000000000000000, 0.0000000000000000000, 1.000000000000000000 ) ) ;
#6019 = AXIS2_PLACEMENT_3D ( 'NONE', #4406, #3707, #982 ) ;
#6020 = VERTEX_POINT ( 'NONE', #1000 ) ;
#6021 = ORIENTED_EDGE ( 'NONE', *, *, #1138, .F. ) ;
#6022 = CARTESIAN_POINT ( 'NONE',  ( -6.100000000000004086, -6.799999999999998046, -1000.000000000000000 ) ) ;
#6023 = AXIS2_PLACEMENT_3D ( 'NONE', #2072, #1627, #1481 ) ;
#6024 = VECTOR ( 'NONE', #1833, 1000.000000000000000 ) ;
#6025 = CARTESIAN_POINT ( 'NONE',  ( 1.040834085586084099E-14, 3.299999999999999378, 0.0000000000000000000 ) ) ;
#6026 = EDGE_CURVE ( 'NONE', #3697, #3582, #6121, .T. ) ;
#6027 = EDGE_CURVE ( 'NONE', #4069, #7250, #7190, .T. ) ;
#6028 = VECTOR ( 'NONE', #4712, 1000.000000000000000 ) ;
#6029 = EDGE_CURVE ( 'NONE', #6635, #1335, #2222, .T. ) ;
#6030 = ORIENTED_EDGE ( 'NONE', *, *, #3032, .T. ) ;
#6031 = CARTESIAN_POINT ( 'NONE',  ( -4.200000000000001066, 6.462741699796953121, -1000.000000000000000 ) ) ;
#6032 = AXIS2_PLACEMENT_3D ( 'NONE', #800, #5335, #4853 ) ;
#6033 = EDGE_CURVE ( 'NONE', #2874, #3805, #1036, .T. ) ;
#6034 = VECTOR ( 'NONE', #2775, 1000.000000000000000 ) ;
#6035 = DIRECTION ( 'NONE',  ( 9.957992501029670227E-17, 1.000000000000000000, 0.0000000000000000000 ) ) ;
#6036 = DIRECTION ( 'NONE',  ( -0.0000000000000000000, -0.0000000000000000000, -1.000000000000000000 ) ) ;
#6037 = CARTESIAN_POINT ( 'NONE',  ( -6.800000000000001599, 6.799999999999999822, -1000.000000000000000 ) ) ;
#6038 = DIRECTION ( 'NONE',  ( -1.000000000000000000, 6.938893903907228378E-15, 0.0000000000000000000 ) ) ;
#6039 = ORIENTED_EDGE ( 'NONE', *, *, #4098, .T. ) ;
#6040 = DIRECTION ( 'NONE',  ( -1.000000000000000000, 0.0000000000000000000, 0.0000000000000000000 ) ) ;
#6041 = CARTESIAN_POINT ( 'NONE',  ( -9.100000000000001421, -8.399999999999998579, -1000.000000000000000 ) ) ;
#6042 = CARTESIAN_POINT ( 'NONE',  ( -9.099999999999997868, 6.349999999999999645, 0.0000000000000000000 ) ) ;
#6043 = CARTESIAN_POINT ( 'NONE',  ( 3.319999999999998952, -9.400000000000003908, 0.0000000000000000000 ) ) ;
#6044 = VERTEX_POINT ( 'NONE', #3359 ) ;
#6045 = VERTEX_POINT ( 'NONE', #3839 ) ;
#6046 = EDGE_CURVE ( 'NONE', #1349, #2740, #2774, .T. ) ;
#6047 = AXIS2_PLACEMENT_3D ( 'NONE', #2978, #6405, #5222 ) ;
#6048 = CARTESIAN_POINT ( 'NONE',  ( -5.200000000000001066, 8.700000000000002842, -1000.000000000000000 ) ) ;
#6049 = CARTESIAN_POINT ( 'NONE',  ( 8.400000000000000355, 8.400000000000000355, -1000.000000000000000 ) ) ;
#6050 = CARTESIAN_POINT ( 'NONE',  ( -9.999999999999998224, 8.500000000000000000, -1000.000000000000000 ) ) ;
#6051 = CARTESIAN_POINT ( 'NONE',  ( -10.00000000000000355, -3.069999999999994955, -1000.000000000000000 ) ) ;
#6052 = ADVANCED_FACE ( 'NONE', ( #6631 ), #3762, .F. ) ;
#6053 = ORIENTED_EDGE ( 'NONE', *, *, #2672, .F. ) ;
#6054 = DIRECTION ( 'NONE',  ( -3.216245299353279611E-16, -1.000000000000000000, 0.0000000000000000000 ) ) ;
#6055 = ORIENTED_EDGE ( 'NONE', *, *, #2018, .F. ) ;
#6056 = VERTEX_POINT ( 'NONE', #6086 ) ;
#6057 = EDGE_LOOP ( 'NONE', ( #4809, #4792, #2534, #5923 ) ) ;
#6058 = CARTESIAN_POINT ( 'NONE',  ( -2.651471862576142424, 3.499999999999999556, 0.0000000000000000000 ) ) ;
#6059 = CYLINDRICAL_SURFACE ( 'NONE', #4802, 0.2500000000000002220 ) ;
#6060 = ORIENTED_EDGE ( 'NONE', *, *, #4104, .F. ) ;
#6061 = ORIENTED_EDGE ( 'NONE', *, *, #397, .T. ) ;
#6062 = CARTESIAN_POINT ( 'NONE',  ( -9.100000000000004974, 9.099999999999999645, -1000.000000000000000 ) ) ;
#6063 = CIRCLE ( 'NONE', #5936, 1.499999999999999556 ) ;
#6064 = CARTESIAN_POINT ( 'NONE',  ( 8.500000000000000000, 9.999999999999998224, -1000.000000000000000 ) ) ;
#6065 = CIRCLE ( 'NONE', #1827, 0.2500000000000000000 ) ;
#6066 = VERTEX_POINT ( 'NONE', #2110 ) ;
#6067 = CARTESIAN_POINT ( 'NONE',  ( -4.524939009510886123, 8.606173761888609164, -1000.000000000000000 ) ) ;
#6068 = VECTOR ( 'NONE', #5574, 1000.000000000000000 ) ;
#6069 = EDGE_CURVE ( 'NONE', #1568, #6859, #3272, .T. ) ;
#6070 = LINE ( 'NONE', #2757, #1552 ) ;
#6071 = CYLINDRICAL_SURFACE ( 'NONE', #1327, 2.000000000000000000 ) ;
#6072 = DIRECTION ( 'NONE',  ( -0.0000000000000000000, -0.0000000000000000000, -1.000000000000000000 ) ) ;
#6073 = DIRECTION ( 'NONE',  ( 0.0000000000000000000, 0.0000000000000000000, 1.000000000000000000 ) ) ;
#6074 = ORIENTED_EDGE ( 'NONE', *, *, #5315, .T. ) ;
#6075 = ORIENTED_EDGE ( 'NONE', *, *, #6210, .F. ) ;
#6076 = CARTESIAN_POINT ( 'NONE',  ( -0.4000000000000000222, 3.499999999999999556, -1000.447213595499761 ) ) ;
#6077 = DIRECTION ( 'NONE',  ( -6.715253028499256278E-16, -1.000000000000000000, 0.0000000000000000000 ) ) ;
#6078 = CARTESIAN_POINT ( 'NONE',  ( -3.499999999999999556, 0.4590169943749449200, -1000.000000000000000 ) ) ;
#6079 = CARTESIAN_POINT ( 'NONE',  ( -5.200000000000001066, 6.048528137423858198, -1000.000000000000000 ) ) ;
#6080 = ORIENTED_EDGE ( 'NONE', *, *, #3872, .T. ) ;
#6081 = ORIENTED_EDGE ( 'NONE', *, *, #4507, .T. ) ;
#6082 = EDGE_CURVE ( 'NONE', #4939, #1606, #1037, .T. ) ;
#6083 = CARTESIAN_POINT ( 'NONE',  ( 9.150000000000000355, -3.319999999999999396, 0.0000000000000000000 ) ) ;
#6084 = CARTESIAN_POINT ( 'NONE',  ( 8.849999999999997868, 6.099999999999998757, -1000.000000000000000 ) ) ;
#6085 = EDGE_CURVE ( 'NONE', #4064, #9, #2804, .T. ) ;
#6086 = CARTESIAN_POINT ( 'NONE',  ( 9.999999999999998224, -3.950000000000000178, 0.0000000000000000000 ) ) ;
#6087 = CARTESIAN_POINT ( 'NONE',  ( 9.099999999999997868, 6.349999999999998757, -1000.000000000000000 ) ) ;
#6088 = ORIENTED_EDGE ( 'NONE', *, *, #2398, .F. ) ;
#6089 = LINE ( 'NONE', #6013, #2229 ) ;
#6090 = ORIENTED_EDGE ( 'NONE', *, *, #2341, .T. ) ;
#6091 = ORIENTED_EDGE ( 'NONE', *, *, #4823, .F. ) ;
#6092 = AXIS2_PLACEMENT_3D ( 'NONE', #5074, #20, #1727 ) ;
#6093 = EDGE_LOOP ( 'NONE', ( #5342, #4705, #5426, #6341 ) ) ;
#6094 = CARTESIAN_POINT ( 'NONE',  ( 5.200000000000001066, -6.048528137423859086, 0.0000000000000000000 ) ) ;
#6095 = EDGE_CURVE ( 'NONE', #7172, #2430, #3736, .T. ) ;
#6096 = AXIS2_PLACEMENT_3D ( 'NONE', #6990, #3668, #6436 ) ;
#6097 = FACE_OUTER_BOUND ( 'NONE', #6855, .T. ) ;
#6098 = ORIENTED_EDGE ( 'NONE', *, *, #4452, .F. ) ;
#6099 = VERTEX_POINT ( 'NONE', #5748 ) ;
#6100 = CARTESIAN_POINT ( 'NONE',  ( 1.217219119641868907, -3.281520625377543077, 0.0000000000000000000 ) ) ;
#6101 = VECTOR ( 'NONE', #2414, 1000.000000000000000 ) ;
#6102 = CIRCLE ( 'NONE', #6216, 0.2500000000000002220 ) ;
#6103 = LINE ( 'NONE', #3738, #6844 ) ;
#6104 = ORIENTED_EDGE ( 'NONE', *, *, #1680, .F. ) ;
#6105 = CARTESIAN_POINT ( 'NONE',  ( -10.00000000000000178, -3.699999999999994849, -1000.000000000000000 ) ) ;
#6106 = EDGE_CURVE ( 'NONE', #7154, #4006, #5123, .T. ) ;
#6107 = AXIS2_PLACEMENT_3D ( 'NONE', #6246, #6317, #6282 ) ;
#6108 = DIRECTION ( 'NONE',  ( -0.0000000000000000000, -0.0000000000000000000, -1.000000000000000000 ) ) ;
#6109 = CARTESIAN_POINT ( 'NONE',  ( -9.150000000000002132, 3.319999999999998064, -1000.000000000000000 ) ) ;
#6110 = ORIENTED_EDGE ( 'NONE', *, *, #6783, .T. ) ;
#6111 = ORIENTED_EDGE ( 'NONE', *, *, #3775, .F. ) ;
#6112 = DIRECTION ( 'NONE',  ( -0.0000000000000000000, -0.0000000000000000000, -1.000000000000000000 ) ) ;
#6113 = FACE_OUTER_BOUND ( 'NONE', #1187, .T. ) ;
#6114 = CARTESIAN_POINT ( 'NONE',  ( 8.400000000000000355, 8.400000000000000355, 0.0000000000000000000 ) ) ;
#6115 = DIRECTION ( 'NONE',  ( 0.0000000000000000000, 0.0000000000000000000, 1.000000000000000000 ) ) ;
#6116 = ORIENTED_EDGE ( 'NONE', *, *, #11, .F. ) ;
#6117 = ORIENTED_EDGE ( 'NONE', *, *, #6560, .T. ) ;
#6118 = CARTESIAN_POINT ( 'NONE',  ( -3.919843788128358764, 8.000000000000003553, -1000.000000000000000 ) ) ;
#6119 = EDGE_CURVE ( 'NONE', #1377, #3558, #4051, .T. ) ;
#6120 = DIRECTION ( 'NONE',  ( 0.0000000000000000000, -0.0000000000000000000, -1.000000000000000000 ) ) ;
#6121 = LINE ( 'NONE', #6702, #7275 ) ;
#6122 = EDGE_CURVE ( 'NONE', #1856, #4496, #1141, .T. ) ;
#6123 = DIRECTION ( 'NONE',  ( -1.000000000000000000, 0.0000000000000000000, 0.0000000000000000000 ) ) ;
#6124 = ADVANCED_FACE ( 'NONE', ( #6335 ), #1773, .F. ) ;
#6125 = ORIENTED_EDGE ( 'NONE', *, *, #4953, .F. ) ;
#6126 = DIRECTION ( 'NONE',  ( 9.957992501029670227E-17, -1.000000000000000000, 0.0000000000000000000 ) ) ;
#6127 = ORIENTED_EDGE ( 'NONE', *, *, #6940, .T. ) ;
#6128 = ORIENTED_EDGE ( 'NONE', *, *, #6361, .F. ) ;
#6129 = LINE ( 'NONE', #2853, #4398 ) ;
#6130 = DIRECTION ( 'NONE',  ( -0.0000000000000000000, -0.0000000000000000000, -1.000000000000000000 ) ) ;
#6131 = ORIENTED_EDGE ( 'NONE', *, *, #5619, .F. ) ;
#6132 = ORIENTED_EDGE ( 'NONE', *, *, #1849, .F. ) ;
#6133 = CARTESIAN_POINT ( 'NONE',  ( 9.750000000000000000, -3.699999999999999734, 0.0000000000000000000 ) ) ;
#6134 = ADVANCED_FACE ( 'NONE', ( #1220 ), #101, .T. ) ;
#6135 = CARTESIAN_POINT ( 'NONE',  ( 8.449999999999999289, -5.200000000000001066, 0.0000000000000000000 ) ) ;
#6136 = AXIS2_PLACEMENT_3D ( 'NONE', #1805, #1137, #5118 ) ;
#6137 = VERTEX_POINT ( 'NONE', #3395 ) ;
#6138 = EDGE_CURVE ( 'NONE', #225, #2976, #3702, .T. ) ;
#6139 = AXIS2_PLACEMENT_3D ( 'NONE', #1943, #5216, #5770 ) ;
#6140 = CARTESIAN_POINT ( 'NONE',  ( 0.3472135954999588936, 3.473606797749979602, 0.0000000000000000000 ) ) ;
#6141 = VECTOR ( 'NONE', #3213, 1000.000000000000000 ) ;
#6142 = CIRCLE ( 'NONE', #2972, 0.2500000000000002220 ) ;
#6143 = DIRECTION ( 'NONE',  ( 0.0000000000000000000, 0.0000000000000000000, 1.000000000000000000 ) ) ;
#6144 = VERTEX_POINT ( 'NONE', #613 ) ;
#6145 = EDGE_LOOP ( 'NONE', ( #3966, #5483, #988, #5872 ) ) ;
#6146 = CARTESIAN_POINT ( 'NONE',  ( 2.050609665440985996, 2.050609665440979779, -1000.000000000000000 ) ) ;
#6147 = DIRECTION ( 'NONE',  ( 1.000000000000000000, -4.336808689942017736E-16, 0.0000000000000000000 ) ) ;
#6148 = LINE ( 'NONE', #502, #2769 ) ;
#6149 = VERTEX_POINT ( 'NONE', #5639 ) ;
#6150 = ORIENTED_EDGE ( 'NONE', *, *, #3101, .T. ) ;
#6151 = AXIS2_PLACEMENT_3D ( 'NONE', #3165, #6505, #6996 ) ;
#6152 = DIRECTION ( 'NONE',  ( 0.0000000000000000000, -1.000000000000000000, 0.0000000000000000000 ) ) ;
#6153 = VECTOR ( 'NONE', #7230, 1000.000000000000000 ) ;
#6154 = DIRECTION ( 'NONE',  ( 1.000000000000000000, -4.336808689942017736E-16, 0.0000000000000000000 ) ) ;
#6155 = DIRECTION ( 'NONE',  ( 0.0000000000000000000, -0.0000000000000000000, 1.000000000000000000 ) ) ;
#6156 = CARTESIAN_POINT ( 'NONE',  ( 8.250000000000001776, -3.069999999999999840, -1000.000000000000000 ) ) ;
#6157 = CARTESIAN_POINT ( 'NONE',  ( 0.8694422283156209019, 2.343943303841100168, -1000.000000000000000 ) ) ;
#6158 = ORIENTED_EDGE ( 'NONE', *, *, #5667, .T. ) ;
#6159 = PLANE ( 'NONE',  #1277 ) ;
#6160 = VERTEX_POINT ( 'NONE', #28 ) ;
#6161 = VERTEX_POINT ( 'NONE', #3464 ) ;
#6162 = EDGE_CURVE ( 'NONE', #441, #7239, #5229, .T. ) ;
#6163 = EDGE_CURVE ( 'NONE', #1011, #1899, #2773, .T. ) ;
#6164 = AXIS2_PLACEMENT_3D ( 'NONE', #37, #4988, #5503 ) ;
#6165 = EDGE_CURVE ( 'NONE', #5253, #2033, #6299, .T. ) ;
#6166 = DIRECTION ( 'NONE',  ( 0.0000000000000000000, -0.0000000000000000000, -1.000000000000000000 ) ) ;
#6167 = DIRECTION ( 'NONE',  ( 1.000000000000000000, 0.0000000000000000000, 0.0000000000000000000 ) ) ;
#6168 = ORIENTED_EDGE ( 'NONE', *, *, #971, .F. ) ;
#6169 = ORIENTED_EDGE ( 'NONE', *, *, #3152, .T. ) ;
#6170 = LINE ( 'NONE', #2671, #4332 ) ;
#6171 = VECTOR ( 'NONE', #4501, 1000.000000000000000 ) ;
#6172 = CARTESIAN_POINT ( 'NONE',  ( -8.250000000000003553, 3.069999999999998064, -1000.000000000000000 ) ) ;
#6173 = ADVANCED_FACE ( 'NONE', ( #4603 ), #652, .F. ) ;
#6174 = EDGE_CURVE ( 'NONE', #129, #7257, #1735, .T. ) ;
#6175 = VECTOR ( 'NONE', #1028, 1000.000000000000000 ) ;
#6176 = EDGE_LOOP ( 'NONE', ( #285, #6182, #2717, #6588 ) ) ;
#6177 = EDGE_CURVE ( 'NONE', #3469, #1798, #3476, .T. ) ;
#6178 = DIRECTION ( 'NONE',  ( 1.000000000000000000, 0.0000000000000000000, 0.0000000000000000000 ) ) ;
#6179 = CIRCLE ( 'NONE', #3004, 0.2500000000000000000 ) ;
#6180 = EDGE_CURVE ( 'NONE', #513, #5234, #1240, .T. ) ;
#6181 = CARTESIAN_POINT ( 'NONE',  ( -6.350000000000001421, 9.099999999999999645, 0.0000000000000000000 ) ) ;
#6182 = ORIENTED_EDGE ( 'NONE', *, *, #3411, .F. ) ;
#6183 = ORIENTED_EDGE ( 'NONE', *, *, #5131, .F. ) ;
#6184 = CARTESIAN_POINT ( 'NONE',  ( -9.100000000000001421, -9.099999999999999645, 0.0000000000000000000 ) ) ;
#6185 = VECTOR ( 'NONE', #5037, 1000.000000000000000 ) ;
#6186 = CARTESIAN_POINT ( 'NONE',  ( -9.400000000000000355, 3.699999999999998401, -1000.000000000000000 ) ) ;
#6187 = CARTESIAN_POINT ( 'NONE',  ( 9.400000000000000355, -3.320000000000000284, -1000.000000000000000 ) ) ;
#6188 = ORIENTED_EDGE ( 'NONE', *, *, #6894, .F. ) ;
#6189 = ORIENTED_EDGE ( 'NONE', *, *, #3247, .T. ) ;
#6190 = DIRECTION ( 'NONE',  ( -0.0000000000000000000, -0.0000000000000000000, -1.000000000000000000 ) ) ;
#6191 = CARTESIAN_POINT ( 'NONE',  ( 8.700000000000001066, 5.199999999999999289, -1000.000000000000000 ) ) ;
#6192 = CYLINDRICAL_SURFACE ( 'NONE', #625, 0.2500000000000000000 ) ;
#6193 = CARTESIAN_POINT ( 'NONE',  ( 0.3472135954999577279, -3.473606797749979602, 0.0000000000000000000 ) ) ;
#6194 = DIRECTION ( 'NONE',  ( -0.7071067811865476838, 0.7071067811865474617, -0.0000000000000000000 ) ) ;
#6195 = LINE ( 'NONE', #2330, #5565 ) ;
#6196 = FACE_OUTER_BOUND ( 'NONE', #4032, .T. ) ;
#6197 = VERTEX_POINT ( 'NONE', #3941 ) ;
#6198 = VERTEX_POINT ( 'NONE', #6193 ) ;
#6199 = ADVANCED_FACE ( 'NONE', ( #5085 ), #3974, .F. ) ;
#6200 = CARTESIAN_POINT ( 'NONE',  ( 4.600000000000002309, 8.700000000000002842, -1000.000000000000000 ) ) ;
#6201 = LINE ( 'NONE', #5609, #5363 ) ;
#6202 = ORIENTED_EDGE ( 'NONE', *, *, #7171, .F. ) ;
#6203 = CARTESIAN_POINT ( 'NONE',  ( 8.499999999999996447, -10.00000000000000178, -1000.000000000000000 ) ) ;
#6204 = DIRECTION ( 'NONE',  ( 0.0000000000000000000, 0.0000000000000000000, 1.000000000000000000 ) ) ;
#6205 = VECTOR ( 'NONE', #4479, 1000.000000000000000 ) ;
#6206 = DIRECTION ( 'NONE',  ( 0.0000000000000000000, 0.0000000000000000000, 1.000000000000000000 ) ) ;
#6207 = VECTOR ( 'NONE', #6811, 1000.000000000000000 ) ;
#6208 = EDGE_LOOP ( 'NONE', ( #2252, #3421, #2729, #5003 ) ) ;
#6209 = EDGE_CURVE ( 'NONE', #4933, #6448, #2880, .T. ) ;
#6210 = EDGE_CURVE ( 'NONE', #4442, #5576, #2915, .T. ) ;
#6211 = AXIS2_PLACEMENT_3D ( 'NONE', #1016, #41, #3268 ) ;
#6212 = EDGE_CURVE ( 'NONE', #4078, #2824, #5586, .T. ) ;
#6213 = DIRECTION ( 'NONE',  ( 0.0000000000000000000, 0.0000000000000000000, 1.000000000000000000 ) ) ;
#6214 = AXIS2_PLACEMENT_3D ( 'NONE', #2403, #177, #5373 ) ;
#6215 = CIRCLE ( 'NONE', #4690, 0.2500000000000000000 ) ;
#6216 = AXIS2_PLACEMENT_3D ( 'NONE', #7232, #4426, #5461 ) ;
#6217 = PLANE ( 'NONE',  #5129 ) ;
#6218 = ORIENTED_EDGE ( 'NONE', *, *, #5256, .T. ) ;
#6219 = ORIENTED_EDGE ( 'NONE', *, *, #605, .F. ) ;
#6220 = LINE ( 'NONE', #5005, #6746 ) ;
#6221 = AXIS2_PLACEMENT_3D ( 'NONE', #6496, #3189, #5433 ) ;
#6222 = CARTESIAN_POINT ( 'NONE',  ( 9.099999999999997868, -6.350000000000001421, 0.0000000000000000000 ) ) ;
#6223 = CARTESIAN_POINT ( 'NONE',  ( -8.700000000000002842, -4.949999999999996625, 0.0000000000000000000 ) ) ;
#6224 = ORIENTED_EDGE ( 'NONE', *, *, #5896, .F. ) ;
#6225 = ORIENTED_EDGE ( 'NONE', *, *, #4760, .T. ) ;
#6226 = DIRECTION ( 'NONE',  ( 1.000000000000000000, -3.216245299353279611E-16, 0.0000000000000000000 ) ) ;
#6227 = AXIS2_PLACEMENT_3D ( 'NONE', #3887, #6678, #7274 ) ;
#6228 = CARTESIAN_POINT ( 'NONE',  ( -6.462741699796954009, -4.199999999999998401, 0.0000000000000000000 ) ) ;
#6229 = LINE ( 'NONE', #3710, #4027 ) ;
#6230 = DIRECTION ( 'NONE',  ( 1.000000000000000000, 2.653949401937015386E-15, 0.0000000000000000000 ) ) ;
#6231 = CARTESIAN_POINT ( 'NONE',  ( 8.000000000000001776, -3.070000000000000284, 0.0000000000000000000 ) ) ;
#6232 = DIRECTION ( 'NONE',  ( 0.0000000000000000000, -0.0000000000000000000, -1.000000000000000000 ) ) ;
#6233 = CARTESIAN_POINT ( 'NONE',  ( -8.700000000000002842, -5.199999999999997513, 0.0000000000000000000 ) ) ;
#6234 = VERTEX_POINT ( 'NONE', #2474 ) ;
#6235 = VERTEX_POINT ( 'NONE', #3644 ) ;
#6236 =( NAMED_UNIT ( * ) SI_UNIT ( $, .STERADIAN. ) SOLID_ANGLE_UNIT ( ) );
#6237 = EDGE_CURVE ( 'NONE', #6461, #7200, #5358, .T. ) ;
#6238 = DIRECTION ( 'NONE',  ( -0.0000000000000000000, -0.0000000000000000000, -1.000000000000000000 ) ) ;
#6239 = ORIENTED_EDGE ( 'NONE', *, *, #1290, .T. ) ;
#6240 = DIRECTION ( 'NONE',  ( 2.220446049250312588E-16, 1.000000000000000000, -0.0000000000000000000 ) ) ;
#6241 = LINE ( 'NONE', #1192, #5387 ) ;
#6242 = AXIS2_PLACEMENT_3D ( 'NONE', #540, #2185, #5566 ) ;
#6243 = LINE ( 'NONE', #2861, #4368 ) ;
#6244 = DIRECTION ( 'NONE',  ( 0.0000000000000000000, 1.000000000000000000, 0.0000000000000000000 ) ) ;
#6245 = ORIENTED_EDGE ( 'NONE', *, *, #5789, .F. ) ;
#6246 = CARTESIAN_POINT ( 'NONE',  ( 9.150000000000002132, 3.319999999999996732, -1000.000000000000000 ) ) ;
#6247 = ORIENTED_EDGE ( 'NONE', *, *, #2803, .T. ) ;
#6248 = EDGE_CURVE ( 'NONE', #443, #1676, #5961, .T. ) ;
#6249 = FACE_OUTER_BOUND ( 'NONE', #6208, .T. ) ;
#6250 = ADVANCED_FACE ( 'NONE', ( #1884 ), #2578, .T. ) ;
#6251 = ADVANCED_FACE ( 'NONE', ( #3023 ), #1957, .F. ) ;
#6252 = DIRECTION ( 'NONE',  ( 1.000000000000000000, 2.288475490443785424E-17, -0.0000000000000000000 ) ) ;
#6253 = ORIENTED_EDGE ( 'NONE', *, *, #5932, .T. ) ;
#6254 = ORIENTED_EDGE ( 'NONE', *, *, #1708, .F. ) ;
#6256 = DIRECTION ( 'NONE',  ( 0.0000000000000000000, 0.0000000000000000000, -1.000000000000000000 ) ) ;
#6255 = CIRCLE ( 'NONE', #3662, 0.7000000000000000666 ) ;
#6257 = LINE ( 'NONE', #2765, #6205 ) ;
#6258 = CARTESIAN_POINT ( 'NONE',  ( -3.499999999999999556, -1.823044737829950357, 0.0000000000000000000 ) ) ;
#6259 = ORIENTED_EDGE ( 'NONE', *, *, #4178, .T. ) ;
#6260 = VERTEX_POINT ( 'NONE', #5888 ) ;
#6261 = CARTESIAN_POINT ( 'NONE',  ( 4.907106781186549860, 5.755634918610404327, 0.0000000000000000000 ) ) ;
#6262 = AXIS2_PLACEMENT_3D ( 'NONE', #221, #4233, #2483 ) ;
#6263 = DIRECTION ( 'NONE',  ( -4.336808689942017736E-16, -1.000000000000000000, 0.0000000000000000000 ) ) ;
#6264 = CARTESIAN_POINT ( 'NONE',  ( 1.217219119641870018, 3.281520625377542633, 0.0000000000000000000 ) ) ;
#6265 = DIRECTION ( 'NONE',  ( -1.000000000000000000, 0.0000000000000000000, 0.0000000000000000000 ) ) ;
#6266 = DIRECTION ( 'NONE',  ( 0.0000000000000000000, 0.0000000000000000000, 1.000000000000000000 ) ) ;
#6267 = DIRECTION ( 'NONE',  ( 0.0000000000000000000, 0.0000000000000000000, 1.000000000000000000 ) ) ;
#6268 = DIRECTION ( 'NONE',  ( 1.000000000000000000, 0.0000000000000000000, 0.0000000000000000000 ) ) ;
#6269 = EDGE_CURVE ( 'NONE', #3365, #5555, #909, .T. ) ;
#6270 = ORIENTED_EDGE ( 'NONE', *, *, #5871, .T. ) ;
#6271 = ORIENTED_EDGE ( 'NONE', *, *, #162, .T. ) ;
#6272 = VECTOR ( 'NONE', #4602, 1000.000000000000000 ) ;
#6273 = DIRECTION ( 'NONE',  ( 1.000000000000000000, 0.0000000000000000000, 0.0000000000000000000 ) ) ;
#6274 = EDGE_CURVE ( 'NONE', #6936, #3168, #5236, .T. ) ;
#6275 = ORIENTED_EDGE ( 'NONE', *, *, #2308, .T. ) ;
#6276 = CARTESIAN_POINT ( 'NONE',  ( -6.099999999999996092, -6.099999999999997868, -1000.000000000000000 ) ) ;
#6277 = DIRECTION ( 'NONE',  ( 0.0000000000000000000, 0.0000000000000000000, 1.000000000000000000 ) ) ;
#6278 = CARTESIAN_POINT ( 'NONE',  ( 6.100000000000000533, -6.099999999999996980, -1000.000000000000000 ) ) ;
#6279 = AXIS2_PLACEMENT_3D ( 'NONE', #6146, #5591, #465 ) ;
#6280 = CYLINDRICAL_SURFACE ( 'NONE', #806, 1.000000000000000000 ) ;
#6281 = ORIENTED_EDGE ( 'NONE', *, *, #991, .F. ) ;
#6282 = DIRECTION ( 'NONE',  ( 0.0000000000000000000, 1.000000000000000000, 0.0000000000000000000 ) ) ;
#6283 = ORIENTED_EDGE ( 'NONE', *, *, #4305, .T. ) ;
#6284 = CARTESIAN_POINT ( 'NONE',  ( 5.499999999999999112, -1.823044737829952133, -1000.000000000000000 ) ) ;
#6285 = PRESENTATION_LAYER_ASSIGNMENT (  '', '', ( #2183 ) ) ;
#6286 = DIRECTION ( 'NONE',  ( 1.000000000000000000, 0.0000000000000000000, 0.0000000000000000000 ) ) ;
#6287 = ORIENTED_EDGE ( 'NONE', *, *, #4424, .T. ) ;
#6288 = ORIENTED_EDGE ( 'NONE', *, *, #6808, .T. ) ;
#6289 = CARTESIAN_POINT ( 'NONE',  ( -8.000000000000005329, -3.069999999999995843, 0.0000000000000000000 ) ) ;
#6290 = CARTESIAN_POINT ( 'NONE',  ( -10.00000000000000178, -8.499999999999996447, 0.0000000000000000000 ) ) ;
#6291 = LINE ( 'NONE', #2908, #6643 ) ;
#6292 = VERTEX_POINT ( 'NONE', #5265 ) ;
#6293 = VERTEX_POINT ( 'NONE', #6474 ) ;
#6294 = CIRCLE ( 'NONE', #6525, 1.499999999999999556 ) ;
#6295 = LINE ( 'NONE', #4080, #6391 ) ;
#6296 = CARTESIAN_POINT ( 'NONE',  ( 3.499999999999999556, 1.823044737829951023, 0.0000000000000000000 ) ) ;
#6297 = DIRECTION ( 'NONE',  ( 0.0000000000000000000, 1.000000000000000000, 0.0000000000000000000 ) ) ;
#6298 = AXIS2_PLACEMENT_3D ( 'NONE', #6434, #3120, #304 ) ;
#6299 = LINE ( 'NONE', #2402, #6645 ) ;
#6300 = CYLINDRICAL_SURFACE ( 'NONE', #5985, 0.2500000000000000555 ) ;
#6301 = LINE ( 'NONE', #6963, #6976 ) ;
#6302 = CARTESIAN_POINT ( 'NONE',  ( 8.606173761888607388, 4.524939009510883459, -1000.000000000000000 ) ) ;
#6303 = EDGE_CURVE ( 'NONE', #2228, #5962, #6294, .T. ) ;
#6304 = ORIENTED_EDGE ( 'NONE', *, *, #5841, .T. ) ;
#6305 = VERTEX_POINT ( 'NONE', #242 ) ;
#6306 = EDGE_CURVE ( 'NONE', #1643, #3129, #3118, .T. ) ;
#6307 = VECTOR ( 'NONE', #5809, 999.9999999999998863 ) ;
#6308 = EDGE_CURVE ( 'NONE', #2137, #7073, #1431, .T. ) ;
#6309 = CARTESIAN_POINT ( 'NONE',  ( -8.250000000000003553, 3.319999999999998508, -1000.000000000000000 ) ) ;
#6310 = ORIENTED_EDGE ( 'NONE', *, *, #306, .F. ) ;
#6311 = FACE_OUTER_BOUND ( 'NONE', #6012, .T. ) ;
#6312 = DIRECTION ( 'NONE',  ( -1.000000000000000000, 0.0000000000000000000, 0.0000000000000000000 ) ) ;
#6313 = ORIENTED_EDGE ( 'NONE', *, *, #120, .T. ) ;
#6314 = LINE ( 'NONE', #5209, #323 ) ;
#6315 = DIRECTION ( 'NONE',  ( -1.000000000000000000, 7.228014483236698528E-16, 0.0000000000000000000 ) ) ;
#6316 = ORIENTED_EDGE ( 'NONE', *, *, #3488, .F. ) ;
#6317 = DIRECTION ( 'NONE',  ( 0.0000000000000000000, -0.0000000000000000000, -1.000000000000000000 ) ) ;
#6318 = EDGE_LOOP ( 'NONE', ( #1478, #4784, #432, #1493 ) ) ;
#6319 = AXIS2_PLACEMENT_3D ( 'NONE', #4297, #6004, #951 ) ;
#6320 = FACE_OUTER_BOUND ( 'NONE', #4759, .T. ) ;
#6321 = DIRECTION ( 'NONE',  ( -0.0000000000000000000, 0.0000000000000000000, -1.000000000000000000 ) ) ;
#6322 = ORIENTED_EDGE ( 'NONE', *, *, #1128, .F. ) ;
#6323 = EDGE_LOOP ( 'NONE', ( #1197, #932, #2374, #6988 ) ) ;
#6324 = AXIS2_PLACEMENT_3D ( 'NONE', #6821, #6423, #258 ) ;
#6325 = ADVANCED_FACE ( 'NONE', ( #6997 ), #6961, .F. ) ;
#6326 = FACE_OUTER_BOUND ( 'NONE', #5281, .T. ) ;
#6327 = CARTESIAN_POINT ( 'NONE',  ( 3.949999999999997957, -9.750000000000003553, 0.0000000000000000000 ) ) ;
#6328 = VERTEX_POINT ( 'NONE', #6923 ) ;
#6329 = ORIENTED_EDGE ( 'NONE', *, *, #4887, .T. ) ;
#6330 = AXIS2_PLACEMENT_3D ( 'NONE', #1342, #4133, #6386 ) ;
#6331 = CARTESIAN_POINT ( 'NONE',  ( 8.700000000000001066, 4.720156211871642249, 0.0000000000000000000 ) ) ;
#6332 = CARTESIAN_POINT ( 'NONE',  ( 9.999999999999996447, -8.500000000000001776, -1000.000000000000000 ) ) ;
#6333 = LINE ( 'NONE', #2366, #1204 ) ;
#6334 = CIRCLE ( 'NONE', #3394, 0.2500000000000000000 ) ;
#6335 = FACE_OUTER_BOUND ( 'NONE', #1730, .T. ) ;
#6336 = FACE_OUTER_BOUND ( 'NONE', #2620, .T. ) ;
#6337 = CARTESIAN_POINT ( 'NONE',  ( -9.150000000000003908, -3.319999999999994955, -1000.000000000000000 ) ) ;
#6338 = AXIS2_PLACEMENT_3D ( 'NONE', #6565, #1529, #2122 ) ;
#6339 = DIRECTION ( 'NONE',  ( 1.000000000000000000, 0.0000000000000000000, 0.0000000000000000000 ) ) ;
#6340 = ORIENTED_EDGE ( 'NONE', *, *, #3328, .T. ) ;
#6341 = ORIENTED_EDGE ( 'NONE', *, *, #4122, .F. ) ;
#6342 = CIRCLE ( 'NONE', #7048, 0.2500000000000002220 ) ;
#6343 = EDGE_CURVE ( 'NONE', #2262, #6045, #4124, .T. ) ;
#6344 = FACE_OUTER_BOUND ( 'NONE', #1382, .T. ) ;
#6345 = ADVANCED_FACE ( 'NONE', ( #313 ), #802, .T. ) ;
#6346 = CARTESIAN_POINT ( 'NONE',  ( -9.099999999999997868, 8.400000000000000355, 0.0000000000000000000 ) ) ;
#6347 = EDGE_CURVE ( 'NONE', #5837, #2356, #4058, .T. ) ;
#6348 = VERTEX_POINT ( 'NONE', #3609 ) ;
#6349 = DIRECTION ( 'NONE',  ( 0.0000000000000000000, 0.0000000000000000000, -1.000000000000000000 ) ) ;
#6350 = LINE ( 'NONE', #224, #5155 ) ;
#6351 = ORIENTED_EDGE ( 'NONE', *, *, #6308, .T. ) ;
#6352 = DIRECTION ( 'NONE',  ( 0.8944271909999204073, -0.4472135954999488794, 0.0000000000000000000 ) ) ;
#6353 = AXIS2_PLACEMENT_3D ( 'NONE', #5201, #2484, #4723 ) ;
#6354 = PLANE ( 'NONE',  #3048 ) ;
#6355 = ORIENTED_EDGE ( 'NONE', *, *, #902, .F. ) ;
#6356 = FACE_OUTER_BOUND ( 'NONE', #4260, .T. ) ;
#6357 = EDGE_LOOP ( 'NONE', ( #1999, #6790, #822, #809 ) ) ;
#6358 = ADVANCED_FACE ( 'NONE', ( #6373 ), #5854, .T. ) ;
#6359 = CARTESIAN_POINT ( 'NONE',  ( -6.462741699796952233, 5.200000000000000178, -1000.000000000000000 ) ) ;
#6360 = EDGE_CURVE ( 'NONE', #6827, #755, #7064, .T. ) ;
#6361 = EDGE_CURVE ( 'NONE', #6363, #4346, #6065, .T. ) ;
#6362 = FACE_OUTER_BOUND ( 'NONE', #917, .T. ) ;
#6363 = VERTEX_POINT ( 'NONE', #3237 ) ;
#6364 = ORIENTED_EDGE ( 'NONE', *, *, #3998, .F. ) ;
#6365 = DIRECTION ( 'NONE',  ( 1.000000000000000000, 0.0000000000000000000, 0.0000000000000000000 ) ) ;
#6366 = LINE ( 'NONE', #4154, #4402 ) ;
#6367 = EDGE_LOOP ( 'NONE', ( #5146, #5474, #2516, #5976 ) ) ;
#6368 = ORIENTED_EDGE ( 'NONE', *, *, #2076, .F. ) ;
#6369 = DIRECTION ( 'NONE',  ( 1.301042606982605321E-15, 1.000000000000000000, 0.0000000000000000000 ) ) ;
#6370 = CARTESIAN_POINT ( 'NONE',  ( 8.449999999999999289, -4.720156211871644913, -1000.000000000000000 ) ) ;
#6371 = VECTOR ( 'NONE', #4329, 1000.000000000000000 ) ;
#6372 = DIRECTION ( 'NONE',  ( 0.0000000000000000000, -0.0000000000000000000, -1.000000000000000000 ) ) ;
#6373 = FACE_OUTER_BOUND ( 'NONE', #5395, .T. ) ;
#6374 = PLANE ( 'NONE',  #5158 ) ;
#6375 = DIRECTION ( 'NONE',  ( -4.336808689942017736E-16, -1.000000000000000000, 0.0000000000000000000 ) ) ;
#6376 = PLANE ( 'NONE',  #4574 ) ;
#6377 = ORIENTED_EDGE ( 'NONE', *, *, #3251, .T. ) ;
#6378 = VERTEX_POINT ( 'NONE', #4333 ) ;
#6379 = VECTOR ( 'NONE', #360, 1000.000000000000000 ) ;
#6380 = VECTOR ( 'NONE', #899, 1000.000000000000000 ) ;
#6381 = CARTESIAN_POINT ( 'NONE',  ( 8.450000000000001066, 4.949999999999998401, -1000.000000000000000 ) ) ;
#6382 = CYLINDRICAL_SURFACE ( 'NONE', #154, 0.2499999999999997780 ) ;
#6383 = VECTOR ( 'NONE', #5369, 1000.000000000000000 ) ;
#6384 = AXIS2_PLACEMENT_3D ( 'NONE', #1661, #5084, #27 ) ;
#6385 = ORIENTED_EDGE ( 'NONE', *, *, #6046, .T. ) ;
#6386 = DIRECTION ( 'NONE',  ( 0.0000000000000000000, -1.000000000000000000, 0.0000000000000000000 ) ) ;
#6387 = DIRECTION ( 'NONE',  ( 0.0000000000000000000, -0.0000000000000000000, 1.000000000000000000 ) ) ;
#6388 = VERTEX_POINT ( 'NONE', #2135 ) ;
#6389 = EDGE_CURVE ( 'NONE', #5604, #4000, #4932, .T. ) ;
#6390 = EDGE_CURVE ( 'NONE', #1606, #5604, #6179, .T. ) ;
#6391 = VECTOR ( 'NONE', #1101, 1000.000000000000114 ) ;
#6392 = FACE_OUTER_BOUND ( 'NONE', #886, .T. ) ;
#6393 = AXIS2_PLACEMENT_3D ( 'NONE', #2213, #5525, #3278 ) ;
#6394 = ORIENTED_EDGE ( 'NONE', *, *, #3920, .T. ) ;
#6395 = FACE_OUTER_BOUND ( 'NONE', #4816, .T. ) ;
#6396 = VERTEX_POINT ( 'NONE', #7249 ) ;
#6397 = EDGE_CURVE ( 'NONE', #5878, #443, #4883, .T. ) ;
#6398 = EDGE_CURVE ( 'NONE', #3365, #205, #3752, .T. ) ;
#6400 = ORIENTED_EDGE ( 'NONE', *, *, #7263, .F. ) ;
#6399 = VECTOR ( 'NONE', #2942, 1000.000000000000000 ) ;
#6401 = FACE_OUTER_BOUND ( 'NONE', #746, .T. ) ;
#6402 = EDGE_CURVE ( 'NONE', #3681, #6481, #6000, .T. ) ;
#6403 = FACE_OUTER_BOUND ( 'NONE', #4916, .T. ) ;
#6404 = ORIENTED_EDGE ( 'NONE', *, *, #6398, .F. ) ;
#6405 = DIRECTION ( 'NONE',  ( -0.0000000000000000000, 0.0000000000000000000, 1.000000000000000000 ) ) ;
#6406 = CARTESIAN_POINT ( 'NONE',  ( -2.050609665440985552, 2.050609665440980223, 0.0000000000000000000 ) ) ;
#6407 = EDGE_LOOP ( 'NONE', ( #477, #3503, #1590, #4522 ) ) ;
#6408 = ORIENTED_EDGE ( 'NONE', *, *, #107, .F. ) ;
#6409 = DIRECTION ( 'NONE',  ( 0.0000000000000000000, 0.0000000000000000000, 1.000000000000000000 ) ) ;
#6410 = ADVANCED_FACE ( 'NONE', ( #6580 ), #7178, .T. ) ;
#6411 = DIRECTION ( 'NONE',  ( 0.0000000000000000000, 0.0000000000000000000, 1.000000000000000000 ) ) ;
#6412 = DIRECTION ( 'NONE',  ( -9.957992501029670227E-17, -1.000000000000000000, 0.0000000000000000000 ) ) ;
#6413 = DIRECTION ( 'NONE',  ( 0.0000000000000000000, -1.000000000000000000, 0.0000000000000000000 ) ) ;
#6414 = CARTESIAN_POINT ( 'NONE',  ( -8.700000000000002842, -4.599999999999996980, -1000.000000000000000 ) ) ;
#6415 = LINE ( 'NONE', #2917, #4979 ) ;
#6416 = DIRECTION ( 'NONE',  ( 0.0000000000000000000, -0.0000000000000000000, -1.000000000000000000 ) ) ;
#6417 = ORIENTED_EDGE ( 'NONE', *, *, #772, .T. ) ;
#6418 = ORIENTED_EDGE ( 'NONE', *, *, #4807, .T. ) ;
#6419 = VECTOR ( 'NONE', #6654, 1000.000000000000000 ) ;
#6420 = CARTESIAN_POINT ( 'NONE',  ( -3.950000000000003730, -10.00000000000000000, 0.0000000000000000000 ) ) ;
#6421 = CARTESIAN_POINT ( 'NONE',  ( 3.499999999999999556, 0.4590169943749444759, 0.0000000000000000000 ) ) ;
#6422 = ORIENTED_EDGE ( 'NONE', *, *, #3063, .F. ) ;
#6423 = DIRECTION ( 'NONE',  ( -0.0000000000000000000, -0.0000000000000000000, -1.000000000000000000 ) ) ;
#6424 = ORIENTED_EDGE ( 'NONE', *, *, #2714, .T. ) ;
#6425 = EDGE_CURVE ( 'NONE', #4660, #5572, #3591, .T. ) ;
#6426 = DIRECTION ( 'NONE',  ( 0.0000000000000000000, -1.000000000000000000, 0.0000000000000000000 ) ) ;
#6427 = VERTEX_POINT ( 'NONE', #6618 ) ;
#6428 = DIRECTION ( 'NONE',  ( 1.000000000000000000, -1.991598500205934045E-16, 0.0000000000000000000 ) ) ;
#6429 = ORIENTED_EDGE ( 'NONE', *, *, #3183, .F. ) ;
#6430 = CARTESIAN_POINT ( 'NONE',  ( -1.101135825230452484E-14, -3.299999999999999378, -1000.000000000000000 ) ) ;
#6431 = ADVANCED_FACE ( 'NONE', ( #1583 ), #3274, .F. ) ;
#6432 = ADVANCED_FACE ( 'NONE', ( #2722 ), #2613, .F. ) ;
#6433 = EDGE_CURVE ( 'NONE', #2165, #6044, #3241, .T. ) ;
#6434 = CARTESIAN_POINT ( 'NONE',  ( 10.00000000000000000, -3.069999999999999840, -1000.000000000000000 ) ) ;
#6435 = EDGE_LOOP ( 'NONE', ( #6992, #5417, #1720, #5296 ) ) ;
#6436 = DIRECTION ( 'NONE',  ( 0.0000000000000000000, 0.0000000000000000000, 1.000000000000000000 ) ) ;
#6437 = EDGE_LOOP ( 'NONE', ( #5943, #5861, #2481, #4836 ) ) ;
#6438 = VECTOR ( 'NONE', #4415, 1000.000000000000000 ) ;
#6439 = DIRECTION ( 'NONE',  ( 0.0000000000000000000, 1.000000000000000000, 0.0000000000000000000 ) ) ;
#6440 = CARTESIAN_POINT ( 'NONE',  ( 8.849999999999996092, -6.100000000000001421, 0.0000000000000000000 ) ) ;
#6441 = CARTESIAN_POINT ( 'NONE',  ( 0.0000000000000000000, 0.0000000000000000000, -1000.000000000000000 ) ) ;
#6442 = CARTESIAN_POINT ( 'NONE',  ( -8.450000000000002842, -4.949999999999996625, -1000.000000000000000 ) ) ;
#6443 = CYLINDRICAL_SURFACE ( 'NONE', #1394, 0.2500000000000002220 ) ;
#6444 = DIRECTION ( 'NONE',  ( -0.0000000000000000000, -0.0000000000000000000, -1.000000000000000000 ) ) ;
#6445 = AXIS2_PLACEMENT_3D ( 'NONE', #1107, #2258, #3904 ) ;
#6446 = CARTESIAN_POINT ( 'NONE',  ( 0.3999999999999993006, -3.499999999999999556, -1000.447213595499761 ) ) ;
#6447 = ORIENTED_EDGE ( 'NONE', *, *, #3270, .F. ) ;
#6448 = VERTEX_POINT ( 'NONE', #2061 ) ;
#6449 = ORIENTED_EDGE ( 'NONE', *, *, #5450, .F. ) ;
#6450 = AXIS2_PLACEMENT_3D ( 'NONE', #4087, #243, #1293 ) ;
#6451 = LINE ( 'NONE', #3030, #1316 ) ;
#6452 = DIRECTION ( 'NONE',  ( 0.0000000000000000000, 0.0000000000000000000, 1.000000000000000000 ) ) ;
#6453 = CIRCLE ( 'NONE', #5982, 0.2500000000000002220 ) ;
#6454 = CIRCLE ( 'NONE', #3284, 0.2500000000000002220 ) ;
#6455 = ORIENTED_EDGE ( 'NONE', *, *, #5896, .T. ) ;
#6456 = DIRECTION ( 'NONE',  ( 0.0000000000000000000, 0.0000000000000000000, 1.000000000000000000 ) ) ;
#6457 = ORIENTED_EDGE ( 'NONE', *, *, #2586, .T. ) ;
#6458 = CIRCLE ( 'NONE', #1406, 0.2500000000000002220 ) ;
#6459 = CARTESIAN_POINT ( 'NONE',  ( 10.00000000000000000, 3.699999999999996625, 0.0000000000000000000 ) ) ;
#6460 = FACE_OUTER_BOUND ( 'NONE', #1591, .T. ) ;
#6461 = VERTEX_POINT ( 'NONE', #5521 ) ;
#6462 = CARTESIAN_POINT ( 'NONE',  ( 6.462741699796951345, -4.200000000000000178, 0.0000000000000000000 ) ) ;
#6463 = ORIENTED_EDGE ( 'NONE', *, *, #1648, .T. ) ;
#6464 = LINE ( 'NONE', #1976, #249 ) ;
#6465 = CARTESIAN_POINT ( 'NONE',  ( 5.200000000000001954, 6.048528137423857309, 0.0000000000000000000 ) ) ;
#6466 = ORIENTED_EDGE ( 'NONE', *, *, #6788, .F. ) ;
#6467 = PLANE ( 'NONE',  #667 ) ;
#6468 = EDGE_CURVE ( 'NONE', #5099, #1214, #1951, .T. ) ;
#6469 = EDGE_CURVE ( 'NONE', #2834, #7136, #1506, .T. ) ;
#6470 = CARTESIAN_POINT ( 'NONE',  ( -3.281520625377542633, -1.217219119641867797, 0.0000000000000000000 ) ) ;
#6471 = EDGE_CURVE ( 'NONE', #4064, #6396, #3203, .T. ) ;
#6472 = CARTESIAN_POINT ( 'NONE',  ( -8.500000000000001776, -8.499999999999996447, 0.0000000000000000000 ) ) ;
#6473 = FACE_BOUND ( 'NONE', #5153, .T. ) ;
#6474 = CARTESIAN_POINT ( 'NONE',  ( -4.907106781186550748, -5.755634918610403439, -1000.000000000000000 ) ) ;
#6475 = DIRECTION ( 'NONE',  ( -0.7808688094430303872, -0.6246950475544241765, 0.0000000000000000000 ) ) ;
#6476 = LINE ( 'NONE', #2100, #6620 ) ;
#6477 = DIRECTION ( 'NONE',  ( -1.000000000000000000, 0.0000000000000000000, 0.0000000000000000000 ) ) ;
#6478 = DIRECTION ( 'NONE',  ( 0.0000000000000000000, 0.0000000000000000000, 1.000000000000000000 ) ) ;
#6479 = ORIENTED_EDGE ( 'NONE', *, *, #4284, .T. ) ;
#6480 = VERTEX_POINT ( 'NONE', #388 ) ;
#6481 = VERTEX_POINT ( 'NONE', #2644 ) ;
#6482 = DIRECTION ( 'NONE',  ( 1.000000000000000000, -4.336808689942017736E-16, 0.0000000000000000000 ) ) ;
#6483 = FACE_OUTER_BOUND ( 'NONE', #962, .T. ) ;
#6484 = DIRECTION ( 'NONE',  ( 0.0000000000000000000, -1.000000000000000000, 0.0000000000000000000 ) ) ;
#6485 = ORIENTED_EDGE ( 'NONE', *, *, #1625, .F. ) ;
#6486 = CARTESIAN_POINT ( 'NONE',  ( 0.4000000000000004663, 3.499999999999999556, 0.0000000000000000000 ) ) ;
#6487 = EDGE_LOOP ( 'NONE', ( #5560, #640, #5753, #532, #5490, #6655, #3817, #600 ) ) ;
#6488 = VECTOR ( 'NONE', #3561, 1000.000000000000000 ) ;
#6489 = ADVANCED_FACE ( 'NONE', ( #4409 ), #4892, .T. ) ;
#6490 = VECTOR ( 'NONE', #6549, 1000.000000000000000 ) ;
#6491 = VECTOR ( 'NONE', #749, 1000.000000000000000 ) ;
#6492 = DIRECTION ( 'NONE',  ( 1.000000000000000000, 0.0000000000000000000, 0.0000000000000000000 ) ) ;
#6493 = DIRECTION ( 'NONE',  ( 0.0000000000000000000, 0.0000000000000000000, 1.000000000000000000 ) ) ;
#6494 = ORIENTED_EDGE ( 'NONE', *, *, #4358, .F. ) ;
#6495 = ORIENTED_EDGE ( 'NONE', *, *, #1942, .F. ) ;
#6496 = CARTESIAN_POINT ( 'NONE',  ( -3.499999999999999556, 0.3999999999999992450, -1000.447213595499761 ) ) ;
#6497 = CARTESIAN_POINT ( 'NONE',  ( 3.069999999999998508, -8.000000000000005329, -1000.000000000000000 ) ) ;
#6498 = AXIS2_PLACEMENT_3D ( 'NONE', #4569, #5714, #7299 ) ;
#6499 = PLANE ( 'NONE',  #6298 ) ;
#6500 = EDGE_LOOP ( 'NONE', ( #4647, #6719, #4356, #2839 ) ) ;
#6501 = FACE_OUTER_BOUND ( 'NONE', #552, .T. ) ;
#6502 = ADVANCED_FACE ( 'NONE', ( #1241 ), #6217, .F. ) ;
#6503 = PLANE ( 'NONE',  #1906 ) ;
#6504 = LINE ( 'NONE', #4930, #3797 ) ;
#6505 = DIRECTION ( 'NONE',  ( -0.0000000000000000000, -0.0000000000000000000, -1.000000000000000000 ) ) ;
#6506 = CARTESIAN_POINT ( 'NONE',  ( -4.720156211871644913, 8.450000000000002842, -1000.000000000000000 ) ) ;
#6507 = ORIENTED_EDGE ( 'NONE', *, *, #6119, .F. ) ;
#6508 = CARTESIAN_POINT ( 'NONE',  ( 8.449999999999999289, -4.950000000000001066, -1000.000000000000000 ) ) ;
#6509 = DIRECTION ( 'NONE',  ( 0.0000000000000000000, 0.0000000000000000000, -1.000000000000000000 ) ) ;
#6510 = DIRECTION ( 'NONE',  ( 0.7808688094430299431, -0.6246950475544247317, 0.0000000000000000000 ) ) ;
#6511 = FACE_OUTER_BOUND ( 'NONE', #1110, .T. ) ;
#6512 = ORIENTED_EDGE ( 'NONE', *, *, #2166, .F. ) ;
#6513 = ORIENTED_EDGE ( 'NONE', *, *, #4868, .F. ) ;
#6514 = ORIENTED_EDGE ( 'NONE', *, *, #3888, .T. ) ;
#6515 = FACE_OUTER_BOUND ( 'NONE', #4608, .T. ) ;
#6516 = CARTESIAN_POINT ( 'NONE',  ( 3.319999999999998508, -9.150000000000003908, 0.0000000000000000000 ) ) ;
#6517 =( GEOMETRIC_REPRESENTATION_CONTEXT ( 3 ) GLOBAL_UNCERTAINTY_ASSIGNED_CONTEXT ( ( #709 ) ) GLOBAL_UNIT_ASSIGNED_CONTEXT ( ( #347, #980, #2055 ) ) REPRESENTATION_CONTEXT ( 'NONE', 'WORKASPACE' ) );
#6518 = EDGE_CURVE ( 'NONE', #2300, #5221, #1205, .T. ) ;
#6519 = CARTESIAN_POINT ( 'NONE',  ( 3.700000000000001510, 10.00000000000000000, 0.0000000000000000000 ) ) ;
#6520 = EDGE_CURVE ( 'NONE', #4001, #1088, #565, .T. ) ;
#6521 = ORIENTED_EDGE ( 'NONE', *, *, #4245, .F. ) ;
#6522 = CARTESIAN_POINT ( 'NONE',  ( -3.919843788128361428, -8.250000000000001776, -1000.000000000000000 ) ) ;
#6523 = VERTEX_POINT ( 'NONE', #1687 ) ;
#6524 = ADVANCED_FACE ( 'NONE', ( #51 ), #599, .F. ) ;
#6525 = AXIS2_PLACEMENT_3D ( 'NONE', #4223, #3058, #5922 ) ;
#6526 = ORIENTED_EDGE ( 'NONE', *, *, #343, .F. ) ;
#6527 = DIRECTION ( 'NONE',  ( 0.0000000000000000000, 0.0000000000000000000, 1.000000000000000000 ) ) ;
#6528 = DIRECTION ( 'NONE',  ( 0.0000000000000000000, 1.000000000000000000, 0.0000000000000000000 ) ) ;
#6529 = VECTOR ( 'NONE', #4537, 1000.000000000000000 ) ;
#6530 = ORIENTED_EDGE ( 'NONE', *, *, #1269, .T. ) ;
#6531 = ORIENTED_EDGE ( 'NONE', *, *, #1794, .T. ) ;
#6532 = DIRECTION ( 'NONE',  ( 0.0000000000000000000, 0.0000000000000000000, 1.000000000000000000 ) ) ;
#6533 = DIRECTION ( 'NONE',  ( 0.7071067811865475727, -0.7071067811865475727, 0.0000000000000000000 ) ) ;
#6534 = ORIENTED_EDGE ( 'NONE', *, *, #3914, .T. ) ;
#6535 = CYLINDRICAL_SURFACE ( 'NONE', #6989, 0.2500000000000002220 ) ;
#6536 = CARTESIAN_POINT ( 'NONE',  ( 0.4590169943749461412, 3.499999999999999556, 0.0000000000000000000 ) ) ;
#6537 = CARTESIAN_POINT ( 'NONE',  ( -3.700000000000003286, -9.999999999999998224, -1000.000000000000000 ) ) ;
#6538 = EDGE_CURVE ( 'NONE', #519, #4388, #3706, .T. ) ;
#6539 = LINE ( 'NONE', #3057, #4851 ) ;
#6540 = DIRECTION ( 'NONE',  ( -0.0000000000000000000, -0.0000000000000000000, 1.000000000000000000 ) ) ;
#6541 = VERTEX_POINT ( 'NONE', #123 ) ;
#6542 = CARTESIAN_POINT ( 'NONE',  ( -3.919843788128358764, 8.250000000000003553, -1000.000000000000000 ) ) ;
#6543 = DIRECTION ( 'NONE',  ( 0.4472135954999486018, -0.8944271909999205183, 0.0000000000000000000 ) ) ;
#6544 = CARTESIAN_POINT ( 'NONE',  ( -3.499999999999999556, -1.823044737829950357, 0.0000000000000000000 ) ) ;
#6545 = LINE ( 'NONE', #5452, #999 ) ;
#6546 = ORIENTED_EDGE ( 'NONE', *, *, #1663, .T. ) ;
#6547 = ORIENTED_EDGE ( 'NONE', *, *, #3377, .T. ) ;
#6548 = AXIS2_PLACEMENT_3D ( 'NONE', #7227, #4343, #507 ) ;
#6549 = DIRECTION ( 'NONE',  ( -0.0000000000000000000, -0.0000000000000000000, -1.000000000000000000 ) ) ;
#6550 = LINE ( 'NONE', #5347, #4813 ) ;
#6551 = VECTOR ( 'NONE', #6155, 1000.000000000000000 ) ;
#6552 = CARTESIAN_POINT ( 'NONE',  ( -3.299999999999999378, 1.220244900090002590E-14, -1000.447213595499761 ) ) ;
#6553 = ORIENTED_EDGE ( 'NONE', *, *, #6796, .F. ) ;
#6554 = LINE ( 'NONE', #3804, #6563 ) ;
#6555 = ORIENTED_EDGE ( 'NONE', *, *, #5563, .F. ) ;
#6556 = AXIS2_PLACEMENT_3D ( 'NONE', #979, #5329, #4217 ) ;
#6557 = EDGE_CURVE ( 'NONE', #3805, #2262, #5109, .T. ) ;
#6558 = VECTOR ( 'NONE', #4604, 1000.000000000000000 ) ;
#6559 = ORIENTED_EDGE ( 'NONE', *, *, #5093, .T. ) ;
#6560 = EDGE_CURVE ( 'NONE', #4071, #5987, #3927, .T. ) ;
#6561 = VECTOR ( 'NONE', #7049, 1000.000000000000000 ) ;
#6562 = ADVANCED_FACE ( 'NONE', ( #677 ), #87, .F. ) ;
#6563 = VECTOR ( 'NONE', #6054, 1000.000000000000000 ) ;
#6564 = LINE ( 'NONE', #4762, #7228 ) ;
#6565 = CARTESIAN_POINT ( 'NONE',  ( 3.919843788128356987, -8.250000000000005329, -1000.000000000000000 ) ) ;
#6566 = CIRCLE ( 'NONE', #4804, 0.2500000000000002220 ) ;
#6567 = EDGE_LOOP ( 'NONE', ( #1667, #237, #3528, #1905 ) ) ;
#6568 = VERTEX_POINT ( 'NONE', #4073 ) ;
#6569 = CARTESIAN_POINT ( 'NONE',  ( -6.800000000000003375, -6.099999999999996980, 0.0000000000000000000 ) ) ;
#6570 = AXIS2_PLACEMENT_3D ( 'NONE', #2277, #3671, #907 ) ;
#6571 = LINE ( 'NONE', #4994, #6968 ) ;
#6572 = VECTOR ( 'NONE', #898, 1000.000000000000000 ) ;
#6573 = VERTEX_POINT ( 'NONE', #2903 ) ;
#6574 = DIRECTION ( 'NONE',  ( 0.0000000000000000000, 0.0000000000000000000, -1.000000000000000000 ) ) ;
#6575 = DIRECTION ( 'NONE',  ( 0.0000000000000000000, -0.0000000000000000000, -1.000000000000000000 ) ) ;
#6576 = ADVANCED_FACE ( 'NONE', ( #4591 ), #3415, .T. ) ;
#6577 = LINE ( 'NONE', #557, #6383 ) ;
#6578 = VECTOR ( 'NONE', #3071, 1000.000000000000000 ) ;
#6579 = CARTESIAN_POINT ( 'NONE',  ( 0.4000000000000004663, 3.499999999999999556, -1000.447213595499761 ) ) ;
#6580 = FACE_OUTER_BOUND ( 'NONE', #204, .T. ) ;
#6581 = ORIENTED_EDGE ( 'NONE', *, *, #341, .T. ) ;
#6582 = CARTESIAN_POINT ( 'NONE',  ( -2.404163056034253287, -1.697056274847710267, 0.0000000000000000000 ) ) ;
#6583 = DIRECTION ( 'NONE',  ( 0.7071067811865477948, 0.7071067811865473507, 0.0000000000000000000 ) ) ;
#6584 = CARTESIAN_POINT ( 'NONE',  ( -3.499999999999999556, -0.4590169943749438097, -1000.000000000000000 ) ) ;
#6585 = DIRECTION ( 'NONE',  ( 0.0000000000000000000, 1.000000000000000000, 0.0000000000000000000 ) ) ;
#6586 = VERTEX_POINT ( 'NONE', #4552 ) ;
#6587 = CIRCLE ( 'NONE', #3070, 0.2500000000000000000 ) ;
#6588 = ORIENTED_EDGE ( 'NONE', *, *, #971, .T. ) ;
#6589 = DIRECTION ( 'NONE',  ( 0.0000000000000000000, 0.0000000000000000000, 1.000000000000000000 ) ) ;
#6590 = CARTESIAN_POINT ( 'NONE',  ( 8.399999999999998579, -8.400000000000002132, 0.0000000000000000000 ) ) ;
#6591 = CARTESIAN_POINT ( 'NONE',  ( -4.950000000000003730, -8.450000000000001066, 0.0000000000000000000 ) ) ;
#6592 = DIRECTION ( 'NONE',  ( -1.000000000000000000, -7.456862032281076577E-16, 0.0000000000000000000 ) ) ;
#6593 = ORIENTED_EDGE ( 'NONE', *, *, #1660, .F. ) ;
#6594 = DIRECTION ( 'NONE',  ( -1.991598500205934292E-16, -1.000000000000000000, 0.0000000000000000000 ) ) ;
#6595 = VERTEX_POINT ( 'NONE', #6797 ) ;
#6596 = ORIENTED_EDGE ( 'NONE', *, *, #3872, .F. ) ;
#6597 = ORIENTED_EDGE ( 'NONE', *, *, #1255, .T. ) ;
#6598 = DIRECTION ( 'NONE',  ( -0.0000000000000000000, 0.0000000000000000000, 1.000000000000000000 ) ) ;
#6599 = CARTESIAN_POINT ( 'NONE',  ( -5.200000000000003730, -8.700000000000001066, -1000.000000000000000 ) ) ;
#6600 = AXIS2_PLACEMENT_3D ( 'NONE', #5188, #2946, #60 ) ;
#6601 = ORIENTED_EDGE ( 'NONE', *, *, #1496, .F. ) ;
#6602 = EDGE_LOOP ( 'NONE', ( #5811, #5776, #1477, #1005 ) ) ;
#6603 = DIRECTION ( 'NONE',  ( -0.0000000000000000000, -0.0000000000000000000, -1.000000000000000000 ) ) ;
#6604 = EDGE_CURVE ( 'NONE', #1238, #4351, #1761, .T. ) ;
#6605 = CIRCLE ( 'NONE', #5551, 0.2500000000000002220 ) ;
#6606 = AXIS2_PLACEMENT_3D ( 'NONE', #4434, #2826, #4582 ) ;
#6607 = CARTESIAN_POINT ( 'NONE',  ( 3.299999999999999378, 1.048386054704548618E-14, -1000.447213595499761 ) ) ;
#6608 = VERTEX_POINT ( 'NONE', #6181 ) ;
#6609 = EDGE_CURVE ( 'NONE', #6779, #4613, #3526, .T. ) ;
#6610 = DIRECTION ( 'NONE',  ( 9.957992501029670227E-17, -1.000000000000000000, 0.0000000000000000000 ) ) ;
#6611 = ADVANCED_FACE ( 'NONE', ( #6870 ), #3960, .T. ) ;
#6612 = AXIS2_PLACEMENT_3D ( 'NONE', #6807, #5047, #5635 ) ;
#6613 = AXIS2_PLACEMENT_3D ( 'NONE', #6011, #1038, #6632 ) ;
#6614 = ADVANCED_FACE ( 'NONE', ( #530 ), #2244, .T. ) ;
#6615 = DIRECTION ( 'NONE',  ( 0.0000000000000000000, 1.000000000000000000, 0.0000000000000000000 ) ) ;
#6616 = CARTESIAN_POINT ( 'NONE',  ( 4.949999999999999289, -8.450000000000004619, 0.0000000000000000000 ) ) ;
#6617 = CARTESIAN_POINT ( 'NONE',  ( 8.000000000000003553, 3.319999999999997620, -1000.000000000000000 ) ) ;
#6618 = CARTESIAN_POINT ( 'NONE',  ( 8.250000000000003553, 3.069999999999997620, 0.0000000000000000000 ) ) ;
#6619 = LINE ( 'NONE', #6552, #492 ) ;
#6620 = VECTOR ( 'NONE', #6543, 1000.000000000000114 ) ;
#6621 = VERTEX_POINT ( 'NONE', #6758 ) ;
#6622 = CARTESIAN_POINT ( 'NONE',  ( 9.099999999999997868, -8.400000000000002132, 0.0000000000000000000 ) ) ;
#6623 = DIRECTION ( 'NONE',  ( 1.000000000000000000, 0.0000000000000000000, 0.0000000000000000000 ) ) ;
#6624 = CARTESIAN_POINT ( 'NONE',  ( -2.343943303841100168, 0.8694422283156200137, 0.0000000000000000000 ) ) ;
#6625 = DIRECTION ( 'NONE',  ( -0.0000000000000000000, -0.0000000000000000000, 1.000000000000000000 ) ) ;
#6626 = VERTEX_POINT ( 'NONE', #5069 ) ;
#6627 = ORIENTED_EDGE ( 'NONE', *, *, #659, .T. ) ;
#6628 = CIRCLE ( 'NONE', #3925, 0.2500000000000000000 ) ;
#6629 = DIRECTION ( 'NONE',  ( -1.000000000000000000, 1.991598500205934045E-16, -0.0000000000000000000 ) ) ;
#6630 = DIRECTION ( 'NONE',  ( 0.0000000000000000000, -0.0000000000000000000, -1.000000000000000000 ) ) ;
#6631 = FACE_OUTER_BOUND ( 'NONE', #336, .T. ) ;
#6632 = DIRECTION ( 'NONE',  ( 0.0000000000000000000, 0.0000000000000000000, 1.000000000000000000 ) ) ;
#6633 = VERTEX_POINT ( 'NONE', #16 ) ;
#6634 = LINE ( 'NONE', #6668, #3858 ) ;
#6635 = VERTEX_POINT ( 'NONE', #2282 ) ;
#6636 = EDGE_LOOP ( 'NONE', ( #5117, #1336, #1859, #2741 ) ) ;
#6637 = ORIENTED_EDGE ( 'NONE', *, *, #3588, .T. ) ;
#6638 = EDGE_CURVE ( 'NONE', #3347, #5361, #4515, .T. ) ;
#6639 = DIRECTION ( 'NONE',  ( 0.7071067811865477948, 0.7071067811865473507, 0.0000000000000000000 ) ) ;
#6640 = ORIENTED_EDGE ( 'NONE', *, *, #5642, .T. ) ;
#6641 = ORIENTED_EDGE ( 'NONE', *, *, #5540, .F. ) ;
#6642 = LINE ( 'NONE', #1678, #4919 ) ;
#6643 = VECTOR ( 'NONE', #5255, 1000.000000000000000 ) ;
#6644 = DIRECTION ( 'NONE',  ( -3.216245299353279611E-16, -1.000000000000000000, 0.0000000000000000000 ) ) ;
#6645 = VECTOR ( 'NONE', #2367, 1000.000000000000000 ) ;
#6646 = ORIENTED_EDGE ( 'NONE', *, *, #6935, .T. ) ;
#6647 = CARTESIAN_POINT ( 'NONE',  ( 9.099999999999997868, 6.349999999999998757, 0.0000000000000000000 ) ) ;
#6648 = CIRCLE ( 'NONE', #6884, 1.000000000000000000 ) ;
#6649 = EDGE_CURVE ( 'NONE', #1622, #5878, #1317, .T. ) ;
#6650 = LINE ( 'NONE', #493, #3781 ) ;
#6651 = ADVANCED_FACE ( 'NONE', ( #2463 ), #1910, .T. ) ;
#6652 = EDGE_CURVE ( 'NONE', #6197, #524, #199, .T. ) ;
#6653 = CARTESIAN_POINT ( 'NONE',  ( -8.000000000000001776, 3.919843788128356987, -1000.000000000000000 ) ) ;
#6654 = DIRECTION ( 'NONE',  ( 0.0000000000000000000, 0.0000000000000000000, 1.000000000000000000 ) ) ;
#6655 = ORIENTED_EDGE ( 'NONE', *, *, #1793, .T. ) ;
#6656 = ORIENTED_EDGE ( 'NONE', *, *, #673, .T. ) ;
#6657 = CYLINDRICAL_SURFACE ( 'NONE', #5401, 1.499999999999999556 ) ;
#6658 = DIRECTION ( 'NONE',  ( -0.0000000000000000000, -0.0000000000000000000, -1.000000000000000000 ) ) ;
#6659 = DIRECTION ( 'NONE',  ( -0.0000000000000000000, -0.0000000000000000000, -1.000000000000000000 ) ) ;
#6660 = CARTESIAN_POINT ( 'NONE',  ( -3.700000000000000178, 9.750000000000001776, -1000.000000000000000 ) ) ;
#6661 = ORIENTED_EDGE ( 'NONE', *, *, #5256, .F. ) ;
#6662 = EDGE_LOOP ( 'NONE', ( #2253, #5432, #5019, #5252 ) ) ;
#6663 = PLANE ( 'NONE',  #364 ) ;
#6664 = LINE ( 'NONE', #3319, #5409 ) ;
#6665 = CARTESIAN_POINT ( 'NONE',  ( 4.949999999999999289, -8.450000000000004619, -1000.000000000000000 ) ) ;
#6666 = LINE ( 'NONE', #3943, #3562 ) ;
#6667 = ORIENTED_EDGE ( 'NONE', *, *, #4681, .F. ) ;
#6668 = CARTESIAN_POINT ( 'NONE',  ( 8.700000000000001066, 4.599999999999998757, 0.0000000000000000000 ) ) ;
#6669 = EDGE_CURVE ( 'NONE', #1798, #96, #882, .T. ) ;
#6670 = ORIENTED_EDGE ( 'NONE', *, *, #702, .T. ) ;
#6671 = ORIENTED_EDGE ( 'NONE', *, *, #1211, .F. ) ;
#6672 = AXIS2_PLACEMENT_3D ( 'NONE', #4263, #5375, #430 ) ;
#6673 = DIRECTION ( 'NONE',  ( 0.0000000000000000000, 0.0000000000000000000, 1.000000000000000000 ) ) ;
#6674 = AXIS2_PLACEMENT_3D ( 'NONE', #4581, #3475, #2892 ) ;
#6675 = CARTESIAN_POINT ( 'NONE',  ( -8.700000000000002842, -4.720156211871640473, 0.0000000000000000000 ) ) ;
#6676 = ORIENTED_EDGE ( 'NONE', *, *, #1263, .F. ) ;
#6677 = EDGE_LOOP ( 'NONE', ( #3566, #3894, #157, #5786 ) ) ;
#6678 = DIRECTION ( 'NONE',  ( -0.0000000000000000000, -0.0000000000000000000, -1.000000000000000000 ) ) ;
#6679 = AXIS2_PLACEMENT_3D ( 'NONE', #1608, #553, #4957 ) ;
#6680 = AXIS2_PLACEMENT_3D ( 'NONE', #2190, #442, #2702 ) ;
#6681 = LINE ( 'NONE', #6717, #1201 ) ;
#6682 = CIRCLE ( 'NONE', #2230, 1.499999999999999556 ) ;
#6683 = AXIS2_PLACEMENT_3D ( 'NONE', #1900, #856, #4279 ) ;
#6684 = ORIENTED_EDGE ( 'NONE', *, *, #6162, .F. ) ;
#6685 = VECTOR ( 'NONE', #5448, 1000.000000000000000 ) ;
#6686 = CARTESIAN_POINT ( 'NONE',  ( -3.070000000000003393, -9.150000000000000355, 0.0000000000000000000 ) ) ;
#6687 = DIRECTION ( 'NONE',  ( -0.0000000000000000000, -0.0000000000000000000, -1.000000000000000000 ) ) ;
#6688 = ORIENTED_EDGE ( 'NONE', *, *, #5103, .F. ) ;
#6689 = EDGE_CURVE ( 'NONE', #6833, #129, #3009, .T. ) ;
#6690 = ORIENTED_EDGE ( 'NONE', *, *, #3937, .F. ) ;
#6691 = DIRECTION ( 'NONE',  ( 1.000000000000000000, -3.216245299353279611E-16, 0.0000000000000000000 ) ) ;
#6692 = DIRECTION ( 'NONE',  ( 0.0000000000000000000, 0.0000000000000000000, 1.000000000000000000 ) ) ;
#6693 = DIRECTION ( 'NONE',  ( -0.7071067811865475727, -0.7071067811865475727, 0.0000000000000000000 ) ) ;
#6694 = DIRECTION ( 'NONE',  ( -0.0000000000000000000, -0.0000000000000000000, -1.000000000000000000 ) ) ;
#6695 = EDGE_CURVE ( 'NONE', #1416, #5220, #3565, .T. ) ;
#6696 = ORIENTED_EDGE ( 'NONE', *, *, #5334, .F. ) ;
#6697 = VERTEX_POINT ( 'NONE', #5364 ) ;
#6698 = EDGE_CURVE ( 'NONE', #4056, #5834, #3665, .T. ) ;
#6699 = VECTOR ( 'NONE', #1520, 1000.000000000000000 ) ;
#6700 = DIRECTION ( 'NONE',  ( 0.0000000000000000000, 0.0000000000000000000, 1.000000000000000000 ) ) ;
#6701 = DIRECTION ( 'NONE',  ( 1.000000000000000000, -3.727855278190355210E-16, 0.0000000000000000000 ) ) ;
#6702 = CARTESIAN_POINT ( 'NONE',  ( -2.651471862576143756, -3.499999999999998668, -1000.000000000000000 ) ) ;
#6703 = CARTESIAN_POINT ( 'NONE',  ( 2.343943303841099723, -0.8694422283156204578, -1000.000000000000000 ) ) ;
#6704 = DIRECTION ( 'NONE',  ( 0.0000000000000000000, 0.0000000000000000000, 1.000000000000000000 ) ) ;
#6705 = ORIENTED_EDGE ( 'NONE', *, *, #3682, .F. ) ;
#6706 = DIRECTION ( 'NONE',  ( 1.000000000000000000, 0.0000000000000000000, 0.0000000000000000000 ) ) ;
#6707 = EDGE_LOOP ( 'NONE', ( #7284, #155, #1145, #518 ) ) ;
#6708 = VERTEX_POINT ( 'NONE', #753 ) ;
#6709 = EDGE_CURVE ( 'NONE', #3870, #6234, #2425, .T. ) ;
#6710 = EDGE_CURVE ( 'NONE', #305, #6149, #2780, .T. ) ;
#6711 = DIRECTION ( 'NONE',  ( -2.220446049250312588E-16, -1.000000000000000000, 0.0000000000000000000 ) ) ;
#6712 = LINE ( 'NONE', #6675, #6529 ) ;
#6713 = VERTEX_POINT ( 'NONE', #6909 ) ;
#6714 = VERTEX_POINT ( 'NONE', #4113 ) ;
#6715 = FACE_OUTER_BOUND ( 'NONE', #5649, .T. ) ;
#6716 = EDGE_CURVE ( 'NONE', #5164, #5536, #4771, .T. ) ;
#6717 = CARTESIAN_POINT ( 'NONE',  ( 8.499999999999996447, -10.00000000000000178, -1000.000000000000000 ) ) ;
#6718 = VECTOR ( 'NONE', #1987, 1000.000000000000000 ) ;
#6719 = ORIENTED_EDGE ( 'NONE', *, *, #760, .T. ) ;
#6720 = VECTOR ( 'NONE', #3318, 1000.000000000000000 ) ;
#6721 = AXIS2_PLACEMENT_3D ( 'NONE', #2315, #1165, #5731 ) ;
#6722 = DIRECTION ( 'NONE',  ( 2.853109251957608889E-15, -1.000000000000000000, 0.0000000000000000000 ) ) ;
#6723 = VECTOR ( 'NONE', #4291, 1000.000000000000000 ) ;
#6724 = DIRECTION ( 'NONE',  ( -3.216245299353279611E-16, -1.000000000000000000, 0.0000000000000000000 ) ) ;
#6725 = EDGE_LOOP ( 'NONE', ( #7246, #2747, #3835, #1545 ) ) ;
#6726 = ORIENTED_EDGE ( 'NONE', *, *, #4305, .F. ) ;
#6727 = EDGE_CURVE ( 'NONE', #4165, #524, #4151, .T. ) ;
#6728 = DIRECTION ( 'NONE',  ( 0.0000000000000000000, 1.000000000000000000, 0.0000000000000000000 ) ) ;
#6729 = CARTESIAN_POINT ( 'NONE',  ( 4.200000000000000178, -6.462741699796954009, -1000.000000000000000 ) ) ;
#6730 = DIRECTION ( 'NONE',  ( -0.0000000000000000000, -0.0000000000000000000, -1.000000000000000000 ) ) ;
#6731 = VERTEX_POINT ( 'NONE', #4703 ) ;
#6732 = ORIENTED_EDGE ( 'NONE', *, *, #2080, .F. ) ;
#6733 = DIRECTION ( 'NONE',  ( 1.000000000000000000, 0.0000000000000000000, 0.0000000000000000000 ) ) ;
#6734 = LINE ( 'NONE', #3938, #131 ) ;
#6735 = VECTOR ( 'NONE', #6592, 1000.000000000000000 ) ;
#6736 = CARTESIAN_POINT ( 'NONE',  ( 0.8694422283156201248, -2.343943303841100612, -1000.000000000000000 ) ) ;
#6737 = CARTESIAN_POINT ( 'NONE',  ( 8.499999999999996447, -8.500000000000001776, 0.0000000000000000000 ) ) ;
#6738 = CARTESIAN_POINT ( 'NONE',  ( 8.450000000000001066, 5.199999999999999289, -1000.000000000000000 ) ) ;
#6739 = DIRECTION ( 'NONE',  ( 0.0000000000000000000, 0.0000000000000000000, -1.000000000000000000 ) ) ;
#6740 = DIRECTION ( 'NONE',  ( -0.7808688094430301652, -0.6246950475544243986, 0.0000000000000000000 ) ) ;
#6741 = ORIENTED_EDGE ( 'NONE', *, *, #4258, .T. ) ;
#6742 = ORIENTED_EDGE ( 'NONE', *, *, #7061, .F. ) ;
#6743 = ADVANCED_FACE ( 'NONE', ( #6362 ), #6499, .T. ) ;
#6744 = CARTESIAN_POINT ( 'NONE',  ( 3.919843788128356987, -8.250000000000005329, 0.0000000000000000000 ) ) ;
#6745 = ADVANCED_FACE ( 'NONE', ( #6403 ), #1463, .T. ) ;
#6746 = VECTOR ( 'NONE', #4518, 1000.000000000000000 ) ;
#6747 = DIRECTION ( 'NONE',  ( 0.0000000000000000000, 0.0000000000000000000, -1.000000000000000000 ) ) ;
#6748 = ORIENTED_EDGE ( 'NONE', *, *, #4312, .F. ) ;
#6749 = CARTESIAN_POINT ( 'NONE',  ( -3.499999999999999112, 2.651471862576141536, -1000.000000000000000 ) ) ;
#6750 = EDGE_CURVE ( 'NONE', #1935, #3777, #3947, .T. ) ;
#6751 = CIRCLE ( 'NONE', #992, 0.2500000000000002220 ) ;
#6752 = DIRECTION ( 'NONE',  ( 0.7808688094430302762, 0.6246950475544242876, 0.0000000000000000000 ) ) ;
#6753 = CARTESIAN_POINT ( 'NONE',  ( -9.100000000000008527, -9.099999999999997868, -1000.000000000000000 ) ) ;
#6754 = AXIS2_PLACEMENT_3D ( 'NONE', #5476, #4926, #4288 ) ;
#6755 = ORIENTED_EDGE ( 'NONE', *, *, #7110, .T. ) ;
#6756 = FACE_OUTER_BOUND ( 'NONE', #3352, .T. ) ;
#6757 = VECTOR ( 'NONE', #211, 1000.000000000000000 ) ;
#6758 = CARTESIAN_POINT ( 'NONE',  ( 3.319999999999998508, -8.000000000000005329, -1000.000000000000000 ) ) ;
#6759 = ORIENTED_EDGE ( 'NONE', *, *, #1491, .F. ) ;
#6760 = ORIENTED_EDGE ( 'NONE', *, *, #2486, .T. ) ;
#6761 = CYLINDRICAL_SURFACE ( 'NONE', #744, 0.2500000000000002220 ) ;
#6762 = AXIS2_PLACEMENT_3D ( 'NONE', #4430, #1675, #1151 ) ;
#6763 = FACE_OUTER_BOUND ( 'NONE', #4970, .T. ) ;
#6764 = DIRECTION ( 'NONE',  ( 0.0000000000000000000, 0.0000000000000000000, 1.000000000000000000 ) ) ;
#6765 = ORIENTED_EDGE ( 'NONE', *, *, #983, .T. ) ;
#6766 = VERTEX_POINT ( 'NONE', #1389 ) ;
#6767 = FACE_OUTER_BOUND ( 'NONE', #2795, .T. ) ;
#6768 = ADVANCED_FACE ( 'NONE', ( #3082 ), #5327, .F. ) ;
#6769 = LINE ( 'NONE', #6809, #724 ) ;
#6770 = LINE ( 'NONE', #5120, #377 ) ;
#6771 = DIRECTION ( 'NONE',  ( -0.0000000000000000000, -0.0000000000000000000, -1.000000000000000000 ) ) ;
#6772 = CARTESIAN_POINT ( 'NONE',  ( 1.823044737829952799, 3.499999999999999112, -1000.000000000000000 ) ) ;
#6773 = CYLINDRICAL_SURFACE ( 'NONE', #2511, 1.000000000000000000 ) ;
#6774 = CYLINDRICAL_SURFACE ( 'NONE', #5868, 1.000000000000000000 ) ;
#6775 = ORIENTED_EDGE ( 'NONE', *, *, #342, .T. ) ;
#6776 = VERTEX_POINT ( 'NONE', #5219 ) ;
#6777 = DIRECTION ( 'NONE',  ( 1.000000000000000000, -3.216245299353279611E-16, 0.0000000000000000000 ) ) ;
#6778 = CARTESIAN_POINT ( 'NONE',  ( 8.450000000000001066, 4.720156211871642249, 0.0000000000000000000 ) ) ;
#6779 = VERTEX_POINT ( 'NONE', #7020 ) ;
#6780 = DIRECTION ( 'NONE',  ( -0.7808688094430302762, 0.6246950475544243986, 0.0000000000000000000 ) ) ;
#6781 = CARTESIAN_POINT ( 'NONE',  ( -3.700000000000000178, 10.00000000000000000, 0.0000000000000000000 ) ) ;
#6782 = EDGE_CURVE ( 'NONE', #5908, #3946, #4215, .T. ) ;
#6783 = EDGE_CURVE ( 'NONE', #6595, #2081, #6712, .T. ) ;
#6784 = EDGE_CURVE ( 'NONE', #4148, #3771, #765, .T. ) ;
#6785 = FACE_OUTER_BOUND ( 'NONE', #6950, .T. ) ;
#6786 = VECTOR ( 'NONE', #5870, 1000.000000000000000 ) ;
#6787 = LINE ( 'NONE', #3444, #3747 ) ;
#6788 = EDGE_CURVE ( 'NONE', #5177, #5929, #1605, .T. ) ;
#6789 = VECTOR ( 'NONE', #3264, 1000.000000000000000 ) ;
#6790 = ORIENTED_EDGE ( 'NONE', *, *, #4166, .T. ) ;
#6791 = ORIENTED_EDGE ( 'NONE', *, *, #3953, .F. ) ;
#6792 = VECTOR ( 'NONE', #6126, 1000.000000000000000 ) ;
#6793 = LINE ( 'NONE', #1686, #5434 ) ;
#6794 = VECTOR ( 'NONE', #1783, 1000.000000000000000 ) ;
#6795 = VECTOR ( 'NONE', #2557, 1000.000000000000000 ) ;
#6796 = EDGE_CURVE ( 'NONE', #536, #3520, #5006, .T. ) ;
#6797 = CARTESIAN_POINT ( 'NONE',  ( -8.700000000000002842, -4.720156211871640473, -1000.000000000000000 ) ) ;
#6798 = ORIENTED_EDGE ( 'NONE', *, *, #4028, .T. ) ;
#6799 = ORIENTED_EDGE ( 'NONE', *, *, #1029, .T. ) ;
#6800 = DIRECTION ( 'NONE',  ( 1.000000000000000000, -3.727855278190355210E-16, -0.0000000000000000000 ) ) ;
#6801 = CIRCLE ( 'NONE', #560, 0.2500000000000002220 ) ;
#6802 = DIRECTION ( 'NONE',  ( 0.8944271909999205183, 0.4472135954999486573, 0.0000000000000000000 ) ) ;
#6803 = PLANE ( 'NONE',  #633 ) ;
#6804 = VERTEX_POINT ( 'NONE', #5402 ) ;
#6805 = ORIENTED_EDGE ( 'NONE', *, *, #631, .T. ) ;
#6806 = AXIS2_PLACEMENT_3D ( 'NONE', #4067, #6315, #2863 ) ;
#6807 = CARTESIAN_POINT ( 'NONE',  ( -4.200000000000001066, 6.462741699796953121, -1000.000000000000000 ) ) ;
#6808 = EDGE_CURVE ( 'NONE', #5665, #3067, #6648, .T. ) ;
#6809 = CARTESIAN_POINT ( 'NONE',  ( 3.320000000000000728, 8.000000000000003553, -1000.000000000000000 ) ) ;
#6810 = DIRECTION ( 'NONE',  ( -1.000000000000000000, 0.0000000000000000000, 0.0000000000000000000 ) ) ;
#6811 = DIRECTION ( 'NONE',  ( -0.0000000000000000000, -0.0000000000000000000, 1.000000000000000000 ) ) ;
#6812 = DIRECTION ( 'NONE',  ( -0.0000000000000000000, -0.0000000000000000000, -1.000000000000000000 ) ) ;
#6813 = LINE ( 'NONE', #1704, #3445 ) ;
#6814 = DIRECTION ( 'NONE',  ( -1.000000000000000000, 4.336808689942017736E-16, 0.0000000000000000000 ) ) ;
#6815 = ORIENTED_EDGE ( 'NONE', *, *, #3488, .T. ) ;
#6816 = ORIENTED_EDGE ( 'NONE', *, *, #2526, .T. ) ;
#6817 = DIRECTION ( 'NONE',  ( 1.000000000000000000, -1.224646799147345565E-16, -0.0000000000000000000 ) ) ;
#6818 = CIRCLE ( 'NONE', #937, 0.2500000000000002220 ) ;
#6819 = ORIENTED_EDGE ( 'NONE', *, *, #5301, .F. ) ;
#6820 = CARTESIAN_POINT ( 'NONE',  ( -8.400000000000000355, 8.400000000000000355, 0.0000000000000000000 ) ) ;
#6821 = CARTESIAN_POINT ( 'NONE',  ( -8.250000000000001776, 3.919843788128356987, -1000.000000000000000 ) ) ;
#6822 = CARTESIAN_POINT ( 'NONE',  ( -8.450000000000001066, 4.949999999999999289, -1000.000000000000000 ) ) ;
#6823 = DIRECTION ( 'NONE',  ( 0.0000000000000000000, 0.0000000000000000000, -1.000000000000000000 ) ) ;
#6824 = EDGE_CURVE ( 'NONE', #4683, #7180, #2304, .T. ) ;
#6825 = EDGE_LOOP ( 'NONE', ( #5718, #1657, #2371, #3514 ) ) ;
#6826 = CARTESIAN_POINT ( 'NONE',  ( 6.100000000000002309, 8.849999999999999645, -1000.000000000000000 ) ) ;
#6827 = VERTEX_POINT ( 'NONE', #2822 ) ;
#6828 = DIRECTION ( 'NONE',  ( -0.0000000000000000000, -0.0000000000000000000, -1.000000000000000000 ) ) ;
#6829 = ADVANCED_FACE ( 'NONE', ( #483 ), #4843, .T. ) ;
#6830 = EDGE_CURVE ( 'NONE', #1896, #6608, #586, .T. ) ;
#6831 = DIRECTION ( 'NONE',  ( -0.7808688094430303872, -0.6246950475544241765, 0.0000000000000000000 ) ) ;
#6832 = VERTEX_POINT ( 'NONE', #3949 ) ;
#6833 = VERTEX_POINT ( 'NONE', #2745 ) ;
#6835 = CYLINDRICAL_SURFACE ( 'NONE', #2051, 2.000000000000000000 ) ;
#6834 = CIRCLE ( 'NONE', #6019, 0.2500000000000002220 ) ;
#6836 = DIRECTION ( 'NONE',  ( 0.0000000000000000000, 0.0000000000000000000, -1.000000000000000000 ) ) ;
#6837 = CARTESIAN_POINT ( 'NONE',  ( -3.070000000000003393, -9.150000000000000355, -1000.000000000000000 ) ) ;
#6838 = ORIENTED_EDGE ( 'NONE', *, *, #440, .T. ) ;
#6839 = ORIENTED_EDGE ( 'NONE', *, *, #2246, .F. ) ;
#6840 = EDGE_CURVE ( 'NONE', #5769, #1058, #3367, .T. ) ;
#6841 = DIRECTION ( 'NONE',  ( 1.000000000000000000, 2.288475490443785424E-17, 0.0000000000000000000 ) ) ;
#6842 = VECTOR ( 'NONE', #3176, 1000.000000000000000 ) ;
#6843 = EDGE_CURVE ( 'NONE', #5270, #4442, #1080, .T. ) ;
#6844 = VECTOR ( 'NONE', #302, 1000.000000000000000 ) ;
#6845 = CARTESIAN_POINT ( 'NONE',  ( -8.000000000000001776, 3.919843788128356987, 0.0000000000000000000 ) ) ;
#6846 = CARTESIAN_POINT ( 'NONE',  ( 8.449999999999999289, -4.950000000000001066, 0.0000000000000000000 ) ) ;
#6847 = CARTESIAN_POINT ( 'NONE',  ( 5.200000000000001954, 8.700000000000002842, 0.0000000000000000000 ) ) ;
#6848 = DIRECTION ( 'NONE',  ( 4.212044549456247126E-16, 1.000000000000000000, 0.0000000000000000000 ) ) ;
#6849 = PLANE ( 'NONE',  #5573 ) ;
#6850 = FACE_OUTER_BOUND ( 'NONE', #6500, .T. ) ;
#6851 = ORIENTED_EDGE ( 'NONE', *, *, #2770, .F. ) ;
#6852 = ORIENTED_EDGE ( 'NONE', *, *, #3998, .T. ) ;
#6853 = CIRCLE ( 'NONE', #4737, 0.7000000000000000666 ) ;
#6854 = CARTESIAN_POINT ( 'NONE',  ( -9.099999999999999645, -6.349999999999996980, -1000.000000000000000 ) ) ;
#6855 = EDGE_LOOP ( 'NONE', ( #6127, #3659, #6364, #792 ) ) ;
#6856 = DIRECTION ( 'NONE',  ( -1.000000000000000000, 0.0000000000000000000, 0.0000000000000000000 ) ) ;
#6857 = CARTESIAN_POINT ( 'NONE',  ( -4.720156211871644913, 8.700000000000002842, -1000.000000000000000 ) ) ;
#6858 = VECTOR ( 'NONE', #5750, 1000.000000000000000 ) ;
#6859 = VERTEX_POINT ( 'NONE', #344 ) ;
#6860 = CARTESIAN_POINT ( 'NONE',  ( -3.319999999999999840, 8.250000000000003553, 0.0000000000000000000 ) ) ;
#6861 = VECTOR ( 'NONE', #6692, 1000.000000000000000 ) ;
#6862 = ADVANCED_FACE ( 'NONE', ( #6097 ), #4503, .F. ) ;
#6863 = LINE ( 'NONE', #2419, #5874 ) ;
#6864 = VECTOR ( 'NONE', #3508, 1000.000000000000000 ) ;
#6865 = VERTEX_POINT ( 'NONE', #4466 ) ;
#6866 = DIRECTION ( 'NONE',  ( -0.0000000000000000000, -0.0000000000000000000, -1.000000000000000000 ) ) ;
#6867 = EDGE_LOOP ( 'NONE', ( #648, #6061, #4431, #23 ) ) ;
#6868 = DIRECTION ( 'NONE',  ( -0.0000000000000000000, -0.0000000000000000000, -1.000000000000000000 ) ) ;
#6869 = VECTOR ( 'NONE', #1995, 1000.000000000000000 ) ;
#6870 = FACE_OUTER_BOUND ( 'NONE', #3143, .T. ) ;
#6871 = ORIENTED_EDGE ( 'NONE', *, *, #699, .T. ) ;
#6872 = EDGE_LOOP ( 'NONE', ( #1601, #5134, #683, #4043 ) ) ;
#6873 = DIRECTION ( 'NONE',  ( -0.0000000000000000000, -0.0000000000000000000, -1.000000000000000000 ) ) ;
#6874 = CYLINDRICAL_SURFACE ( 'NONE', #402, 2.499999999999992895 ) ;
#6875 = ADVANCED_FACE ( 'NONE', ( #5648 ), #1116, .T. ) ;
#6876 = ORIENTED_EDGE ( 'NONE', *, *, #1998, .T. ) ;
#6877 = EDGE_LOOP ( 'NONE', ( #5110, #1071, #169, #4917 ) ) ;
#6878 = VECTOR ( 'NONE', #176, 1000.000000000000000 ) ;
#6879 = EDGE_CURVE ( 'NONE', #5699, #5604, #3300, .T. ) ;
#6880 = LINE ( 'NONE', #3390, #5681 ) ;
#6881 = EDGE_CURVE ( 'NONE', #2033, #389, #294, .T. ) ;
#6882 = DIRECTION ( 'NONE',  ( 1.000000000000000000, 0.0000000000000000000, 0.0000000000000000000 ) ) ;
#6883 = PLANE ( 'NONE',  #734 ) ;
#6884 = AXIS2_PLACEMENT_3D ( 'NONE', #3332, #3915, #5541 ) ;
#6885 = CARTESIAN_POINT ( 'NONE',  ( 8.849999999999997868, 6.349999999999998757, -1000.000000000000000 ) ) ;
#6886 = CARTESIAN_POINT ( 'NONE',  ( -5.200000000000003730, -8.450000000000001066, -1000.000000000000000 ) ) ;
#6887 = CARTESIAN_POINT ( 'NONE',  ( -0.3472135954999596152, -3.473606797749979602, 0.0000000000000000000 ) ) ;
#6888 = DIRECTION ( 'NONE',  ( -0.0000000000000000000, 0.0000000000000000000, -1.000000000000000000 ) ) ;
#6889 = ORIENTED_EDGE ( 'NONE', *, *, #4643, .F. ) ;
#6890 = ORIENTED_EDGE ( 'NONE', *, *, #7107, .F. ) ;
#6891 = VECTOR ( 'NONE', #5341, 1000.000000000000000 ) ;
#6892 = DIRECTION ( 'NONE',  ( 0.0000000000000000000, -1.000000000000000000, 0.0000000000000000000 ) ) ;
#6893 = DIRECTION ( 'NONE',  ( 3.174733781892936752E-15, 1.000000000000000000, 0.0000000000000000000 ) ) ;
#6894 = EDGE_CURVE ( 'NONE', #1888, #7023, #6201, .T. ) ;
#6895 = ORIENTED_EDGE ( 'NONE', *, *, #3525, .T. ) ;
#6896 = CARTESIAN_POINT ( 'NONE',  ( -6.350000000000001421, 8.849999999999999645, -1000.000000000000000 ) ) ;
#6897 = LINE ( 'NONE', #5796, #6786 ) ;
#6898 = ORIENTED_EDGE ( 'NONE', *, *, #1579, .T. ) ;
#6899 = ADVANCED_FACE ( 'NONE', ( #550 ), #2, .T. ) ;
#6900 = DIRECTION ( 'NONE',  ( 1.000000000000000000, 0.0000000000000000000, 0.0000000000000000000 ) ) ;
#6901 = EDGE_CURVE ( 'NONE', #2957, #5177, #3848, .T. ) ;
#6902 = CARTESIAN_POINT ( 'NONE',  ( -5.200000000000001066, 8.450000000000002842, 0.0000000000000000000 ) ) ;
#6903 = ORIENTED_EDGE ( 'NONE', *, *, #3509, .F. ) ;
#6904 = CARTESIAN_POINT ( 'NONE',  ( -8.849999999999997868, 6.349999999999999645, 0.0000000000000000000 ) ) ;
#6905 = ORIENTED_EDGE ( 'NONE', *, *, #5491, .T. ) ;
#6906 = VECTOR ( 'NONE', #4973, 1000.000000000000000 ) ;
#6907 = DIRECTION ( 'NONE',  ( 4.212044549456247126E-16, 1.000000000000000000, 0.0000000000000000000 ) ) ;
#6908 = AXIS2_PLACEMENT_3D ( 'NONE', #403, #3320, #5567 ) ;
#6909 = CARTESIAN_POINT ( 'NONE',  ( -9.150000000000003908, -3.069999999999994955, 0.0000000000000000000 ) ) ;
#6910 = ORIENTED_EDGE ( 'NONE', *, *, #2983, .T. ) ;
#6911 = ORIENTED_EDGE ( 'NONE', *, *, #4042, .T. ) ;
#6912 = DIRECTION ( 'NONE',  ( -1.000000000000000000, 0.0000000000000000000, 0.0000000000000000000 ) ) ;
#6913 = ORIENTED_EDGE ( 'NONE', *, *, #2434, .F. ) ;
#6914 = ORIENTED_EDGE ( 'NONE', *, *, #4436, .F. ) ;
#6915 = VECTOR ( 'NONE', #2950, 1000.000000000000000 ) ;
#6916 = LINE ( 'NONE', #4672, #956 ) ;
#6917 = VECTOR ( 'NONE', #295, 1000.000000000000000 ) ;
#6918 = AXIS2_PLACEMENT_3D ( 'NONE', #1144, #4460, #2370 ) ;
#6919 = CARTESIAN_POINT ( 'NONE',  ( -9.750000000000003553, -3.699999999999994849, 0.0000000000000000000 ) ) ;
#6920 = EDGE_CURVE ( 'NONE', #5270, #5685, #5684, .T. ) ;
#6921 = CARTESIAN_POINT ( 'NONE',  ( -3.249999999999999556, -0.4590169943749439208, -1000.447213595499761 ) ) ;
#6922 = CIRCLE ( 'NONE', #4322, 0.2500000000000002220 ) ;
#6923 = CARTESIAN_POINT ( 'NONE',  ( 4.720156211871643137, -8.700000000000004619, 0.0000000000000000000 ) ) ;
#6924 = ADVANCED_FACE ( 'NONE', ( #1189 ), #3208, .F. ) ;
#6925 = CARTESIAN_POINT ( 'NONE',  ( 5.755634918610405215, 4.907106781186547195, 0.0000000000000000000 ) ) ;
#6926 = CARTESIAN_POINT ( 'NONE',  ( 3.700000000000001954, 9.400000000000000355, 0.0000000000000000000 ) ) ;
#6927 = VECTOR ( 'NONE', #5765, 1000.000000000000000 ) ;
#6928 = EDGE_CURVE ( 'NONE', #6713, #3620, #2783, .T. ) ;
#6929 = CARTESIAN_POINT ( 'NONE',  ( 9.749999999999998224, -3.950000000000001066, 0.0000000000000000000 ) ) ;
#6930 = EDGE_LOOP ( 'NONE', ( #4016, #3282, #6202, #559 ) ) ;
#6931 = ORIENTED_EDGE ( 'NONE', *, *, #6033, .T. ) ;
#6932 = CIRCLE ( 'NONE', #1518, 2.000000000000000000 ) ;
#6933 = DIRECTION ( 'NONE',  ( 0.0000000000000000000, 0.0000000000000000000, 1.000000000000000000 ) ) ;
#6934 = CYLINDRICAL_SURFACE ( 'NONE', #5926, 0.2500000000000002220 ) ;
#6935 = EDGE_CURVE ( 'NONE', #2796, #2152, #7035, .T. ) ;
#6936 = VERTEX_POINT ( 'NONE', #1589 ) ;
#6937 = LINE ( 'NONE', #2809, #5858 ) ;
#6938 = CARTESIAN_POINT ( 'NONE',  ( 8.699999999999999289, -4.950000000000001066, -1000.000000000000000 ) ) ;
#6939 = EDGE_LOOP ( 'NONE', ( #5542, #6982, #910, #6116 ) ) ;
#6940 = EDGE_CURVE ( 'NONE', #5024, #865, #3717, .T. ) ;
#6941 = VECTOR ( 'NONE', #7189, 1000.000000000000000 ) ;
#6942 = DIRECTION ( 'NONE',  ( 0.0000000000000000000, 1.000000000000000000, 0.0000000000000000000 ) ) ;
#6943 = VERTEX_POINT ( 'NONE', #3243 ) ;
#6944 = DIRECTION ( 'NONE',  ( -0.0000000000000000000, -0.0000000000000000000, -1.000000000000000000 ) ) ;
#6945 = EDGE_LOOP ( 'NONE', ( #2857, #192, #4316, #1390 ) ) ;
#6946 = ADVANCED_FACE ( 'NONE', ( #6511 ), #3172, .T. ) ;
#6947 = ORIENTED_EDGE ( 'NONE', *, *, #1076, .T. ) ;
#6948 = CARTESIAN_POINT ( 'NONE',  ( -8.700000000000001066, 4.599999999999999645, -1000.000000000000000 ) ) ;
#6949 = DIRECTION ( 'NONE',  ( 5.116099788370755993E-17, -1.000000000000000000, 0.0000000000000000000 ) ) ;
#6950 = EDGE_LOOP ( 'NONE', ( #2049, #1550, #1616, #657 ) ) ;
#6951 = ORIENTED_EDGE ( 'NONE', *, *, #2452, .T. ) ;
#6952 = DIRECTION ( 'NONE',  ( 0.0000000000000000000, -1.000000000000000000, 0.0000000000000000000 ) ) ;
#6953 = CARTESIAN_POINT ( 'NONE',  ( 6.100000000000002309, 6.799999999999998934, -1000.000000000000000 ) ) ;
#6954 = ORIENTED_EDGE ( 'NONE', *, *, #3191, .F. ) ;
#6955 = ORIENTED_EDGE ( 'NONE', *, *, #5033, .T. ) ;
#6956 = CARTESIAN_POINT ( 'NONE',  ( -6.100000000000003197, -6.099999999999994316, 0.0000000000000000000 ) ) ;
#6957 = CARTESIAN_POINT ( 'NONE',  ( 3.249999999999999556, 0.4590169943749445314, -1000.000000000000000 ) ) ;
#6958 = EDGE_CURVE ( 'NONE', #5384, #2834, #837, .T. ) ;
#6959 = CIRCLE ( 'NONE', #6136, 0.2500000000000002220 ) ;
#6960 = LINE ( 'NONE', #3643, #5562 ) ;
#6961 = CYLINDRICAL_SURFACE ( 'NONE', #3358, 0.2500000000000002220 ) ;
#6962 = DIRECTION ( 'NONE',  ( 0.0000000000000000000, 0.0000000000000000000, 1.000000000000000000 ) ) ;
#6963 = CARTESIAN_POINT ( 'NONE',  ( 1.823044737829951689, -3.499999999999999556, 0.0000000000000000000 ) ) ;
#6964 = DIRECTION ( 'NONE',  ( 1.000000000000000000, -3.075153856882639803E-15, 0.0000000000000000000 ) ) ;
#6965 = EDGE_LOOP ( 'NONE', ( #2614, #4325, #333, #7233 ) ) ;
#6966 = ORIENTED_EDGE ( 'NONE', *, *, #4424, .F. ) ;
#6967 = VECTOR ( 'NONE', #1375, 1000.000000000000000 ) ;
#6968 = VECTOR ( 'NONE', #7277, 1000.000000000000000 ) ;
#6969 = DIRECTION ( 'NONE',  ( 0.0000000000000000000, 0.0000000000000000000, 1.000000000000000000 ) ) ;
#6970 = CARTESIAN_POINT ( 'NONE',  ( 3.919843788128359652, 8.250000000000003553, 0.0000000000000000000 ) ) ;
#6971 = VECTOR ( 'NONE', #2435, 1000.000000000000000 ) ;
#6972 = VECTOR ( 'NONE', #4256, 1000.000000000000000 ) ;
#6973 = VERTEX_POINT ( 'NONE', #2651 ) ;
#6974 = CARTESIAN_POINT ( 'NONE',  ( -6.462741699796953121, 5.200000000000000178, 0.0000000000000000000 ) ) ;
#6975 = EDGE_LOOP ( 'NONE', ( #1471, #47, #5023, #1021 ) ) ;
#6976 = VECTOR ( 'NONE', #768, 1000.000000000000000 ) ;
#6977 = EDGE_CURVE ( 'NONE', #4351, #4350, #2689, .T. ) ;
#6978 = EDGE_CURVE ( 'NONE', #6448, #4725, #3793, .T. ) ;
#6979 = FACE_OUTER_BOUND ( 'NONE', #3794, .T. ) ;
#6980 = CIRCLE ( 'NONE', #4987, 0.2500000000000002220 ) ;
#6981 = EDGE_CURVE ( 'NONE', #741, #3541, #7141, .T. ) ;
#6982 = ORIENTED_EDGE ( 'NONE', *, *, #6389, .T. ) ;
#6983 = FACE_BOUND ( 'NONE', #3649, .T. ) ;
#6984 = ORIENTED_EDGE ( 'NONE', *, *, #6709, .F. ) ;
#6985 = VECTOR ( 'NONE', #4594, 1000.000000000000000 ) ;
#6986 = CARTESIAN_POINT ( 'NONE',  ( -2.651471862576142424, 3.499999999999999556, -1000.000000000000000 ) ) ;
#6987 = CARTESIAN_POINT ( 'NONE',  ( 8.250000000000003553, 3.319999999999997620, -1000.000000000000000 ) ) ;
#6988 = ORIENTED_EDGE ( 'NONE', *, *, #1980, .T. ) ;
#6989 = AXIS2_PLACEMENT_3D ( 'NONE', #7131, #1501, #5438 ) ;
#6990 = CARTESIAN_POINT ( 'NONE',  ( -3.500000000000000000, -2.651471862576140204, -1000.000000000000000 ) ) ;
#6991 = DIRECTION ( 'NONE',  ( -0.0000000000000000000, -0.0000000000000000000, 1.000000000000000000 ) ) ;
#6992 = ORIENTED_EDGE ( 'NONE', *, *, #5587, .T. ) ;
#6993 = ORIENTED_EDGE ( 'NONE', *, *, #162, .F. ) ;
#6994 = CARTESIAN_POINT ( 'NONE',  ( 6.799999999999999822, -6.800000000000001599, -1000.000000000000000 ) ) ;
#6995 = LINE ( 'NONE', #3642, #6028 ) ;
#6996 = DIRECTION ( 'NONE',  ( 0.0000000000000000000, 1.000000000000000000, 0.0000000000000000000 ) ) ;
#6997 = FACE_OUTER_BOUND ( 'NONE', #1560, .T. ) ;
#6998 = DIRECTION ( 'NONE',  ( 1.000000000000000000, -4.336808689942017736E-16, 0.0000000000000000000 ) ) ;
#6999 = DIRECTION ( 'NONE',  ( -1.000000000000000000, -2.220446049250312834E-16, 0.0000000000000000000 ) ) ;
#7000 = CIRCLE ( 'NONE', #4881, 2.499999999999992895 ) ;
#7001 = DIRECTION ( 'NONE',  ( 0.0000000000000000000, -0.0000000000000000000, -1.000000000000000000 ) ) ;
#7002 = ORIENTED_EDGE ( 'NONE', *, *, #3914, .F. ) ;
#7003 = ORIENTED_EDGE ( 'NONE', *, *, #2056, .T. ) ;
#7004 = AXIS2_PLACEMENT_3D ( 'NONE', #4676, #766, #1470 ) ;
#7005 = PLANE ( 'NONE',  #3553 ) ;
#7006 = DIRECTION ( 'NONE',  ( -0.0000000000000000000, -0.0000000000000000000, -1.000000000000000000 ) ) ;
#7007 = ORIENTED_EDGE ( 'NONE', *, *, #3246, .F. ) ;
#7008 = CARTESIAN_POINT ( 'NONE',  ( -10.00000000000000888, -9.999999999999996447, -1000.000000000000000 ) ) ;
#7009 = ORIENTED_EDGE ( 'NONE', *, *, #3345, .T. ) ;
#7010 = AXIS2_PLACEMENT_3D ( 'NONE', #3404, #6747, #2856 ) ;
#7011 = CARTESIAN_POINT ( 'NONE',  ( 8.250000000000001776, 3.919843788128356099, -1000.000000000000000 ) ) ;
#7012 = DIRECTION ( 'NONE',  ( 0.0000000000000000000, -1.000000000000000000, 0.0000000000000000000 ) ) ;
#7013 = EDGE_CURVE ( 'NONE', #1486, #3157, #3234, .T. ) ;
#7014 = ORIENTED_EDGE ( 'NONE', *, *, #7242, .F. ) ;
#7015 = DIRECTION ( 'NONE',  ( -0.0000000000000000000, -0.0000000000000000000, -1.000000000000000000 ) ) ;
#7016 = EDGE_CURVE ( 'NONE', #5632, #3728, #284, .T. ) ;
#7017 = VERTEX_POINT ( 'NONE', #6043 ) ;
#7018 = EDGE_CURVE ( 'NONE', #6260, #5070, #2027, .T. ) ;
#7019 = CARTESIAN_POINT ( 'NONE',  ( 8.000000000000001776, 3.919843788128356099, -1000.000000000000000 ) ) ;
#7020 = CARTESIAN_POINT ( 'NONE',  ( -9.949997303517944196E-15, 3.299999999999999378, -1000.000000000000000 ) ) ;
#7021 = ORIENTED_EDGE ( 'NONE', *, *, #5715, .T. ) ;
#7022 = FACE_OUTER_BOUND ( 'NONE', #2202, .T. ) ;
#7023 = VERTEX_POINT ( 'NONE', #2547 ) ;
#7024 = AXIS2_PLACEMENT_3D ( 'NONE', #2907, #1097, #6147 ) ;
#7025 = DIRECTION ( 'NONE',  ( 0.0000000000000000000, 0.0000000000000000000, 1.000000000000000000 ) ) ;
#7026 = EDGE_CURVE ( 'NONE', #2241, #5018, #4338, .T. ) ;
#7027 = DIRECTION ( 'NONE',  ( -0.0000000000000000000, -0.0000000000000000000, -1.000000000000000000 ) ) ;
#7028 = VECTOR ( 'NONE', #4774, 1000.000000000000000 ) ;
#7029 = CARTESIAN_POINT ( 'NONE',  ( 9.999999999999996447, -10.00000000000000533, 0.0000000000000000000 ) ) ;
#7030 = DIRECTION ( 'NONE',  ( 2.220446049250312588E-16, 1.000000000000000000, -0.0000000000000000000 ) ) ;
#7031 = DIRECTION ( 'NONE',  ( -0.0000000000000000000, -0.0000000000000000000, 1.000000000000000000 ) ) ;
#7032 = LINE ( 'NONE', #2545, #611 ) ;
#7033 = VECTOR ( 'NONE', #2272, 1000.000000000000000 ) ;
#7034 = CARTESIAN_POINT ( 'NONE',  ( 5.200000000000001954, 8.000000000000003553, -1000.000000000000000 ) ) ;
#7035 = LINE ( 'NONE', #394, #6891 ) ;
#7036 = ORIENTED_EDGE ( 'NONE', *, *, #2044, .T. ) ;
#7037 = ORIENTED_EDGE ( 'NONE', *, *, #4401, .T. ) ;
#7038 = EDGE_CURVE ( 'NONE', #4135, #4878, #4783, .T. ) ;
#7039 = VERTEX_POINT ( 'NONE', #4860 ) ;
#7040 = VECTOR ( 'NONE', #137, 1000.000000000000000 ) ;
#7041 = DIRECTION ( 'NONE',  ( -9.448460532487010622E-16, 1.000000000000000000, 0.0000000000000000000 ) ) ;
#7042 = CARTESIAN_POINT ( 'NONE',  ( -10.00000000000000178, 3.069999999999998064, -1000.000000000000000 ) ) ;
#7043 = AXIS2_PLACEMENT_3D ( 'NONE', #1970, #2528, #2596 ) ;
#7044 = DIRECTION ( 'NONE',  ( 0.0000000000000000000, 0.0000000000000000000, 1.000000000000000000 ) ) ;
#7045 = ORIENTED_EDGE ( 'NONE', *, *, #440, .F. ) ;
#7046 = CARTESIAN_POINT ( 'NONE',  ( 6.462741699796951345, -5.200000000000001066, -1000.000000000000000 ) ) ;
#7047 = ORIENTED_EDGE ( 'NONE', *, *, #549, .T. ) ;
#7048 = AXIS2_PLACEMENT_3D ( 'NONE', #2899, #2382, #1237 ) ;
#7049 = DIRECTION ( 'NONE',  ( -1.000000000000000000, -0.0000000000000000000, -0.0000000000000000000 ) ) ;
#7050 = CARTESIAN_POINT ( 'NONE',  ( 8.849999999999996092, -6.350000000000001421, -1000.000000000000000 ) ) ;
#7051 = ADVANCED_FACE ( 'NONE', ( #1476 ), #5928, .F. ) ;
#7052 = ORIENTED_EDGE ( 'NONE', *, *, #2389, .F. ) ;
#7053 = DIRECTION ( 'NONE',  ( -0.7071067811865473507, 0.7071067811865476838, 0.0000000000000000000 ) ) ;
#7054 = VECTOR ( 'NONE', #6817, 1000.000000000000000 ) ;
#7055 = PLANE ( 'NONE',  #4140 ) ;
#7056 = DIRECTION ( 'NONE',  ( 0.0000000000000000000, 0.0000000000000000000, 1.000000000000000000 ) ) ;
#7057 = EDGE_LOOP ( 'NONE', ( #7225, #1023, #7157, #6742 ) ) ;
#7058 = DIRECTION ( 'NONE',  ( 0.0000000000000000000, 0.0000000000000000000, 1.000000000000000000 ) ) ;
#7059 = CARTESIAN_POINT ( 'NONE',  ( -3.700000000000003730, -9.399999999999998579, -1000.000000000000000 ) ) ;
#7060 = EDGE_CURVE ( 'NONE', #3753, #700, #3133, .T. ) ;
#7061 = EDGE_CURVE ( 'NONE', #3301, #4683, #356, .T. ) ;
#7062 = LINE ( 'NONE', #2575, #1521 ) ;
#7063 = FACE_BOUND ( 'NONE', #1039, .T. ) ;
#7064 = LINE ( 'NONE', #424, #5121 ) ;
#7065 = ORIENTED_EDGE ( 'NONE', *, *, #6248, .F. ) ;
#7066 = DIRECTION ( 'NONE',  ( 1.224646799147345565E-16, 1.000000000000000000, 0.0000000000000000000 ) ) ;
#7067 = DIRECTION ( 'NONE',  ( 1.000000000000000000, 0.0000000000000000000, 0.0000000000000000000 ) ) ;
#7068 = EDGE_CURVE ( 'NONE', #2824, #468, #6545, .T. ) ;
#7069 = PLANE ( 'NONE',  #428 ) ;
#7070 = CARTESIAN_POINT ( 'NONE',  ( -10.00000000000000355, -3.069999999999994955, -1000.000000000000000 ) ) ;
#7071 = EDGE_LOOP ( 'NONE', ( #4547, #3184, #2851, #6368 ) ) ;
#7072 = EDGE_LOOP ( 'NONE', ( #181, #1136, #6671, #5660 ) ) ;
#7073 = VERTEX_POINT ( 'NONE', #2728 ) ;
#7074 = AXIS2_PLACEMENT_3D ( 'NONE', #2539, #4157, #5297 ) ;
#7075 = DIRECTION ( 'NONE',  ( -0.8944271909999202963, 0.4472135954999488794, 0.0000000000000000000 ) ) ;
#7076 = DIRECTION ( 'NONE',  ( 9.957992501029670227E-17, 1.000000000000000000, 0.0000000000000000000 ) ) ;
#7077 = CARTESIAN_POINT ( 'NONE',  ( -0.4590169943749467518, -3.499999999999999556, -1000.000000000000000 ) ) ;
#7078 = ORIENTED_EDGE ( 'NONE', *, *, #2348, .T. ) ;
#7079 = DIRECTION ( 'NONE',  ( 0.7808688094430301652, -0.6246950475544245096, 0.0000000000000000000 ) ) ;
#7080 = ADVANCED_FACE ( 'NONE', ( #467 ), #6803, .T. ) ;
#7081 = ORIENTED_EDGE ( 'NONE', *, *, #3687, .T. ) ;
#7082 = AXIS2_PLACEMENT_3D ( 'NONE', #2461, #4702, #1355 ) ;
#7083 = VERTEX_POINT ( 'NONE', #4974 ) ;
#7084 = CIRCLE ( 'NONE', #1789, 0.2499999999999997780 ) ;
#7085 = AXIS2_PLACEMENT_3D ( 'NONE', #2345, #630, #3305 ) ;
#7086 = DIRECTION ( 'NONE',  ( 1.000000000000000000, 0.0000000000000000000, 0.0000000000000000000 ) ) ;
#7087 = FACE_OUTER_BOUND ( 'NONE', #2553, .T. ) ;
#7088 = ORIENTED_EDGE ( 'NONE', *, *, #4684, .T. ) ;
#7089 = ORIENTED_EDGE ( 'NONE', *, *, #6390, .T. ) ;
#7090 = FACE_OUTER_BOUND ( 'NONE', #1093, .T. ) ;
#7091 = VECTOR ( 'NONE', #2021, 1000.000000000000000 ) ;
#7092 = EDGE_CURVE ( 'NONE', #928, #7073, #6063, .T. ) ;
#7093 = LINE ( 'NONE', #5362, #5790 ) ;
#7094 = VERTEX_POINT ( 'NONE', #5075 ) ;
#7095 = FACE_OUTER_BOUND ( 'NONE', #2299, .T. ) ;
#7096 = CARTESIAN_POINT ( 'NONE',  ( -8.500000000000001776, -9.999999999999996447, -1000.000000000000000 ) ) ;
#7097 = CARTESIAN_POINT ( 'NONE',  ( 5.200000000000000178, -8.450000000000004619, -1000.000000000000000 ) ) ;
#7098 = FACE_OUTER_BOUND ( 'NONE', #1694, .T. ) ;
#7099 = DIRECTION ( 'NONE',  ( 1.000000000000000000, 0.0000000000000000000, 0.0000000000000000000 ) ) ;
#7100 = EDGE_CURVE ( 'NONE', #5253, #3558, #6148, .T. ) ;
#7101 = ORIENTED_EDGE ( 'NONE', *, *, #5443, .T. ) ;
#7102 = CARTESIAN_POINT ( 'NONE',  ( -2.404163056034253287, 1.697056274847711599, -1000.000000000000000 ) ) ;
#7103 = DIRECTION ( 'NONE',  ( 0.0000000000000000000, 1.000000000000000000, 0.0000000000000000000 ) ) ;
#7104 = CIRCLE ( 'NONE', #5464, 0.4999999999999995559 ) ;
#7105 = DIRECTION ( 'NONE',  ( -0.0000000000000000000, -0.0000000000000000000, -1.000000000000000000 ) ) ;
#7106 = DIRECTION ( 'NONE',  ( 0.0000000000000000000, 0.0000000000000000000, 1.000000000000000000 ) ) ;
#7107 = EDGE_CURVE ( 'NONE', #7238, #1214, #5527, .T. ) ;
#7108 = ORIENTED_EDGE ( 'NONE', *, *, #3991, .F. ) ;
#7109 = ORIENTED_EDGE ( 'NONE', *, *, #984, .F. ) ;
#7110 = EDGE_CURVE ( 'NONE', #6066, #7094, #2766, .T. ) ;
#7111 = ORIENTED_EDGE ( 'NONE', *, *, #2731, .F. ) ;
#7112 = FACE_OUTER_BOUND ( 'NONE', #4391, .T. ) ;
#7113 = DIRECTION ( 'NONE',  ( 1.000000000000000000, 5.116099788370755993E-17, 0.0000000000000000000 ) ) ;
#7114 =( GEOMETRIC_REPRESENTATION_CONTEXT ( 3 ) GLOBAL_UNCERTAINTY_ASSIGNED_CONTEXT ( ( #1313 ) ) GLOBAL_UNIT_ASSIGNED_CONTEXT ( ( #4117, #2943, #2468 ) ) REPRESENTATION_CONTEXT ( 'NONE', 'WORKASPACE' ) );
#7115 = PLANE ( 'NONE',  #5913 ) ;
#7116 = ORIENTED_EDGE ( 'NONE', *, *, #4770, .T. ) ;
#7117 = FACE_OUTER_BOUND ( 'NONE', #754, .T. ) ;
#7118 = VERTEX_POINT ( 'NONE', #3351 ) ;
#7119 = AXIS2_PLACEMENT_3D ( 'NONE', #6885, #1845, #3536 ) ;
#7120 = ORIENTED_EDGE ( 'NONE', *, *, #5324, .F. ) ;
#7121 = DIRECTION ( 'NONE',  ( -1.000000000000000000, 1.991598500205934045E-16, 0.0000000000000000000 ) ) ;
#7122 = CARTESIAN_POINT ( 'NONE',  ( -5.500000000000000888, -1.823044737829949247, 0.0000000000000000000 ) ) ;
#7123 = AXIS2_PLACEMENT_3D ( 'NONE', #5291, #6949, #232 ) ;
#7124 = EDGE_CURVE ( 'NONE', #2427, #233, #3354, .T. ) ;
#7125 = ORIENTED_EDGE ( 'NONE', *, *, #4767, .T. ) ;
#7126 = VERTEX_POINT ( 'NONE', #1766 ) ;
#7127 = PLANE ( 'NONE',  #6221 ) ;
#7128 = EDGE_CURVE ( 'NONE', #6708, #1652, #7223, .T. ) ;
#7129 = DIRECTION ( 'NONE',  ( 1.991598500205934045E-16, 1.000000000000000000, 0.0000000000000000000 ) ) ;
#7130 = ORIENTED_EDGE ( 'NONE', *, *, #797, .F. ) ;
#7131 = CARTESIAN_POINT ( 'NONE',  ( 9.749999999999998224, -3.950000000000001066, -1000.000000000000000 ) ) ;
#7132 = CARTESIAN_POINT ( 'NONE',  ( -5.200000000000001066, 6.462741699796954009, -1000.000000000000000 ) ) ;
#7133 = CARTESIAN_POINT ( 'NONE',  ( 3.070000000000001172, 8.250000000000003553, 0.0000000000000000000 ) ) ;
#7134 = DIRECTION ( 'NONE',  ( -0.8944271909999205183, -0.4472135954999486573, 0.0000000000000000000 ) ) ;
#7135 = CARTESIAN_POINT ( 'NONE',  ( -8.000000000000005329, -3.069999999999995843, -1000.000000000000000 ) ) ;
#7136 = VERTEX_POINT ( 'NONE', #6187 ) ;
#7137 = DIRECTION ( 'NONE',  ( -1.000000000000000000, 0.0000000000000000000, 0.0000000000000000000 ) ) ;
#7138 = AXIS2_PLACEMENT_3D ( 'NONE', #5269, #214, #6964 ) ;
#7139 = CARTESIAN_POINT ( 'NONE',  ( 4.720156211871643137, -8.700000000000004619, -1000.000000000000000 ) ) ;
#7140 = CARTESIAN_POINT ( 'NONE',  ( 6.800000000000000711, -6.100000000000001421, -1000.000000000000000 ) ) ;
#7141 = LINE ( 'NONE', #2141, #1839 ) ;
#7142 = VERTEX_POINT ( 'NONE', #6223 ) ;
#7143 = EDGE_LOOP ( 'NONE', ( #5223, #2154, #3841, #4585 ) ) ;
#7144 = AXIS2_PLACEMENT_3D ( 'NONE', #2836, #5593, #4003 ) ;
#7145 = LINE ( 'NONE', #1067, #2608 ) ;
#7146 = EDGE_CURVE ( 'NONE', #1706, #1788, #2289, .T. ) ;
#7147 = DIRECTION ( 'NONE',  ( -0.0000000000000000000, -0.0000000000000000000, -1.000000000000000000 ) ) ;
#7148 = VECTOR ( 'NONE', #5494, 1000.000000000000000 ) ;
#7149 = DIRECTION ( 'NONE',  ( 0.0000000000000000000, 0.0000000000000000000, 1.000000000000000000 ) ) ;
#7150 = PLANE ( 'NONE',  #1685 ) ;
#7151 = ORIENTED_EDGE ( 'NONE', *, *, #2486, .F. ) ;
#7152 = CARTESIAN_POINT ( 'NONE',  ( -3.319999999999999840, 8.250000000000003553, -1000.000000000000000 ) ) ;
#7153 = VERTEX_POINT ( 'NONE', #4416 ) ;
#7154 = VERTEX_POINT ( 'NONE', #6660 ) ;
#7155 = CIRCLE ( 'NONE', #5029, 0.2500000000000002220 ) ;
#7156 = AXIS2_PLACEMENT_3D ( 'NONE', #4457, #3396, #4052 ) ;
#7157 = ORIENTED_EDGE ( 'NONE', *, *, #6824, .F. ) ;
#7158 = AXIS2_PLACEMENT_3D ( 'NONE', #4353, #6598, #3809 ) ;
#7159 = EDGE_CURVE ( 'NONE', #1236, #2350, #3965, .T. ) ;
#7160 = VECTOR ( 'NONE', #1898, 1000.000000000000000 ) ;
#7161 = LINE ( 'NONE', #2595, #6917 ) ;
#7162 = EDGE_CURVE ( 'NONE', #3698, #3244, #1621, .T. ) ;
#7163 = CYLINDRICAL_SURFACE ( 'NONE', #6338, 0.2500000000000002220 ) ;
#7164 = VECTOR ( 'NONE', #338, 1000.000000000000000 ) ;
#7165 = ORIENTED_EDGE ( 'NONE', *, *, #2132, .F. ) ;
#7166 = EDGE_LOOP ( 'NONE', ( #3050, #479, #546, #5141 ) ) ;
#7167 = CARTESIAN_POINT ( 'NONE',  ( -8.700000000000002842, -4.949999999999996625, -1000.000000000000000 ) ) ;
#7168 = EDGE_CURVE ( 'NONE', #3454, #96, #4172, .T. ) ;
#7169 = AXIS2_PLACEMENT_3D ( 'NONE', #2896, #1308, #6244 ) ;
#7170 = LINE ( 'NONE', #4958, #3201 ) ;
#7171 = EDGE_CURVE ( 'NONE', #58, #5384, #1098, .T. ) ;
#7172 = VERTEX_POINT ( 'NONE', #1173 ) ;
#7173 = DIRECTION ( 'NONE',  ( 0.0000000000000000000, 0.0000000000000000000, 1.000000000000000000 ) ) ;
#7174 = CYLINDRICAL_SURFACE ( 'NONE', #4364, 0.4999999999999995559 ) ;
#7175 = CYLINDRICAL_SURFACE ( 'NONE', #3559, 0.2500000000000002220 ) ;
#7176 = CIRCLE ( 'NONE', #818, 1.000000000000000000 ) ;
#7177 = DIRECTION ( 'NONE',  ( -0.0000000000000000000, -0.0000000000000000000, -1.000000000000000000 ) ) ;
#7178 = PLANE ( 'NONE',  #2649 ) ;
#7179 = ORIENTED_EDGE ( 'NONE', *, *, #410, .F. ) ;
#7180 = VERTEX_POINT ( 'NONE', #1134 ) ;
#7181 = CARTESIAN_POINT ( 'NONE',  ( 8.250000000000001776, 3.919843788128356099, 0.0000000000000000000 ) ) ;
#7182 = LINE ( 'NONE', #316, #5688 ) ;
#7183 = CARTESIAN_POINT ( 'NONE',  ( -9.099999999999997868, 8.400000000000000355, -1000.000000000000000 ) ) ;
#7184 = DIRECTION ( 'NONE',  ( 0.0000000000000000000, 0.0000000000000000000, -1.000000000000000000 ) ) ;
#7185 = EDGE_LOOP ( 'NONE', ( #3387, #1296, #842, #601 ) ) ;
#7186 = ORIENTED_EDGE ( 'NONE', *, *, #7215, .T. ) ;
#7187 = EDGE_CURVE ( 'NONE', #2976, #6144, #1114, .T. ) ;
#7188 = CARTESIAN_POINT ( 'NONE',  ( 0.3999999999999993006, -3.499999999999999556, 0.0000000000000000000 ) ) ;
#7189 = DIRECTION ( 'NONE',  ( -4.212044549456247126E-16, -1.000000000000000000, 0.0000000000000000000 ) ) ;
#7190 = LINE ( 'NONE', #4902, #7148 ) ;
#7191 = PLANE ( 'NONE',  #4855 ) ;
#7192 = VERTEX_POINT ( 'NONE', #3386 ) ;
#7193 = DIRECTION ( 'NONE',  ( 1.000000000000000000, 0.0000000000000000000, 0.0000000000000000000 ) ) ;
#7194 = ORIENTED_EDGE ( 'NONE', *, *, #7203, .F. ) ;
#7195 = ORIENTED_EDGE ( 'NONE', *, *, #1722, .T. ) ;
#7196 = ORIENTED_EDGE ( 'NONE', *, *, #5801, .F. ) ;
#7197 = DIRECTION ( 'NONE',  ( 0.0000000000000000000, -0.0000000000000000000, -1.000000000000000000 ) ) ;
#7198 = AXIS2_PLACEMENT_3D ( 'NONE', #4253, #3162, #1056 ) ;
#7199 = DIRECTION ( 'NONE',  ( 1.000000000000000000, 0.0000000000000000000, 0.0000000000000000000 ) ) ;
#7200 = VERTEX_POINT ( 'NONE', #570 ) ;
#7201 = ORIENTED_EDGE ( 'NONE', *, *, #3652, .F. ) ;
#7202 = CARTESIAN_POINT ( 'NONE',  ( -3.299999999999999378, -1.108687794348917003E-14, -1000.000000000000000 ) ) ;
#7203 = EDGE_CURVE ( 'NONE', #6160, #4945, #1693, .T. ) ;
#7204 = EDGE_CURVE ( 'NONE', #1421, #3469, #7000, .T. ) ;
#7205 = AXIS2_PLACEMENT_3D ( 'NONE', #6228, #4564, #2325 ) ;
#7206 = EDGE_CURVE ( 'NONE', #593, #441, #4480, .T. ) ;
#7207 = CIRCLE ( 'NONE', #4966, 0.2499999999999997780 ) ;
#7208 = FACE_OUTER_BOUND ( 'NONE', #3399, .T. ) ;
#7209 = AXIS2_PLACEMENT_3D ( 'NONE', #6957, #1365, #240 ) ;
#7210 = ORIENTED_EDGE ( 'NONE', *, *, #3727, .T. ) ;
#7211 = LINE ( 'NONE', #2718, #2453 ) ;
#7212 = CIRCLE ( 'NONE', #6384, 0.2500000000000002220 ) ;
#7213 = VECTOR ( 'NONE', #2951, 1000.000000000000000 ) ;
#7214 = CARTESIAN_POINT ( 'NONE',  ( 4.600000000000002309, 8.700000000000002842, 0.0000000000000000000 ) ) ;
#7215 = EDGE_CURVE ( 'NONE', #5528, #1623, #4077, .T. ) ;
#7216 = CARTESIAN_POINT ( 'NONE',  ( -9.150000000000003908, -3.069999999999994955, 0.0000000000000000000 ) ) ;
#7217 = CARTESIAN_POINT ( 'NONE',  ( -5.200000000000001066, 8.700000000000002842, 0.0000000000000000000 ) ) ;
#7218 = ORIENTED_EDGE ( 'NONE', *, *, #6027, .F. ) ;
#7219 = ORIENTED_EDGE ( 'NONE', *, *, #6538, .T. ) ;
#7220 = DIRECTION ( 'NONE',  ( 0.0000000000000000000, 1.000000000000000000, 0.0000000000000000000 ) ) ;
#7221 = CARTESIAN_POINT ( 'NONE',  ( 8.450000000000001066, 4.720156211871642249, -1000.000000000000000 ) ) ;
#7222 = LINE ( 'NONE', #7287, #1268 ) ;
#7223 = LINE ( 'NONE', #3420, #6175 ) ;
#7224 = ORIENTED_EDGE ( 'NONE', *, *, #6162, .T. ) ;
#7225 = ORIENTED_EDGE ( 'NONE', *, *, #5283, .T. ) ;
#7226 = LINE ( 'NONE', #4900, #6141 ) ;
#7227 = CARTESIAN_POINT ( 'NONE',  ( -8.400000000000002132, -8.399999999999998579, -1000.000000000000000 ) ) ;
#7228 = VECTOR ( 'NONE', #1528, 1000.000000000000000 ) ;
#7229 = CARTESIAN_POINT ( 'NONE',  ( 9.999999999999998224, -3.699999999999999734, -1000.000000000000000 ) ) ;
#7230 = DIRECTION ( 'NONE',  ( -0.0000000000000000000, -0.0000000000000000000, -1.000000000000000000 ) ) ;
#7231 = ORIENTED_EDGE ( 'NONE', *, *, #2301, .F. ) ;
#7232 = CARTESIAN_POINT ( 'NONE',  ( -3.320000000000002505, -8.250000000000001776, -1000.000000000000000 ) ) ;
#7233 = ORIENTED_EDGE ( 'NONE', *, *, #5934, .F. ) ;
#7234 = ORIENTED_EDGE ( 'NONE', *, *, #1534, .F. ) ;
#7235 = VECTOR ( 'NONE', #4264, 1000.000000000000000 ) ;
#7236 = CARTESIAN_POINT ( 'NONE',  ( -2.343943303841100612, -0.8694422283156192366, 0.0000000000000000000 ) ) ;
#7237 = DIRECTION ( 'NONE',  ( 6.938893903907222067E-15, -1.000000000000000000, 0.0000000000000000000 ) ) ;
#7238 = VERTEX_POINT ( 'NONE', #2360 ) ;
#7239 = VERTEX_POINT ( 'NONE', #94 ) ;
#7240 = DIRECTION ( 'NONE',  ( 0.0000000000000000000, 0.0000000000000000000, 1.000000000000000000 ) ) ;
#7241 = DIRECTION ( 'NONE',  ( 1.000000000000000000, -1.991598500205934045E-16, 0.0000000000000000000 ) ) ;
#7242 = EDGE_CURVE ( 'NONE', #5070, #3548, #3821, .T. ) ;
#7243 = VECTOR ( 'NONE', #6238, 1000.000000000000000 ) ;
#7244 = ADVANCED_FACE ( 'NONE', ( #4708 ), #4633, .T. ) ;
#7245 = EDGE_CURVE ( 'NONE', #4030, #2957, #3001, .T. ) ;
#7246 = ORIENTED_EDGE ( 'NONE', *, *, #3330, .F. ) ;
#7247 = CARTESIAN_POINT ( 'NONE',  ( 6.800000000000002487, 6.799999999999998934, -1000.000000000000000 ) ) ;
#7248 = EDGE_CURVE ( 'NONE', #5941, #4389, #6291, .T. ) ;
#7249 = CARTESIAN_POINT ( 'NONE',  ( -4.950000000000001066, 8.700000000000002842, 0.0000000000000000000 ) ) ;
#7250 = VERTEX_POINT ( 'NONE', #5151 ) ;
#7251 = ORIENTED_EDGE ( 'NONE', *, *, #6638, .T. ) ;
#7252 = CARTESIAN_POINT ( 'NONE',  ( -9.750000000000003553, -3.699999999999994849, 0.0000000000000000000 ) ) ;
#7253 = CARTESIAN_POINT ( 'NONE',  ( 1.823044737829951689, -3.499999999999999556, -1000.000000000000000 ) ) ;
#7254 = DIRECTION ( 'NONE',  ( -2.975573931872343249E-15, -1.000000000000000000, 0.0000000000000000000 ) ) ;
#7255 = CARTESIAN_POINT ( 'NONE',  ( 9.999999999999998224, -3.699999999999999734, 0.0000000000000000000 ) ) ;
#7256 = ORIENTED_EDGE ( 'NONE', *, *, #3032, .F. ) ;
#7257 = VERTEX_POINT ( 'NONE', #3491 ) ;
#7258 = EDGE_CURVE ( 'NONE', #305, #1558, #4041, .T. ) ;
#7259 = DIRECTION ( 'NONE',  ( 0.0000000000000000000, 0.0000000000000000000, 1.000000000000000000 ) ) ;
#7260 = LINE ( 'NONE', #576, #3331 ) ;
#7261 = DIRECTION ( 'NONE',  ( -0.0000000000000000000, -0.0000000000000000000, -1.000000000000000000 ) ) ;
#7262 = CARTESIAN_POINT ( 'NONE',  ( 8.449999999999999289, -4.720156211871644913, -1000.000000000000000 ) ) ;
#7263 = EDGE_CURVE ( 'NONE', #1324, #6234, #3569, .T. ) ;
#7264 = ORIENTED_EDGE ( 'NONE', *, *, #4195, .F. ) ;
#7265 = DIRECTION ( 'NONE',  ( 1.224646799147345565E-16, 1.000000000000000000, -0.0000000000000000000 ) ) ;
#7266 = ORIENTED_EDGE ( 'NONE', *, *, #4760, .F. ) ;
#7267 = VERTEX_POINT ( 'NONE', #6953 ) ;
#7268 = AXIS2_PLACEMENT_3D ( 'NONE', #6446, #807, #4192 ) ;
#7269 = DIRECTION ( 'NONE',  ( 0.0000000000000000000, -0.0000000000000000000, -1.000000000000000000 ) ) ;
#7270 = VECTOR ( 'NONE', #4405, 1000.000000000000000 ) ;
#7271 = DIRECTION ( 'NONE',  ( 0.0000000000000000000, -0.0000000000000000000, -1.000000000000000000 ) ) ;
#7272 = ORIENTED_EDGE ( 'NONE', *, *, #3823, .T. ) ;
#7273 = VERTEX_POINT ( 'NONE', #5294 ) ;
#7274 = DIRECTION ( 'NONE',  ( 0.0000000000000000000, -1.000000000000000000, 0.0000000000000000000 ) ) ;
#7275 = VECTOR ( 'NONE', #4422, 1000.000000000000000 ) ;
#7276 = VECTOR ( 'NONE', #3689, 1000.000000000000000 ) ;
#7277 = DIRECTION ( 'NONE',  ( -4.212044549456247126E-16, -1.000000000000000000, 0.0000000000000000000 ) ) ;
#7278 = EDGE_CURVE ( 'NONE', #5632, #7172, #6366, .T. ) ;
#7279 = VECTOR ( 'NONE', #7121, 1000.000000000000000 ) ;
#7280 = VERTEX_POINT ( 'NONE', #6837 ) ;
#7281 = CIRCLE ( 'NONE', #1753, 0.2500000000000002220 ) ;
#7282 = CYLINDRICAL_SURFACE ( 'NONE', #2153, 0.2500000000000000000 ) ;
#7283 = CARTESIAN_POINT ( 'NONE',  ( 3.949999999999997957, -9.750000000000003553, -1000.000000000000000 ) ) ;
#7284 = ORIENTED_EDGE ( 'NONE', *, *, #5546, .F. ) ;
#7285 = ORIENTED_EDGE ( 'NONE', *, *, #7168, .F. ) ;
#7286 = CARTESIAN_POINT ( 'NONE',  ( 10.00000000000000711, 9.999999999999998224, -1000.000000000000000 ) ) ;
#7287 = CARTESIAN_POINT ( 'NONE',  ( 0.4000000000000004663, 3.499999999999999556, -1000.000000000000000 ) ) ;
#7288 = DIRECTION ( 'NONE',  ( -0.0000000000000000000, -0.0000000000000000000, 1.000000000000000000 ) ) ;
#7289 = VERTEX_POINT ( 'NONE', #4669 ) ;
#7290 = ORIENTED_EDGE ( 'NONE', *, *, #6935, .F. ) ;
#7291 = EDGE_CURVE ( 'NONE', #395, #3454, #4761, .T. ) ;
#7292 = FACE_OUTER_BOUND ( 'NONE', #3174, .T. ) ;
#7293 = EDGE_CURVE ( 'NONE', #6573, #2838, #236, .T. ) ;
#7294 = CARTESIAN_POINT ( 'NONE',  ( 10.00000000000000000, 3.949999999999997069, 0.0000000000000000000 ) ) ;
#7295 = PLANE ( 'NONE',  #4348 ) ;
#7296 = ADVANCED_FACE ( 'NONE', ( #5738 ), #6874, .F. ) ;
#7297 = CARTESIAN_POINT ( 'NONE',  ( -1.823044737829952355, 3.499999999999999556, 0.0000000000000000000 ) ) ;
#7298 = DIRECTION ( 'NONE',  ( 0.0000000000000000000, 0.0000000000000000000, 1.000000000000000000 ) ) ;
#7299 = DIRECTION ( 'NONE',  ( 1.000000000000000000, 0.0000000000000000000, 0.0000000000000000000 ) ) ;
#7300 = DIRECTION ( 'NONE',  ( 0.0000000000000000000, 0.0000000000000000000, 1.000000000000000000 ) ) ;
#7301 = ORIENTED_EDGE ( 'NONE', *, *, #892, .T. ) ;
#7302 = ORIENTED_EDGE ( 'NONE', *, *, #1536, .T. ) ;
ENDSEC;
END-ISO-10303-21;
