ISO-10303-21;
HEADER;
FILE_DESCRIPTION (( 'STEP AP214' ),
    '1' );
FILE_NAME ('A189 Шкив GT2, O отверстия 8 мм.STEP',
    '2019-10-16T11:45:29',
    ( 'Windows User' ),
    ( '' ),
    'SwSTEP 2.0',
    'SolidWorks 2019',
    '' );
FILE_SCHEMA (( 'AUTOMOTIVE_DESIGN' ));
ENDSEC;

DATA;
#1 = CARTESIAN_POINT ( 'NONE',  ( -0.05593929638602372634, 1.697222526386739982, 7.817892043447920436 ) ) ;
#2 = CARTESIAN_POINT ( 'NONE',  ( 1.119059587470562223, -1.143671268941933938, 7.842470584179377369 ) ) ;
#3 = CARTESIAN_POINT ( 'NONE',  ( -10.75000000000000000, -1.661144931093035959, -5.885078252561577017 ) ) ;
#4 = CARTESIAN_POINT ( 'NONE',  ( -10.75000000000000000, 4.999443335836749824, 1.102531158620888352 ) ) ;
#5 = CARTESIAN_POINT ( 'NONE',  ( -1.077582935675223119, -1.182720690991180934, 7.836047792688233038 ) ) ;
#6 = CARTESIAN_POINT ( 'NONE',  ( -1.589231617439927469, -0.5595993279705154810, 7.980415017093303476 ) ) ;
#7 = DIRECTION ( 'NONE',  ( 0.0000000000000000000, 0.0000000000000000000, -1.000000000000000000 ) ) ;
#8 = CARTESIAN_POINT ( 'NONE',  ( -0.9749565769916701541, 7.821126902302187212, -1.268913816221255653 ) ) ;
#9 = SHAPE_REPRESENTATION_RELATIONSHIP ( 'NONE' , 'NONE' ,  #6115, #6268 ) ;
#10 = CARTESIAN_POINT ( 'NONE',  ( -10.75000000000000000, 2.041755025892630915, 4.702258990485212564 ) ) ;
#11 = CARTESIAN_POINT ( 'NONE',  ( -0.7760958856443023191, 7.796470932826062850, -1.399227077880629500 ) ) ;
#12 = CARTESIAN_POINT ( 'NONE',  ( -10.75000000000000000, -3.399011035559303284, 5.087376496814743021 ) ) ;
#13 = EDGE_CURVE ( 'NONE', #1549, #1325, #3746, .T. ) ;
#14 = VECTOR ( 'NONE', #2561, 1000.000000000000114 ) ;
#15 = CARTESIAN_POINT ( 'NONE',  ( -3.750000000000000000, -4.805316519691915644, 3.791686883723366375 ) ) ;
#16 = ORIENTED_EDGE ( 'NONE', *, *, #1950, .T. ) ;
#17 = CARTESIAN_POINT ( 'NONE',  ( -1.497212789405713451, 7.911981802783207840, 0.5648465501292266877 ) ) ;
#18 = DIRECTION ( 'NONE',  ( 0.0000000000000000000, 0.1564344650402305081, 0.9876883405951378814 ) ) ;
#19 = CARTESIAN_POINT ( 'NONE',  ( -1.532762966186905551, 7.969170594191039569, -0.7021044128302682541 ) ) ;
#20 = CARTESIAN_POINT ( 'NONE',  ( -0.9245632881149452587, 7.873261989157494867, -1.418382161443459077 ) ) ;
#21 = ORIENTED_EDGE ( 'NONE', *, *, #5231, .F. ) ;
#22 = EDGE_CURVE ( 'NONE', #4000, #2762, #5331, .T. ) ;
#23 = CARTESIAN_POINT ( 'NONE',  ( 1.436711354659907069, 0.7118411754218284537, 3.937353981689816429 ) ) ;
#24 = ORIENTED_EDGE ( 'NONE', *, *, #6295, .F. ) ;
#25 = CARTESIAN_POINT ( 'NONE',  ( 1.672347342270696036, -0.1952958012482560179, 7.997664651176513928 ) ) ;
#26 = DIRECTION ( 'NONE',  ( 1.000000000000000000, -0.0000000000000000000, -0.0000000000000000000 ) ) ;
#27 = CARTESIAN_POINT ( 'NONE',  ( -1.579351016090414728, 7.929636178643343136, -0.2614944172034331382 ) ) ;
#28 = ADVANCED_FACE ( 'NONE', ( #3859 ), #4350, .F. ) ;
#29 = PLANE ( 'NONE',  #4306 ) ;
#30 = EDGE_CURVE ( 'NONE', #1731, #6475, #5298, .T. ) ;
#31 = CARTESIAN_POINT ( 'NONE',  ( 1.469648493363747033, -0.8571558964666327052, 7.956638335379477844 ) ) ;
#32 = PRODUCT_DEFINITION_CONTEXT ( 'detailed design', #1234, 'design' ) ;
#33 = CARTESIAN_POINT ( 'NONE',  ( -0.7456193999587440446, 1.522668838637763589, 7.853800735061082783 ) ) ;
#34 = AXIS2_PLACEMENT_3D ( 'NONE', #4673, #2645, #3542 ) ;
#35 = ORIENTED_EDGE ( 'NONE', *, *, #5105, .T. ) ;
#36 = CARTESIAN_POINT ( 'NONE',  ( 1.023297285394855205, -1.230038444627944427, 7.827984125187164466 ) ) ;
#37 = CARTESIAN_POINT ( 'NONE',  ( 0.7780752801643603389, 7.796660162500593572, 1.398315209405201820 ) ) ;
#38 = CARTESIAN_POINT ( 'NONE',  ( -3.750000000000000000, 5.075543847791329277, -3.387178386535893537 ) ) ;
#39 = CARTESIAN_POINT ( 'NONE',  ( -1.171304110642640506, -1.090053521987225382, 7.850913474622045918 ) ) ;
#40 = CARTESIAN_POINT ( 'NONE',  ( -1.514811896320737983, 0.5152856825881945158, 7.915692907006362411 ) ) ;
#41 = CARTESIAN_POINT ( 'NONE',  ( -1.149780897910483102, -1.112960593021961042, 7.847373904535714928 ) ) ;
#42 = CARTESIAN_POINT ( 'NONE',  ( -1.532860158243726456, 7.969189608435917727, 0.7018884253450652366 ) ) ;
#43 =( LENGTH_UNIT ( ) NAMED_UNIT ( * ) SI_UNIT ( .MILLI., .METRE. ) );
#44 = FACE_OUTER_BOUND ( 'NONE', #922, .T. ) ;
#45 = CARTESIAN_POINT ( 'NONE',  ( -1.600000000000000311, 7.934223616779730648, -0.1050391064680097908 ) ) ;
#46 = DIRECTION ( 'NONE',  ( -1.000000000000000000, -0.0000000000000000000, -0.0000000000000000000 ) ) ;
#47 = VECTOR ( 'NONE', #232, 1000.000000000000000 ) ;
#48 = EDGE_LOOP ( 'NONE', ( #332, #5603, #5667, #5390 ) ) ;
#49 = CARTESIAN_POINT ( 'NONE',  ( 0.05161965408936371874, 7.753747684639428428, 1.599383379116816384 ) ) ;
#50 = CARTESIAN_POINT ( 'NONE',  ( 1.599999997929808515, 7.934223616317661154, 8.139172442686390819E-05 ) ) ;
#51 = PLANE ( 'NONE',  #4598 ) ;
#52 = DIRECTION ( 'NONE',  ( -1.000000000000000000, -0.0000000000000000000, -0.0000000000000000000 ) ) ;
#53 = VERTEX_POINT ( 'NONE', #2809 ) ;
#54 = CARTESIAN_POINT ( 'NONE',  ( -1.386103593657048272, -0.8008902723022478520, 7.889506273673274173 ) ) ;
#55 = ORIENTED_EDGE ( 'NONE', *, *, #6295, .T. ) ;
#56 = CARTESIAN_POINT ( 'NONE',  ( 0.6187299362447167272, -1.578681709603968475, 7.842696096437763664 ) ) ;
#57 = LINE ( 'NONE', #4070, #4067 ) ;
#58 = CARTESIAN_POINT ( 'NONE',  ( -0.9819451559841608779, 7.880299621748251937, 1.378825121202486681 ) ) ;
#59 = LINE ( 'NONE', #2099, #1857 ) ;
#60 = CARTESIAN_POINT ( 'NONE',  ( -0.2193886106062849506, -1.697213235315209179, 7.817894040940241318 ) ) ;
#61 = CARTESIAN_POINT ( 'NONE',  ( 0.9583522657686966983, 1.395597696009119870, 7.877344084000673874 ) ) ;
#62 = EDGE_CURVE ( 'NONE', #456, #2702, #3376, .T. ) ;
#63 = DIRECTION ( 'NONE',  ( 0.0000000000000000000, 0.4472135954999580942, -0.8944271909999157444 ) ) ;
#64 = ORIENTED_EDGE ( 'NONE', *, *, #2150, .T. ) ;
#65 = ORIENTED_EDGE ( 'NONE', *, *, #3971, .T. ) ;
#66 = CARTESIAN_POINT ( 'NONE',  ( 1.182723527985494405, -1.077579673981005959, 7.852813820015158264 ) ) ;
#67 = CARTESIAN_POINT ( 'NONE',  ( 0.3642782858315985473, 7.762884968679444775, 1.558858480113491485 ) ) ;
#68 = CARTESIAN_POINT ( 'NONE',  ( -10.75000000000000000, 5.873245603538165938, 1.649312282069624214 ) ) ;
#69 = ADVANCED_FACE ( 'NONE', ( #843 ), #6304, .F. ) ;
#70 = CARTESIAN_POINT ( 'NONE',  ( -0.4918960820142173618, -1.522747151494236784, 7.770811013599109529 ) ) ;
#71 = CARTESIAN_POINT ( 'NONE',  ( -0.7777819546257960237, 1.398477354930351968, 7.796627914650220426 ) ) ;
#72 = CARTESIAN_POINT ( 'NONE',  ( -0.05315163775894769099, -1.599974113471565929, 7.753612685323951759 ) ) ;
#73 = ADVANCED_FACE ( 'NONE', ( #3889 ), #4902, .F. ) ;
#74 = CARTESIAN_POINT ( 'NONE',  ( -1.600000000000000089, 7.934223616779730648, 2.879912020664621153E-16 ) ) ;
#75 = SURFACE_SIDE_STYLE ('',( #1537 ) ) ;
#76 = CARTESIAN_POINT ( 'NONE',  ( -10.75000000000000000, 0.2381673509765876717, -6.106707545196424114 ) ) ;
#77 = CARTESIAN_POINT ( 'NONE',  ( -10.75000000000000000, 5.873245603538165938, 1.649312282069624214 ) ) ;
#78 = EDGE_LOOP ( 'NONE', ( #5198, #3380, #1456, #6267 ) ) ;
#79 = CARTESIAN_POINT ( 'NONE',  ( -1.149780897910483324, 7.847373904535713152, 1.112960593021961264 ) ) ;
#80 = DIRECTION ( 'NONE',  ( 1.000000000000000000, -0.0000000000000000000, -0.0000000000000000000 ) ) ;
#81 = CARTESIAN_POINT ( 'NONE',  ( -1.335300698232784189, 7.932955541831692159, -1.033792250772290977 ) ) ;
#82 = CARTESIAN_POINT ( 'NONE',  ( 1.316465690224601692, 0.9096490035240470950, 7.876323180463188578 ) ) ;
#83 = ORIENTED_EDGE ( 'NONE', *, *, #1435, .T. ) ;
#84 = CARTESIAN_POINT ( 'NONE',  ( -0.5896137258077933652, -1.487627290264963875, 7.778339430784568798 ) ) ;
#85 = VECTOR ( 'NONE', #2344, 1000.000000000000114 ) ;
#86 = EDGE_LOOP ( 'NONE', ( #3425, #1625, #5504, #4714 ) ) ;
#87 = CARTESIAN_POINT ( 'NONE',  ( 1.150079886621008463, -1.239648463694112523, 7.903393453610481956 ) ) ;
#88 = DIRECTION ( 'NONE',  ( 1.000000000000000000, -0.0000000000000000000, -0.0000000000000000000 ) ) ;
#89 = CARTESIAN_POINT ( 'NONE',  ( -1.514811896320738205, 7.915692907006360635, -0.5152856825881952929 ) ) ;
#90 = ORIENTED_EDGE ( 'NONE', *, *, #2264, .T. ) ;
#91 = DIRECTION ( 'NONE',  ( -0.0000000000000000000, -0.1564344650402304526, 0.9876883405951377704 ) ) ;
#92 = CARTESIAN_POINT ( 'NONE',  ( -1.512054043364038813, -0.7541838658622047609, 7.965045637174119619 ) ) ;
#93 = PRODUCT_DEFINITION ( 'UNKNOWN', '', #5829, #32 ) ;
#94 = CARTESIAN_POINT ( 'NONE',  ( 0.7079420776937001003, 1.539912920703793375, 7.850395242775996429 ) ) ;
#95 = AXIS2_PLACEMENT_3D ( 'NONE', #1250, #2744, #3275 ) ;
#96 = DIRECTION ( 'NONE',  ( 1.000000000000000000, -0.0000000000000000000, -0.0000000000000000000 ) ) ;
#97 = ORIENTED_EDGE ( 'NONE', *, *, #4456, .T. ) ;
#98 = AXIS2_PLACEMENT_3D ( 'NONE', #4797, #769, #3810 ) ;
#99 = CARTESIAN_POINT ( 'NONE',  ( 1.063056298927181453, -1.195794285119292866, 7.833851437897894066 ) ) ;
#100 = CARTESIAN_POINT ( 'NONE',  ( -0.2093668105629082343, 7.756541877110091576, 1.587103426947084728 ) ) ;
#101 = CARTESIAN_POINT ( 'NONE',  ( -3.750000000000000000, -4.714091639508624532, -2.053587674916041106 ) ) ;
#102 = VECTOR ( 'NONE', #4512, 1000.000000000000000 ) ;
#103 = AXIS2_PLACEMENT_3D ( 'NONE', #1160, #3196, #5848 ) ;
#104 = CARTESIAN_POINT ( 'NONE',  ( -0.9934259010306468740, -1.254571218850302650, 7.823694518455271307 ) ) ;
#105 = ADVANCED_FACE ( 'NONE', ( #4316 ), #2288, .F. ) ;
#106 = CARTESIAN_POINT ( 'NONE',  ( -1.600000000000000089, 0.0000000000000000000, 7.934223616779732424 ) ) ;
#107 = CARTESIAN_POINT ( 'NONE',  ( 0.6365906387046146309, -1.468141932055739840, 7.782436145915009540 ) ) ;
#108 = DIRECTION ( 'NONE',  ( 0.0000000000000000000, 0.5877852522924721379, -0.8090169943749482284 ) ) ;
#109 = CARTESIAN_POINT ( 'NONE',  ( -1.510497563369185059, 7.914780147717400460, -0.5277990625348829568 ) ) ;
#110 = CARTESIAN_POINT ( 'NONE',  ( -10.75000000000000000, 1.637479633046211358, -5.885078252561577017 ) ) ;
#111 = DIRECTION ( 'NONE',  ( -0.0000000000000000000, 0.8910065241883683429, 0.4539904997395460828 ) ) ;
#112 = FACE_OUTER_BOUND ( 'NONE', #6576, .T. ) ;
#113 = ORIENTED_EDGE ( 'NONE', *, *, #5027, .T. ) ;
#114 = CARTESIAN_POINT ( 'NONE',  ( -0.6615714129898987439, 7.784744207972822849, 1.457052942811898344 ) ) ;
#115 = CARTESIAN_POINT ( 'NONE',  ( -10.75000000000000000, 0.2381673509765876717, -6.106707545196424114 ) ) ;
#116 = CARTESIAN_POINT ( 'NONE',  ( -1.683296383926186746, 8.000000000000000000, 4.811147140404425926E-16 ) ) ;
#117 = CARTESIAN_POINT ( 'NONE',  ( 1.302324638552976088, 0.9298530145948856740, 7.873714103300543776 ) ) ;
#118 = VERTEX_POINT ( 'NONE', #3249 ) ;
#119 = AXIS2_PLACEMENT_3D ( 'NONE', #5208, #6345, #2200 ) ;
#120 = CARTESIAN_POINT ( 'NONE',  ( 1.440009561689682194, -0.6975289733025635819, 7.900223938755342346 ) ) ;
#121 = CARTESIAN_POINT ( 'NONE',  ( 1.457085467655528710, 0.6615062824427270227, 7.903682266665299494 ) ) ;
#122 = VERTEX_POINT ( 'NONE', #5265 ) ;
#123 = CARTESIAN_POINT ( 'NONE',  ( 1.602251988686322015, -0.5210314965953086741, 7.983058886024704037 ) ) ;
#124 = DIRECTION ( 'NONE',  ( 0.0000000000000000000, -0.7071067811865479058, -0.7071067811865471286 ) ) ;
#125 = CARTESIAN_POINT ( 'NONE',  ( -0.8426355682377717482, 7.863881418121807521, 1.469551438746178329 ) ) ;
#126 = ORIENTED_EDGE ( 'NONE', *, *, #1594, .F. ) ;
#127 = LINE ( 'NONE', #2203, #680 ) ;
#128 = DIRECTION ( 'NONE',  ( -0.0000000000000000000, 0.9510565162951539753, 0.3090169943749458414 ) ) ;
#129 = CARTESIAN_POINT ( 'NONE',  ( 0.5934298912526516645, 1.589255662491071197, 7.840582719722422489 ) ) ;
#130 = DIRECTION ( 'NONE',  ( -0.0000000000000000000, 0.3090169943749490056, 0.9510565162951529761 ) ) ;
#131 = ORIENTED_EDGE ( 'NONE', *, *, #375, .T. ) ;
#132 = ORIENTED_EDGE ( 'NONE', *, *, #3205, .T. ) ;
#133 = CARTESIAN_POINT ( 'NONE',  ( 1.589748917454422816, -0.2098532468739463808, 7.931914037394816042 ) ) ;
#134 = CARTESIAN_POINT ( 'NONE',  ( 1.202703007798978652, 7.856151050669283542, 1.055551606180936686 ) ) ;
#135 = EDGE_CURVE ( 'NONE', #689, #3165, #4803, .T. ) ;
#136 = EDGE_LOOP ( 'NONE', ( #3892, #2193, #5871, #547 ) ) ;
#137 = DIRECTION ( 'NONE',  ( -0.0000000000000000000, 0.7664508966033182213, 0.6423029060310794236 ) ) ;
#138 = CARTESIAN_POINT ( 'NONE',  ( 1.033686772891749373, 7.885519971515342341, 1.357887828914094319 ) ) ;
#139 = CARTESIAN_POINT ( 'NONE',  ( -1.167463706300312154, 1.094399147283811491, 7.850265266115772356 ) ) ;
#140 = VECTOR ( 'NONE', #2157, 1000.000000000000114 ) ;
#141 = CARTESIAN_POINT ( 'NONE',  ( 0.2614630481651163407, -1.578711167054591025, 7.758436404082008409 ) ) ;
#142 = CARTESIAN_POINT ( 'NONE',  ( -10.75000000000000000, 2.585306236626271570, 4.425305815512913910 ) ) ;
#143 = CARTESIAN_POINT ( 'NONE',  ( -1.589231617439927469, 7.980415017093303476, 0.5595993279705164802 ) ) ;
#144 = LINE ( 'NONE', #76, #4981 ) ;
#145 = DIRECTION ( 'NONE',  ( 0.0000000000000000000, -0.8477127166205126185, -0.5304556061348303375 ) ) ;
#146 = LINE ( 'NONE', #704, #4140 ) ;
#147 = ORIENTED_EDGE ( 'NONE', *, *, #6523, .F. ) ;
#148 = EDGE_CURVE ( 'NONE', #4418, #5184, #3487, .T. ) ;
#149 = CARTESIAN_POINT ( 'NONE',  ( -0.3257812314867936654, 7.761166323302284731, 1.566538334280461076 ) ) ;
#150 = CARTESIAN_POINT ( 'NONE',  ( -1.557777083045939204, -0.4218040433658436505, 3.982583414870864758 ) ) ;
#151 = DIRECTION ( 'NONE',  ( -0.0000000000000000000, -0.7071067811865483499, 0.7071067811865467956 ) ) ;
#152 = CARTESIAN_POINT ( 'NONE',  ( -3.750000000000000000, 3.394323231001218577, 3.837520563220439662 ) ) ;
#153 = ORIENTED_EDGE ( 'NONE', *, *, #6332, .T. ) ;
#154 = CARTESIAN_POINT ( 'NONE',  ( 1.397624998179087807, -0.7793153327050469370, 7.891786085771879122 ) ) ;
#155 = CARTESIAN_POINT ( 'NONE',  ( 1.202965229107841427, 1.055251657146539790, 7.856195572549731665 ) ) ;
#156 = VECTOR ( 'NONE', #5746, 1000.000000000000000 ) ;
#157 = ORIENTED_EDGE ( 'NONE', *, *, #5213, .T. ) ;
#158 = CARTESIAN_POINT ( 'NONE',  ( 0.1372561359621146115, -1.691833044404772446, 7.819060612709866298 ) ) ;
#159 = CARTESIAN_POINT ( 'NONE',  ( -3.750000000000000000, -1.114363807644300319, -5.011275984860160015 ) ) ;
#160 = ADVANCED_FACE ( 'NONE', ( #1038 ), #3074, .F. ) ;
#161 = CARTESIAN_POINT ( 'NONE',  ( 0.02671586668718018559, 7.817882861154977547, 1.697264686373377796 ) ) ;
#162 = ORIENTED_EDGE ( 'NONE', *, *, #1771, .T. ) ;
#163 = ADVANCED_FACE ( 'NONE', ( #1568, #2115 ), #2574, .T. ) ;
#164 = LINE ( 'NONE', #4233, #5891 ) ;
#165 = LINE ( 'NONE', #3257, #902 ) ;
#166 = CARTESIAN_POINT ( 'NONE',  ( -1.669668910397971828, 0.2225754273750426004, 7.997094355631471529 ) ) ;
#167 = DIRECTION ( 'NONE',  ( 0.0000000000000000000, -0.5304556061348302265, -0.8477127166205129516 ) ) ;
#168 = ORIENTED_EDGE ( 'NONE', *, *, #5666, .T. ) ;
#169 = ORIENTED_EDGE ( 'NONE', *, *, #1702, .T. ) ;
#170 = FACE_OUTER_BOUND ( 'NONE', #6409, .T. ) ;
#171 = CARTESIAN_POINT ( 'NONE',  ( 0.02539385642807406168, 7.753603853774161614, 1.600012652215191844 ) ) ;
#172 = ORIENTED_EDGE ( 'NONE', *, *, #4032, .F. ) ;
#173 = DIRECTION ( 'NONE',  ( 0.0000000000000000000, -0.06912543288578471001, 0.9976079763756667829 ) ) ;
#174 = CARTESIAN_POINT ( 'NONE',  ( 1.302202431334305466, 7.873704947229254181, -0.9297421935396473769 ) ) ;
#175 = CARTESIAN_POINT ( 'NONE',  ( -0.3970049873031624710, -1.649430735679006776, 7.828115383007960837 ) ) ;
#176 = CARTESIAN_POINT ( 'NONE',  ( -3.750000000000000000, 2.585306236626271126, 4.425305815512913021 ) ) ;
#177 = CARTESIAN_POINT ( 'NONE',  ( -1.680532484383490566, 7.999407438039205509, 0.1119621279215357312 ) ) ;
#178 = CARTESIAN_POINT ( 'NONE',  ( 0.0000000000000000000, 0.0000000000000000000, 0.0000000000000000000 ) ) ;
#179 = PLANE ( 'NONE',  #3723 ) ;
#180 = DIRECTION ( 'NONE',  ( 0.0000000000000000000, 0.0000000000000000000, 1.000000000000000000 ) ) ;
#181 = LINE ( 'NONE', #5792, #2116 ) ;
#182 = ORIENTED_EDGE ( 'NONE', *, *, #3903, .T. ) ;
#183 = CARTESIAN_POINT ( 'NONE',  ( 0.2614630481651190608, 7.758436404082007520, 1.578711167054590803 ) ) ;
#184 = LINE ( 'NONE', #5360, #3549 ) ;
#185 = CARTESIAN_POINT ( 'NONE',  ( 1.452400546471492637, 0.6721225876920288167, 7.902720173993117214 ) ) ;
#186 = ORIENTED_EDGE ( 'NONE', *, *, #5536, .F. ) ;
#187 = CARTESIAN_POINT ( 'NONE',  ( 0.6365906387046146309, -1.468141932055739840, 7.782436145915009540 ) ) ;
#188 = EDGE_CURVE ( 'NONE', #2353, #5401, #4601, .T. ) ;
#189 = CARTESIAN_POINT ( 'NONE',  ( 1.514758375282168501, -0.5159345208674279704, 7.915677506804498442 ) ) ;
#190 = EDGE_CURVE ( 'NONE', #2888, #3059, #3648, .T. ) ;
#191 = ORIENTED_EDGE ( 'NONE', *, *, #4020, .F. ) ;
#192 = CARTESIAN_POINT ( 'NONE',  ( 1.655956884185061817, 0.3059210706732450324, 7.994195267791300630 ) ) ;
#193 = CARTESIAN_POINT ( 'NONE',  ( -10.75000000000000000, 3.394323231001217689, -3.837520563220440994 ) ) ;
#194 = ORIENTED_EDGE ( 'NONE', *, *, #2638, .T. ) ;
#195 = CARTESIAN_POINT ( 'NONE',  ( 0.9772284634188971308, 3.793142463504511230, 1.271156451643857155 ) ) ;
#196 = PLANE ( 'NONE',  #3243 ) ;
#197 = AXIS2_PLACEMENT_3D ( 'NONE', #301, #1732, #5816 ) ;
#198 = LINE ( 'NONE', #723, #1810 ) ;
#199 = DIRECTION ( 'NONE',  ( 0.0000000000000000000, 0.0000000000000000000, -1.000000000000000000 ) ) ;
#200 = VERTEX_POINT ( 'NONE', #6131 ) ;
#201 = CARTESIAN_POINT ( 'NONE',  ( 0.8483760944974629847, 1.482748761270740179, 7.861870287558326176 ) ) ;
#202 = AXIS2_PLACEMENT_3D ( 'NONE', #4343, #5931, #5894 ) ;
#203 = CARTESIAN_POINT ( 'NONE',  ( 1.034889757951197531, 7.829647989618575110, -1.220526206914823497 ) ) ;
#204 = ORIENTED_EDGE ( 'NONE', *, *, #22, .F. ) ;
#205 = PRESENTATION_STYLE_ASSIGNMENT (( #2733 ) ) ;
#206 = CARTESIAN_POINT ( 'NONE',  ( 1.600005331251426632, 7.934225529782811037, -0.1047611415699399584 ) ) ;
#207 = CARTESIAN_POINT ( 'NONE',  ( -1.384380271320295952, -0.9659250414094393555, 7.941506547954165995 ) ) ;
#208 = VECTOR ( 'NONE', #4662, 1000.000000000000000 ) ;
#209 = AXIS2_PLACEMENT_3D ( 'NONE', #3175, #6130, #3105 ) ;
#210 = VECTOR ( 'NONE', #1818, 1000.000000000000000 ) ;
#211 = DIRECTION ( 'NONE',  ( 1.000000000000000000, 0.0000000000000000000, 0.0000000000000000000 ) ) ;
#212 = SHAPE_REPRESENTATION ( 'A189 Шкив GT2, O отверстия 8 мм', ( #2127, #2449, #5724, #1050 ), #1690 ) ;
#213 = CARTESIAN_POINT ( 'NONE',  ( -3.750000000000000000, 3.779854234699954851, 4.793483870668505453 ) ) ;
#214 = DIRECTION ( 'NONE',  ( 0.0000000000000000000, 0.0000000000000000000, -1.000000000000000000 ) ) ;
#215 = VECTOR ( 'NONE', #5809, 1000.000000000000000 ) ;
#216 = ORIENTED_EDGE ( 'NONE', *, *, #385, .T. ) ;
#217 = CARTESIAN_POINT ( 'NONE',  ( 1.343803225795094702, 7.881428524097587207, 0.8688325529534989267 ) ) ;
#218 = CARTESIAN_POINT ( 'NONE',  ( 1.337470095119544400, 7.933112125725602759, -1.036506563915967627 ) ) ;
#219 = CARTESIAN_POINT ( 'NONE',  ( -0.8096298332729264802, 1.380476565290627899, 7.800191884964425171 ) ) ;
#220 = EDGE_CURVE ( 'NONE', #4173, #3863, #1604, .T. ) ;
#221 = CARTESIAN_POINT ( 'NONE',  ( -0.8057545524780208579, 3.752637283315750416, -1.386160724663122013 ) ) ;
#222 = CARTESIAN_POINT ( 'NONE',  ( 0.5145030482455298371, -1.515245535177166314, 7.772434921178118294 ) ) ;
#223 = ADVANCED_FACE ( 'NONE', ( #3616 ), #6232, .F. ) ;
#224 = CARTESIAN_POINT ( 'NONE',  ( 1.596752486590892639, -0.1052346404164041932, 7.933499357990158707 ) ) ;
#225 = VERTEX_POINT ( 'NONE', #4666 ) ;
#226 = B_SPLINE_CURVE_WITH_KNOTS ( 'NONE', 3,
 ( #1240, #206, #4303, #5319, #5857, #2178, #5351, #799, #4210, #6226, #1662, #1174, #3203, #2704, #4729, #2211, #174, #830, #3399, #365, #1968, #3880, #3502, #4434, #4983, #1904, #2439, #3972, #3941, #2473, #5482, #2409, #2961, #5418, #5381, #2928, #396, #6457, #5957, #4404, #1401, #1841, #2375, #4498, #1873, #5889, #4007, #865, #5452, #1432, #6524, #1336, #1365, #3365, #2864, #2896, #432, #4889, #3468, #1938, #3431, #4375, #6020, #4467, #6427, #4918 ),
 .UNSPECIFIED., .F., .F.,
 ( 4, 2, 2, 2, 2, 2, 1, 2, 2, 1, 2, 2, 1, 2, 2, 1, 2, 2, 2, 2, 1, 1, 2, 2, 1, 1, 2, 2, 1, 2, 2, 1, 2, 2, 2, 2, 2, 4 ),
 ( 0.5000000000000000000, 0.5312404632562114370, 0.5624809265124228741, 0.5702910423264757611, 0.5781011581405285371, 0.5820062160475549806, 0.5859112739545813131, 0.5937213897686340891, 0.5976264476756605326, 0.6015315055826868651, 0.6093416213967397521, 0.6112941503502530294, 0.6132466793037663066, 0.6171517372107927502, 0.6191042661643060274, 0.6210567951178191937, 0.6249618530248457482, 0.6288669109318723027, 0.6327719688388987462, 0.6337482333156554404, 0.6347244977924121345, 0.6366770267459256338, 0.6405820846529525214, 0.6425346136064660207, 0.6444871425599795201, 0.6483922004670065187, 0.6562023162810605159, 0.6601073741880875145, 0.6640124320951145132, 0.6718225479091686214, 0.6757276058161956200, 0.6796326637232226187, 0.6874427795372766159, 0.6952528953513306131, 0.7030630111653846104, 0.7186832427934927159, 0.7343034744216008214, 0.7499237060497088159 ),
 .UNSPECIFIED. ) ;
#227 = CARTESIAN_POINT ( 'NONE',  ( 1.645121438588859286, 0.3604884119372326334, 7.991920533161949614 ) ) ;
#228 = LINE ( 'NONE', #2265, #2853 ) ;
#229 = SURFACE_STYLE_FILL_AREA ( #3830 ) ;
#230 = CARTESIAN_POINT ( 'NONE',  ( 1.575147863334978471, 7.977571886588758154, -0.5991898403920260519 ) ) ;
#231 = VERTEX_POINT ( 'NONE', #5656 ) ;
#232 = DIRECTION ( 'NONE',  ( 1.000000000000000000, -0.0000000000000000000, -0.0000000000000000000 ) ) ;
#233 = CARTESIAN_POINT ( 'NONE',  ( -3.750000000000000000, -0.5118326490234108572, 5.106707545196424114 ) ) ;
#234 = CARTESIAN_POINT ( 'NONE',  ( -1.683296388627751217, 0.05623693390391941438, 8.000000001264204741 ) ) ;
#235 = CARTESIAN_POINT ( 'NONE',  ( -0.9954946740067126543, 1.252863665854124120, 7.823992505060243907 ) ) ;
#236 = LINE ( 'NONE', #2274, #2656 ) ;
#237 = EDGE_CURVE ( 'NONE', #225, #2307, #4086, .T. ) ;
#238 = CARTESIAN_POINT ( 'NONE',  ( 1.596752486590892861, 7.933499357990158707, 0.1052346404164039295 ) ) ;
#239 = EDGE_CURVE ( 'NONE', #2223, #5040, #4185, .T. ) ;
#240 = CARTESIAN_POINT ( 'NONE',  ( -1.512054043361788169, 7.965045637173671977, 0.7541838658676712770 ) ) ;
#241 = CARTESIAN_POINT ( 'NONE',  ( -1.026025122297459680, -1.345798585812993275, 7.886007036920076985 ) ) ;
#242 = LINE ( 'NONE', #2674, #208 ) ;
#243 = CARTESIAN_POINT ( 'NONE',  ( 0.0000000000000000000, 0.0000000000000000000, 0.0000000000000000000 ) ) ;
#244 = LINE ( 'NONE', #1279, #6154 ) ;
#245 = DIRECTION ( 'NONE',  ( 0.0000000000000000000, -1.000000000000000000, 0.0000000000000000000 ) ) ;
#246 = ORIENTED_EDGE ( 'NONE', *, *, #4986, .T. ) ;
#247 = CARTESIAN_POINT ( 'NONE',  ( 1.440009561689682638, 7.900223938755340569, 0.6975289733025622496 ) ) ;
#248 = CARTESIAN_POINT ( 'NONE',  ( -1.523491480836761003, 7.917534261866140177, 0.4895205726673907409 ) ) ;
#249 = CARTESIAN_POINT ( 'NONE',  ( 0.2086072132654076261, 1.589902796292399501, 7.755936873696262168 ) ) ;
#250 = CARTESIAN_POINT ( 'NONE',  ( -10.75000000000000000, 3.825687914197028139, -3.406155880024630545 ) ) ;
#251 = CARTESIAN_POINT ( 'NONE',  ( 0.1303771475525168921, 1.594899209050382183, 7.754770334353034755 ) ) ;
#252 = CARTESIAN_POINT ( 'NONE',  ( 1.034889757951199085, 1.220526206914822387, 7.829647989618576887 ) ) ;
#253 = ORIENTED_EDGE ( 'NONE', *, *, #1170, .F. ) ;
#254 = CARTESIAN_POINT ( 'NONE',  ( 1.532941686734916820, 0.7017139842300086361, 7.969205455666915405 ) ) ;
#255 = CARTESIAN_POINT ( 'NONE',  ( -10.75000000000000000, -6.118540194219835193, -0.2499999999999992506 ) ) ;
#256 = LINE ( 'NONE', #2296, #2040 ) ;
#257 = CARTESIAN_POINT ( 'NONE',  ( 1.544142374775240079, 7.971405326124079593, -0.6762827310032980543 ) ) ;
#258 = ORIENTED_EDGE ( 'NONE', *, *, #2096, .F. ) ;
#259 = CARTESIAN_POINT ( 'NONE',  ( 1.056941479535957740, 3.814736870559257920, 1.205654297603272473 ) ) ;
#260 = LINE ( 'NONE', #233, #1436 ) ;
#261 = VECTOR ( 'NONE', #328, 1000.000000000000000 ) ;
#262 = LINE ( 'NONE', #1161, #632 ) ;
#263 = CARTESIAN_POINT ( 'NONE',  ( -0.5161372435369083744, -1.514689488759075831, 7.772554910356550550 ) ) ;
#264 = CARTESIAN_POINT ( 'NONE',  ( -0.05317119140275126249, 1.599972907965176327, 7.753612960569856938 ) ) ;
#265 = ORIENTED_EDGE ( 'NONE', *, *, #3708, .F. ) ;
#266 = ORIENTED_EDGE ( 'NONE', *, *, #5630, .T. ) ;
#267 = CARTESIAN_POINT ( 'NONE',  ( 1.600001335168300898, 7.934223914779707343, -0.02620453326175250716 ) ) ;
#268 = AXIS2_PLACEMENT_3D ( 'NONE', #6219, #2789, #4814 ) ;
#269 = CARTESIAN_POINT ( 'NONE',  ( -10.75000000000000000, 0.2381673509765876717, -6.106707545196424114 ) ) ;
#270 = CARTESIAN_POINT ( 'NONE',  ( 1.672100932531771722, 7.997585061910367443, 0.2246592905628433667 ) ) ;
#271 = CARTESIAN_POINT ( 'NONE',  ( 0.2750748771916629032, -1.674668453474628116, 7.822755474321690272 ) ) ;
#272 = EDGE_CURVE ( 'NONE', #1093, #2242, #1180, .T. ) ;
#273 = CARTESIAN_POINT ( 'NONE',  ( 0.7119728560632005987, -1.436676304724825659, 3.733341109084418630 ) ) ;
#274 = DIRECTION ( 'NONE',  ( 1.000000000000000000, 0.0000000000000000000, 0.0000000000000000000 ) ) ;
#275 = PLANE ( 'NONE',  #2971 ) ;
#276 = LINE ( 'NONE', #5827, #3389 ) ;
#277 = ADVANCED_FACE ( 'NONE', ( #2608 ), #6199, .F. ) ;
#278 = VERTEX_POINT ( 'NONE', #4631 ) ;
#279 = CARTESIAN_POINT ( 'NONE',  ( 1.167569494914370676, 7.850282602622940864, 1.094287518702901307 ) ) ;
#280 = CARTESIAN_POINT ( 'NONE',  ( 1.683301200723111624, 8.000002410956243537, -0.2233515524305166033 ) ) ;
#281 = CARTESIAN_POINT ( 'NONE',  ( 0.7987991527126987457, 1.386390776536986724, 7.799009379258472485 ) ) ;
#282 = CARTESIAN_POINT ( 'NONE',  ( -0.4190389926759007788, 3.688486735885947443, 1.547765705102797984 ) ) ;
#283 = CARTESIAN_POINT ( 'NONE',  ( -0.2611758205752901518, 1.579414728068166074, 7.758284648223978230 ) ) ;
#284 = CARTESIAN_POINT ( 'NONE',  ( -10.75000000000000000, 3.825687914197029471, 3.406155880024629656 ) ) ;
#285 = ORIENTED_EDGE ( 'NONE', *, *, #1910, .F. ) ;
#286 = ORIENTED_EDGE ( 'NONE', *, *, #3573, .T. ) ;
#287 = CARTESIAN_POINT ( 'NONE',  ( 1.456940643580136197, 0.8505371508161455596, 7.954694076446137352 ) ) ;
#288 = DIRECTION ( 'NONE',  ( -0.0000000000000000000, -0.5877852522924721379, -0.8090169943749481174 ) ) ;
#289 = CARTESIAN_POINT ( 'NONE',  ( 1.037737335820536400, 7.830081675769413607, 1.217950968132611500 ) ) ;
#290 = CARTESIAN_POINT ( 'NONE',  ( 1.428617180992299174, 7.949469678124005512, -0.8980552167233493144 ) ) ;
#291 = ORIENTED_EDGE ( 'NONE', *, *, #3327, .F. ) ;
#292 = LINE ( 'NONE', #5912, #470 ) ;
#293 = CARTESIAN_POINT ( 'NONE',  ( -10.75000000000000000, 4.690426341461801485, -2.053587674916043326 ) ) ;
#294 = CARTESIAN_POINT ( 'NONE',  ( -1.423245085904376594, -0.7311295468024758826, 7.896860163784701570 ) ) ;
#295 = CARTESIAN_POINT ( 'NONE',  ( 1.219748657271866321, -1.035804641735421416, 7.859061771573607302 ) ) ;
#296 = CARTESIAN_POINT ( 'NONE',  ( 0.6247218222950220445, 1.473057191473110539, 7.781402493946309562 ) ) ;
#297 = ORIENTED_EDGE ( 'NONE', *, *, #943, .T. ) ;
#298 = DIRECTION ( 'NONE',  ( 1.000000000000000000, -0.0000000000000000000, -0.0000000000000000000 ) ) ;
#299 = CARTESIAN_POINT ( 'NONE',  ( 1.088425304837426388, 7.894509664003901861, 1.295002947431496576 ) ) ;
#300 = CARTESIAN_POINT ( 'NONE',  ( 1.167901938636531689, 7.850337421487519229, -1.093931646555537540 ) ) ;
#301 = CARTESIAN_POINT ( 'NONE',  ( -10.75000000000000000, -5.023108633883571983, 1.102531158620888574 ) ) ;
#302 = EDGE_CURVE ( 'NONE', #4325, #2223, #5690, .T. ) ;
#303 = VECTOR ( 'NONE', #5888, 1000.000000000000114 ) ;
#304 = DIRECTION ( 'NONE',  ( -0.0000000000000000000, 0.7664508966033182213, 0.6423029060310794236 ) ) ;
#305 = CARTESIAN_POINT ( 'NONE',  ( -0.2202664969594895772, -1.683570812049505427, 7.820845241322555985 ) ) ;
#306 = LINE ( 'NONE', #1144, #1619 ) ;
#307 = EDGE_CURVE ( 'NONE', #2702, #2262, #1539, .T. ) ;
#308 = FACE_OUTER_BOUND ( 'NONE', #2824, .T. ) ;
#309 = VECTOR ( 'NONE', #2182, 1000.000000000000000 ) ;
#310 = VECTOR ( 'NONE', #111, 999.9999999999998863 ) ;
#311 = CARTESIAN_POINT ( 'NONE',  ( 1.357774478543272156, 7.884080387683995994, 0.8468354339975494582 ) ) ;
#312 = VECTOR ( 'NONE', #4532, 1000.000000000000000 ) ;
#313 = ADVANCED_FACE ( 'NONE', ( #3176 ), #5194, .F. ) ;
#314 = CARTESIAN_POINT ( 'NONE',  ( -1.186740155982707101, 7.853484733091699255, 1.073151195810980285 ) ) ;
#315 = CARTESIAN_POINT ( 'NONE',  ( -0.9768413948319719653, 1.267326792916012801, 7.821404839956099586 ) ) ;
#316 = CARTESIAN_POINT ( 'NONE',  ( -1.557288841316535555, 3.982411202829487351, -0.4224608576071848809 ) ) ;
#317 = EDGE_CURVE ( 'NONE', #4440, #5693, #4702, .T. ) ;
#318 = VECTOR ( 'NONE', #2825, 1000.000000000000000 ) ;
#319 = CARTESIAN_POINT ( 'NONE',  ( 1.467731899879565205, 0.6375322215605651044, 7.905864049682176820 ) ) ;
#320 = DIRECTION ( 'NONE',  ( 0.0000000000000000000, 0.3740200118118315320, 0.9274206331348670007 ) ) ;
#321 = EDGE_LOOP ( 'NONE', ( #1953, #5127, #5647, #2308 ) ) ;
#322 = ORIENTED_EDGE ( 'NONE', *, *, #2869, .F. ) ;
#323 = CARTESIAN_POINT ( 'NONE',  ( 0.2202468041401592913, 1.682891937721446851, 7.820990498073606467 ) ) ;
#324 = DIRECTION ( 'NONE',  ( -0.0000000000000000000, -0.9976079763756667829, -0.06912543288578471001 ) ) ;
#325 = CARTESIAN_POINT ( 'NONE',  ( 1.271454844935828943, 7.868127609882739293, 0.9716368654830366269 ) ) ;
#326 = CARTESIAN_POINT ( 'NONE',  ( -0.5168114931098528597, 7.835188193139070556, -1.615516778837788436 ) ) ;
#327 = ORIENTED_EDGE ( 'NONE', *, *, #387, .T. ) ;
#328 = DIRECTION ( 'NONE',  ( 1.000000000000000000, -0.0000000000000000000, -0.0000000000000000000 ) ) ;
#329 = CARTESIAN_POINT ( 'NONE',  ( -0.8081903806787316125, 1.396467345265909543, 3.749308272818045129 ) ) ;
#330 = CARTESIAN_POINT ( 'NONE',  ( -0.4410724914404889341, 1.538227075705415059, 7.767435384574721269 ) ) ;
#331 = ORIENTED_EDGE ( 'NONE', *, *, #2982, .F. ) ;
#332 = ORIENTED_EDGE ( 'NONE', *, *, #2998, .F. ) ;
#333 = DIRECTION ( 'NONE',  ( -0.0000000000000000000, -0.8910065241883676768, 0.4539904997395471931 ) ) ;
#334 = CARTESIAN_POINT ( 'NONE',  ( 1.150079886621010461, 7.903393453610481068, 1.239648463694109415 ) ) ;
#335 = CARTESIAN_POINT ( 'NONE',  ( 0.1831083114362685726, 7.755949908919270719, -1.589708595217294906 ) ) ;
#336 = PLANE ( 'NONE',  #1569 ) ;
#337 = PLANE ( 'NONE',  #5783 ) ;
#338 = APPLICATION_CONTEXT ( 'automotive_design' ) ;
#339 = CARTESIAN_POINT ( 'NONE',  ( 1.677828026418871188, -0.1395292220155668617, 7.998831596558373391 ) ) ;
#340 = CARTESIAN_POINT ( 'NONE',  ( 1.489968617578108612, 7.960921046544278568, 0.7898663520167034102 ) ) ;
#341 = DIRECTION ( 'NONE',  ( -0.0000000000000000000, -0.2425356250363331634, -0.9701425001453318764 ) ) ;
#342 = ORIENTED_EDGE ( 'NONE', *, *, #2357, .T. ) ;
#343 = CARTESIAN_POINT ( 'NONE',  ( -10.75000000000000000, 3.779854234699954851, 4.793483870668506341 ) ) ;
#344 = ORIENTED_EDGE ( 'NONE', *, *, #1076, .F. ) ;
#345 = CARTESIAN_POINT ( 'NONE',  ( 1.594802239168796376, 7.933064820007173168, 0.1315342989050238554 ) ) ;
#346 =( LENGTH_UNIT ( ) NAMED_UNIT ( * ) SI_UNIT ( .MILLI., .METRE. ) );
#347 = CARTESIAN_POINT ( 'NONE',  ( -0.9838656070479046001, 3.793168346040135752, 1.278875717711950522 ) ) ;
#348 = CARTESIAN_POINT ( 'NONE',  ( 0.9945351660571219998, 1.253627078112971249, 7.823857231236557297 ) ) ;
#349 = PLANE ( 'NONE',  #1276 ) ;
#350 = ORIENTED_EDGE ( 'NONE', *, *, #4072, .T. ) ;
#351 = ORIENTED_EDGE ( 'NONE', *, *, #765, .F. ) ;
#352 = CARTESIAN_POINT ( 'NONE',  ( -1.565088641669497127, 0.6254199493327391446, 7.975557245943150519 ) ) ;
#353 = DIRECTION ( 'NONE',  ( -1.000000000000000000, -0.0000000000000000000, -0.0000000000000000000 ) ) ;
#354 = CARTESIAN_POINT ( 'NONE',  ( 0.4145784955075746403, 7.765819729594640286, 1.545576125961537928 ) ) ;
#355 = CARTESIAN_POINT ( 'NONE',  ( 0.4365307423053113034, 7.830087774945106105, -1.640120612744466522 ) ) ;
#356 = CARTESIAN_POINT ( 'NONE',  ( 0.7702315623831469393, 7.856327301964181054, -1.509403668207285110 ) ) ;
#357 = VERTEX_POINT ( 'NONE', #5730 ) ;
#358 = LINE ( 'NONE', #5474, #5088 ) ;
#359 = CARTESIAN_POINT ( 'NONE',  ( -0.5894876962976776102, 1.487676779896044188, 7.778328938131140902 ) ) ;
#360 = CARTESIAN_POINT ( 'NONE',  ( 1.599999997929808515, 7.934223616317661154, 8.139172442686390819E-05 ) ) ;
#361 = CARTESIAN_POINT ( 'NONE',  ( 0.9808823077887894870, 7.880064295455939671, 1.380418907124768113 ) ) ;
#362 = CARTESIAN_POINT ( 'NONE',  ( -0.5160580229647259154, 7.772549138307006444, -1.514716206760541306 ) ) ;
#363 = DIRECTION ( 'NONE',  ( 1.000000000000000000, -0.0000000000000000000, -0.0000000000000000000 ) ) ;
#364 = VECTOR ( 'NONE', #2312, 1000.000000000000000 ) ;
#365 = CARTESIAN_POINT ( 'NONE',  ( 1.232177790414469065, 7.861224769860133854, -1.020680793292939148 ) ) ;
#366 = CARTESIAN_POINT ( 'NONE',  ( 1.335425771786959093, -1.034727644054013851, 7.932918413805058577 ) ) ;
#367 = CIRCLE ( 'NONE', #4309, 8.000000000000000000 ) ;
#368 = CARTESIAN_POINT ( 'NONE',  ( 1.655956884185061595, 7.994195267791302406, -0.3059210706732484741 ) ) ;
#369 = DIRECTION ( 'NONE',  ( 0.6479361632942985949, -0.4004465714560787037, 0.6479361632942982618 ) ) ;
#370 = CARTESIAN_POINT ( 'NONE',  ( -3.750000000000000000, 0.4881673509765878660, -5.106707545196424114 ) ) ;
#371 = B_SPLINE_CURVE_WITH_KNOTS ( 'NONE', 3,
 ( #395, #5451, #1462, #4888, #1840 ),
 .UNSPECIFIED., .F., .F.,
 ( 4, 1, 4 ),
 ( 0.5000000000000000000, 0.5000040421092690757, 0.5000080842185381513 ),
 .UNSPECIFIED. ) ;
#372 = SURFACE_SIDE_STYLE ('',( #1880 ) ) ;
#373 = CARTESIAN_POINT ( 'NONE',  ( -1.219640146368209166, 7.859042885090952169, -1.035936342779071095 ) ) ;
#374 = CARTESIAN_POINT ( 'NONE',  ( -0.6377963252697077534, 7.782543306767966129, -1.467629708690735946 ) ) ;
#375 = EDGE_CURVE ( 'NONE', #5040, #3765, #2710, .T. ) ;
#376 = FACE_OUTER_BOUND ( 'NONE', #48, .T. ) ;
#377 = ORIENTED_EDGE ( 'NONE', *, *, #2234, .T. ) ;
#378 = ORIENTED_EDGE ( 'NONE', *, *, #1002, .F. ) ;
#379 = CARTESIAN_POINT ( 'NONE',  ( -0.9129337315084542492, 1.426020022774204588, 7.871881908730206767 ) ) ;
#380 = PLANE ( 'NONE',  #4865 ) ;
#381 = CARTESIAN_POINT ( 'NONE',  ( 1.178614582299966518, 7.852129245638274746, 1.082081117339031895 ) ) ;
#382 = CARTESIAN_POINT ( 'NONE',  ( 0.9807216570957113522, 7.880144860085834146, -1.379708470817822441 ) ) ;
#383 = CARTESIAN_POINT ( 'NONE',  ( -1.265136405037657674, 7.921251109497127629, -1.119915124371039683 ) ) ;
#384 = VERTEX_POINT ( 'NONE', #4248 ) ;
#385 = EDGE_CURVE ( 'NONE', #1654, #3965, #5761, .T. ) ;
#386 = CARTESIAN_POINT ( 'NONE',  ( -1.548023427355835313, 0.4179341982289773716, 3.979449071756833600 ) ) ;
#387 = EDGE_CURVE ( 'NONE', #1446, #4860, #3891, .T. ) ;
#388 = ORIENTED_EDGE ( 'NONE', *, *, #237, .T. ) ;
#389 = CARTESIAN_POINT ( 'NONE',  ( -1.047613776748222980, -1.328779939344300720, 7.888894687341790224 ) ) ;
#390 = ORIENTED_EDGE ( 'NONE', *, *, #682, .T. ) ;
#391 = CARTESIAN_POINT ( 'NONE',  ( 1.628904223328412337, 0.4421166507198072138, 7.988516695365644793 ) ) ;
#393 = ORIENTED_EDGE ( 'NONE', *, *, #1597, .F. ) ;
#392 = CARTESIAN_POINT ( 'NONE',  ( 1.575063062967654748, 7.977554852271078190, 0.5994174729450478800 ) ) ;
#394 = CARTESIAN_POINT ( 'NONE',  ( 0.2614087918340598504, 7.758434355311356612, -1.578720264387469374 ) ) ;
#395 = CARTESIAN_POINT ( 'NONE',  ( 1.599999997929808515, -8.139172442783256152E-05, 7.934223616317662930 ) ) ;
#396 = CARTESIAN_POINT ( 'NONE',  ( 1.055889709644845187, 7.832775885927137693, -1.202157099134256724 ) ) ;
#397 = CARTESIAN_POINT ( 'NONE',  ( 0.8895263441762480960, -1.441178583814944680, 7.869130423020953558 ) ) ;
#398 = B_SPLINE_CURVE_WITH_KNOTS ( 'NONE', 3,
 ( #4191, #1844, #3686, #4855, #2683, #4339, #3911, #1184, #645, #1109, #5322, #5859, #273, #2156, #3337, #5735, #3882, #6361, #767, #6204, #4826, #2832, #5162, #5354, #1809, #4221, #4708, #150, #5695, #803 ),
 .UNSPECIFIED., .F., .F.,
 ( 4, 2, 2, 2, 2, 2, 2, 2, 2, 2, 2, 2, 2, 2, 4 ),
 ( 0.005055824847955569037, 0.005371606524107213482, 0.005687388200258857926, 0.006003169876410503238, 0.006318951552562146814, 0.006634733228713791259, 0.006950514904865435703, 0.007266296581017079280, 0.007582078257168722857, 0.008213641609472011745, 0.008529423285623654455, 0.008845204961775300634, 0.009160986637926943343, 0.009476768314078587788, 0.01010833166638187668 ),
 .UNSPECIFIED. ) ;
#399 = CARTESIAN_POINT ( 'NONE',  ( 0.5152257423005471848, 7.835082489285964513, 1.616028935951841161 ) ) ;
#400 = DIRECTION ( 'NONE',  ( 0.0000000000000000000, -0.5304556061348300045, -0.8477127166205129516 ) ) ;
#401 = PLANE ( 'NONE',  #3512 ) ;
#402 = VECTOR ( 'NONE', #3177, 999.9999999999998863 ) ;
#403 = VECTOR ( 'NONE', #2599, 1000.000000000000000 ) ;
#404 = DIRECTION ( 'NONE',  ( -0.0000000000000000000, -0.4539904997395473596, -0.8910065241883675657 ) ) ;
#405 = CARTESIAN_POINT ( 'NONE',  ( 0.1303771475525161150, 7.754770334353031203, -1.594899209050381961 ) ) ;
#406 = VECTOR ( 'NONE', #6183, 1000.000000000000114 ) ;
#407 = CARTESIAN_POINT ( 'NONE',  ( -1.279531975959798951, 7.869588881598954089, 0.9607132764479058284 ) ) ;
#408 = CYLINDRICAL_SURFACE ( 'NONE', #1580, 1.600000000000000089 ) ;
#409 = CARTESIAN_POINT ( 'NONE',  ( -0.4912589240840893878, 7.770765956860397061, -1.522953426554798373 ) ) ;
#410 = CONICAL_SURFACE ( 'NONE', #3501, 1.900000000000004130, 0.7853981633974482790 ) ;
#411 = CARTESIAN_POINT ( 'NONE',  ( 0.1000000000000000472, -0.7500000000000000000, -1.000000000000000000 ) ) ;
#412 = VECTOR ( 'NONE', #3414, 1000.000000000000000 ) ;
#413 = VECTOR ( 'NONE', #2833, 1000.000000000000000 ) ;
#414 = EDGE_LOOP ( 'NONE', ( #4560, #824, #4257, #1217 ) ) ;
#415 = ORIENTED_EDGE ( 'NONE', *, *, #2921, .T. ) ;
#416 = CARTESIAN_POINT ( 'NONE',  ( -1.265136405037655232, 1.119915124371039017, 7.921251109497127629 ) ) ;
#417 = EDGE_CURVE ( 'NONE', #4232, #2979, #4904, .T. ) ;
#418 = LINE ( 'NONE', #4060, #5609 ) ;
#419 = CARTESIAN_POINT ( 'NONE',  ( 1.294622407534806063, 7.872320227790478242, 0.9402774735033831988 ) ) ;
#420 = CARTESIAN_POINT ( 'NONE',  ( 0.1371646131386006773, 7.819059012103283024, -1.691840437697974320 ) ) ;
#421 = DIRECTION ( 'NONE',  ( 0.0000000000000000000, -0.2425356250363329969, 0.9701425001453319874 ) ) ;
#422 = ORIENTED_EDGE ( 'NONE', *, *, #62, .F. ) ;
#423 = VECTOR ( 'NONE', #3588, 1000.000000000000114 ) ;
#424 = ADVANCED_FACE ( 'NONE', ( #1951 ), #5838, .F. ) ;
#425 = CARTESIAN_POINT ( 'NONE',  ( -0.1066144136263545011, 1.599935325257619390, 3.666088782330114704 ) ) ;
#426 = ORIENTED_EDGE ( 'NONE', *, *, #6026, .F. ) ;
#427 = CARTESIAN_POINT ( 'NONE',  ( -0.9135619866789248533, -1.425815090439970900, 7.871931126956037694 ) ) ;
#428 = LINE ( 'NONE', #2469, #6372 ) ;
#429 = CARTESIAN_POINT ( 'NONE',  ( 1.618241510971590413, 7.986337123251372461, 0.4681050455045882575 ) ) ;
#430 = CARTESIAN_POINT ( 'NONE',  ( -1.149497642161826816, 7.847328003225570114, -1.113252624021642045 ) ) ;
#431 = DIRECTION ( 'NONE',  ( 0.0000000000000000000, 0.9274206331348668897, -0.3740200118118316430 ) ) ;
#432 = CARTESIAN_POINT ( 'NONE',  ( 0.5635514411871891394, 7.776199598722040918, -1.497696244675821298 ) ) ;
#433 = UNCERTAINTY_MEASURE_WITH_UNIT (LENGTH_MEASURE( 1.000000000000000082E-05 ), #1075, 'distance_accuracy_value', 'NONE');
#434 = CARTESIAN_POINT ( 'NONE',  ( 1.150079886621008463, -1.239648463694112523, 7.903393453610481956 ) ) ;
#435 = EDGE_CURVE ( 'NONE', #1084, #3730, #2842, .T. ) ;
#436 = CARTESIAN_POINT ( 'NONE',  ( 0.7452778561835591287, 7.853877338375293782, 1.522090668353601961 ) ) ;
#437 = LINE ( 'NONE', #2534, #3652 ) ;
#438 = AXIS2_PLACEMENT_3D ( 'NONE', #1055, #617, #4643 ) ;
#439 = CARTESIAN_POINT ( 'NONE',  ( -3.750000000000000000, -5.118540194219836081, 0.5000000000000006661 ) ) ;
#440 = CARTESIAN_POINT ( 'NONE',  ( -1.359340210743541499, -0.8455252255004120920, 7.884334226354445363 ) ) ;
#441 = ADVANCED_FACE ( 'NONE', ( #1820 ), #5334, .F. ) ;
#442 = CARTESIAN_POINT ( 'NONE',  ( -0.2093445742537683729, 7.756541311737218614, -1.587105917560921897 ) ) ;
#443 = FILL_AREA_STYLE_COLOUR ( '', #1415 ) ;
#444 = DIRECTION ( 'NONE',  ( -0.0000000000000000000, -0.8910065241883681209, -0.4539904997395463049 ) ) ;
#445 = CARTESIAN_POINT ( 'NONE',  ( -1.024267368123737088, 7.828128588143330902, -1.229192245380976489 ) ) ;
#446 = PLANE ( 'NONE',  #1005 ) ;
#447 = CARTESIAN_POINT ( 'NONE',  ( -3.750000000000000000, 5.873245603538165938, 1.649312282069624214 ) ) ;
#448 = VERTEX_POINT ( 'NONE', #3862 ) ;
#449 = CARTESIAN_POINT ( 'NONE',  ( -0.7456193999587440446, 1.522668838637763589, 7.853800735061082783 ) ) ;
#450 = CARTESIAN_POINT ( 'NONE',  ( -1.600000000000000089, 7.934223616779730648, 2.879912020664621153E-16 ) ) ;
#451 = PLANE ( 'NONE',  #6192 ) ;
#452 = CARTESIAN_POINT ( 'NONE',  ( -0.05593929638601903565, 7.817892043447918660, -1.697222526386739538 ) ) ;
#453 = CARTESIAN_POINT ( 'NONE',  ( -1.640088738270712332, 7.990863635255892383, -0.3860790443614156020 ) ) ;
#454 = ORIENTED_EDGE ( 'NONE', *, *, #6194, .F. ) ;
#455 = CARTESIAN_POINT ( 'NONE',  ( -0.3773595581566492885, -1.554919552163733343, 7.763752243342311843 ) ) ;
#456 = VERTEX_POINT ( 'NONE', #3955 ) ;
#457 = CARTESIAN_POINT ( 'NONE',  ( -0.6960129794967712114, -1.545615594093716849, 7.849281375442173747 ) ) ;
#458 = CARTESIAN_POINT ( 'NONE',  ( -3.750000000000000000, 4.999443335836749824, 1.102531158620888352 ) ) ;
#460 = ORIENTED_EDGE ( 'NONE', *, *, #417, .F. ) ;
#459 = CARTESIAN_POINT ( 'NONE',  ( 1.645121438588859508, 7.991920533161947837, -0.3604884119372346318 ) ) ;
#461 = CARTESIAN_POINT ( 'NONE',  ( -1.344639851525537999, 7.881586391505440048, -0.8675402588909505441 ) ) ;
#462 = CARTESIAN_POINT ( 'NONE',  ( -3.736410698672603652E-15, 2.388061258337341601E-16, 1.900000000000003908 ) ) ;
#463 = DIRECTION ( 'NONE',  ( 0.0000000000000000000, 0.7664508966033178883, -0.6423029060310797567 ) ) ;
#464 = CARTESIAN_POINT ( 'NONE',  ( 1.514976805007114180, -0.7399262077519404013, 7.965718457490926774 ) ) ;
#465 = CARTESIAN_POINT ( 'NONE',  ( 1.496361137238630956, 7.962140139069626699, 0.7774840724287042093 ) ) ;
#466 = CARTESIAN_POINT ( 'NONE',  ( -1.514899248750716687, 7.915711413132116014, 0.5150285149473666779 ) ) ;
#467 = LINE ( 'NONE', #1439, #312 ) ;
#468 = ADVANCED_FACE ( 'NONE', ( #6374 ), #5398, .F. ) ;
#469 = CARTESIAN_POINT ( 'NONE',  ( 1.397795325331279814, 0.7790104296368282055, 7.891819465132954292 ) ) ;
#470 = VECTOR ( 'NONE', #6383, 1000.000000000000000 ) ;
#471 = CARTESIAN_POINT ( 'NONE',  ( -1.457007973527203459, -0.6616707282086495834, 7.903666549730986368 ) ) ;
#472 = CARTESIAN_POINT ( 'NONE',  ( 0.8456965995069528619, 7.804452576205350489, -1.358483222393294554 ) ) ;
#473 =( NAMED_UNIT ( * ) PLANE_ANGLE_UNIT ( ) SI_UNIT ( $, .RADIAN. ) );
#474 = CARTESIAN_POINT ( 'NONE',  ( -1.080519759598447482, 7.836495920742738264, -1.180034657958511035 ) ) ;
#475 = LINE ( 'NONE', #3518, #2706 ) ;
#476 = ADVANCED_FACE ( 'NONE', ( #2811 ), #349, .F. ) ;
#477 = FILL_AREA_STYLE_COLOUR ( '', #6483 ) ;
#478 = ORIENTED_EDGE ( 'NONE', *, *, #6463, .T. ) ;
#479 = DIRECTION ( 'NONE',  ( -0.0000000000000000000, -0.9976079763756667829, -0.06912543288578471001 ) ) ;
#480 = CARTESIAN_POINT ( 'NONE',  ( -10.75000000000000000, 3.375345737512479349, -5.087376496814743021 ) ) ;
#481 = CARTESIAN_POINT ( 'NONE',  ( -10.75000000000000000, 3.394323231001217689, -3.837520563220440994 ) ) ;
#482 = CARTESIAN_POINT ( 'NONE',  ( -0.5429241274703865416, 7.836985206082867528, -1.606783748898968467 ) ) ;
#483 = CARTESIAN_POINT ( 'NONE',  ( 0.3484519974999743530, -0.9722222222222244303, -8.673617379884035472E-16 ) ) ;
#484 = ORIENTED_EDGE ( 'NONE', *, *, #964, .F. ) ;
#485 = CARTESIAN_POINT ( 'NONE',  ( 1.386599578091992635, 0.8050974331191486089, 3.919143182282331495 ) ) ;
#486 = ORIENTED_EDGE ( 'NONE', *, *, #3870, .F. ) ;
#487 = CARTESIAN_POINT ( 'NONE',  ( -0.3970049873031624710, -1.649430735679006776, 7.828115383007960837 ) ) ;
#488 = CARTESIAN_POINT ( 'NONE',  ( -10.75000000000000000, 5.718737106350690880, -2.124840540217202367 ) ) ;
#489 = CARTESIAN_POINT ( 'NONE',  ( 1.682618123201219840, 7.999854824600516778, -0.05567891278768546254 ) ) ;
#490 = CARTESIAN_POINT ( 'NONE',  ( -1.589231617439927469, 7.980415017093303476, 0.5595993279705164802 ) ) ;
#491 = LINE ( 'NONE', #3056, #2072 ) ;
#492 = DIRECTION ( 'NONE',  ( 0.0000000000000000000, 0.2425356250363329136, -0.9701425001453319874 ) ) ;
#493 = CARTESIAN_POINT ( 'NONE',  ( 0.1371646131386011491, 1.691840437697972543, 7.819059012103284800 ) ) ;
#494 = VERTEX_POINT ( 'NONE', #284 ) ;
#495 = CARTESIAN_POINT ( 'NONE',  ( 0.8843150620721269561, -1.333424213669976544, 7.809222051523203589 ) ) ;
#496 = PLANE ( 'NONE',  #882 ) ;
#497 = EDGE_CURVE ( 'NONE', #3563, #4799, #4352, .T. ) ;
#498 = CARTESIAN_POINT ( 'NONE',  ( -1.600000000000000089, 7.934223616779730648, 2.672362944077930034E-16 ) ) ;
#499 = CARTESIAN_POINT ( 'NONE',  ( 0.2086415220455580810, -1.587192044835452398, 7.756521420152839852 ) ) ;
#500 = CARTESIAN_POINT ( 'NONE',  ( -1.606667984892090395, -0.5064575153345272085, 7.983964048929209412 ) ) ;
#501 = CARTESIAN_POINT ( 'NONE',  ( -1.510589942558437482, -0.5275346927986288570, 7.914799662540662695 ) ) ;
#502 = ADVANCED_FACE ( 'NONE', ( #376 ), #1162, .T. ) ;
#503 = CARTESIAN_POINT ( 'NONE',  ( -0.4157316967709587252, 7.765886393762752249, -1.545271362922096214 ) ) ;
#504 = CARTESIAN_POINT ( 'NONE',  ( -10.75000000000000000, 2.113007891193789956, 5.730569755374102847 ) ) ;
#505 = CARTESIAN_POINT ( 'NONE',  ( -0.8990699930365766424, 7.811086628870058668, -1.323521376593885135 ) ) ;
#506 = CARTESIAN_POINT ( 'NONE',  ( -10.75000000000000000, -3.399011035559303284, 5.087376496814743021 ) ) ;
#507 = VECTOR ( 'NONE', #5585, 1000.000000000000000 ) ;
#508 = ORIENTED_EDGE ( 'NONE', *, *, #4845, .F. ) ;
#509 = EDGE_CURVE ( 'NONE', #961, #225, #2360, .T. ) ;
#510 = CARTESIAN_POINT ( 'NONE',  ( -1.386103593657046940, 7.889506273673272396, 0.8008902723022495174 ) ) ;
#511 = VECTOR ( 'NONE', #6510, 1000.000000000000000 ) ;
#512 = DIRECTION ( 'NONE',  ( 0.0000000000000000000, -0.7664508966033178883, 0.6423029060310797567 ) ) ;
#513 = EDGE_CURVE ( 'NONE', #1581, #4293, #5969, .T. ) ;
#514 = CARTESIAN_POINT ( 'NONE',  ( -3.750000000000000000, -2.136673189240611226, 5.730569755374103735 ) ) ;
#515 = CARTESIAN_POINT ( 'NONE',  ( -1.110784253352216755, 7.897590500495521582, -1.276450551232428454 ) ) ;
#516 = ORIENTED_EDGE ( 'NONE', *, *, #3645, .F. ) ;
#517 = VECTOR ( 'NONE', #6065, 1000.000000000000000 ) ;
#518 = CARTESIAN_POINT ( 'NONE',  ( -1.497212789405713451, -0.5648465501292263546, 7.911981802783207840 ) ) ;
#519 = ORIENTED_EDGE ( 'NONE', *, *, #2678, .T. ) ;
#520 = CARTESIAN_POINT ( 'NONE',  ( -1.458264479343799991, -0.8495700174348304046, 7.954911940710239548 ) ) ;
#521 = PLANE ( 'NONE',  #975 ) ;
#522 = VECTOR ( 'NONE', #1710, 1000.000000000000000 ) ;
#523 = CARTESIAN_POINT ( 'NONE',  ( -0.9594428845143172513, 7.877478623371840349, 1.394839535046317636 ) ) ;
#524 = PLANE ( 'NONE',  #5994 ) ;
#525 = DIRECTION ( 'NONE',  ( 0.0000000000000000000, -0.8477127166205130626, -0.5304556061348298934 ) ) ;
#526 = CARTESIAN_POINT ( 'NONE',  ( 0.3022189309941807345, 1.669903053315904495, 7.823774955345879079 ) ) ;
#527 = AXIS2_PLACEMENT_3D ( 'NONE', #2597, #529, #2566 ) ;
#528 = EDGE_LOOP ( 'NONE', ( #3434, #5160, #6188, #6035 ) ) ;
#529 = DIRECTION ( 'NONE',  ( 0.0000000000000000000, -0.2425356250363329969, -0.9701425001453319874 ) ) ;
#530 = CARTESIAN_POINT ( 'NONE',  ( -1.056063271214192856, 7.832692842917661658, 1.203094836509880805 ) ) ;
#531 = DIRECTION ( 'NONE',  ( -0.0000000000000000000, 0.9876883405951377704, -0.1564344650402304526 ) ) ;
#532 = CARTESIAN_POINT ( 'NONE',  ( -1.092535194995983394, -1.168935032654278006, 7.838338947858404460 ) ) ;
#533 = CARTESIAN_POINT ( 'NONE',  ( -1.456915590930533355, 0.6618743397677789853, 7.903647691822135890 ) ) ;
#534 = CARTESIAN_POINT ( 'NONE',  ( -1.245040997190560494, -1.005010699271906116, 7.863464301497709030 ) ) ;
#535 = CARTESIAN_POINT ( 'NONE',  ( -0.8900751243909934551, 7.869192802363797590, 1.440839526861582121 ) ) ;
#536 =( NAMED_UNIT ( * ) SI_UNIT ( $, .STERADIAN. ) SOLID_ANGLE_UNIT ( ) );
#537 = CARTESIAN_POINT ( 'NONE',  ( -10.75000000000000000, 5.873245603538165938, 1.649312282069624214 ) ) ;
#538 = DIRECTION ( 'NONE',  ( 0.0000000000000000000, -0.9876883405951378814, 0.1564344650402301196 ) ) ;
#539 = CARTESIAN_POINT ( 'NONE',  ( -10.75000000000000000, 5.873245603538165938, 1.649312282069624214 ) ) ;
#540 = VECTOR ( 'NONE', #2520, 999.9999999999998863 ) ;
#541 = DIRECTION ( 'NONE',  ( 0.0000000000000000000, -0.8477127166205126185, -0.5304556061348303375 ) ) ;
#542 = ORIENTED_EDGE ( 'NONE', *, *, #5140, .T. ) ;
#543 = CARTESIAN_POINT ( 'NONE',  ( 0.8455089455859056136, 7.804430055731585547, 1.358600097391184036 ) ) ;
#544 = CARTESIAN_POINT ( 'NONE',  ( -10.75000000000000000, 0.2381673509765892260, 6.106707545196424114 ) ) ;
#545 = CARTESIAN_POINT ( 'NONE',  ( -1.151285737568465750, 7.903504104979414358, -1.239427244288163532 ) ) ;
#546 = DIRECTION ( 'NONE',  ( -0.0000000000000000000, -1.000000000000000000, -0.0000000000000000000 ) ) ;
#547 = ORIENTED_EDGE ( 'NONE', *, *, #1133, .T. ) ;
#548 = CARTESIAN_POINT ( 'NONE',  ( -1.269460013801727127, -0.9739834756747673961, 7.867784759150940666 ) ) ;
#549 = EDGE_CURVE ( 'NONE', #5007, #2873, #6407, .T. ) ;
#550 = ORIENTED_EDGE ( 'NONE', *, *, #2181, .T. ) ;
#551 = CARTESIAN_POINT ( 'NONE',  ( 1.368050534314413591, -0.9904485136110784405, 7.938585900655633409 ) ) ;
#552 = DIRECTION ( 'NONE',  ( 0.0000000000000000000, -0.3090169943749489501, -0.9510565162951530871 ) ) ;
#553 = CARTESIAN_POINT ( 'NONE',  ( -1.430107788293770499, 7.949697016030876640, 0.8969179741753529056 ) ) ;
#554 = LINE ( 'NONE', #5579, #4656 ) ;
#555 = CARTESIAN_POINT ( 'NONE',  ( -3.750000000000000000, 4.690426341461801485, 2.053587674916041994 ) ) ;
#556 = CARTESIAN_POINT ( 'NONE',  ( -0.5946066772002501777, 1.588075792989544599, 7.840797561502735213 ) ) ;
#557 = ADVANCED_FACE ( 'NONE', ( #4869 ), #1854, .F. ) ;
#558 = VECTOR ( 'NONE', #1977, 1000.000000000000114 ) ;
#559 = LINE ( 'NONE', #2240, #2756 ) ;
#560 = VERTEX_POINT ( 'NONE', #1384 ) ;
#561 = CARTESIAN_POINT ( 'NONE',  ( 1.153020863859648193, -1.109375892847610734, 7.847917173436382399 ) ) ;
#562 = CARTESIAN_POINT ( 'NONE',  ( -1.167763407950775489, 7.850314554997054550, 1.094080286028572768 ) ) ;
#563 = LINE ( 'NONE', #5682, #5284 ) ;
#564 = CARTESIAN_POINT ( 'NONE',  ( -0.9097046148725039805, -1.316234489849181122, 7.812449878281699789 ) ) ;
#565 = CARTESIAN_POINT ( 'NONE',  ( -0.7087231050491178408, 1.435421019782067376, 7.789226409200464829 ) ) ;
#566 = CARTESIAN_POINT ( 'NONE',  ( 0.8674928526793673766, -1.344668026595008170, 7.807102328353878740 ) ) ;
#567 = CARTESIAN_POINT ( 'NONE',  ( -1.661590947038224186, 7.995378461797161940, 0.2772696191940678956 ) ) ;
#568 = DIRECTION ( 'NONE',  ( 0.0000000000000000000, 0.7071067811865483499, -0.7071067811865467956 ) ) ;
#569 = DIRECTION ( 'NONE',  ( 1.000000000000000000, -0.0000000000000000000, -0.0000000000000000000 ) ) ;
#570 = VECTOR ( 'NONE', #3325, 1000.000000000000114 ) ;
#571 = CARTESIAN_POINT ( 'NONE',  ( -3.750000000000000000, -0.2618326490234108017, 6.106707545196424114 ) ) ;
#572 = ORIENTED_EDGE ( 'NONE', *, *, #4065, .T. ) ;
#573 = CARTESIAN_POINT ( 'NONE',  ( 0.1041603994711894077, 7.754331844173234956, 1.596822586541947642 ) ) ;
#574 = LINE ( 'NONE', #4578, #3419 ) ;
#575 = CARTESIAN_POINT ( 'NONE',  ( -1.496898888928398508, 7.962235006590150377, -0.7767963568990117196 ) ) ;
#576 = CARTESIAN_POINT ( 'NONE',  ( -10.75000000000000000, -2.136673189240611226, 5.730569755374103735 ) ) ;
#577 = EDGE_CURVE ( 'NONE', #1342, #4232, #5434, .T. ) ;
#578 = EDGE_LOOP ( 'NONE', ( #1945, #3084, #5768, #1606 ) ) ;
#579 = CARTESIAN_POINT ( 'NONE',  ( -1.315875478176985691, -0.9105782378875361127, 7.876211100698601086 ) ) ;
#580 = ORIENTED_EDGE ( 'NONE', *, *, #2626, .T. ) ;
#581 = CARTESIAN_POINT ( 'NONE',  ( 0.8185820659518893150, -1.483307661384071885, 7.861296115740213253 ) ) ;
#582 = CARTESIAN_POINT ( 'NONE',  ( -10.75000000000000000, 3.375345737512480682, 5.087376496814742133 ) ) ;
#583 = EDGE_CURVE ( 'NONE', #1088, #1943, #3449, .T. ) ;
#584 = CARTESIAN_POINT ( 'NONE',  ( -1.467534564690162524, 7.905823467886831324, -0.6379883496569236367 ) ) ;
#585 = VERTEX_POINT ( 'NONE', #5464 ) ;
#586 = LINE ( 'NONE', #3600, #941 ) ;
#587 = DIRECTION ( 'NONE',  ( 1.000000000000000000, -0.0000000000000000000, -0.0000000000000000000 ) ) ;
#588 = CARTESIAN_POINT ( 'NONE',  ( -0.9590539773126597334, 1.395112983710340204, 7.877430272866312144 ) ) ;
#589 = LINE ( 'NONE', #660, #4559 ) ;
#590 = ORIENTED_EDGE ( 'NONE', *, *, #1245, .T. ) ;
#591 = CARTESIAN_POINT ( 'NONE',  ( 1.271250626219307955, -0.9719045503656013052, 7.868091063156746223 ) ) ;
#592 = CARTESIAN_POINT ( 'NONE',  ( -0.2612083955809126334, 7.758285761154579241, 1.579409820431405098 ) ) ;
#593 = LINE ( 'NONE', #2668, #3064 ) ;
#594 = CARTESIAN_POINT ( 'NONE',  ( 0.05162862531440404190, -1.600025620326015030, 7.753600535484482137 ) ) ;
#595 = CARTESIAN_POINT ( 'NONE',  ( -0.6616343680805193417, 1.457721637957742455, 7.784625922981133428 ) ) ;
#596 = CARTESIAN_POINT ( 'NONE',  ( 0.02539385642807381188, -1.600012652215191622, 7.753603853774163390 ) ) ;
#597 = FACE_OUTER_BOUND ( 'NONE', #4411, .T. ) ;
#598 = CARTESIAN_POINT ( 'NONE',  ( -1.344639851525537999, 7.881586391505440048, -0.8675402588909505441 ) ) ;
#599 =( NAMED_UNIT ( * ) SI_UNIT ( $, .STERADIAN. ) SOLID_ANGLE_UNIT ( ) );
#600 = FACE_OUTER_BOUND ( 'NONE', #3440, .T. ) ;
#601 = CARTESIAN_POINT ( 'NONE',  ( -1.559050539053570050, 7.925188372327028219, -0.3633389694997632424 ) ) ;
#602 = DIRECTION ( 'NONE',  ( 0.0000000000000000000, 0.8477127166205131736, -0.5304556061348296714 ) ) ;
#603 = VERTEX_POINT ( 'NONE', #914 ) ;
#604 = CARTESIAN_POINT ( 'NONE',  ( -1.277410732826160356, 7.869209258804703566, 0.9635320044993614941 ) ) ;
#605 = LINE ( 'NONE', #2314, #6300 ) ;
#606 = LINE ( 'NONE', #5599, #6089 ) ;
#607 = CARTESIAN_POINT ( 'NONE',  ( 1.358989197666047088, 0.8445884101345321193, 7.884319815922705033 ) ) ;
#608 = EDGE_LOOP ( 'NONE', ( #5970, #4237, #2812, #745, #3347, #4703 ) ) ;
#609 = VECTOR ( 'NONE', #1504, 1000.000000000000000 ) ;
#610 = CARTESIAN_POINT ( 'NONE',  ( 1.300353803290167809, -0.9336965329383682954, 7.873314467102054515 ) ) ;
#611 = CARTESIAN_POINT ( 'NONE',  ( 1.600001335168301120, 0.02620453326175012712, 7.934223914779709119 ) ) ;
#612 = AXIS2_PLACEMENT_3D ( 'NONE', #3441, #1915, #5459 ) ;
#613 = ADVANCED_FACE ( 'NONE', ( #2941 ), #6506, .F. ) ;
#614 = STYLED_ITEM ( 'NONE', ( #4928 ), #2400 ) ;
#615 = EDGE_LOOP ( 'NONE', ( #90, #5511, #2467, #760 ) ) ;
#616 = CARTESIAN_POINT ( 'NONE',  ( 1.514976805007114180, -0.7399262077519404013, 7.965718457490926774 ) ) ;
#617 = DIRECTION ( 'NONE',  ( 0.0000000000000000000, -0.8910065241883675657, 0.4539904997395473596 ) ) ;
#618 = CARTESIAN_POINT ( 'NONE',  ( -0.6960129794967702122, 7.849281375442173747, 1.545615594093714851 ) ) ;
#619 = ORIENTED_EDGE ( 'NONE', *, *, #4425, .T. ) ;
#620 = VECTOR ( 'NONE', #624, 1000.000000000000000 ) ;
#621 = CARTESIAN_POINT ( 'NONE',  ( -10.75000000000000000, -3.417988529048041180, 3.837520563220440994 ) ) ;
#622 = DIRECTION ( 'NONE',  ( -0.0000000000000000000, 0.9876883405951377704, 0.1564344650402304804 ) ) ;
#623 = CARTESIAN_POINT ( 'NONE',  ( 1.368207750825162439, 0.9902282260677370829, 7.938613455873586133 ) ) ;
#624 = DIRECTION ( 'NONE',  ( 1.000000000000000000, -0.0000000000000000000, -0.0000000000000000000 ) ) ;
#625 = ORIENTED_EDGE ( 'NONE', *, *, #3005, .F. ) ;
#626 = VERTEX_POINT ( 'NONE', #2516 ) ;
#627 = VECTOR ( 'NONE', #3002, 1000.000000000000000 ) ;
#628 = CARTESIAN_POINT ( 'NONE',  ( 1.294441362417273256, -0.9405268266691806378, 7.872287262619256154 ) ) ;
#629 = CARTESIAN_POINT ( 'NONE',  ( 0.5636941495006183578, 7.776210410959375707, 1.497641917545280199 ) ) ;
#630 = VERTEX_POINT ( 'NONE', #5628 ) ;
#631 = FACE_OUTER_BOUND ( 'NONE', #578, .T. ) ;
#632 = VECTOR ( 'NONE', #2270, 1000.000000000000000 ) ;
#633 = CARTESIAN_POINT ( 'NONE',  ( 0.5890690789432125873, -1.487828190569958631, 7.778296514861158251 ) ) ;
#634 = CARTESIAN_POINT ( 'NONE',  ( -1.315601999348581019, 0.9109740915875872425, 7.876160482605370383 ) ) ;
#635 = EDGE_CURVE ( 'NONE', #957, #5436, #6132, .T. ) ;
#636 = CARTESIAN_POINT ( 'NONE',  ( 1.034565572865999261, -1.220800218835495832, 7.829600627379444511 ) ) ;
#637 = CARTESIAN_POINT ( 'NONE',  ( -1.683296379224622941, 7.999999998735796147, 0.05623693390391916458 ) ) ;
#638 = PRODUCT_CONTEXT ( 'NONE', #5895, 'mechanical' ) ;
#639 = DIRECTION ( 'NONE',  ( -0.0000000000000000000, 0.8090169943749481174, 0.5877852522924721379 ) ) ;
#640 = DIRECTION ( 'NONE',  ( 0.0000000000000000000, -0.9274206331348670007, 0.3740200118118313100 ) ) ;
#641 = CARTESIAN_POINT ( 'NONE',  ( -12.69999999999998153, 0.0000000000000000000, 0.0000000000000000000 ) ) ;
#642 = EDGE_CURVE ( 'NONE', #6475, #1650, #3989, .T. ) ;
#643 = ORIENTED_EDGE ( 'NONE', *, *, #3305, .T. ) ;
#644 = CARTESIAN_POINT ( 'NONE',  ( -0.8683552062751004330, 7.807207732144770596, 1.344116921031245582 ) ) ;
#645 = CARTESIAN_POINT ( 'NONE',  ( 1.204394676164136202, -1.058453743268084946, 3.858184386469687865 ) ) ;
#646 = CARTESIAN_POINT ( 'NONE',  ( -1.669668910397972272, 7.997094355631471529, -0.2225754273750441825 ) ) ;
#647 = CARTESIAN_POINT ( 'NONE',  ( 1.178988971856529844, 1.081700608139752884, 7.852189804235007564 ) ) ;
#648 = ORIENTED_EDGE ( 'NONE', *, *, #3491, .F. ) ;
#649 = VECTOR ( 'NONE', #88, 1000.000000000000000 ) ;
#650 = CARTESIAN_POINT ( 'NONE',  ( 1.112230619273883780, -1.150494216272548886, 7.841380918652372856 ) ) ;
#651 = CARTESIAN_POINT ( 'NONE',  ( 0.9739945817753149493, 1.269650229579829537, 7.820994448622836437 ) ) ;
#652 = VERTEX_POINT ( 'NONE', #2485 ) ;
#653 = CARTESIAN_POINT ( 'NONE',  ( 1.682612497005434360, -0.05585563580271230011, 7.999853620946111299 ) ) ;
#654 = DIRECTION ( 'NONE',  ( 1.000000000000000000, -0.0000000000000000000, -0.0000000000000000000 ) ) ;
#655 = CARTESIAN_POINT ( 'NONE',  ( -0.3427414805706512357, 7.825508025146713287, 1.661755731083271570 ) ) ;
#656 = VERTEX_POINT ( 'NONE', #15 ) ;
#657 = DIRECTION ( 'NONE',  ( 1.000000000000000000, -0.0000000000000000000, -0.0000000000000000000 ) ) ;
#658 = DIRECTION ( 'NONE',  ( 0.0000000000000000000, 0.7664508966033182213, 0.6423029060310794236 ) ) ;
#659 = CARTESIAN_POINT ( 'NONE',  ( -1.602397040339151202, 0.5200302963652192467, 7.983091226165478282 ) ) ;
#660 = CARTESIAN_POINT ( 'NONE',  ( -10.75000000000000000, -0.5118326490234121895, -5.106707545196424114 ) ) ;
#661 = EDGE_LOOP ( 'NONE', ( #3963, #2457, #5336, #4812 ) ) ;
#662 = CARTESIAN_POINT ( 'NONE',  ( -1.034474272526030303, 1.357164488957888659, 7.885635261215012015 ) ) ;
#663 = CARTESIAN_POINT ( 'NONE',  ( 0.1304641414527153154, 7.754771921799350487, 1.594892239387510458 ) ) ;
#664 = ORIENTED_EDGE ( 'NONE', *, *, #3852, .F. ) ;
#665 = DIRECTION ( 'NONE',  ( -0.0000000000000000000, -0.6423029060310792016, 0.7664508966033183324 ) ) ;
#666 = LINE ( 'NONE', #3707, #364 ) ;
#667 = CARTESIAN_POINT ( 'NONE',  ( 0.6697317001079632348, -1.557378594733176858, 7.846954179064259627 ) ) ;
#668 = CARTESIAN_POINT ( 'NONE',  ( -3.750000000000000000, 5.718737106350690880, -2.124840540217202367 ) ) ;
#669 = CARTESIAN_POINT ( 'NONE',  ( -1.434561426575445608, 7.899120529009547198, -0.7090234161698153459 ) ) ;
#670 = APPLICATION_CONTEXT ( 'automotive_design' ) ;
#671 = EDGE_CURVE ( 'NONE', #118, #1342, #2577, .T. ) ;
#672 =( NAMED_UNIT ( * ) SI_UNIT ( $, .STERADIAN. ) SOLID_ANGLE_UNIT ( ) );
#673 = CARTESIAN_POINT ( 'NONE',  ( -10.75000000000000000, 4.781651221645095262, 3.791686883723365931 ) ) ;
#674 = DIRECTION ( 'NONE',  ( 0.0000000000000000000, -0.3740200118118313100, -0.9274206331348670007 ) ) ;
#675 = ADVANCED_FACE ( 'NONE', ( #4019, #2051 ), #1570, .F. ) ;
#676 = EDGE_LOOP ( 'NONE', ( #1829, #1130, #6508, #6464 ) ) ;
#677 = CARTESIAN_POINT ( 'NONE',  ( -0.5161372435369065981, 7.772554910356548774, 1.514689488759076497 ) ) ;
#678 = CARTESIAN_POINT ( 'NONE',  ( 1.638911960319030747, 7.990190022315289298, -0.4460840747218859925 ) ) ;
#679 = LINE ( 'NONE', #576, #2540 ) ;
#680 = VECTOR ( 'NONE', #3289, 1000.000000000000114 ) ;
#681 = VERTEX_POINT ( 'NONE', #2015 ) ;
#682 = EDGE_CURVE ( 'NONE', #3060, #4440, #3618, .T. ) ;
#683 = CARTESIAN_POINT ( 'NONE',  ( -0.1053396963257622748, -1.597383943811658380, 7.754205734218272639 ) ) ;
#684 = CARTESIAN_POINT ( 'NONE',  ( 1.522966012627358312, -0.4911767701574129563, 7.917421793455060808 ) ) ;
#685 = AXIS2_PLACEMENT_3D ( 'NONE', #6248, #1693, #3837 ) ;
#686 = ORIENTED_EDGE ( 'NONE', *, *, #4616, .T. ) ;
#687 = CARTESIAN_POINT ( 'NONE',  ( 0.9807216570957109081, 1.379708470817823551, 7.880144860085834146 ) ) ;
#688 = FACE_OUTER_BOUND ( 'NONE', #615, .T. ) ;
#689 = VERTEX_POINT ( 'NONE', #5094 ) ;
#690 = CARTESIAN_POINT ( 'NONE',  ( 0.5199709196674514589, 3.701526880239934592, -1.516766720646062661 ) ) ;
#691 = CARTESIAN_POINT ( 'NONE',  ( -3.750000000000000000, 1.637479633046213356, 5.885078252561577017 ) ) ;
#692 = CARTESIAN_POINT ( 'NONE',  ( -1.543934766268522107, 0.6767665834961719140, 7.971364407897111981 ) ) ;
#693 = DIRECTION ( 'NONE',  ( 1.000000000000000000, 0.0000000000000000000, 0.0000000000000000000 ) ) ;
#694 = VERTEX_POINT ( 'NONE', #1445 ) ;
#695 = EDGE_LOOP ( 'NONE', ( #985, #781, #2717, #2611 ) ) ;
#696 = CARTESIAN_POINT ( 'NONE',  ( 0.4404944887747227478, 1.653140687228831007, 7.827814137782711512 ) ) ;
#697 = CARTESIAN_POINT ( 'NONE',  ( 1.563714106961212158, 7.926210579705047721, -0.3398326876811331165 ) ) ;
#698 = SURFACE_STYLE_FILL_AREA ( #3775 ) ;
#699 = CARTESIAN_POINT ( 'NONE',  ( -10.75000000000000000, 0.2381673509765892260, 6.106707545196424114 ) ) ;
#700 = CARTESIAN_POINT ( 'NONE',  ( -0.3834453016484727361, -1.652688856183484489, 7.827428024390396644 ) ) ;
#701 = EDGE_CURVE ( 'NONE', #3863, #652, #1541, .T. ) ;
#702 = CARTESIAN_POINT ( 'NONE',  ( 5.617111723470730975E-16, 8.187258040651760993, 3.405352450631650550E-16 ) ) ;
#703 = DIRECTION ( 'NONE',  ( 0.0000000000000000000, 0.8910065241883676768, -0.4539904997395471931 ) ) ;
#704 = CARTESIAN_POINT ( 'NONE',  ( -10.75000000000000000, 5.718737106350692656, 2.124840540217201035 ) ) ;
#705 = ORIENTED_EDGE ( 'NONE', *, *, #1736, .F. ) ;
#706 = CARTESIAN_POINT ( 'NONE',  ( 1.596752486590892861, 7.933499357990158707, 0.1052346404164039295 ) ) ;
#707 = CARTESIAN_POINT ( 'NONE',  ( -1.423133983509768274, 7.896838001929234352, 0.7313458861534692934 ) ) ;
#708 = CARTESIAN_POINT ( 'NONE',  ( 1.063257278109320580, 1.195699782321641758, 7.833873890670785656 ) ) ;
#709 = CARTESIAN_POINT ( 'NONE',  ( -3.750000000000000000, -3.417988529048041180, 3.837520563220440994 ) ) ;
#710 = CARTESIAN_POINT ( 'NONE',  ( 1.514758375282168501, -0.5159345208674279704, 7.915677506804498442 ) ) ;
#711 = CARTESIAN_POINT ( 'NONE',  ( 1.487788080119396561, 0.5892121070698711494, 7.910012346742722578 ) ) ;
#712 = ADVANCED_FACE ( 'NONE', ( #3012 ), #5125, .F. ) ;
#713 = VERTEX_POINT ( 'NONE', #6538 ) ;
#714 = ADVANCED_FACE ( 'NONE', ( #3481 ), #3076, .T. ) ;
#715 = CARTESIAN_POINT ( 'NONE',  ( 0.6699679332017930422, 1.557089164399843684, 7.847006221393907133 ) ) ;
#716 = CARTESIAN_POINT ( 'NONE',  ( 4.000000000000000000, 2.143131898507868297E-16, -1.500000000000000000 ) ) ;
#717 = CARTESIAN_POINT ( 'NONE',  ( 0.3832511738804988966, 7.827241135370768710, -1.653608090458460689 ) ) ;
#718 = ORIENTED_EDGE ( 'NONE', *, *, #4110, .F. ) ;
#719 = CARTESIAN_POINT ( 'NONE',  ( 0.4178195457283444547, 3.688366048256234819, -1.548050631401933996 ) ) ;
#720 = AXIS2_PLACEMENT_3D ( 'NONE', #1670, #2218, #4218 ) ;
#721 = LINE ( 'NONE', #4753, #1750 ) ;
#722 = AXIS2_PLACEMENT_3D ( 'NONE', #1902, #6492, #932 ) ;
#723 = CARTESIAN_POINT ( 'NONE',  ( -10.75000000000000000, 0.4881673509765878660, -5.106707545196424114 ) ) ;
#724 = CARTESIAN_POINT ( 'NONE',  ( -0.2093445742537679011, 1.587105917560921897, 7.756541311737219502 ) ) ;
#725 = EDGE_LOOP ( 'NONE', ( #3805, #2724, #5172, #3490 ) ) ;
#726 = ORIENTED_EDGE ( 'NONE', *, *, #385, .F. ) ;
#727 = CARTESIAN_POINT ( 'NONE',  ( 1.597148705665731860, 0.5475397984469606572, 7.981911882017767468 ) ) ;
#728 =( GEOMETRIC_REPRESENTATION_CONTEXT ( 3 ) GLOBAL_UNCERTAINTY_ASSIGNED_CONTEXT ( ( #3432 ) ) GLOBAL_UNIT_ASSIGNED_CONTEXT ( ( #3754, #5196, #1106 ) ) REPRESENTATION_CONTEXT ( 'NONE', 'WORKASPACE' ) );
#729 = CARTESIAN_POINT ( 'NONE',  ( 1.300503240085485013, 7.873341795759682959, -0.9334888677113247768 ) ) ;
#730 = CARTESIAN_POINT ( 'NONE',  ( 1.683296383924535400, -2.661966472869149421E-16, 8.000000000000017764 ) ) ;
#731 = CARTESIAN_POINT ( 'NONE',  ( 1.683293972260775373, 7.999998793823023924, 0.1118052845345597901 ) ) ;
#732 = CARTESIAN_POINT ( 'NONE',  ( -1.565180303961354769, -0.6251869916436492147, 7.975575534883176054 ) ) ;
#733 = VECTOR ( 'NONE', #5305, 1000.000000000000000 ) ;
#734 = VECTOR ( 'NONE', #2048, 1000.000000000000000 ) ;
#735 = VECTOR ( 'NONE', #2907, 1000.000000000000000 ) ;
#736 = DIRECTION ( 'NONE',  ( -0.0000000000000000000, -0.3090169943749459525, 0.9510565162951539753 ) ) ;
#737 = CARTESIAN_POINT ( 'NONE',  ( -10.75000000000000000, -5.023108633883571983, 1.102531158620888574 ) ) ;
#738 = VERTEX_POINT ( 'NONE', #4705 ) ;
#739 = CARTESIAN_POINT ( 'NONE',  ( 1.269343447334859709, 7.867693578599864068, 0.9754385013575841423 ) ) ;
#740 = DIRECTION ( 'NONE',  ( -0.0000000000000000000, 0.2425356250363330801, 0.9701425001453318764 ) ) ;
#741 = CARTESIAN_POINT ( 'NONE',  ( 0.1032328327652593525, 1.600056037065781034, 7.753594687078470216 ) ) ;
#742 = CARTESIAN_POINT ( 'NONE',  ( -1.599952458095459162, 3.999980983239794341, 0.1061421693291623863 ) ) ;
#743 = CARTESIAN_POINT ( 'NONE',  ( 0.05161965408936165789, -1.599383379116815940, 7.753747684639428428 ) ) ;
#744 = CARTESIAN_POINT ( 'NONE',  ( 1.149853491661847693, 1.112889994126658788, 7.847385357295125985 ) ) ;
#745 = ORIENTED_EDGE ( 'NONE', *, *, #1594, .T. ) ;
#746 = ORIENTED_EDGE ( 'NONE', *, *, #3367, .F. ) ;
#747 = CARTESIAN_POINT ( 'NONE',  ( 1.046310905444614026, 1.329825090205859928, 7.888718653898518340 ) ) ;
#748 = CYLINDRICAL_SURFACE ( 'NONE', #2233, 8.000000000000000000 ) ;
#749 = VECTOR ( 'NONE', #4165, 1000.000000000000114 ) ;
#750 = PLANE ( 'NONE',  #4686 ) ;
#751 = CARTESIAN_POINT ( 'NONE',  ( 1.335603266771006936, 7.932948994464966042, -1.034491550371126056 ) ) ;
#752 = ORIENTED_EDGE ( 'NONE', *, *, #3116, .F. ) ;
#753 = EDGE_CURVE ( 'NONE', #3651, #1983, #4654, .T. ) ;
#754 = CARTESIAN_POINT ( 'NONE',  ( 1.599945253482131013, 3.999978101395296193, -0.1065160733692353534 ) ) ;
#755 = PLANE ( 'NONE',  #268 ) ;
#756 = DIRECTION ( 'NONE',  ( -0.0000000000000000000, -0.9876883405951377704, -0.1564344650402305081 ) ) ;
#757 = CARTESIAN_POINT ( 'NONE',  ( -0.4157810922257990649, -1.545258022673208886, 7.765889331841996146 ) ) ;
#758 = CARTESIAN_POINT ( 'NONE',  ( -1.300516568122946026, 0.9323860098505837302, 7.873384695440813097 ) ) ;
#759 = ORIENTED_EDGE ( 'NONE', *, *, #1197, .F. ) ;
#760 = ORIENTED_EDGE ( 'NONE', *, *, #3443, .T. ) ;
#761 = DIRECTION ( 'NONE',  ( 0.0000000000000000000, 0.06912543288578525125, 0.9976079763756667829 ) ) ;
#762 = CARTESIAN_POINT ( 'NONE',  ( 1.599998660691316354, 7.934223317855614077, 0.02636731671060623533 ) ) ;
#763 = FACE_OUTER_BOUND ( 'NONE', #4355, .T. ) ;
#764 = LINE ( 'NONE', #2248, #6102 ) ;
#765 = EDGE_CURVE ( 'NONE', #585, #3663, #1141, .T. ) ;
#766 = CARTESIAN_POINT ( 'NONE',  ( -1.318529609186936735, -1.055173679684963783, 7.930115490955827795 ) ) ;
#767 = CARTESIAN_POINT ( 'NONE',  ( -0.4229231673850449291, -1.557143722369854322, 3.685480816510251501 ) ) ;
#768 = DIRECTION ( 'NONE',  ( 0.0000000000000000000, -1.387778780781445676E-17, -0.9999999999999998890 ) ) ;
#769 = DIRECTION ( 'NONE',  ( 0.0000000000000000000, -0.9876883405951381034, -0.1564344650402290371 ) ) ;
#770 = STYLED_ITEM ( 'NONE', ( #4599 ), #6268 ) ;
#771 = B_SPLINE_CURVE_WITH_KNOTS ( 'NONE', 1,
 ( #498, #2536 ),
 .UNSPECIFIED., .F., .F.,
 ( 2, 2 ),
 ( 0.0000000000000000000, 1.000000000000000000 ),
 .UNSPECIFIED. ) ;
#772 = DIRECTION ( 'NONE',  ( 0.0000000000000000000, -0.9976079763756667829, -0.06912543288578471001 ) ) ;
#773 = ORIENTED_EDGE ( 'NONE', *, *, #4305, .F. ) ;
#774 = CARTESIAN_POINT ( 'NONE',  ( 1.574013370429887537, 7.928466611357314342, -0.2883920154506361966 ) ) ;
#775 = CARTESIAN_POINT ( 'NONE',  ( -1.344818725825621009, 7.933107728084759280, -1.044372505845121202 ) ) ;
#776 = CARTESIAN_POINT ( 'NONE',  ( 1.077016522272843169, 1.183233001192047773, 7.835961982147248150 ) ) ;
#777 = CARTESIAN_POINT ( 'NONE',  ( -3.750000000000000000, 5.075543847791331054, 3.387178386535892205 ) ) ;
#778 = CARTESIAN_POINT ( 'NONE',  ( 1.557946709540847685, 0.3653548405751941841, 7.924952485708647743 ) ) ;
#779 = DIRECTION ( 'NONE',  ( 0.0000000000000000000, -0.9274206331348668897, 0.3740200118118314765 ) ) ;
#780 = EDGE_LOOP ( 'NONE', ( #4282, #3851, #4455, #327 ) ) ;
#781 = ORIENTED_EDGE ( 'NONE', *, *, #2234, .F. ) ;
#782 = CARTESIAN_POINT ( 'NONE',  ( 0.2750177962629914430, 1.674678103761968462, 7.822753408566296862 ) ) ;
#783 = EDGE_CURVE ( 'NONE', #5979, #5658, #146, .T. ) ;
#784 = CARTESIAN_POINT ( 'NONE',  ( -3.736410698672603652E-15, 0.0000000000000000000, -1.900000000000003908 ) ) ;
#785 = CARTESIAN_POINT ( 'NONE',  ( 0.9807216570957113522, 7.880144860085834146, -1.379708470817822441 ) ) ;
#786 = VERTEX_POINT ( 'NONE', #3649 ) ;
#787 = B_SPLINE_CURVE_WITH_KNOTS ( 'NONE', 3,
 ( #1516, #1018, #5100, #5661, #5065 ),
 .UNSPECIFIED., .F., .F.,
 ( 4, 1, 4 ),
 ( 0.4999923706054856254, 0.4999961853027428127, 0.5000000000000000000 ),
 .UNSPECIFIED. ) ;
#788 = LINE ( 'NONE', #6032, #5353 ) ;
#789 = CARTESIAN_POINT ( 'NONE',  ( 1.204972478858939100, 1.057715612160267993, 3.858376367521775485 ) ) ;
#790 = CARTESIAN_POINT ( 'NONE',  ( -1.515401905126275039, -0.5140533648178445825, 7.915813563299693989 ) ) ;
#791 = CARTESIAN_POINT ( 'NONE',  ( 0.5145030482455298371, -1.515245535177166314, 7.772434921178118294 ) ) ;
#792 = ADVANCED_FACE ( 'NONE', ( #112 ), #5657, .F. ) ;
#793 = CARTESIAN_POINT ( 'NONE',  ( -1.219640146368208500, 1.035936342779071762, 7.859042885090953945 ) ) ;
#794 = ORIENTED_EDGE ( 'NONE', *, *, #1946, .T. ) ;
#795 = CARTESIAN_POINT ( 'NONE',  ( -3.750000000000000000, -6.118540194219835193, 0.2500000000000007772 ) ) ;
#796 = CARTESIAN_POINT ( 'NONE',  ( 0.3832427008021569992, 7.827240918455672158, 1.653609079707706764 ) ) ;
#797 = CARTESIAN_POINT ( 'NONE',  ( 1.343949067598597447, 7.881456051051388911, -0.8686070619726115050 ) ) ;
#798 = SURFACE_SIDE_STYLE ('',( #698 ) ) ;
#799 = CARTESIAN_POINT ( 'NONE',  ( 1.435269168659646821, 7.899262036757860983, -0.7075965586890156089 ) ) ;
#800 = CARTESIAN_POINT ( 'NONE',  ( -0.8900751243909934551, -1.440839526861580122, 7.869192802363795813 ) ) ;
#801 = EDGE_CURVE ( 'NONE', #4974, #903, #181, .T. ) ;
#802 = ADVANCED_FACE ( 'NONE', ( #2118 ), #5692, .F. ) ;
#803 = CARTESIAN_POINT ( 'NONE',  ( -1.600000000000000089, -1.743463064350768633E-18, 4.000000000000000000 ) ) ;
#804 = CARTESIAN_POINT ( 'NONE',  ( -3.750000000000000000, -5.099209145838154100, -3.387178386535892205 ) ) ;
#805 = CARTESIAN_POINT ( 'NONE',  ( -10.75000000000000000, 2.113007891193788179, -5.730569755374103735 ) ) ;
#806 = ORIENTED_EDGE ( 'NONE', *, *, #4857, .T. ) ;
#807 = CARTESIAN_POINT ( 'NONE',  ( 1.149492883498568485, 7.847326651679989773, 1.113265222582806357 ) ) ;
#808 = CARTESIAN_POINT ( 'NONE',  ( -1.515349551492501279, 7.915802460765206661, 0.5142081786429041346 ) ) ;
#809 = CARTESIAN_POINT ( 'NONE',  ( -0.3636825147851998064, 1.558342036375604422, 7.762995078690816619 ) ) ;
#810 = CARTESIAN_POINT ( 'NONE',  ( -1.516940926829724701, 3.967330363662629367, 0.5194798454932597620 ) ) ;
#811 = CARTESIAN_POINT ( 'NONE',  ( 0.9739945817753149493, 1.269650229579829537, 7.820994448622836437 ) ) ;
#812 = CARTESIAN_POINT ( 'NONE',  ( -3.750000000000000000, -6.118540194219835193, -0.2499999999999992506 ) ) ;
#813 = ORIENTED_EDGE ( 'NONE', *, *, #3115, .T. ) ;
#814 = CARTESIAN_POINT ( 'NONE',  ( 1.228703193804535632, 1.160423044426824424, 7.915418370498349177 ) ) ;
#815 = LINE ( 'NONE', #1291, #3279 ) ;
#816 = CARTESIAN_POINT ( 'NONE',  ( 1.228915246721416832, 7.860659737295697447, 1.024600196905645744 ) ) ;
#817 = CARTESIAN_POINT ( 'NONE',  ( 0.05425022485157802304, 7.818027519363491606, -1.696598845565654212 ) ) ;
#818 = ORIENTED_EDGE ( 'NONE', *, *, #497, .F. ) ;
#819 = LINE ( 'NONE', #4878, #261 ) ;
#820 = DIRECTION ( 'NONE',  ( 0.0000000000000000000, 0.3740200118118316985, 0.9274206331348668897 ) ) ;
#821 = CARTESIAN_POINT ( 'NONE',  ( -1.217251845761438300, -1.038557891691468615, 7.858642757767271725 ) ) ;
#822 = CARTESIAN_POINT ( 'NONE',  ( 1.440009561689682194, -0.6975289733025635819, 7.900223938755342346 ) ) ;
#823 = CARTESIAN_POINT ( 'NONE',  ( -0.3644174434636948123, 1.558003462123541460, 7.763067764184186537 ) ) ;
#824 = ORIENTED_EDGE ( 'NONE', *, *, #4531, .F. ) ;
#825 = CARTESIAN_POINT ( 'NONE',  ( 3.750000000000000000, 0.0000000000000000000, 0.0000000000000000000 ) ) ;
#826 = CARTESIAN_POINT ( 'NONE',  ( -0.5168833456738464172, 7.835192986319868602, 1.615493549950652419 ) ) ;
#827 = CARTESIAN_POINT ( 'NONE',  ( 1.573982591618419580, 7.928459847876164091, 0.2885589826036825123 ) ) ;
#828 = CARTESIAN_POINT ( 'NONE',  ( -10.75000000000000000, -2.065420323939453517, -4.702258990485212564 ) ) ;
#829 = VECTOR ( 'NONE', #137, 1000.000000000000114 ) ;
#830 = CARTESIAN_POINT ( 'NONE',  ( 1.280033065043751472, 7.869654850786773181, -0.9605609139317317080 ) ) ;
#831 = CARTESIAN_POINT ( 'NONE',  ( 1.655956884185061817, 0.3059210706732450324, 7.994195267791300630 ) ) ;
#832 = CIRCLE ( 'NONE', #202, 8.000000000000000000 ) ;
#833 = AXIS2_PLACEMENT_3D ( 'NONE', #3590, #1482, #6074 ) ;
#834 = DIRECTION ( 'NONE',  ( 0.0000000000000000000, 0.0000000000000000000, 1.000000000000000000 ) ) ;
#835 = DIRECTION ( 'NONE',  ( 0.6479361632942990390, -0.4004465714560777601, -0.6479361632942987059 ) ) ;
#836 = EDGE_CURVE ( 'NONE', #2642, #1814, #4186, .T. ) ;
#837 = AXIS2_PLACEMENT_3D ( 'NONE', #5227, #1213, #5861 ) ;
#838 = VERTEX_POINT ( 'NONE', #1638 ) ;
#839 = VECTOR ( 'NONE', #1852, 1000.000000000000000 ) ;
#840 = CARTESIAN_POINT ( 'NONE',  ( 1.300503240085485013, 7.873341795759682959, -0.9334888677113247768 ) ) ;
#841 = CARTESIAN_POINT ( 'NONE',  ( -1.048292655316637623, 7.831638261095005049, 1.208872131512025883 ) ) ;
#842 = CARTESIAN_POINT ( 'NONE',  ( -0.1058192972412365651, 1.597337456538170830, 7.754216648350984897 ) ) ;
#843 = FACE_OUTER_BOUND ( 'NONE', #3727, .T. ) ;
#844 = VECTOR ( 'NONE', #3261, 1000.000000000000000 ) ;
#845 = CARTESIAN_POINT ( 'NONE',  ( 1.300503240085492340, 0.9334888677113123423, 7.873341795759690065 ) ) ;
#846 = EDGE_CURVE ( 'NONE', #6319, #4689, #3718, .T. ) ;
#847 = CARTESIAN_POINT ( 'NONE',  ( -10.75000000000000000, 3.375345737512479349, -5.087376496814743021 ) ) ;
#848 = ORIENTED_EDGE ( 'NONE', *, *, #2511, .F. ) ;
#849 = ORIENTED_EDGE ( 'NONE', *, *, #2592, .F. ) ;
#850 = CARTESIAN_POINT ( 'NONE',  ( -1.543934766268522107, 0.6767665834961719140, 7.971364407897111981 ) ) ;
#851 = CARTESIAN_POINT ( 'NONE',  ( -3.750000000000000000, 0.4881673509765881436, -5.106707545196424114 ) ) ;
#852 = CARTESIAN_POINT ( 'NONE',  ( 1.457583723747251758, 7.903783160402729990, 0.6604097429761377480 ) ) ;
#853 = CARTESIAN_POINT ( 'NONE',  ( 1.544142374775240079, 7.971405326124079593, -0.6762827310032980543 ) ) ;
#854 = CARTESIAN_POINT ( 'NONE',  ( -0.2747726964636984515, 7.822602460375624567, -1.675414778362554147 ) ) ;
#855 = VERTEX_POINT ( 'NONE', #3683 ) ;
#856 = CARTESIAN_POINT ( 'NONE',  ( -10.75000000000000000, 4.413473166489501942, -2.597138885649683537 ) ) ;
#857 = CARTESIAN_POINT ( 'NONE',  ( -10.75000000000000000, 4.781651221645095262, 3.791686883723365931 ) ) ;
#858 = CARTESIAN_POINT ( 'NONE',  ( -0.8788121183588257779, 1.337109893469267563, 7.808527651933448332 ) ) ;
#859 = VERTEX_POINT ( 'NONE', #4737 ) ;
#860 = DIRECTION ( 'NONE',  ( 0.0000000000000000000, 0.8477127166205130626, 0.5304556061348298934 ) ) ;
#861 = CARTESIAN_POINT ( 'NONE',  ( 1.209335758838766761, 7.912382640775622811, 1.180931754659193755 ) ) ;
#862 = CARTESIAN_POINT ( 'NONE',  ( 0.5640645551625115273, 7.776117073017177361, -1.498192466976376647 ) ) ;
#863 = DIRECTION ( 'NONE',  ( 1.000000000000000000, -0.0000000000000000000, -0.0000000000000000000 ) ) ;
#864 = AXIS2_PLACEMENT_3D ( 'NONE', #488, #5170, #552 ) ;
#865 = CARTESIAN_POINT ( 'NONE',  ( 0.8440334384932199896, 7.804280154640445666, -1.359333810042629764 ) ) ;
#866 = CARTESIAN_POINT ( 'NONE',  ( 1.618241510971589081, -0.4681050455045856484, 7.986337123251372461 ) ) ;
#867 = CARTESIAN_POINT ( 'NONE',  ( 1.672374682516373889, 7.997670465618797131, -0.1950544907796917249 ) ) ;
#868 = CARTESIAN_POINT ( 'NONE',  ( -3.750000000000000000, 2.041755025892629138, -4.702258990485212564 ) ) ;
#869 = VERTEX_POINT ( 'NONE', #5232 ) ;
#870 = LINE ( 'NONE', #5487, #1479 ) ;
#871 = ORIENTED_EDGE ( 'NONE', *, *, #878, .F. ) ;
#872 = CARTESIAN_POINT ( 'NONE',  ( -10.75000000000000000, 1.637479633046213134, 5.885078252561577905 ) ) ;
#873 = ORIENTED_EDGE ( 'NONE', *, *, #2442, .F. ) ;
#874 = EDGE_CURVE ( 'NONE', #3360, #3096, #4249, .T. ) ;
#875 = CARTESIAN_POINT ( 'NONE',  ( -1.167463706300312154, 7.850265266115768803, -1.094399147283811713 ) ) ;
#876 = CARTESIAN_POINT ( 'NONE',  ( -1.267348564601786576, 7.867402421203900431, 0.9768127269122912626 ) ) ;
#877 = CARTESIAN_POINT ( 'NONE',  ( -1.423330317166296322, 0.7313445247644039249, 7.896868937706202018 ) ) ;
#878 = EDGE_CURVE ( 'NONE', #6138, #5217, #2436, .T. ) ;
#879 = CARTESIAN_POINT ( 'NONE',  ( -0.7303352417863911983, 7.791544448573652026, -1.423849581206748871 ) ) ;
#880 = CARTESIAN_POINT ( 'NONE',  ( 1.219982923972136035, 1.035528017142798296, 7.859102067150507409 ) ) ;
#881 = DIRECTION ( 'NONE',  ( 0.7071067811865473507, 0.0000000000000000000, -0.7071067811865477948 ) ) ;
#882 = AXIS2_PLACEMENT_3D ( 'NONE', #2002, #6024, #1971 ) ;
#883 = ORIENTED_EDGE ( 'NONE', *, *, #1988, .F. ) ;
#884 = EDGE_LOOP ( 'NONE', ( #153, #2729, #3296, #2868 ) ) ;
#885 = CARTESIAN_POINT ( 'NONE',  ( -10.75000000000000000, -5.896910901584988096, 1.649312282069624436 ) ) ;
#886 = DIRECTION ( 'NONE',  ( -0.0000000000000000000, -0.9701425001453318764, 0.2425356250363330801 ) ) ;
#887 = CARTESIAN_POINT ( 'NONE',  ( 0.2634031428535370534, 7.758378009234711215, 1.579000136416502498 ) ) ;
#888 = CARTESIAN_POINT ( 'NONE',  ( 0.6699679332017925981, 7.847006221393907133, -1.557089164399844794 ) ) ;
#889 = CARTESIAN_POINT ( 'NONE',  ( -0.8895246950242113870, 7.869156800435193944, -1.440981957789551737 ) ) ;
#890 = ORIENTED_EDGE ( 'NONE', *, *, #435, .F. ) ;
#891 = DIRECTION ( 'NONE',  ( 1.000000000000000000, -0.0000000000000000000, 0.0000000000000000000 ) ) ;
#892 = ORIENTED_EDGE ( 'NONE', *, *, #307, .T. ) ;
#893 = CARTESIAN_POINT ( 'NONE',  ( -0.3563185111102078473, -1.658849407904001039, 7.826124745683380013 ) ) ;
#894 = CARTESIAN_POINT ( 'NONE',  ( 1.669624960900510713, 0.2230268391723913557, 7.997085043061784582 ) ) ;
#895 = CARTESIAN_POINT ( 'NONE',  ( 1.544008475267204528, 7.971378934888546652, 0.6765948719071216422 ) ) ;
#896 = CARTESIAN_POINT ( 'NONE',  ( -1.094315414504172912, 7.838521115630400438, -1.168408963129159650 ) ) ;
#897 = DIRECTION ( 'NONE',  ( 1.000000000000000000, -0.0000000000000000000, -0.0000000000000000000 ) ) ;
#898 = VECTOR ( 'NONE', #3091, 1000.000000000000114 ) ;
#899 = CARTESIAN_POINT ( 'NONE',  ( -1.600000000000000089, -1.620621699734045094E-16, 7.934223616779732424 ) ) ;
#900 = UNCERTAINTY_MEASURE_WITH_UNIT (LENGTH_MEASURE( 1.000000000000000082E-05 ), #346, 'distance_accuracy_value', 'NONE');
#901 = CARTESIAN_POINT ( 'NONE',  ( 1.683294974892771689, -0.02796997602824335613, 7.999999698597741293 ) ) ;
#902 = VECTOR ( 'NONE', #4719, 1000.000000000000000 ) ;
#903 = VERTEX_POINT ( 'NONE', #2254 ) ;
#904 = CARTESIAN_POINT ( 'NONE',  ( 1.668901098831825580, 7.996932183927704330, 0.2232597784165412658 ) ) ;
#905 = CARTESIAN_POINT ( 'NONE',  ( -1.587057577529513042, 7.931344237243389550, 0.2097352024730455566 ) ) ;
#906 = FACE_OUTER_BOUND ( 'NONE', #1255, .T. ) ;
#907 = EDGE_CURVE ( 'NONE', #869, #2793, #6140, .T. ) ;
#908 = DIRECTION ( 'NONE',  ( 1.000000000000000000, -0.0000000000000000000, -0.0000000000000000000 ) ) ;
#909 = EDGE_CURVE ( 'NONE', #2586, #5308, #3783, .T. ) ;
#910 = CARTESIAN_POINT ( 'NONE',  ( -0.3386388938367055901, 7.761775685362523269, -1.563808797859711053 ) ) ;
#911 = CARTESIAN_POINT ( 'NONE',  ( -1.171071427407241350, 7.850875010914411867, 1.090303955644329248 ) ) ;
#912 = CARTESIAN_POINT ( 'NONE',  ( -10.75000000000000000, 2.041755025892629138, -4.702258990485212564 ) ) ;
#913 = CARTESIAN_POINT ( 'NONE',  ( -0.7982059604432888422, 7.798941876840047804, -1.386733025459905955 ) ) ;
#914 = CARTESIAN_POINT ( 'NONE',  ( 3.499999999999999556, 0.0000000000000000000, 2.000000000000000000 ) ) ;
#915 = VERTEX_POINT ( 'NONE', #737 ) ;
#916 = ORIENTED_EDGE ( 'NONE', *, *, #1497, .F. ) ;
#917 = CARTESIAN_POINT ( 'NONE',  ( -1.384092555118456191, 0.9663449559052168514, 7.941455510226290038 ) ) ;
#918 = PLANE ( 'NONE',  #3717 ) ;
#919 = CARTESIAN_POINT ( 'NONE',  ( 0.7073503205305118335, 7.789227669969718271, 1.435212848511960626 ) ) ;
#920 = CARTESIAN_POINT ( 'NONE',  ( -0.5168114931098528597, 7.835188193139070556, -1.615516778837788436 ) ) ;
#921 = CARTESIAN_POINT ( 'NONE',  ( -0.9590539773126594003, 7.877430272866306815, -1.395112983710341092 ) ) ;
#922 = EDGE_LOOP ( 'NONE', ( #3271, #2069, #5220, #5408 ) ) ;
#923 = ADVANCED_FACE ( 'NONE', ( #4154 ), #6165, .F. ) ;
#924 = LINE ( 'NONE', #5410, #5951 ) ;
#925 = EDGE_CURVE ( 'NONE', #4860, #2681, #1281, .T. ) ;
#926 = ORIENTED_EDGE ( 'NONE', *, *, #4227, .T. ) ;
#927 = CARTESIAN_POINT ( 'NONE',  ( -1.318529609186936735, -1.055173679684963783, 7.930115490955827795 ) ) ;
#928 = DIRECTION ( 'NONE',  ( 0.0000000000000000000, 1.000000000000000000, 0.0000000000000000000 ) ) ;
#930 = ORIENTED_EDGE ( 'NONE', *, *, #2305, .T. ) ;
#929 = CARTESIAN_POINT ( 'NONE',  ( -0.6203091578534368766, 7.842823501303402445, 1.578048312778253415 ) ) ;
#931 = CARTESIAN_POINT ( 'NONE',  ( -0.5651831089314077738, 7.776330148357985195, -1.497080203141025745 ) ) ;
#932 = DIRECTION ( 'NONE',  ( 0.0000000000000000000, -0.8477127166205129516, 0.5304556061348300045 ) ) ;
#933 = DIRECTION ( 'NONE',  ( -0.0000000000000000000, 0.8910065241883683429, 0.4539904997395460828 ) ) ;
#934 = CARTESIAN_POINT ( 'NONE',  ( 0.8424899871029429832, -1.469632540130979770, 7.863866068452393776 ) ) ;
#935 = ORIENTED_EDGE ( 'NONE', *, *, #6210, .T. ) ;
#936 = CARTESIAN_POINT ( 'NONE',  ( 1.170133612197320039, 7.906387616370167848, 1.220423602558853071 ) ) ;
#937 = CARTESIAN_POINT ( 'NONE',  ( -3.750000000000000000, 3.825687914197029471, 3.406155880024629656 ) ) ;
#938 = VECTOR ( 'NONE', #1620, 1000.000000000000114 ) ;
#939 = DIRECTION ( 'NONE',  ( -0.0000000000000000000, -0.3740200118118306993, 0.9274206331348672228 ) ) ;
#940 = VERTEX_POINT ( 'NONE', #4410 ) ;
#941 = VECTOR ( 'NONE', #2031, 1000.000000000000000 ) ;
#942 = CARTESIAN_POINT ( 'NONE',  ( -1.599999995531089292, -0.05301459842477199147, 7.934223615525924700 ) ) ;
#943 = EDGE_CURVE ( 'NONE', #694, #2956, #6435, .T. ) ;
#944 = CARTESIAN_POINT ( 'NONE',  ( -0.7777819546257966898, 7.796627914650218649, -1.398477354930351524 ) ) ;
#945 = VECTOR ( 'NONE', #1176, 1000.000000000000114 ) ;
#946 = CARTESIAN_POINT ( 'NONE',  ( 3.454044648600700818, 0.0000000000000000000, -1.325983418607308649E-18 ) ) ;
#947 = FACE_OUTER_BOUND ( 'NONE', #2871, .T. ) ;
#948 = CARTESIAN_POINT ( 'NONE',  ( -1.063515683807565892, 7.833912794853695516, -1.195469043475636095 ) ) ;
#949 = COLOUR_RGB ( '',0.6078431372549019107, 0.6313725490196078205, 0.6627450980392156632 ) ;
#950 = PRESENTATION_STYLE_ASSIGNMENT (( #5494 ) ) ;
#951 = ORIENTED_EDGE ( 'NONE', *, *, #2354, .F. ) ;
#952 = CARTESIAN_POINT ( 'NONE',  ( -0.5429241274703854314, 1.606783748898966468, 7.836985206082862199 ) ) ;
#953 = CARTESIAN_POINT ( 'NONE',  ( -1.467623875513959009, 7.905841819510125212, 0.6377831293664093515 ) ) ;
#954 = CARTESIAN_POINT ( 'NONE',  ( 0.8665501316451509339, 7.807010450460652784, 1.345091816794925732 ) ) ;
#955 = CARTESIAN_POINT ( 'NONE',  ( 0.7702315623831469393, 7.856327301964181054, -1.509403668207285110 ) ) ;
#956 = CARTESIAN_POINT ( 'NONE',  ( -1.543934766268523440, 7.971364407897111981, -0.6767665834961699156 ) ) ;
#957 = VERTEX_POINT ( 'NONE', #5862 ) ;
#958 = AXIS2_PLACEMENT_3D ( 'NONE', #5061, #2548, #3519 ) ;
#959 = VECTOR ( 'NONE', #3061, 1000.000000000000000 ) ;
#960 = CARTESIAN_POINT ( 'NONE',  ( -0.4913058454680443443, -1.522926942536086514, 7.770771654260753003 ) ) ;
#961 = VERTEX_POINT ( 'NONE', #872 ) ;
#962 = CARTESIAN_POINT ( 'NONE',  ( -0.9594428845143186946, -1.394839535046311862, 7.877478623371840349 ) ) ;
#963 = DIRECTION ( 'NONE',  ( -0.0000000000000000000, 0.1564344650402305081, 0.9876883405951377704 ) ) ;
#964 = EDGE_CURVE ( 'NONE', #5636, #456, #5325, .T. ) ;
#966 = EDGE_LOOP ( 'NONE', ( #126, #5326 ) ) ;
#965 = CARTESIAN_POINT ( 'NONE',  ( 1.679892269063329779, 7.999272398761678282, -0.1114380841655392418 ) ) ;
#967 = CARTESIAN_POINT ( 'NONE',  ( 0.6247218222950210453, 7.781402493946307786, -1.473057191473110983 ) ) ;
#968 = CARTESIAN_POINT ( 'NONE',  ( -10.75000000000000000, -6.118540194219835193, 0.2500000000000007772 ) ) ;
#969 = ADVANCED_FACE ( 'NONE', ( #3854 ), #4829, .F. ) ;
#970 = LINE ( 'NONE', #4853, #3568 ) ;
#971 = CARTESIAN_POINT ( 'NONE',  ( 1.618284532781287810, 0.4679531418783944297, 7.986345991653709397 ) ) ;
#972 = CARTESIAN_POINT ( 'NONE',  ( 1.428460543699472618, 7.949441072984442691, 0.8983078198186694729 ) ) ;
#973 = PRODUCT ( 'A189 Шкив GT2, O отверстия 8 мм(подробная модель)', 'A189 Шкив GT2, O отверстия 8 мм(подробная модель)', '', ( #638 ) ) ;
#974 = DIRECTION ( 'NONE',  ( -0.0000000000000000000, -0.5304556061348300045, -0.8477127166205130626 ) ) ;
#975 = AXIS2_PLACEMENT_3D ( 'NONE', #2588, #5137, #3661 ) ;
#976 = CARTESIAN_POINT ( 'NONE',  ( 1.899999999999999911, -1.250000000000000000, 0.0000000000000000000 ) ) ;
#977 = CARTESIAN_POINT ( 'NONE',  ( -1.546250872872037885, -0.4145617977074317895, 7.922403930401352490 ) ) ;
#978 = CARTESIAN_POINT ( 'NONE',  ( -0.5160580229647259154, 7.772549138307006444, -1.514716206760541306 ) ) ;
#979 = CARTESIAN_POINT ( 'NONE',  ( -0.4142141256076419809, 7.765655549793986090, 1.546386172383031221 ) ) ;
#980 = SURFACE_STYLE_FILL_AREA ( #6562 ) ;
#981 = CARTESIAN_POINT ( 'NONE',  ( -0.9927358771931271697, 7.823597518584198163, -1.255118566737807750 ) ) ;
#982 = DIRECTION ( 'NONE',  ( 0.0000000000000000000, -0.5877852522924720269, 0.8090169943749481174 ) ) ;
#983 = DIRECTION ( 'NONE',  ( -0.0000000000000000000, -0.7071067811865479058, -0.7071067811865472397 ) ) ;
#984 = EDGE_LOOP ( 'NONE', ( #3224, #5993, #3287, #2763 ) ) ;
#985 = ORIENTED_EDGE ( 'NONE', *, *, #1495, .T. ) ;
#986 = LINE ( 'NONE', #3417, #3824 ) ;
#987 = CARTESIAN_POINT ( 'NONE',  ( -1.546250872872039661, 7.922403930401352490, 0.4145617977074293470 ) ) ;
#988 = CARTESIAN_POINT ( 'NONE',  ( -3.750000000000000000, 3.779854234699953519, -4.793483870668507230 ) ) ;
#989 = CARTESIAN_POINT ( 'NONE',  ( 0.1926409740671886639, 7.820248365590868111, -1.686334327763592045 ) ) ;
#990 = CARTESIAN_POINT ( 'NONE',  ( -10.75000000000000000, 4.999443335836749824, 1.102531158620888352 ) ) ;
#991 = ORIENTED_EDGE ( 'NONE', *, *, #5617, .T. ) ;
#992 = CARTESIAN_POINT ( 'NONE',  ( -1.558968291946353890, -0.3637907618964862921, 7.925170625406853908 ) ) ;
#993 = EDGE_CURVE ( 'NONE', #53, #4692, #6466, .T. ) ;
#994 = ORIENTED_EDGE ( 'NONE', *, *, #6315, .T. ) ;
#995 = CARTESIAN_POINT ( 'NONE',  ( -1.546201229981083447, 0.4147525060637511363, 7.922393165964603412 ) ) ;
#996 = FACE_BOUND ( 'NONE', #966, .T. ) ;
#997 = CARTESIAN_POINT ( 'NONE',  ( 1.655924503021283245, 7.994188448239467171, 0.3060981864305870603 ) ) ;
#998 = CARTESIAN_POINT ( 'NONE',  ( -0.7777819546257966898, 7.796627914650218649, -1.398477354930351524 ) ) ;
#999 = CARTESIAN_POINT ( 'NONE',  ( -3.750000000000000000, -0.5118326490234107462, 5.106707545196424114 ) ) ;
#1000 = DIRECTION ( 'NONE',  ( 1.000000000000000000, 0.0000000000000000000, 0.0000000000000000000 ) ) ;
#1001 = CARTESIAN_POINT ( 'NONE',  ( 1.109620438036253764, 1.276587691162080818, 7.897511008212841688 ) ) ;
#1002 = EDGE_CURVE ( 'NONE', #4265, #2017, #2415, .T. ) ;
#1003 = CARTESIAN_POINT ( 'NONE',  ( 1.142663915301888933, -1.120088169913421305, 7.846236986152987036 ) ) ;
#1004 = CARTESIAN_POINT ( 'NONE',  ( -10.75000000000000000, -1.661144931093034627, 5.885078252561577017 ) ) ;
#1005 = AXIS2_PLACEMENT_3D ( 'NONE', #1014, #2484, #982 ) ;
#1006 = DIRECTION ( 'NONE',  ( 1.000000000000000000, -0.0000000000000000000, -0.0000000000000000000 ) ) ;
#1007 = CARTESIAN_POINT ( 'NONE',  ( -0.6384662208417003493, -1.467338062817415301, 7.782604456045605801 ) ) ;
#1008 = CARTESIAN_POINT ( 'NONE',  ( 0.2093480922250389453, 1.586463451625073517, 7.756685939553187303 ) ) ;
#1009 = EDGE_CURVE ( 'NONE', #4418, #1325, #276, .T. ) ;
#1010 = CARTESIAN_POINT ( 'NONE',  ( -10.75000000000000000, -2.608971534673093284, 4.425305815512913910 ) ) ;
#1011 = ADVANCED_FACE ( 'NONE', ( #2382 ), #6568, .T. ) ;
#1012 = CARTESIAN_POINT ( 'NONE',  ( 0.6368151820195899759, 7.782487760350126571, -1.467869085870358026 ) ) ;
#1013 = CARTESIAN_POINT ( 'NONE',  ( -1.467879051586945094, 7.905894676054008308, -0.6371514928334485184 ) ) ;
#1014 = CARTESIAN_POINT ( 'NONE',  ( -10.75000000000000000, -5.099209145838154100, -3.387178386535892205 ) ) ;
#1015 = ORIENTED_EDGE ( 'NONE', *, *, #3367, .T. ) ;
#1016 = DIRECTION ( 'NONE',  ( 1.000000000000000000, -0.0000000000000000000, -0.0000000000000000000 ) ) ;
#1017 = FACE_OUTER_BOUND ( 'NONE', #2219, .T. ) ;
#1018 = CARTESIAN_POINT ( 'NONE',  ( 1.683296383881753400, -1.438981325681780743E-05, 7.999999999999998224 ) ) ;
#1019 = CARTESIAN_POINT ( 'NONE',  ( -10.75000000000000000, 4.413473166489502830, 2.597138885649682649 ) ) ;
#1020 = ORIENTED_EDGE ( 'NONE', *, *, #2500, .F. ) ;
#1021 = CARTESIAN_POINT ( 'NONE',  ( -1.434665364286685341, -0.7088128752599535121, 7.899141431177390871 ) ) ;
#1022 = ORIENTED_EDGE ( 'NONE', *, *, #4941, .T. ) ;
#1023 = CARTESIAN_POINT ( 'NONE',  ( -1.430107788293769167, -0.8969179741753470214, 7.949697016030876640 ) ) ;
#1024 = CARTESIAN_POINT ( 'NONE',  ( -10.75000000000000000, -2.608971534673094173, -4.425305815512913021 ) ) ;
#1025 = CARTESIAN_POINT ( 'NONE',  ( -0.5168833456738464172, 7.835192986319868602, 1.615493549950652419 ) ) ;
#1026 = DIRECTION ( 'NONE',  ( -0.0000000000000000000, -0.8477127166205130626, 0.5304556061348300045 ) ) ;
#1027 = CARTESIAN_POINT ( 'NONE',  ( 3.499999999999999556, 2.449293598294706414E-16, -2.000000000000000000 ) ) ;
#1028 = CARTESIAN_POINT ( 'NONE',  ( -0.2202431030227550990, 1.683573454047931461, 7.820844671262620729 ) ) ;
#1029 = CARTESIAN_POINT ( 'NONE',  ( -10.75000000000000000, -3.803519532746777898, -4.793483870668505453 ) ) ;
#1030 = CARTESIAN_POINT ( 'NONE',  ( -0.4913058454680405696, 7.770771654260750338, 1.522926942536087624 ) ) ;
#1031 = DIRECTION ( 'NONE',  ( -0.0000000000000000000, -0.4539904997395457498, 0.8910065241883684539 ) ) ;
#1032 = CARTESIAN_POINT ( 'NONE',  ( -1.021481192718600273, -1.231514888530612417, 7.827724902705562648 ) ) ;
#1033 = CARTESIAN_POINT ( 'NONE',  ( -1.269224562931219991, 0.9745567054317751943, 7.867730401358078218 ) ) ;
#1034 = CARTESIAN_POINT ( 'NONE',  ( -1.269460013801727127, -0.9739834756747673961, 7.867784759150940666 ) ) ;
#1035 = CARTESIAN_POINT ( 'NONE',  ( -1.265495030600773285, 7.921309299046720653, 1.119504145079710744 ) ) ;
#1036 = SURFACE_STYLE_USAGE ( .BOTH. , #2080 ) ;
#1037 = DIRECTION ( 'NONE',  ( 0.6666666666666668517, -0.7453559924999296760, 8.968132738029730694E-16 ) ) ;
#1038 = FACE_OUTER_BOUND ( 'NONE', #1612, .T. ) ;
#1039 = CARTESIAN_POINT ( 'NONE',  ( -10.75000000000000000, -2.136673189240612558, -5.730569755374101959 ) ) ;
#1040 = DIRECTION ( 'NONE',  ( 0.0000000000000000000, -0.9510565162951529761, 0.3090169943749490056 ) ) ;
#1041 = EDGE_CURVE ( 'NONE', #1191, #448, #832, .T. ) ;
#1042 = ORIENTED_EDGE ( 'NONE', *, *, #2302, .F. ) ;
#1043 = CONICAL_SURFACE ( 'NONE', #4766, 2747.477419454644405, 1.221730476396033271 ) ;
#1044 = DIRECTION ( 'NONE',  ( 1.000000000000000000, -0.0000000000000000000, -0.0000000000000000000 ) ) ;
#1045 = CARTESIAN_POINT ( 'NONE',  ( 1.547949055481332659, 7.922756643721110770, 0.4185526985257910226 ) ) ;
#1046 = CARTESIAN_POINT ( 'NONE',  ( -1.575067952725212717, 7.977555721648623255, -0.5994180340328744139 ) ) ;
#1047 = CARTESIAN_POINT ( 'NONE',  ( 1.229040890857927115, 1.024497446371314124, 7.860678889556316662 ) ) ;
#1048 = EDGE_LOOP ( 'NONE', ( #4706, #3458, #4187, #6341 ) ) ;
#1049 = COLOUR_RGB ( '',0.4823529411764705954, 0.4901960784313725283, 0.4941176470588235503 ) ;
#1050 = AXIS2_PLACEMENT_3D ( 'NONE', #702, #1278, #3751 ) ;
#1051 = CARTESIAN_POINT ( 'NONE',  ( -1.510589942558437482, -0.5275346927986288570, 7.914799662540662695 ) ) ;
#1052 = VECTOR ( 'NONE', #4701, 1000.000000000000227 ) ;
#1053 = EDGE_LOOP ( 'NONE', ( #1082, #1797, #4312, #2935, #1877, #5784 ) ) ;
#1054 = CARTESIAN_POINT ( 'NONE',  ( 1.625596105132051328, -0.4414411724870130338, 7.987856621830137449 ) ) ;
#1055 = CARTESIAN_POINT ( 'NONE',  ( -10.75000000000000000, 4.413473166489501942, -2.597138885649683537 ) ) ;
#1056 = VECTOR ( 'NONE', #1318, 1000.000000000000114 ) ;
#1057 = CARTESIAN_POINT ( 'NONE',  ( -1.335548406732082638, 7.933010350262089005, 1.033184178940888875 ) ) ;
#1058 = CARTESIAN_POINT ( 'NONE',  ( -3.750000000000000000, 4.999443335836748936, -1.102531158620889240 ) ) ;
#1059 = DIRECTION ( 'NONE',  ( 0.0000000000000000000, 0.5304556061348298934, -0.8477127166205130626 ) ) ;
#1060 = CARTESIAN_POINT ( 'NONE',  ( -0.9245632881149448146, 1.418382161443458189, 7.873261989157496643 ) ) ;
#1061 = VECTOR ( 'NONE', #2432, 1000.000000000000000 ) ;
#1062 = PLANE ( 'NONE',  #5292 ) ;
#1063 = ORIENTED_EDGE ( 'NONE', *, *, #4144, .T. ) ;
#1064 = EDGE_LOOP ( 'NONE', ( #4319, #1879, #2103, #3574 ) ) ;
#1065 = CARTESIAN_POINT ( 'NONE',  ( 1.599994662980101179, -0.1049559300209487039, 7.934221702268396292 ) ) ;
#1066 = CARTESIAN_POINT ( 'NONE',  ( -0.9119657297916173855, 7.812709616779281774, 1.314916242470596019 ) ) ;
#1067 = CARTESIAN_POINT ( 'NONE',  ( -3.750000000000000000, -4.437138464536324101, 2.597138885649683093 ) ) ;
#1068 = CARTESIAN_POINT ( 'NONE',  ( -1.118159505668997244, -1.144582297832953843, 7.842326063171443984 ) ) ;
#1069 = CARTESIAN_POINT ( 'NONE',  ( -1.300516568122946026, 0.9323860098505837302, 7.873384695440813097 ) ) ;
#1070 = DIRECTION ( 'NONE',  ( -0.0000000000000000000, -0.9274206331348672228, -0.3740200118118306993 ) ) ;
#1071 = EDGE_CURVE ( 'NONE', #1581, #5402, #2834, .T. ) ;
#1072 = CARTESIAN_POINT ( 'NONE',  ( -1.269224562931221101, 7.867730401358076442, -0.9745567054317737510 ) ) ;
#1073 = CARTESIAN_POINT ( 'NONE',  ( -10.75000000000000000, -3.417988529048041180, 3.837520563220440994 ) ) ;
#1074 = CARTESIAN_POINT ( 'NONE',  ( -10.75000000000000000, -0.5118326490234108572, 5.106707545196424114 ) ) ;
#1075 =( LENGTH_UNIT ( ) NAMED_UNIT ( * ) SI_UNIT ( .MILLI., .METRE. ) );
#1076 = EDGE_CURVE ( 'NONE', #560, #3310, #5425, .T. ) ;
#1077 = ORIENTED_EDGE ( 'NONE', *, *, #5432, .F. ) ;
#1078 = CARTESIAN_POINT ( 'NONE',  ( 0.6365906387046165182, 7.782436145915006875, 1.468141932055738952 ) ) ;
#1079 = DIRECTION ( 'NONE',  ( 0.0000000000000000000, 0.0000000000000000000, 1.000000000000000000 ) ) ;
#1080 = CARTESIAN_POINT ( 'NONE',  ( -0.8422412115801677368, 7.863838580617558804, -1.469780364791450022 ) ) ;
#1081 = CARTESIAN_POINT ( 'NONE',  ( -12.69999999999998153, 2.449293598294706414E-16, -2.000000000000000000 ) ) ;
#1082 = ORIENTED_EDGE ( 'NONE', *, *, #4107, .F. ) ;
#1083 = CARTESIAN_POINT ( 'NONE',  ( -0.7781324802980786881, -1.398282479502564568, 7.796666620937805270 ) ) ;
#1084 = VERTEX_POINT ( 'NONE', #5963 ) ;
#1085 = CARTESIAN_POINT ( 'NONE',  ( 1.413761944180747410, -0.9216419685544582352, 7.946767224890924020 ) ) ;
#1086 = CARTESIAN_POINT ( 'NONE',  ( 0.3900893641477324869, -0.5707149131818565202, -0.7099106358522677684 ) ) ;
#1087 = CARTESIAN_POINT ( 'NONE',  ( -1.683296383926186746, 8.000000000000000000, 4.811147140404425926E-16 ) ) ;
#1088 = VERTEX_POINT ( 'NONE', #2282 ) ;
#1089 = CARTESIAN_POINT ( 'NONE',  ( -3.750000000000000000, -1.661144931093034627, 5.885078252561577017 ) ) ;
#1090 = DIRECTION ( 'NONE',  ( 0.0000000000000000000, -0.9701425001453319874, -0.2425356250363329136 ) ) ;
#1091 = CARTESIAN_POINT ( 'NONE',  ( -0.3969495947865521179, 1.649444289891757620, 7.828112526794262394 ) ) ;
#1092 = DIRECTION ( 'NONE',  ( 1.000000000000000000, -0.0000000000000000000, -0.0000000000000000000 ) ) ;
#1093 = VERTEX_POINT ( 'NONE', #6333 ) ;
#1094 = CARTESIAN_POINT ( 'NONE',  ( 1.068365654023367028, -1.191053103902567578, 7.834650777893819473 ) ) ;
#1095 = CARTESIAN_POINT ( 'NONE',  ( 1.149492883498568485, 7.847326651679989773, 1.113265222582806357 ) ) ;
#1096 = CARTESIAN_POINT ( 'NONE',  ( -10.75000000000000000, -3.849353212243852074, -3.406155880024630100 ) ) ;
#1097 = CARTESIAN_POINT ( 'NONE',  ( -1.077728493016377742, -1.182584485416124265, 7.836070329388838296 ) ) ;
#1098 = EDGE_CURVE ( 'NONE', #2844, #3965, #1774, .T. ) ;
#1099 = CARTESIAN_POINT ( 'NONE',  ( -1.683296379224622275, -0.05623693390391927560, 7.999999998735796147 ) ) ;
#1100 = CARTESIAN_POINT ( 'NONE',  ( -0.5896137258077933652, -1.487627290264963875, 7.778339430784568798 ) ) ;
#1101 = SURFACE_STYLE_FILL_AREA ( #1210 ) ;
#1102 = CARTESIAN_POINT ( 'NONE',  ( -1.300516568122946914, 7.873384695440811321, -0.9323860098505832861 ) ) ;
#1103 = CARTESIAN_POINT ( 'NONE',  ( -10.75000000000000000, 2.113007891193789956, 5.730569755374102847 ) ) ;
#1104 = ADVANCED_FACE ( 'NONE', ( #4596 ), #1043, .F. ) ;
#1105 = VECTOR ( 'NONE', #2368, 1000.000000000000114 ) ;
#1106 =( NAMED_UNIT ( * ) SI_UNIT ( $, .STERADIAN. ) SOLID_ANGLE_UNIT ( ) );
#1107 = ORIENTED_EDGE ( 'NONE', *, *, #3988, .T. ) ;
#1108 = CARTESIAN_POINT ( 'NONE',  ( -1.253283375907024100, 7.864913701516562661, 0.9947129939926123710 ) ) ;
#1109 = CARTESIAN_POINT ( 'NONE',  ( 1.056701065914920967, -1.205932717818454902, 3.814660845570900349 ) ) ;
#1110 = CARTESIAN_POINT ( 'NONE',  ( -1.047320365608279014, 7.888855049170666156, -1.329015276192036632 ) ) ;
#1111 = LINE ( 'NONE', #3624, #5288 ) ;
#1112 = ORIENTED_EDGE ( 'NONE', *, *, #513, .F. ) ;
#1113 = CARTESIAN_POINT ( 'NONE',  ( 0.02539385642807381188, -1.600012652215191622, 7.753603853774163390 ) ) ;
#1114 = CARTESIAN_POINT ( 'NONE',  ( 0.9945351660571219998, 1.253627078112971249, 7.823857231236557297 ) ) ;
#1115 = ORIENTED_EDGE ( 'NONE', *, *, #1700, .F. ) ;
#1116 = CARTESIAN_POINT ( 'NONE',  ( 0.05430698566758596774, -1.696597164771920241, 7.818027884408378370 ) ) ;
#1117 = DIRECTION ( 'NONE',  ( -0.0000000000000000000, 0.4539904997395471931, 0.8910065241883676768 ) ) ;
#1118 = CARTESIAN_POINT ( 'NONE',  ( -1.026025122297457015, 7.886007036920076985, 1.345798585812994608 ) ) ;
#1119 = VERTEX_POINT ( 'NONE', #4568 ) ;
#1120 = EDGE_CURVE ( 'NONE', #3379, #3991, #1944, .T. ) ;
#1121 = CARTESIAN_POINT ( 'NONE',  ( -10.75000000000000000, -1.114363807644298765, 5.011275984860160015 ) ) ;
#1122 = CARTESIAN_POINT ( 'NONE',  ( -10.75000000000000000, 4.781651221645094374, -3.791686883723367263 ) ) ;
#1123 = CARTESIAN_POINT ( 'NONE',  ( 1.335603266771006714, 1.034491550371123836, 7.932948994464962489 ) ) ;
#1124 = DIRECTION ( 'NONE',  ( -1.000000000000000000, -0.0000000000000000000, -0.0000000000000000000 ) ) ;
#1125 = ORIENTED_EDGE ( 'NONE', *, *, #497, .T. ) ;
#1126 = ORIENTED_EDGE ( 'NONE', *, *, #1076, .T. ) ;
#1127 = CARTESIAN_POINT ( 'NONE',  ( 1.166543129270260604, -1.095089093902464450, 7.850132933806366786 ) ) ;
#1128 = PRODUCT_DEFINITION_SHAPE ( 'NONE', 'NONE',  #1280 ) ;
#1129 = CARTESIAN_POINT ( 'NONE',  ( 0.2614630481651190608, 7.758436404082007520, 1.578711167054590803 ) ) ;
#1130 = ORIENTED_EDGE ( 'NONE', *, *, #2025, .F. ) ;
#1131 = LINE ( 'NONE', #5618, #3276 ) ;
#1132 = CARTESIAN_POINT ( 'NONE',  ( -1.190137163968876921, -1.069385802727001789, 7.854053455917969551 ) ) ;
#1133 = EDGE_CURVE ( 'NONE', #1093, #6354, #6096, .T. ) ;
#1134 = CARTESIAN_POINT ( 'NONE',  ( -1.398245674291557883, 0.7781946908505632532, 7.891907957819965347 ) ) ;
#1135 = CARTESIAN_POINT ( 'NONE',  ( -0.3257812314867961079, -1.566538334280460631, 7.761166323302287395 ) ) ;
#1136 = CARTESIAN_POINT ( 'NONE',  ( 1.959434878635765230E-16, 8.000000000000000000, 1.600000000000000089 ) ) ;
#1137 = CARTESIAN_POINT ( 'NONE',  ( -1.151547341210710895, 7.903542733774702178, 1.239182290000746756 ) ) ;
#1138 = FILL_AREA_STYLE_COLOUR ( '', #1806 ) ;
#1139 = CARTESIAN_POINT ( 'NONE',  ( -3.750000000000000000, -3.399011035559303284, 5.087376496814743021 ) ) ;
#1140 = CARTESIAN_POINT ( 'NONE',  ( -3.750000000000000000, 3.779854234699954851, 4.793483870668506341 ) ) ;
#1141 = LINE ( 'NONE', #1181, #402 ) ;
#1142 = VERTEX_POINT ( 'NONE', #1974 ) ;
#1143 = CARTESIAN_POINT ( 'NONE',  ( -1.359340210743543054, 7.884334226354441810, 0.8455252255004090944 ) ) ;
#1144 = CARTESIAN_POINT ( 'NONE',  ( -10.75000000000000000, 6.094874896173013035, -0.2500000000000000000 ) ) ;
#1145 = CARTESIAN_POINT ( 'NONE',  ( -1.414642124847485860, 7.946926401052803790, -0.9202711262215635957 ) ) ;
#1146 = CARTESIAN_POINT ( 'NONE',  ( 1.240164607489204762, 1.010952955674345510, 7.862615185017913788 ) ) ;
#1147 = ORIENTED_EDGE ( 'NONE', *, *, #3116, .T. ) ;
#1148 = AXIS2_PLACEMENT_3D ( 'NONE', #4822, #3806, #3263 ) ;
#1149 = CARTESIAN_POINT ( 'NONE',  ( 1.573982591618418470, -0.2885589826036842886, 7.928459847876164091 ) ) ;
#1150 = CARTESIAN_POINT ( 'NONE',  ( 0.6729102106593671806, 1.451677028466551445, 7.785848917036072514 ) ) ;
#1151 = VECTOR ( 'NONE', #908, 1000.000000000000000 ) ;
#1152 = VECTOR ( 'NONE', #1016, 1000.000000000000000 ) ;
#1153 = ORIENTED_EDGE ( 'NONE', *, *, #1009, .T. ) ;
#1154 = CARTESIAN_POINT ( 'NONE',  ( 1.683294974892771689, -0.02796997602824335613, 7.999999698597741293 ) ) ;
#1155 = CARTESIAN_POINT ( 'NONE',  ( -12.25000000000000000, 0.0000000000000000000, 0.0000000000000000000 ) ) ;
#1156 = CARTESIAN_POINT ( 'NONE',  ( -1.497127153854114434, 7.911963876360096570, -0.5650718159156823406 ) ) ;
#1157 = ORIENTED_EDGE ( 'NONE', *, *, #3153, .F. ) ;
#1158 = VECTOR ( 'NONE', #1070, 1000.000000000000114 ) ;
#1159 = CARTESIAN_POINT ( 'NONE',  ( 0.7113323202994848993, 3.733231742796840891, 1.436953306495112992 ) ) ;
#1160 = CARTESIAN_POINT ( 'NONE',  ( -10.75000000000000000, -5.118540194219835193, -0.4999999999999993339 ) ) ;
#1161 = CARTESIAN_POINT ( 'NONE',  ( -10.75000000000000000, 1.090698509597475718, -5.011275984860160015 ) ) ;
#1162 = CONICAL_SURFACE ( 'NONE', #2451, 1.500000000000000000, 0.7853981633974479459 ) ;
#1163 = ADVANCED_FACE ( 'NONE', ( #5557 ), #4475, .F. ) ;
#1164 = CARTESIAN_POINT ( 'NONE',  ( 1.899999999999999911, 0.7499999999999997780, 1.000000000000000000 ) ) ;
#1165 = ORIENTED_EDGE ( 'NONE', *, *, #4256, .F. ) ;
#1166 = EDGE_LOOP ( 'NONE', ( #3416, #3442 ) ) ;
#1167 = AXIS2_PLACEMENT_3D ( 'NONE', #5961, #6557, #5386 ) ;
#1168 = CARTESIAN_POINT ( 'NONE',  ( -1.460404007725761399, 0.8512471112392774319, 7.955122293491355023 ) ) ;
#1169 = CARTESIAN_POINT ( 'NONE',  ( 0.05161965408936371874, 7.753747684639428428, 1.599383379116816384 ) ) ;
#1170 = EDGE_CURVE ( 'NONE', #1782, #231, #5026, .T. ) ;
#1171 = ORIENTED_EDGE ( 'NONE', *, *, #1041, .F. ) ;
#1172 = PLANE ( 'NONE',  #3926 ) ;
#1173 = VECTOR ( 'NONE', #820, 1000.000000000000000 ) ;
#1174 = CARTESIAN_POINT ( 'NONE',  ( 1.386012144242080080, 7.889525749641256525, -0.7994566815025988538 ) ) ;
#1175 = CARTESIAN_POINT ( 'NONE',  ( -1.640128555305603530, -0.3859027067945365874, 7.990871957423816063 ) ) ;
#1176 = DIRECTION ( 'NONE',  ( -0.0000000000000000000, 0.06912543288578471001, -0.9976079763756667829 ) ) ;
#1177 = EDGE_CURVE ( 'NONE', #5575, #5763, #4505, .T. ) ;
#1178 = CARTESIAN_POINT ( 'NONE',  ( -1.669680175836332658, 7.997096749801462678, 0.2224833360870764054 ) ) ;
#1179 = CARTESIAN_POINT ( 'NONE',  ( -3.736410698672603652E-15, -0.7894427190999953048, 1.144721359549998319 ) ) ;
#1180 = LINE ( 'NONE', #5158, #310 ) ;
#1181 = CARTESIAN_POINT ( 'NONE',  ( -10.75000000000000000, -3.849353212243852074, -3.406155880024630100 ) ) ;
#1182 = ORIENTED_EDGE ( 'NONE', *, *, #1450, .T. ) ;
#1183 = CARTESIAN_POINT ( 'NONE',  ( -0.4157810922257995645, 7.765889331841993481, 1.545258022673208664 ) ) ;
#1184 = CARTESIAN_POINT ( 'NONE',  ( 1.270379199368501189, -0.9782027245445101826, 3.879550286712718066 ) ) ;
#1185 = CARTESIAN_POINT ( 'NONE',  ( -1.589246526353117694, 7.931803510916459743, 0.2118274246697220142 ) ) ;
#1186 = CARTESIAN_POINT ( 'NONE',  ( 1.117914031318052004, 1.144824219100715190, 7.842287146351956117 ) ) ;
#1187 = ORIENTED_EDGE ( 'NONE', *, *, #239, .T. ) ;
#1188 = PRESENTATION_LAYER_ASSIGNMENT (  '', '', ( #3853 ) ) ;
#1189 = CARTESIAN_POINT ( 'NONE',  ( 0.2873019793695574253, -1.574211563614762888, 7.759449130183685206 ) ) ;
#1190 = CARTESIAN_POINT ( 'NONE',  ( 1.545154966794805018, -0.4161469138305934901, 7.922180082046878624 ) ) ;
#1191 = VERTEX_POINT ( 'NONE', #1507 ) ;
#1192 = CARTESIAN_POINT ( 'NONE',  ( 1.508864755614953257, -0.7525159048657005245, 7.964538738508058380 ) ) ;
#1193 = CARTESIAN_POINT ( 'NONE',  ( 0.1057733376701286421, 7.754214233154203662, 1.597348033771822662 ) ) ;
#1194 = EDGE_LOOP ( 'NONE', ( #6312, #65, #4122, #6545, #1868, #2751 ) ) ;
#1195 = CARTESIAN_POINT ( 'NONE',  ( -3.750000000000000000, -5.896910901584988096, -1.649312282069623103 ) ) ;
#1196 = DIRECTION ( 'NONE',  ( 0.0000000000000000000, 0.0000000000000000000, 1.000000000000000000 ) ) ;
#1197 = EDGE_CURVE ( 'NONE', #225, #3260, #4954, .T. ) ;
#1198 = CARTESIAN_POINT ( 'NONE',  ( -1.661572408959411495, 0.2773885815147381084, 7.995374531036211430 ) ) ;
#1199 = DIRECTION ( 'NONE',  ( 1.000000000000000000, -0.0000000000000000000, -0.0000000000000000000 ) ) ;
#1200 = ORIENTED_EDGE ( 'NONE', *, *, #1823, .F. ) ;
#1201 = EDGE_LOOP ( 'NONE', ( #4576, #6342, #1836, #6539 ) ) ;
#1202 = PRESENTATION_STYLE_ASSIGNMENT (( #3298 ) ) ;
#1203 = CARTESIAN_POINT ( 'NONE',  ( 1.219982923972134925, 7.859102067150505633, -1.035528017142799628 ) ) ;
#1204 = ORIENTED_EDGE ( 'NONE', *, *, #190, .F. ) ;
#1205 = DIRECTION ( 'NONE',  ( 0.0000000000000000000, 0.06912543288578525125, 0.9976079763756666718 ) ) ;
#1206 = CARTESIAN_POINT ( 'NONE',  ( -1.268067142607562481, 7.921368778850237824, 1.121699656526956135 ) ) ;
#1207 = ADVANCED_FACE ( 'NONE', ( #1469 ), #4013, .F. ) ;
#1208 = CARTESIAN_POINT ( 'NONE',  ( 0.2203273053026317818, -1.682880952895078552, 7.820992861156811138 ) ) ;
#1209 = VECTOR ( 'NONE', #3724, 1000.000000000000000 ) ;
#1210 = FILL_AREA_STYLE ('',( #3749 ) ) ;
#1211 = CARTESIAN_POINT ( 'NONE',  ( 0.1372561359621174149, 7.819060612709864522, 1.691833044404770003 ) ) ;
#1212 = APPLICATION_PROTOCOL_DEFINITION ( 'draft international standard', 'automotive_design', 1998, #338 ) ;
#1213 = DIRECTION ( 'NONE',  ( -1.000000000000000000, -0.0000000000000000000, -0.0000000000000000000 ) ) ;
#1214 = ADVANCED_FACE ( 'NONE', ( #5488 ), #2038, .T. ) ;
#1215 = EDGE_CURVE ( 'NONE', #5977, #6354, #1889, .T. ) ;
#1216 = DIRECTION ( 'NONE',  ( 1.000000000000000000, -0.0000000000000000000, -0.0000000000000000000 ) ) ;
#1217 = ORIENTED_EDGE ( 'NONE', *, *, #1488, .T. ) ;
#1218 = CARTESIAN_POINT ( 'NONE',  ( 1.497203110160354234, 7.911979908391321814, -0.5648566976047609822 ) ) ;
#1219 = CARTESIAN_POINT ( 'NONE',  ( 0.5423031679836789465, 7.836314063142739705, -1.610613864237673942 ) ) ;
#1220 = CARTESIAN_POINT ( 'NONE',  ( 0.9087697093735386256, 1.316880083180075323, 7.812329395809860522 ) ) ;
#1221 = VECTOR ( 'NONE', #1496, 1000.000000000000000 ) ;
#1222 = CARTESIAN_POINT ( 'NONE',  ( -0.4228165111654550445, 3.685377254532323565, -1.557449336911169269 ) ) ;
#1223 = CARTESIAN_POINT ( 'NONE',  ( 0.2614630481651163407, -1.578711167054591025, 7.758436404082008409 ) ) ;
#1224 = CARTESIAN_POINT ( 'NONE',  ( 1.596764334651592065, 0.1050527628572022198, 7.933501997913648296 ) ) ;
#1225 = VECTOR ( 'NONE', #5922, 1000.000000000000227 ) ;
#1226 = ORIENTED_EDGE ( 'NONE', *, *, #3413, .F. ) ;
#1227 = CARTESIAN_POINT ( 'NONE',  ( 1.150519296111030432, 1.239235852684410943, 7.903458325857383393 ) ) ;
#1228 = DIRECTION ( 'NONE',  ( -1.000000000000000000, 0.0000000000000000000, 0.0000000000000000000 ) ) ;
#1229 = CARTESIAN_POINT ( 'NONE',  ( -0.1108283634983660004, 7.818489898120820847, -1.694475424652327478 ) ) ;
#1230 = VERTEX_POINT ( 'NONE', #1985 ) ;
#1231 = LINE ( 'NONE', #2788, #5777 ) ;
#1232 = CARTESIAN_POINT ( 'NONE',  ( -3.750000000000000000, 3.779854234699953519, -4.793483870668506341 ) ) ;
#1233 = CARTESIAN_POINT ( 'NONE',  ( -1.335300698232781080, 1.033792250772292753, 7.932955541831691271 ) ) ;
#1234 = APPLICATION_CONTEXT ( 'automotive_design' ) ;
#1235 = CARTESIAN_POINT ( 'NONE',  ( -1.514811896320737983, 0.5152856825881945158, 7.915692907006362411 ) ) ;
#1236 = ORIENTED_EDGE ( 'NONE', *, *, #1408, .T. ) ;
#1237 = DIRECTION ( 'NONE',  ( 0.0000000000000000000, 0.9976079763756667829, -0.06912543288578525125 ) ) ;
#1238 = CARTESIAN_POINT ( 'NONE',  ( 1.578544541808049928, 7.929464396481029631, -0.2624746321799516502 ) ) ;
#1239 = PLANE ( 'NONE',  #1148 ) ;
#1240 = CARTESIAN_POINT ( 'NONE',  ( 1.599999997929808515, 7.934223616317661154, 8.139172442686390819E-05 ) ) ;
#1241 = CARTESIAN_POINT ( 'NONE',  ( -1.532860158243725790, -0.7018884253450625721, 7.969189608435917727 ) ) ;
#1242 = CARTESIAN_POINT ( 'NONE',  ( 0.1000000000000004774, 0.7499999999999997780, 1.000000000000000000 ) ) ;
#1243 = LINE ( 'NONE', #5286, #6579 ) ;
#1244 = ORIENTED_EDGE ( 'NONE', *, *, #3813, .F. ) ;
#1245 = EDGE_CURVE ( 'NONE', #2956, #6476, #2518, .T. ) ;
#1246 = CARTESIAN_POINT ( 'NONE',  ( 1.596764334651591621, 7.933501997913646520, -0.1050527628572044680 ) ) ;
#1247 = EDGE_CURVE ( 'NONE', #1301, #3379, #3522, .T. ) ;
#1248 = PLANE ( 'NONE',  #5764 ) ;
#1249 = CARTESIAN_POINT ( 'NONE',  ( 0.8950153504708812102, 1.326271282735427492, 7.810570483470119285 ) ) ;
#1250 = CARTESIAN_POINT ( 'NONE',  ( -10.75000000000000000, 2.585306236626271570, 4.425305815512913910 ) ) ;
#1251 = EDGE_CURVE ( 'NONE', #5534, #3741, #986, .T. ) ;
#1252 = CARTESIAN_POINT ( 'NONE',  ( 1.343803225795094258, -0.8688325529534995928, 7.881428524097590760 ) ) ;
#1253 = CARTESIAN_POINT ( 'NONE',  ( 1.397795325331279814, 0.7790104296368282055, 7.891819465132954292 ) ) ;
#1254 = ORIENTED_EDGE ( 'NONE', *, *, #1585, .F. ) ;
#1255 = EDGE_LOOP ( 'NONE', ( #5291, #4830, #3221, #4299 ) ) ;
#1256 = CARTESIAN_POINT ( 'NONE',  ( 0.1371646131386011491, 1.691840437697972543, 7.819059012103284800 ) ) ;
#1257 = LINE ( 'NONE', #3285, #1908 ) ;
#1258 = DIRECTION ( 'NONE',  ( 1.000000000000000000, -0.0000000000000000000, -0.0000000000000000000 ) ) ;
#1259 = EDGE_CURVE ( 'NONE', #5575, #6364, #5437, .T. ) ;
#1260 = CARTESIAN_POINT ( 'NONE',  ( 0.4365307423053113034, 7.830087774945106105, -1.640120612744466522 ) ) ;
#1261 = ORIENTED_EDGE ( 'NONE', *, *, #6572, .F. ) ;
#1262 = LINE ( 'NONE', #3736, #4096 ) ;
#1263 = VECTOR ( 'NONE', #4798, 1000.000000000000114 ) ;
#1264 = CARTESIAN_POINT ( 'NONE',  ( -3.750000000000000000, 3.375345737512479793, -5.087376496814743021 ) ) ;
#1265 = VECTOR ( 'NONE', #5956, 1000.000000000000000 ) ;
#1266 = CARTESIAN_POINT ( 'NONE',  ( -1.509245038671524597, 0.7521193063134552492, 7.964605900246172432 ) ) ;
#1267 = CARTESIAN_POINT ( 'NONE',  ( -0.9752532063586498712, -1.268685304020047422, 7.821167909302801924 ) ) ;
#1268 = CARTESIAN_POINT ( 'NONE',  ( 0.4149294172781418100, 1.546142892513264533, 7.765708418178484784 ) ) ;
#1269 = ORIENTED_EDGE ( 'NONE', *, *, #307, .F. ) ;
#1270 = SURFACE_SIDE_STYLE ('',( #1302 ) ) ;
#1271 = CARTESIAN_POINT ( 'NONE',  ( 1.357774478543272156, 7.884080387683995994, 0.8468354339975494582 ) ) ;
#1272 = VECTOR ( 'NONE', #6206, 1000.000000000000000 ) ;
#1273 = FACE_OUTER_BOUND ( 'NONE', #1201, .T. ) ;
#1274 = CARTESIAN_POINT ( 'NONE',  ( 0.2205822787520440309, 7.820281948713358133, 1.686324292243344569 ) ) ;
#1275 = CARTESIAN_POINT ( 'NONE',  ( -0.6709554570046739608, -1.556839711791836001, 7.847061044906842753 ) ) ;
#1276 = AXIS2_PLACEMENT_3D ( 'NONE', #4836, #3346, #5364 ) ;
#1277 = CARTESIAN_POINT ( 'NONE',  ( -10.75000000000000000, -4.437138464536324989, -2.597138885649682205 ) ) ;
#1278 = DIRECTION ( 'NONE',  ( 0.2498029402012246769, -5.092810118716032865E-18, 0.9682966957843155420 ) ) ;
#1279 = CARTESIAN_POINT ( 'NONE',  ( -3.469446951953614189E-15, 2.326828918379975802E-16, 1.900000000000004130 ) ) ;
#1280 = PRODUCT_DEFINITION ( 'UNKNOWN', '', #5080, #1433 ) ;
#1281 = LINE ( 'NONE', #2352, #6036 ) ;
#1282 = VERTEX_POINT ( 'NONE', #2770 ) ;
#1283 = CARTESIAN_POINT ( 'NONE',  ( 1.422315073235964400, 7.896675041439512377, 0.7329347996038260149 ) ) ;
#1284 = DIRECTION ( 'NONE',  ( 0.0000000000000000000, -0.9976079763756667829, -0.06912543288578471001 ) ) ;
#1285 = CARTESIAN_POINT ( 'NONE',  ( 0.6594131860459798711, 1.458035100052594180, 7.784541449892335763 ) ) ;
#1286 = CARTESIAN_POINT ( 'NONE',  ( 2.825421122996475392E-15, 3.666060555964770096, -1.600000000000001199 ) ) ;
#1287 = CARTESIAN_POINT ( 'NONE',  ( 0.5148142139569864550, 1.515813472325679090, 7.772323662465278282 ) ) ;
#1288 = DIRECTION ( 'NONE',  ( 1.000000000000000000, -0.0000000000000000000, -0.0000000000000000000 ) ) ;
#1289 = EDGE_LOOP ( 'NONE', ( #3885, #1171, #4489, #2173, #686, #5241, #1454 ) ) ;
#1290 = CARTESIAN_POINT ( 'NONE',  ( 0.6953037500400962578, 1.545755852600479541, 7.849246605331212656 ) ) ;
#1291 = CARTESIAN_POINT ( 'NONE',  ( -10.75000000000000000, 3.779854234699953519, -4.793483870668507230 ) ) ;
#1292 = AXIS2_PLACEMENT_3D ( 'NONE', #1155, #654, #2722 ) ;
#1293 = CARTESIAN_POINT ( 'NONE',  ( 0.05240228201955739878, 7.753606412840255757, 1.600000000000000755 ) ) ;
#1294 = CARTESIAN_POINT ( 'NONE',  ( -0.05593929638601903565, 7.817892043447918660, -1.697222526386739538 ) ) ;
#1295 = VERTEX_POINT ( 'NONE', #142 ) ;
#1296 = CARTESIAN_POINT ( 'NONE',  ( 0.2105560503590733490, 3.666060555964673284, 1.600000000000000311 ) ) ;
#1297 = LINE ( 'NONE', #3932, #2247 ) ;
#1298 = CARTESIAN_POINT ( 'NONE',  ( -1.600000000000000533, -0.1048996781618715818, 7.934223616779734201 ) ) ;
#1299 = CARTESIAN_POINT ( 'NONE',  ( -1.094564072929151033, -1.168178044544551542, 7.838559426817888642 ) ) ;
#1300 = CARTESIAN_POINT ( 'NONE',  ( -1.167463706300312154, 1.094399147283811491, 7.850265266115772356 ) ) ;
#1301 = VERTEX_POINT ( 'NONE', #3239 ) ;
#1302 = SURFACE_STYLE_FILL_AREA ( #4850 ) ;
#1303 = CARTESIAN_POINT ( 'NONE',  ( 1.434567306646679086, 7.899121549463909098, -0.7090207084882605981 ) ) ;
#1304 =( NAMED_UNIT ( * ) SI_UNIT ( $, .STERADIAN. ) SOLID_ANGLE_UNIT ( ) );
#1305 = LINE ( 'NONE', #4823, #6426 ) ;
#1306 = CARTESIAN_POINT ( 'NONE',  ( -0.7701236259161124975, -1.509459094265566570, 7.856316624526458625 ) ) ;
#1307 = CARTESIAN_POINT ( 'NONE',  ( 1.899999999999999911, 1.250000000000000000, 0.0000000000000000000 ) ) ;
#1308 = DIRECTION ( 'NONE',  ( 0.7071067811865474617, 8.659560562354932858E-17, 0.7071067811865474617 ) ) ;
#1309 = VECTOR ( 'NONE', #2039, 1000.000000000000000 ) ;
#1310 = DIRECTION ( 'NONE',  ( 1.000000000000000000, 0.0000000000000000000, 0.0000000000000000000 ) ) ;
#1311 = VERTEX_POINT ( 'NONE', #3778 ) ;
#1312 = CARTESIAN_POINT ( 'NONE',  ( 1.457085467655528488, 7.903682266665297718, -0.6615062824427272448 ) ) ;
#1313 = CARTESIAN_POINT ( 'NONE',  ( 0.8488395754283672989, 7.861910204515836220, -1.482547941775500089 ) ) ;
#1314 = CARTESIAN_POINT ( 'NONE',  ( 0.7309966735387005698, 1.423514857181672255, 7.791612080169249666 ) ) ;
#1315 = EDGE_CURVE ( 'NONE', #4689, #2844, #3712, .T. ) ;
#1316 = DIRECTION ( 'NONE',  ( 1.000000000000000000, -0.0000000000000000000, -0.0000000000000000000 ) ) ;
#1317 = CARTESIAN_POINT ( 'NONE',  ( 1.538205200922954097, 0.4411397666259865291, 7.920681872344125907 ) ) ;
#1318 = DIRECTION ( 'NONE',  ( -0.0000000000000000000, -0.9701425001453318764, 0.2425356250363330801 ) ) ;
#1319 = EDGE_LOOP ( 'NONE', ( #3450, #1042, #5614, #5335 ) ) ;
#1320 = VERTEX_POINT ( 'NONE', #5789 ) ;
#1321 = CARTESIAN_POINT ( 'NONE',  ( 0.7455678292771014126, 1.521945480155074470, 7.853905451862344123 ) ) ;
#1322 = CARTESIAN_POINT ( 'NONE',  ( -3.750000000000000000, -5.023108633883571983, 1.102531158620888130 ) ) ;
#1323 = CARTESIAN_POINT ( 'NONE',  ( 0.7769408075063028996, 7.796539820742366622, 1.398913532455581032 ) ) ;
#1324 = CARTESIAN_POINT ( 'NONE',  ( 1.088766367075937325, 7.894557418885960409, -1.294712280507120505 ) ) ;
#1325 = VERTEX_POINT ( 'NONE', #2213 ) ;
#1326 = CARTESIAN_POINT ( 'NONE',  ( -10.75000000000000000, -0.5118326490234108572, 5.106707545196424114 ) ) ;
#1327 = CARTESIAN_POINT ( 'NONE',  ( -0.5201585591923751917, 1.516660231479953547, 3.701567253880596375 ) ) ;
#1328 = VECTOR ( 'NONE', #4539, 1000.000000000000114 ) ;
#1329 = CARTESIAN_POINT ( 'NONE',  ( -1.317313525109517380, -0.9084254879308821806, 7.876479959456400337 ) ) ;
#1330 = CARTESIAN_POINT ( 'NONE',  ( 1.397624998179087807, -0.7793153327050469370, 7.891786085771879122 ) ) ;
#1331 = CARTESIAN_POINT ( 'NONE',  ( -0.8005636745830676526, 1.385563017085247539, 7.799181723109932740 ) ) ;
#1332 = CARTESIAN_POINT ( 'NONE',  ( -10.75000000000000000, 3.394323231001218577, 3.837520563220440994 ) ) ;
#1333 = CARTESIAN_POINT ( 'NONE',  ( 1.368050534314415145, 7.938585900655633409, 0.9904485136110791066 ) ) ;
#1334 = CARTESIAN_POINT ( 'NONE',  ( 1.596764334651591621, 7.933501997913646520, -0.1050527628572044680 ) ) ;
#1335 = CARTESIAN_POINT ( 'NONE',  ( 3.750000000000000000, 4.898587196589412829E-16, 4.000000000000000000 ) ) ;
#1336 = CARTESIAN_POINT ( 'NONE',  ( 0.7315742813160492908, 7.791703243610760943, -1.423017691823539987 ) ) ;
#1337 = CARTESIAN_POINT ( 'NONE',  ( 1.496361137238630734, -0.7774840724287074289, 7.962140139069624922 ) ) ;
#1338 = FACE_OUTER_BOUND ( 'NONE', #4717, .T. ) ;
#1339 = DIRECTION ( 'NONE',  ( 0.0000000000000000000, -0.2425356250363328581, 0.9701425001453318764 ) ) ;
#1340 = EDGE_CURVE ( 'NONE', #5677, #3594, #242, .T. ) ;
#1341 = ORIENTED_EDGE ( 'NONE', *, *, #3474, .T. ) ;
#1342 = VERTEX_POINT ( 'NONE', #1242 ) ;
#1343 = CARTESIAN_POINT ( 'NONE',  ( 1.578544541808049928, 7.929464396481029631, -0.2624746321799516502 ) ) ;
#1344 = CARTESIAN_POINT ( 'NONE',  ( -0.8097673146801199762, 7.800260976617848563, 1.380017902375002548 ) ) ;
#1345 = CARTESIAN_POINT ( 'NONE',  ( -0.7764345146113867946, 1.399197013323474348, 7.796483509885110408 ) ) ;
#1346 = CARTESIAN_POINT ( 'NONE',  ( -0.7144909507271478555, 3.733805732118170351, -1.435481884636246264 ) ) ;
#1347 = CARTESIAN_POINT ( 'NONE',  ( 0.7782844939535997764, 1.398198428875196297, 7.796683334220170458 ) ) ;
#1348 = CARTESIAN_POINT ( 'NONE',  ( -10.75000000000000000, 2.113007891193789956, 5.730569755374102847 ) ) ;
#1349 = EDGE_LOOP ( 'NONE', ( #6320, #2740, #4548 ) ) ;
#1350 = ORIENTED_EDGE ( 'NONE', *, *, #4504, .T. ) ;
#1351 = CARTESIAN_POINT ( 'NONE',  ( 1.565242684570913534, 0.6250256213466764965, 7.975588013440098045 ) ) ;
#1352 = CARTESIAN_POINT ( 'NONE',  ( -10.75000000000000000, 4.781651221645094374, -3.791686883723367263 ) ) ;
#1353 = CARTESIAN_POINT ( 'NONE',  ( 1.398315446366940051, 7.891928796325822226, 0.7777367702838969832 ) ) ;
#1354 = CARTESIAN_POINT ( 'NONE',  ( 1.283495527733754304, 7.924255676918050995, -1.098469523233695178 ) ) ;
#1355 = CARTESIAN_POINT ( 'NONE',  ( 1.565242684570914866, 7.975588013440098045, -0.6250256213466773847 ) ) ;
#1356 = VERTEX_POINT ( 'NONE', #3267 ) ;
#1357 = LINE ( 'NONE', #856, #1105 ) ;
#1358 = CARTESIAN_POINT ( 'NONE',  ( -3.750000000000000000, -4.437138464536324989, -2.597138885649682205 ) ) ;
#1359 = CARTESIAN_POINT ( 'NONE',  ( -1.315601999348581019, 0.9109740915875872425, 7.876160482605370383 ) ) ;
#1360 = ORIENTED_EDGE ( 'NONE', *, *, #5839, .T. ) ;
#1361 = DIRECTION ( 'NONE',  ( 0.0000000000000000000, 0.9701425001453318764, 0.2425356250363328303 ) ) ;
#1362 = CARTESIAN_POINT ( 'NONE',  ( -0.3834453016484692389, 7.827428024390398420, 1.652688856183484933 ) ) ;
#1363 = CARTESIAN_POINT ( 'NONE',  ( 0.7086740862954703513, 7.789330265015155241, -1.434739109215254604 ) ) ;
#1364 = CARTESIAN_POINT ( 'NONE',  ( 1.599999997929808515, -8.139172442783256152E-05, 7.934223616317662930 ) ) ;
#1365 = CARTESIAN_POINT ( 'NONE',  ( 0.7075896244890578224, 7.789251549720591861, -1.435094841340224470 ) ) ;
#1366 = CARTESIAN_POINT ( 'NONE',  ( 1.428617180992300728, 0.8980552167233458727, 7.949469678124003735 ) ) ;
#1367 = EDGE_CURVE ( 'NONE', #3893, #1549, #2707, .T. ) ;
#1368 = AXIS2_PLACEMENT_3D ( 'NONE', #2318, #1310, #1847 ) ;
#1369 = AXIS2_PLACEMENT_3D ( 'NONE', #2552, #4450, #1955 ) ;
#1370 = CARTESIAN_POINT ( 'NONE',  ( 1.679892269063329779, 7.999272398761678282, -0.1114380841655392418 ) ) ;
#1371 = CARTESIAN_POINT ( 'NONE',  ( -1.579368636829331152, 7.929640077085388761, 0.2613822713373606943 ) ) ;
#1372 = ORIENTED_EDGE ( 'NONE', *, *, #3206, .T. ) ;
#1373 = DIRECTION ( 'NONE',  ( -1.000000000000000000, -0.0000000000000000000, -0.0000000000000000000 ) ) ;
#1374 = PRESENTATION_LAYER_ASSIGNMENT (  '', '', ( #4660 ) ) ;
#1375 = DIRECTION ( 'NONE',  ( 1.000000000000000000, -0.0000000000000000000, -0.0000000000000000000 ) ) ;
#1376 = ORIENTED_EDGE ( 'NONE', *, *, #6532, .F. ) ;
#1377 = AXIS2_PLACEMENT_3D ( 'NONE', #6442, #4481, #1887 ) ;
#1378 = CARTESIAN_POINT ( 'NONE',  ( 0.7321173570982241197, 7.791732202549447095, -1.422915933985555492 ) ) ;
#1379 = CARTESIAN_POINT ( 'NONE',  ( -1.929148837784154968E-14, 7.753606750688905258, 1.599999999354133173 ) ) ;
#1380 = CARTESIAN_POINT ( 'NONE',  ( -1.172748809211595855, 1.088445754071357685, 7.851156163135007304 ) ) ;
#1381 = CARTESIAN_POINT ( 'NONE',  ( -1.515259577218890596, 7.915783223751004627, -0.5144731868521725815 ) ) ;
#1382 = AXIS2_PLACEMENT_3D ( 'NONE', #2243, #4333, #4272 ) ;
#1383 = CARTESIAN_POINT ( 'NONE',  ( 1.202965229107841427, 1.055251657146539790, 7.856195572549731665 ) ) ;
#1384 = CARTESIAN_POINT ( 'NONE',  ( -10.75000000000000000, -3.803519532746777454, 4.793483870668507230 ) ) ;
#1385 = EDGE_LOOP ( 'NONE', ( #5801, #3657, #351, #132 ) ) ;
#1386 = VERTEX_POINT ( 'NONE', #5686 ) ;
#1387 = CARTESIAN_POINT ( 'NONE',  ( -1.151285737568467749, 1.239427244288161756, 7.903504104979414358 ) ) ;
#1388 = CARTESIAN_POINT ( 'NONE',  ( -3.736410698672603652E-15, 1.389442719099995172, 0.05527864045000251830 ) ) ;
#1389 = CARTESIAN_POINT ( 'NONE',  ( 1.142985639224146643, 7.846288886288930620, 1.119759257391776952 ) ) ;
#1390 = CARTESIAN_POINT ( 'NONE',  ( 0.02666851701852107973, 7.817882728748424270, -1.697265296479996133 ) ) ;
#1391 = CARTESIAN_POINT ( 'NONE',  ( -10.75000000000000000, -4.714091639508624532, 2.053587674916042438 ) ) ;
#1392 = EDGE_LOOP ( 'NONE', ( #5442, #454, #4613, #342 ) ) ;
#1393 = CARTESIAN_POINT ( 'NONE',  ( -1.600000000000000089, -1.743463064350768633E-18, 4.000000000000000000 ) ) ;
#1394 = APPLICATION_CONTEXT ( 'automotive_design' ) ;
#1395 = CARTESIAN_POINT ( 'NONE',  ( -1.680532484383489455, -0.1119621279215375770, 7.999407438039205509 ) ) ;
#1396 = DIRECTION ( 'NONE',  ( 0.0000000000000000000, 0.0000000000000000000, -1.000000000000000000 ) ) ;
#1397 = CARTESIAN_POINT ( 'NONE',  ( 1.496361137238630956, 7.962140139069626699, 0.7774840724287042093 ) ) ;
#1398 = CARTESIAN_POINT ( 'NONE',  ( -0.8343164514194666426, 7.803122826767040721, -1.365316415636911751 ) ) ;
#1399 = CARTESIAN_POINT ( 'NONE',  ( -10.75000000000000000, 2.585306236626271570, 4.425305815512913910 ) ) ;
#1400 = ADVANCED_FACE ( 'NONE', ( #5225 ), #4732, .F. ) ;
#1401 = CARTESIAN_POINT ( 'NONE',  ( 1.003930350943699867, 7.825211515446420130, -1.245862609693015655 ) ) ;
#1402 = CARTESIAN_POINT ( 'NONE',  ( 1.088425304837424612, -1.295002947431497908, 7.894509664003901861 ) ) ;
#1403 = CARTESIAN_POINT ( 'NONE',  ( 0.5412882003941866804, 7.836870042069945974, 1.607345250976959461 ) ) ;
#1404 = CARTESIAN_POINT ( 'NONE',  ( -1.300823314197024017, 7.873440820102122650, 0.9319573850486416733 ) ) ;
#1405 = LINE ( 'NONE', #3438, #2636 ) ;
#1406 =( NAMED_UNIT ( * ) PLANE_ANGLE_UNIT ( ) SI_UNIT ( $, .RADIAN. ) );
#1407 = CARTESIAN_POINT ( 'NONE',  ( 0.3642863396274310106, 7.762885183811057743, -1.558857547547506162 ) ) ;
#1408 = EDGE_CURVE ( 'NONE', #5308, #494, #6260, .T. ) ;
#1409 = CARTESIAN_POINT ( 'NONE',  ( -0.9397401554789991396, 7.816379282847380594, 1.295013036611112556 ) ) ;
#1410 = CARTESIAN_POINT ( 'NONE',  ( -1.119413565686726342, 1.143322925082670416, 7.842526664775143708 ) ) ;
#1411 = CARTESIAN_POINT ( 'NONE',  ( -1.345039474395821166, 7.881672413927168108, -0.8666307292196517853 ) ) ;
#1412 = ADVANCED_FACE ( 'NONE', ( #597 ), #2637, .F. ) ;
#1413 = B_SPLINE_CURVE_WITH_KNOTS ( 'NONE', 3,
 ( #2730, #4371, #6389, #5715, #1168, #3199, #5218, #662, #4239, #1699, #5753, #5278, #3232, #5252, #696, #201, #6287, #1729, #5781, #727, #391, #1869, #894, #5447, #1899, #2923, #2892, #1963 ),
 .UNSPECIFIED., .F., .F.,
 ( 4, 2, 2, 2, 2, 2, 2, 2, 2, 2, 2, 2, 2, 4 ),
 ( 0.0000000000000000000, 0.06249904632568571705, 0.09374856948852861027, 0.1249980926513714896, 0.1874971389770572205, 0.2187466621399000721, 0.2499961853027429237, 0.3124952316284286269, 0.3749942779541143301, 0.4374933242797999777, 0.4687428474426428293, 0.4843676090240642274, 0.4921799898147749541, 0.4999923706054856254 ),
 .UNSPECIFIED. ) ;
#1414 = DIRECTION ( 'NONE',  ( -1.000000000000000000, -0.0000000000000000000, -0.0000000000000000000 ) ) ;
#1415 = COLOUR_RGB ( '',0.6078431372549019107, 0.6313725490196078205, 0.6627450980392156632 ) ;
#1416 = ORIENTED_EDGE ( 'NONE', *, *, #3125, .T. ) ;
#1417 = EDGE_LOOP ( 'NONE', ( #1688, #3331, #2920, #5497 ) ) ;
#1418 = CARTESIAN_POINT ( 'NONE',  ( -1.640088738270711444, 0.3860790443614175449, 7.990863635255890607 ) ) ;
#1419 = CARTESIAN_POINT ( 'NONE',  ( -10.75000000000000000, -3.417988529048041180, 3.837520563220440994 ) ) ;
#1420 = CARTESIAN_POINT ( 'NONE',  ( 1.366405540040142030, 7.885720492211034660, 0.8331376927938862753 ) ) ;
#1421 = CARTESIAN_POINT ( 'NONE',  ( 1.088766367075937325, 7.894557418885960409, -1.294712280507120505 ) ) ;
#1422 = LINE ( 'NONE', #483, #2008 ) ;
#1423 = EDGE_LOOP ( 'NONE', ( #6103, #4782, #5216, #5203 ) ) ;
#1424 = CARTESIAN_POINT ( 'NONE',  ( -10.75000000000000000, -4.714091639508624532, -2.053587674916041106 ) ) ;
#1425 = VERTEX_POINT ( 'NONE', #1665 ) ;
#1426 = CARTESIAN_POINT ( 'NONE',  ( -1.544028726635236382, -0.6765488894976047218, 7.971382911659228299 ) ) ;
#1427 = CARTESIAN_POINT ( 'NONE',  ( -3.736410698672603652E-15, 1.500000000000000000, -1.100000000000003642 ) ) ;
#1429 = VERTEX_POINT ( 'NONE', #176 ) ;
#1428 = CARTESIAN_POINT ( 'NONE',  ( 0.1095830148613526622, 7.818616886747632222, 1.693880721998527017 ) ) ;
#1430 = CARTESIAN_POINT ( 'NONE',  ( 0.6608972791050272688, 7.784709723743379328, -1.457185164608068018 ) ) ;
#1431 = CARTESIAN_POINT ( 'NONE',  ( 1.899999999999999911, -0.7500000000000000000, -1.000000000000000000 ) ) ;
#1432 = CARTESIAN_POINT ( 'NONE',  ( 0.7771805988815924104, 7.796566389193552382, -1.398780823699918407 ) ) ;
#1433 = PRODUCT_DEFINITION_CONTEXT ( 'detailed design', #338, 'design' ) ;
#1434 = CARTESIAN_POINT ( 'NONE',  ( 1.679892269063330001, 0.1114380841655397553, 7.999272398761678282 ) ) ;
#1435 = EDGE_CURVE ( 'NONE', #6246, #6476, #2148, .T. ) ;
#1436 = VECTOR ( 'NONE', #622, 1000.000000000000227 ) ;
#1437 = CARTESIAN_POINT ( 'NONE',  ( 1.368050534314415145, 7.938585900655633409, 0.9904485136110791066 ) ) ;
#1438 = CARTESIAN_POINT ( 'NONE',  ( -1.510589942558437260, 7.914799662540660918, 0.5275346927986305223 ) ) ;
#1439 = CARTESIAN_POINT ( 'NONE',  ( -10.75000000000000000, 1.090698509597477273, 5.011275984860160015 ) ) ;
#1440 = DIRECTION ( 'NONE',  ( 1.000000000000000000, 0.0000000000000000000, 0.0000000000000000000 ) ) ;
#1441 = CARTESIAN_POINT ( 'NONE',  ( -0.1053441231687667345, 7.754205899653000778, -1.597383213165466609 ) ) ;
#1442 = CARTESIAN_POINT ( 'NONE',  ( -0.9294414134431415730, 7.815016410698512495, 1.302417109743839285 ) ) ;
#1443 = CARTESIAN_POINT ( 'NONE',  ( -1.228709388897750499, 1.024847225358544778, 7.860624086406229338 ) ) ;
#1444 = CARTESIAN_POINT ( 'NONE',  ( -0.2081319799956713179, 7.755929278772146773, -1.589946667470989228 ) ) ;
#1445 = CARTESIAN_POINT ( 'NONE',  ( -10.75000000000000000, 2.041755025892629138, -4.702258990485212564 ) ) ;
#1446 = VERTEX_POINT ( 'NONE', #2279 ) ;
#1447 = EDGE_LOOP ( 'NONE', ( #1015, #6153, #486, #4955 ) ) ;
#1448 = CARTESIAN_POINT ( 'NONE',  ( -1.593673367128167984, 0.5466057979228468033, 7.981315666743567405 ) ) ;
#1449 = CARTESIAN_POINT ( 'NONE',  ( -10.75000000000000000, 2.585306236626269794, -4.425305815512913910 ) ) ;
#1450 = EDGE_CURVE ( 'NONE', #5206, #2517, #5285, .T. ) ;
#1451 = CARTESIAN_POINT ( 'NONE',  ( 1.023607048406105058, 7.828028946989765480, 1.229780811605343249 ) ) ;
#1452 = CARTESIAN_POINT ( 'NONE',  ( 1.170649061140180747, 7.906465291162602327, -1.219919862007206257 ) ) ;
#1453 = DIRECTION ( 'NONE',  ( -0.6666666666666661856, -0.7453559924999303421, 3.589720471355299517E-15 ) ) ;
#1454 = ORIENTED_EDGE ( 'NONE', *, *, #3437, .T. ) ;
#1455 = CARTESIAN_POINT ( 'NONE',  ( -1.599999995531089292, -0.05301459842477199147, 7.934223615525924700 ) ) ;
#1456 = ORIENTED_EDGE ( 'NONE', *, *, #6086, .F. ) ;
#1457 = EDGE_CURVE ( 'NONE', #5509, #4942, #3208, .T. ) ;
#1458 = CARTESIAN_POINT ( 'NONE',  ( -1.640128555305603530, -0.3859027067945365874, 7.990871957423816063 ) ) ;
#1459 = PLANE ( 'NONE',  #5732 ) ;
#1460 = CARTESIAN_POINT ( 'NONE',  ( 1.677828026418871410, 7.998831596558373391, 0.1395292220155661123 ) ) ;
#1461 = CARTESIAN_POINT ( 'NONE',  ( -1.300516568122946914, 7.873384695440811321, -0.9323860098505832861 ) ) ;
#1462 = CARTESIAN_POINT ( 'NONE',  ( 1.599999999654966532, -4.069591903663926031E-05, 7.934223616982952976 ) ) ;
#1463 = LINE ( 'NONE', #6394, #6104 ) ;
#1464 = CARTESIAN_POINT ( 'NONE',  ( 1.682612497005434360, -0.05585563580271230011, 7.999853620946111299 ) ) ;
#1465 = CARTESIAN_POINT ( 'NONE',  ( 1.655924503021283245, 7.994188448239467171, 0.3060981864305870603 ) ) ;
#1466 = LINE ( 'NONE', #3472, #1309 ) ;
#1467 = VECTOR ( 'NONE', #6092, 1000.000000000000000 ) ;
#1468 = DIRECTION ( 'NONE',  ( 0.0000000000000000000, -0.5877852522924721379, -0.8090169943749482284 ) ) ;
#1469 = FACE_OUTER_BOUND ( 'NONE', #1423, .T. ) ;
#1470 = CARTESIAN_POINT ( 'NONE',  ( -0.8677580397378067412, 7.807158918593539276, -1.344310110891560273 ) ) ;
#1471 = VECTOR ( 'NONE', #4358, 1000.000000000000000 ) ;
#1472 = CARTESIAN_POINT ( 'NONE',  ( -0.7985888621305734514, 7.798985401904511505, 1.386512759803892880 ) ) ;
#1473 = MANIFOLD_SOLID_BREP ( 'Фаска1', #6158 ) ;
#1474 = CARTESIAN_POINT ( 'NONE',  ( -1.548528105435520441, 0.4161538821418229173, 7.922882710582190846 ) ) ;
#1475 = CARTESIAN_POINT ( 'NONE',  ( -1.266985632066057965, 7.867337758925481594, -0.9772836164281990534 ) ) ;
#1476 = CARTESIAN_POINT ( 'NONE',  ( -10.75000000000000000, -4.805316519691916533, 3.791686883723366819 ) ) ;
#1477 = ADVANCED_FACE ( 'NONE', ( #4697 ), #1707, .F. ) ;
#1478 = FILL_AREA_STYLE_COLOUR ( '', #2973 ) ;
#1479 = VECTOR ( 'NONE', #2870, 999.9999999999998863 ) ;
#1480 = ORIENTED_EDGE ( 'NONE', *, *, #1555, .T. ) ;
#1481 = DIRECTION ( 'NONE',  ( 1.000000000000000000, -0.0000000000000000000, -0.0000000000000000000 ) ) ;
#1482 = DIRECTION ( 'NONE',  ( 0.0000000000000000000, -0.6423029060310797567, -0.7664508966033178883 ) ) ;
#1483 = CARTESIAN_POINT ( 'NONE',  ( -3.750000000000000000, 3.375345737512479349, -5.087376496814743021 ) ) ;
#1484 = CARTESIAN_POINT ( 'NONE',  ( 0.5934298912526557723, 7.840582719722424265, -1.589255662491068088 ) ) ;
#1485 = CARTESIAN_POINT ( 'NONE',  ( -1.593673367128169760, 7.981315666743569182, -0.5466057979228506891 ) ) ;
#1486 = ORIENTED_EDGE ( 'NONE', *, *, #2448, .F. ) ;
#1487 = VECTOR ( 'NONE', #5813, 1000.000000000000114 ) ;
#1488 = EDGE_CURVE ( 'NONE', #5401, #5001, #3809, .T. ) ;
#1489 = CARTESIAN_POINT ( 'NONE',  ( 1.600000000000000089, 0.2106277674673904809, 4.000000000000000888 ) ) ;
#1490 = ORIENTED_EDGE ( 'NONE', *, *, #2982, .T. ) ;
#1491 = CARTESIAN_POINT ( 'NONE',  ( -1.558930445221061500, 0.3639569954488268699, 7.925162371664192129 ) ) ;
#1492 = DIRECTION ( 'NONE',  ( 0.0000000000000000000, -0.9976079763756667829, 0.06912543288578525125 ) ) ;
#1493 = CARTESIAN_POINT ( 'NONE',  ( 1.602306833520109830, 7.983070082940829870, -0.5208593967159913518 ) ) ;
#1494 = CARTESIAN_POINT ( 'NONE',  ( -0.8455073780406512363, 7.804456216269463731, -1.358414737894273916 ) ) ;
#1495 = EDGE_CURVE ( 'NONE', #6364, #1142, #4205, .T. ) ;
#1496 = DIRECTION ( 'NONE',  ( 1.000000000000000000, -0.0000000000000000000, -0.0000000000000000000 ) ) ;
#1497 = EDGE_CURVE ( 'NONE', #6109, #6207, #589, .T. ) ;
#1498 = DIRECTION ( 'NONE',  ( 0.0000000000000000000, 0.7071067811865474617, -0.7071067811865474617 ) ) ;
#1499 = CARTESIAN_POINT ( 'NONE',  ( 0.7702315623831472724, 1.509403668207283111, 7.856327301964181054 ) ) ;
#1500 = CARTESIAN_POINT ( 'NONE',  ( 0.3832427008021569992, 7.827240918455672158, 1.653609079707706764 ) ) ;
#1501 = PRODUCT ( 'A189 Шкив GT2, O отверстия 8 мм', 'A189 Шкив GT2, O отверстия 8 мм', '', ( #5860 ) ) ;
#1502 = CARTESIAN_POINT ( 'NONE',  ( -1.497212789405713451, 7.911981802783207840, 0.5648465501292266877 ) ) ;
#1503 = AXIS2_PLACEMENT_3D ( 'NONE', #6583, #5704, #5339 ) ;
#1504 = DIRECTION ( 'NONE',  ( -0.0000000000000000000, -0.0000000000000000000, -1.000000000000000000 ) ) ;
#1505 = CARTESIAN_POINT ( 'NONE',  ( 0.5627773296733191710, -1.497986865636065312, 7.776137519221705929 ) ) ;
#1506 = CARTESIAN_POINT ( 'NONE',  ( 1.034889757951199085, 1.220526206914822387, 7.829647989618576887 ) ) ;
#1507 = CARTESIAN_POINT ( 'NONE',  ( 3.750000000000000000, 0.0000000000000000000, 8.000000000000000000 ) ) ;
#1508 = CARTESIAN_POINT ( 'NONE',  ( 0.1831083114362685726, 7.755949908919270719, -1.589708595217294906 ) ) ;
#1509 = CARTESIAN_POINT ( 'NONE',  ( -1.302442470030540367, 0.9294076465079778027, 7.873748711022364510 ) ) ;
#1510 = CARTESIAN_POINT ( 'NONE',  ( -1.434974907885067763, 7.899209113646636027, -0.7078304947054592233 ) ) ;
#1511 = CARTESIAN_POINT ( 'NONE',  ( -3.750000000000000000, 0.2381673509765892260, 6.106707545196424114 ) ) ;
#1512 = EDGE_LOOP ( 'NONE', ( #1683, #2648, #3482, #1888, #930, #3498 ) ) ;
#1513 = CARTESIAN_POINT ( 'NONE',  ( -0.6201765672167174337, 1.578100810490133732, 7.842812921663663062 ) ) ;
#1514 = CARTESIAN_POINT ( 'NONE',  ( -1.510589942558437260, 7.914799662540660918, 0.5275346927986305223 ) ) ;
#1515 = CARTESIAN_POINT ( 'NONE',  ( -10.75000000000000000, -1.114363807644300097, -5.011275984860160015 ) ) ;
#1516 = CARTESIAN_POINT ( 'NONE',  ( 1.683296383924535400, -2.661966472869149421E-16, 8.000000000000017764 ) ) ;
#1517 = CARTESIAN_POINT ( 'NONE',  ( -1.683296383926186746, 8.000000000000000000, 4.811147140404425926E-16 ) ) ;
#1518 = EDGE_LOOP ( 'NONE', ( #4261, #3812, #1115, #3323 ) ) ;
#1519 = CIRCLE ( 'NONE', #4189, 1.500000000000000000 ) ;
#1520 = CARTESIAN_POINT ( 'NONE',  ( -0.8460305699129780921, -1.358280468155080190, 7.804491922188484310 ) ) ;
#1521 = EDGE_LOOP ( 'NONE', ( #2787, #3317, #4270, #516, #3922, #5714, #5303, #3178, #6400, #204, #3659, #24, #1269, #422, #5096, #1165, #5135, #6047, #2909, #1571, #5774, #172, #5988, #5917, #1244, #6569, #3740, #2952, #4604, #4021, #3022, #1952, #322, #1157, #3735, #4399, #1775, #1762, #6324, #2774, #5638, #3020, #1848, #1765, #4209, #5629, #6421, #3791, #2559, #746, #253, #6239, #6166, #258, #3692, #2444, #5949, #2036, #4094, #4389, #2492, #664, #6375, #6507, #4361, #1486, #4197, #265, #5444, #6202, #4819, #5272, #5702, #4743, #4238, #1547, #3161, #3868, #625, #3190 ) ) ;
#1522 = CARTESIAN_POINT ( 'NONE',  ( -0.2202664969594895772, -1.683570812049505427, 7.820845241322555985 ) ) ;
#1523 = CARTESIAN_POINT ( 'NONE',  ( -3.750000000000000000, 6.094874896173013035, 0.2500000000000000000 ) ) ;
#1524 = CARTESIAN_POINT ( 'NONE',  ( -0.5430074722845636970, 7.836991025983914838, 1.606755406922847351 ) ) ;
#1525 = CARTESIAN_POINT ( 'NONE',  ( -10.75000000000000000, 5.075543847791330165, -3.387178386535893537 ) ) ;
#1526 = DIRECTION ( 'NONE',  ( 0.0000000000000000000, -0.9274206331348670007, 0.3740200118118315875 ) ) ;
#1527 = CARTESIAN_POINT ( 'NONE',  ( -0.3833891030137930866, 1.652702091979520116, 7.827425229373599080 ) ) ;
#1528 = ORIENTED_EDGE ( 'NONE', *, *, #2594, .T. ) ;
#1529 = CARTESIAN_POINT ( 'NONE',  ( -3.750000000000000000, 5.873245603538165938, 1.649312282069624214 ) ) ;
#1530 = CARTESIAN_POINT ( 'NONE',  ( 0.6606570456027724969, 7.784657228873292034, 1.457473761405810198 ) ) ;
#1531 = VECTOR ( 'NONE', #5672, 1000.000000000000000 ) ;
#1532 = CARTESIAN_POINT ( 'NONE',  ( -10.75000000000000000, -4.805316519691916533, 3.791686883723366819 ) ) ;
#1533 = CARTESIAN_POINT ( 'NONE',  ( 0.4404836326651588863, -1.538381921722955736, 7.767401300397779096 ) ) ;
#1534 = CARTESIAN_POINT ( 'NONE',  ( -1.202532285692245129, 1.055744800906452063, 7.856122203426843420 ) ) ;
#1535 = CARTESIAN_POINT ( 'NONE',  ( -1.386103593657048272, -0.8008902723022478520, 7.889506273673274173 ) ) ;
#1536 = CARTESIAN_POINT ( 'NONE',  ( -1.343913042096738453, 7.934446659317712758, 1.022097446019049505 ) ) ;
#1537 = SURFACE_STYLE_FILL_AREA ( #1634 ) ;
#1538 = LINE ( 'NONE', #1567, #3836 ) ;
#1539 = LINE ( 'NONE', #1140, #6262 ) ;
#1540 = LINE ( 'NONE', #5093, #6211 ) ;
#1541 = LINE ( 'NONE', #571, #423 ) ;
#1542 = VERTEX_POINT ( 'NONE', #6221 ) ;
#1543 = DIRECTION ( 'NONE',  ( 0.0000000000000000000, 0.0000000000000000000, -1.000000000000000000 ) ) ;
#1544 = DIRECTION ( 'NONE',  ( 1.000000000000000000, -0.0000000000000000000, -0.0000000000000000000 ) ) ;
#1545 = CARTESIAN_POINT ( 'NONE',  ( -1.593673367128169760, 7.981315666743569182, -0.5466057979228506891 ) ) ;
#1546 = CARTESIAN_POINT ( 'NONE',  ( 1.597355562149074704, 0.1057383074653311245, 7.933631432105706871 ) ) ;
#1547 = ORIENTED_EDGE ( 'NONE', *, *, #1098, .F. ) ;
#1548 = CARTESIAN_POINT ( 'NONE',  ( -1.597372869501477721, -0.1055467792861873172, 7.933635926891771106 ) ) ;
#1549 = VERTEX_POINT ( 'NONE', #2728 ) ;
#1550 = CARTESIAN_POINT ( 'NONE',  ( 1.683297788603669520, 0.02779729826916098323, 8.000000300470459180 ) ) ;
#1551 = LINE ( 'NONE', #4615, #2989 ) ;
#1552 = CARTESIAN_POINT ( 'NONE',  ( -1.558930445221061944, 7.925162371664192129, -0.3639569954488238723 ) ) ;
#1553 = DIRECTION ( 'NONE',  ( 0.0000000000000000000, 0.6423029060310797567, 0.7664508966033178883 ) ) ;
#1554 = CARTESIAN_POINT ( 'NONE',  ( 1.683291063627681661, -0.1118348954994661804, 7.999998793503455552 ) ) ;
#1555 = EDGE_CURVE ( 'NONE', #713, #5007, #3159, .T. ) ;
#1556 = CARTESIAN_POINT ( 'NONE',  ( 0.5416155654674961184, 1.607947708504273487, 7.836757860998985414 ) ) ;
#1557 = LINE ( 'NONE', #5146, #6577 ) ;
#1558 = CARTESIAN_POINT ( 'NONE',  ( 1.599999997929808515, -8.139172442783256152E-05, 7.934223616317662930 ) ) ;
#1559 = CARTESIAN_POINT ( 'NONE',  ( -0.6377538391091481795, 7.782542133101512327, 1.467633926715670167 ) ) ;
#1560 = LINE ( 'NONE', #4625, #403 ) ;
#1561 =( REPRESENTATION_RELATIONSHIP ('NONE','NONE', #212, #6115 ) REPRESENTATION_RELATIONSHIP_WITH_TRANSFORMATION ( #5323 )SHAPE_REPRESENTATION_RELATIONSHIP( ) );
#1562 = CARTESIAN_POINT ( 'NONE',  ( 0.6356342102992171839, -1.468538135398251621, 7.782352704501692919 ) ) ;
#1563 = EDGE_CURVE ( 'NONE', #5465, #961, #2139, .T. ) ;
#1564 = CARTESIAN_POINT ( 'NONE',  ( -1.219640146368208500, 1.035936342779071762, 7.859042885090953945 ) ) ;
#1565 = CARTESIAN_POINT ( 'NONE',  ( -1.167763407950777710, -1.094080286028570104, 7.850314554997057215 ) ) ;
#1566 = CARTESIAN_POINT ( 'NONE',  ( -0.8426355682377717482, 7.863881418121807521, 1.469551438746178329 ) ) ;
#1567 = CARTESIAN_POINT ( 'NONE',  ( -10.75000000000000000, 4.781651221645095262, 3.791686883723365931 ) ) ;
#1568 = FACE_BOUND ( 'NONE', #2653, .T. ) ;
#1569 = AXIS2_PLACEMENT_3D ( 'NONE', #2374, #4403, #3907 ) ;
#1570 = PLANE ( 'NONE',  #3294 ) ;
#1571 = ORIENTED_EDGE ( 'NONE', *, *, #2389, .F. ) ;
#1572 = VECTOR ( 'NONE', #5404, 1000.000000000000000 ) ;
#1573 = CARTESIAN_POINT ( 'NONE',  ( 0.5145030482455300591, 7.772434921178117406, 1.515245535177166092 ) ) ;
#1574 = DIRECTION ( 'NONE',  ( -1.000000000000000000, -0.0000000000000000000, -0.0000000000000000000 ) ) ;
#1575 = CARTESIAN_POINT ( 'NONE',  ( -0.7456193999587433785, 7.853800735061082783, -1.522668838637764699 ) ) ;
#1576 = CARTESIAN_POINT ( 'NONE',  ( -3.750000000000000000, 2.113007891193789956, 5.730569755374102847 ) ) ;
#1577 = EDGE_LOOP ( 'NONE', ( #4751, #5277, #5466, #2267 ) ) ;
#1578 =( GEOMETRIC_REPRESENTATION_CONTEXT ( 3 ) GLOBAL_UNCERTAINTY_ASSIGNED_CONTEXT ( ( #3973 ) ) GLOBAL_UNIT_ASSIGNED_CONTEXT ( ( #1602, #473, #5560 ) ) REPRESENTATION_CONTEXT ( 'NONE', 'WORKASPACE' ) );
#1579 = CARTESIAN_POINT ( 'NONE',  ( -1.149780897910483102, -1.112960593021961042, 7.847373904535714928 ) ) ;
#1580 = AXIS2_PLACEMENT_3D ( 'NONE', #2607, #4216, #4572 ) ;
#1581 = VERTEX_POINT ( 'NONE', #4172 ) ;
#1582 = CARTESIAN_POINT ( 'NONE',  ( 0.5152257423005456305, -1.616028935951843826, 7.835082489285964513 ) ) ;
#1583 = LINE ( 'NONE', #5640, #749 ) ;
#1584 = VECTOR ( 'NONE', #3106, 1000.000000000000114 ) ;
#1585 = EDGE_CURVE ( 'NONE', #1282, #3898, #2596, .T. ) ;
#1586 = CARTESIAN_POINT ( 'NONE',  ( -1.368544488071701037, 7.938713301148649037, 0.9886036567635907435 ) ) ;
#1587 = ORIENTED_EDGE ( 'NONE', *, *, #6496, .F. ) ;
#1588 = CARTESIAN_POINT ( 'NONE',  ( -10.75000000000000000, -5.099209145838154100, -3.387178386535892205 ) ) ;
#1589 = CARTESIAN_POINT ( 'NONE',  ( -1.112482774657183482, -1.278566682274074218, 7.897566757487807010 ) ) ;
#1590 = CARTESIAN_POINT ( 'NONE',  ( -0.3562685159075511532, 1.658860287868723971, 7.826122438946637061 ) ) ;
#1591 = DIRECTION ( 'NONE',  ( 0.7071067811865471286, 0.6324555320336763264, 0.3162277660168383298 ) ) ;
#1592 = CARTESIAN_POINT ( 'NONE',  ( 1.231728583218813844, -1.021222850025738094, 7.861146825678989813 ) ) ;
#1593 = CARTESIAN_POINT ( 'NONE',  ( 0.9741153562602757887, 7.820928755762436957, 1.270360058901108813 ) ) ;
#1594 = EDGE_CURVE ( 'NONE', #4884, #3625, #2120, .T. ) ;
#1595 = DIRECTION ( 'NONE',  ( 0.0000000000000000000, -0.7071067811865483499, 0.7071067811865467956 ) ) ;
#1596 = CARTESIAN_POINT ( 'NONE',  ( -1.144591073497747358, -1.118150522559361759, 7.846545427421435015 ) ) ;
#1597 = EDGE_CURVE ( 'NONE', #3318, #5738, #1623, .T. ) ;
#1598 = CARTESIAN_POINT ( 'NONE',  ( -1.510497563369184837, 0.5277990625348829568, 7.914780147717402237 ) ) ;
#1599 = CARTESIAN_POINT ( 'NONE',  ( -0.3386864150724264722, -1.563798541309065371, 7.761777973133168196 ) ) ;
#1600 = CIRCLE ( 'NONE', #5856, 8.000000000000000000 ) ;
#1601 = CARTESIAN_POINT ( 'NONE',  ( -1.546201229981084113, 7.922393165964598083, -0.4147525060637510252 ) ) ;
#1602 =( LENGTH_UNIT ( ) NAMED_UNIT ( * ) SI_UNIT ( .MILLI., .METRE. ) );
#1603 = DIRECTION ( 'NONE',  ( 0.0000000000000000000, 0.7071067811865467956, 0.7071067811865483499 ) ) ;
#1604 = LINE ( 'NONE', #1074, #4565 ) ;
#1605 = DIRECTION ( 'NONE',  ( 0.0000000000000000000, 0.0000000000000000000, -1.000000000000000000 ) ) ;
#1606 = ORIENTED_EDGE ( 'NONE', *, *, #2678, .F. ) ;
#1607 = ADVANCED_FACE ( 'NONE', ( #4755 ), #5712, .F. ) ;
#1608 = CARTESIAN_POINT ( 'NONE',  ( 0.2873019793695573698, 7.759449130183682541, 1.574211563614762888 ) ) ;
#1609 = LINE ( 'NONE', #4025, #5318 ) ;
#1610 = CARTESIAN_POINT ( 'NONE',  ( -1.606590928079762781, 7.983948282459915724, -0.5067061021240244489 ) ) ;
#1611 = DIRECTION ( 'NONE',  ( 1.000000000000000000, -0.0000000000000000000, -0.0000000000000000000 ) ) ;
#1612 = EDGE_LOOP ( 'NONE', ( #4789, #3470, #4777, #6486 ) ) ;
#1613 = CARTESIAN_POINT ( 'NONE',  ( 1.596752486590892639, -0.1052346404164041932, 7.933499357990158707 ) ) ;
#1614 = VERTEX_POINT ( 'NONE', #1164 ) ;
#1615 = CARTESIAN_POINT ( 'NONE',  ( 0.7452778561835585736, -1.522090668353605736, 7.853877338375295558 ) ) ;
#1616 = CARTESIAN_POINT ( 'NONE',  ( -3.750000000000000000, -6.118540194219835193, 0.2500000000000007772 ) ) ;
#1617 = CARTESIAN_POINT ( 'NONE',  ( -1.111042178520108559, 7.897627514659569137, 1.276221395836618422 ) ) ;
#1618 = ORIENTED_EDGE ( 'NONE', *, *, #4388, .T. ) ;
#1619 = VECTOR ( 'NONE', #5385, 1000.000000000000000 ) ;
#1620 = DIRECTION ( 'NONE',  ( -0.0000000000000000000, -0.8910065241883681209, -0.4539904997395463049 ) ) ;
#1621 = LINE ( 'NONE', #5110, #4102 ) ;
#1622 = CARTESIAN_POINT ( 'NONE',  ( -1.110784253352214535, 1.276450551232426456, 7.897590500495521582 ) ) ;
#1623 = LINE ( 'NONE', #3701, #620 ) ;
#1624 = ORIENTED_EDGE ( 'NONE', *, *, #5190, .F. ) ;
#1625 = ORIENTED_EDGE ( 'NONE', *, *, #5819, .F. ) ;
#1626 = CARTESIAN_POINT ( 'NONE',  ( 1.366261908103707290, -0.8333739446347411262, 7.885692916057104540 ) ) ;
#1627 = CARTESIAN_POINT ( 'NONE',  ( 0.7083984622555814514, 7.789302382678546799, 1.434875978235422789 ) ) ;
#1628 = DIRECTION ( 'NONE',  ( 1.000000000000000000, -0.0000000000000000000, -0.0000000000000000000 ) ) ;
#1629 = CARTESIAN_POINT ( 'NONE',  ( -0.2089799247989391207, -1.589826694352493464, 7.755955127027745810 ) ) ;
#1630 = CARTESIAN_POINT ( 'NONE',  ( -1.149497642161825706, 1.113252624021642490, 7.847328003225570114 ) ) ;
#1631 = CARTESIAN_POINT ( 'NONE',  ( -0.9333544969128571012, -1.299819442912039547, 7.815507420771921510 ) ) ;
#1632 = SURFACE_STYLE_USAGE ( .BOTH. , #4764 ) ;
#1633 = CARTESIAN_POINT ( 'NONE',  ( -1.318529609186937623, 7.930115490955827795, 1.055173679684956234 ) ) ;
#1634 = FILL_AREA_STYLE ('',( #443 ) ) ;
#1635 = FACE_OUTER_BOUND ( 'NONE', #2698, .T. ) ;
#1636 = CARTESIAN_POINT ( 'NONE',  ( -10.75000000000000000, -5.742402404397513926, 2.124840540217201035 ) ) ;
#1637 = AXIS2_PLACEMENT_3D ( 'NONE', #1525, #2065, #3027 ) ;
#1638 = CARTESIAN_POINT ( 'NONE',  ( 0.1000000000000004774, -0.7500000000000000000, -1.000000000000000000 ) ) ;
#1639 = ORIENTED_EDGE ( 'NONE', *, *, #3146, .T. ) ;
#1640 = CARTESIAN_POINT ( 'NONE',  ( -0.2093668105629082343, 7.756541877110091576, 1.587103426947084728 ) ) ;
#1641 = DIRECTION ( 'NONE',  ( -0.0000000000000000000, -0.7071067811865479058, -0.7071067811865472397 ) ) ;
#1642 = CARTESIAN_POINT ( 'NONE',  ( -1.025713050334459364, 7.885965689962798564, -1.346040987452116422 ) ) ;
#1643 = B_SPLINE_CURVE_WITH_KNOTS ( 'NONE', 3,
 ( #3256, #6279, #6218, #719, #690, #5807, #3767, #2725, #3698, #2235, #1790, #5708, #754, #4752, #5211, #1724, #4813, #2268, #4202, #4295, #5775, #259, #195, #5847, #1159, #1655, #1296, #5273 ),
 .UNSPECIFIED., .F., .F.,
 ( 4, 2, 2, 2, 2, 2, 2, 2, 2, 2, 2, 2, 2, 4 ),
 ( 9.224031873323869363E-18, 0.0003159723681526509188, 0.0006319447363052926219, 0.001263889472610576136, 0.001895834208915859326, 0.002211806577068500378, 0.002527778945221141431, 0.002843751313373782917, 0.003159723681526423970, 0.003475696049679065456, 0.003791668417831706075, 0.004107640785984347995, 0.004423613154136988614, 0.005055557890442268984 ),
 .UNSPECIFIED. ) ;
#1644 = CARTESIAN_POINT ( 'NONE',  ( 1.279148120749983297, 0.9612227153033372495, 7.869519887028213034 ) ) ;
#1645 = ORIENTED_EDGE ( 'NONE', *, *, #909, .F. ) ;
#1646 = CARTESIAN_POINT ( 'NONE',  ( 0.7780752801643592287, -1.398315209405202264, 7.796660162500596236 ) ) ;
#1647 = ADVANCED_FACE ( 'NONE', ( #5249, #5676 ), #6251, .F. ) ;
#1648 = CARTESIAN_POINT ( 'NONE',  ( 1.112720561696657340, 1.150019339688744147, 7.841457954798947583 ) ) ;
#1649 = EDGE_CURVE ( 'NONE', #1983, #3651, #3506, .T. ) ;
#1650 = VERTEX_POINT ( 'NONE', #3739 ) ;
#1651 = CARTESIAN_POINT ( 'NONE',  ( 1.655924503021281469, -0.3060981864305900024, 7.994188448239467171 ) ) ;
#1652 = CARTESIAN_POINT ( 'NONE',  ( -12.25000000000000000, 4.898587196589412829E-16, 4.000000000000000000 ) ) ;
#1653 = CARTESIAN_POINT ( 'NONE',  ( -1.228557451178041493, 7.915395314439870766, 1.160580718510366705 ) ) ;
#1654 = VERTEX_POINT ( 'NONE', #4651 ) ;
#1655 = CARTESIAN_POINT ( 'NONE',  ( 0.4231572878804620297, 3.685534478522685120, 1.557000902219776384 ) ) ;
#1656 = CARTESIAN_POINT ( 'NONE',  ( 3.750000000000000000, 0.0000000000000000000, 0.0000000000000000000 ) ) ;
#1657 = CARTESIAN_POINT ( 'NONE',  ( -1.416435263947023904, -0.7442183270206905732, 7.895505269000646642 ) ) ;
#1658 = DIRECTION ( 'NONE',  ( -0.0000000000000000000, 0.5304556061348296714, 0.8477127166205131736 ) ) ;
#1659 = ORIENTED_EDGE ( 'NONE', *, *, #188, .T. ) ;
#1660 = CARTESIAN_POINT ( 'NONE',  ( 1.079363926796791828, -1.181114152299856723, 7.836317419999407008 ) ) ;
#1661 = CARTESIAN_POINT ( 'NONE',  ( -0.9957735659644161297, 7.824031817324425653, 1.252641813636886647 ) ) ;
#1662 = CARTESIAN_POINT ( 'NONE',  ( 1.398503559174821387, 7.891965779979418727, -0.7773985107787596549 ) ) ;
#1663 = CARTESIAN_POINT ( 'NONE',  ( -1.597370981475427776, 0.1055871617909589222, 7.933635503004849099 ) ) ;
#1664 = CARTESIAN_POINT ( 'NONE',  ( 0.6606570456027711646, -1.457473761405810864, 7.784657228873293811 ) ) ;
#1665 = CARTESIAN_POINT ( 'NONE',  ( -1.683296383926186746, 8.000000000000000000, 4.871807827442005877E-16 ) ) ;
#1666 = CARTESIAN_POINT ( 'NONE',  ( -1.398245674291559437, 7.891907957819965347, -0.7781946908505600335 ) ) ;
#1667 = ITEM_DEFINED_TRANSFORMATION ( 'NONE', 'NONE', #1050,  #5234 ) ;
#1668 = CARTESIAN_POINT ( 'NONE',  ( -3.750000000000000000, 1.090698509597475718, -5.011275984860160904 ) ) ;
#1669 = CARTESIAN_POINT ( 'NONE',  ( -10.75000000000000000, -5.742402404397513926, 2.124840540217201035 ) ) ;
#1670 = CARTESIAN_POINT ( 'NONE',  ( -10.75000000000000000, -0.2618326490234108017, 6.106707545196424114 ) ) ;
#1671 = ORIENTED_EDGE ( 'NONE', *, *, #2750, .T. ) ;
#1672 = CARTESIAN_POINT ( 'NONE',  ( -1.056063271214192856, 7.832692842917661658, 1.203094836509880805 ) ) ;
#1673 = LINE ( 'NONE', #5892, #1209 ) ;
#1674 = CARTESIAN_POINT ( 'NONE',  ( 1.899999999999999911, 0.7500000000000000000, -1.000000000000000000 ) ) ;
#1675 = CARTESIAN_POINT ( 'NONE',  ( 1.558117618671474913, 0.3646260533601541898, 7.924989336830676301 ) ) ;
#1676 = EDGE_CURVE ( 'NONE', #3663, #1782, #2102, .T. ) ;
#1677 = ORIENTED_EDGE ( 'NONE', *, *, #3000, .F. ) ;
#1678 = CIRCLE ( 'NONE', #5930, 2.000000000000000000 ) ;
#1679 = CARTESIAN_POINT ( 'NONE',  ( 0.1041603994711876591, -1.596822586541947642, 7.754331844173237620 ) ) ;
#1680 = CARTESIAN_POINT ( 'NONE',  ( 1.589618749007845278, 0.1838780100857466127, 7.931913235941799201 ) ) ;
#1681 = VECTOR ( 'NONE', #3949, 1000.000000000000000 ) ;
#1682 = VECTOR ( 'NONE', #2022, 1000.000000000000114 ) ;
#1683 = ORIENTED_EDGE ( 'NONE', *, *, #3914, .T. ) ;
#1684 = CARTESIAN_POINT ( 'NONE',  ( 1.456770609465178223, -0.8508324849448397620, 7.954662428761633208 ) ) ;
#1685 = CARTESIAN_POINT ( 'NONE',  ( -3.736410698672603652E-15, 0.8118033988749914220, 1.100000000000003642 ) ) ;
#1686 = ADVANCED_FACE ( 'NONE', ( #4138 ), #1062, .F. ) ;
#1687 = CARTESIAN_POINT ( 'NONE',  ( -0.1108237061928499800, 7.818489731314596902, 1.694476199708685682 ) ) ;
#1688 = ORIENTED_EDGE ( 'NONE', *, *, #5558, .T. ) ;
#1689 = VECTOR ( 'NONE', #1658, 1000.000000000000114 ) ;
#1690 =( GEOMETRIC_REPRESENTATION_CONTEXT ( 3 ) GLOBAL_UNCERTAINTY_ASSIGNED_CONTEXT ( ( #2440 ) ) GLOBAL_UNIT_ASSIGNED_CONTEXT ( ( #2771, #5192, #672 ) ) REPRESENTATION_CONTEXT ( 'NONE', 'WORKASPACE' ) );
#1691 = CARTESIAN_POINT ( 'NONE',  ( -10.75000000000000000, 4.999443335836748936, -1.102531158620889240 ) ) ;
#1692 = VECTOR ( 'NONE', #5122, 1000.000000000000000 ) ;
#1693 = DIRECTION ( 'NONE',  ( 1.000000000000000000, 0.0000000000000000000, 0.0000000000000000000 ) ) ;
#1694 = DIRECTION ( 'NONE',  ( -1.000000000000000000, -0.0000000000000000000, -0.0000000000000000000 ) ) ;
#1695 = AXIS2_PLACEMENT_3D ( 'NONE', #1669, #5627, #5123 ) ;
#1696 = DIRECTION ( 'NONE',  ( 0.0000000000000000000, 0.8477127166205128406, -0.5304556061348301155 ) ) ;
#1697 = ORIENTED_EDGE ( 'NONE', *, *, #3573, .F. ) ;
#1698 = ORIENTED_EDGE ( 'NONE', *, *, #1009, .F. ) ;
#1699 = CARTESIAN_POINT ( 'NONE',  ( -0.5441963038540130748, 1.609914747772839716, 7.836456188005370471 ) ) ;
#1700 = EDGE_CURVE ( 'NONE', #4932, #1731, #559, .T. ) ;
#1701 = CARTESIAN_POINT ( 'NONE',  ( 1.422315073235964400, 7.896675041439512377, 0.7329347996038260149 ) ) ;
#1702 = EDGE_CURVE ( 'NONE', #4583, #4739, #1557, .T. ) ;
#1703 = DIRECTION ( 'NONE',  ( 0.0000000000000000000, -0.8090169943749481174, 0.5877852522924720269 ) ) ;
#1704 = AXIS2_PLACEMENT_3D ( 'NONE', #5413, #6453, #860 ) ;
#1705 = CARTESIAN_POINT ( 'NONE',  ( -0.2193886105598870095, 7.817894040940164935, 1.697213235315565560 ) ) ;
#1706 = CARTESIAN_POINT ( 'NONE',  ( 0.1095830148613520516, -1.693880721998528349, 7.818616886747633998 ) ) ;
#1707 = PLANE ( 'NONE',  #2964 ) ;
#1708 = CARTESIAN_POINT ( 'NONE',  ( -0.4374267556553692038, 7.830270188420975330, 1.639181958709689413 ) ) ;
#1709 = CARTESIAN_POINT ( 'NONE',  ( -3.750000000000000000, 6.094874896173013035, -0.2500000000000000000 ) ) ;
#1710 = DIRECTION ( 'NONE',  ( 1.000000000000000000, -0.0000000000000000000, -0.0000000000000000000 ) ) ;
#1711 = CARTESIAN_POINT ( 'NONE',  ( 0.09999999999999245603, 0.0000000000000000000, 0.0000000000000000000 ) ) ;
#1712 = EDGE_LOOP ( 'NONE', ( #4156, #4356 ) ) ;
#1713 = CARTESIAN_POINT ( 'NONE',  ( -1.202873164996966171, 7.856179914539173303, 1.055357370430108688 ) ) ;
#1714 = DIRECTION ( 'NONE',  ( 0.0000000000000000000, 0.8944271909999159664, -0.4472135954999579832 ) ) ;
#1715 = CARTESIAN_POINT ( 'NONE',  ( 0.6373779364458672658, 1.467812014629552797, 7.782505309571282837 ) ) ;
#1716 = EDGE_LOOP ( 'NONE', ( #97, #3628, #1112, #3632 ) ) ;
#1717 = AXIS2_PLACEMENT_3D ( 'NONE', #2165, #6215, #1228 ) ;
#1718 = CARTESIAN_POINT ( 'NONE',  ( 1.422315073235963956, -0.7329347996038265700, 7.896675041439510601 ) ) ;
#1719 = CARTESIAN_POINT ( 'NONE',  ( 1.573982591618418470, -0.2885589826036842886, 7.928459847876164091 ) ) ;
#1720 = ORIENTED_EDGE ( 'NONE', *, *, #1649, .T. ) ;
#1721 = CARTESIAN_POINT ( 'NONE',  ( 1.625635347866214442, 0.4412942222552177496, 7.987864743072617735 ) ) ;
#1722 = FACE_OUTER_BOUND ( 'NONE', #1053, .T. ) ;
#1723 = ORIENTED_EDGE ( 'NONE', *, *, #5997, .F. ) ;
#1724 = CARTESIAN_POINT ( 'NONE',  ( 1.547911773375449940, 3.979405440875200206, 0.4183770661144592395 ) ) ;
#1725 = DIRECTION ( 'NONE',  ( 1.000000000000000000, -0.0000000000000000000, -0.0000000000000000000 ) ) ;
#1726 = CARTESIAN_POINT ( 'NONE',  ( -1.283134905045514973, 1.098902667735404348, 7.924196004226771173 ) ) ;
#1727 = CARTESIAN_POINT ( 'NONE',  ( -0.8455073780406505701, 1.358414737894274138, 7.804456216269465507 ) ) ;
#1728 = ORIENTED_EDGE ( 'NONE', *, *, #4857, .F. ) ;
#1729 = CARTESIAN_POINT ( 'NONE',  ( 1.346498626116272579, 1.042650157499314334, 7.933366045461144545 ) ) ;
#1730 = CARTESIAN_POINT ( 'NONE',  ( 1.202965229107839873, 7.856195572549728112, -1.055251657146542010 ) ) ;
#1731 = VERTEX_POINT ( 'NONE', #3229 ) ;
#1732 = DIRECTION ( 'NONE',  ( 0.0000000000000000000, 0.9876883405951378814, -0.1564344650402305359 ) ) ;
#1733 = CARTESIAN_POINT ( 'NONE',  ( -1.460499844965818417, 7.955140218608232061, 0.8510592673474405290 ) ) ;
#1734 = CARTESIAN_POINT ( 'NONE',  ( -0.1108237061928517425, -1.694476199708680575, 7.818489731314600455 ) ) ;
#1735 = AXIS2_PLACEMENT_3D ( 'NONE', #2321, #1777, #5736 ) ;
#1736 = EDGE_CURVE ( 'NONE', #2207, #278, #2627, .T. ) ;
#1737 = ADVANCED_FACE ( 'NONE', ( #5613 ), #3637, .F. ) ;
#1738 = APPLICATION_PROTOCOL_DEFINITION ( 'draft international standard', 'automotive_design', 1998, #2078 ) ;
#1739 = PLANE ( 'NONE',  #3290 ) ;
#1740 = DIRECTION ( 'NONE',  ( 0.0000000000000000000, 0.0000000000000000000, -1.000000000000000000 ) ) ;
#1741 = EDGE_CURVE ( 'NONE', #6307, #3991, #4420, .T. ) ;
#1742 = ORIENTED_EDGE ( 'NONE', *, *, #387, .F. ) ;
#1743 = CARTESIAN_POINT ( 'NONE',  ( 1.557914008850123988, 7.924945368472626761, 0.3654942649656842679 ) ) ;
#1744 = CARTESIAN_POINT ( 'NONE',  ( -1.359602525149872676, 7.884436925689239040, 0.8435999122106396797 ) ) ;
#1745 = CARTESIAN_POINT ( 'NONE',  ( 0.9922835698420531259, 1.255472434872448861, 7.823534256776995655 ) ) ;
#1746 = VECTOR ( 'NONE', #4784, 1000.000000000000227 ) ;
#1747 = CARTESIAN_POINT ( 'NONE',  ( -10.75000000000000000, -5.099209145838152324, 3.387178386535893093 ) ) ;
#1748 = CARTESIAN_POINT ( 'NONE',  ( 0.9741153562602730132, -1.270360058901111033, 7.820928755762439621 ) ) ;
#1749 = CARTESIAN_POINT ( 'NONE',  ( 1.497203110160354012, 0.5648566976047602051, 7.911979908391323590 ) ) ;
#1750 = VECTOR ( 'NONE', #128, 1000.000000000000227 ) ;
#1751 = EDGE_LOOP ( 'NONE', ( #6443, #2720, #5261, #21, #6005, #4058 ) ) ;
#1752 = CARTESIAN_POINT ( 'NONE',  ( 1.660723949432456603, 0.2784283759574953665, 7.995201324763639761 ) ) ;
#1753 = CARTESIAN_POINT ( 'NONE',  ( -10.75000000000000000, -5.896910901584988096, -1.649312282069623103 ) ) ;
#1754 = DIRECTION ( 'NONE',  ( -0.0000000000000000000, -1.000000000000000000, -0.0000000000000000000 ) ) ;
#1755 = CARTESIAN_POINT ( 'NONE',  ( -0.8422412115801677368, 7.863838580617558804, -1.469780364791450022 ) ) ;
#1756 = ORIENTED_EDGE ( 'NONE', *, *, #3861, .T. ) ;
#1757 = LINE ( 'NONE', #1691, #156 ) ;
#1758 = FACE_OUTER_BOUND ( 'NONE', #984, .T. ) ;
#1759 = LINE ( 'NONE', #3292, #215 ) ;
#1760 = CARTESIAN_POINT ( 'NONE',  ( -1.527090243568258510, 0.4776722103881848591, 7.918303877230153276 ) ) ;
#1761 = EDGE_LOOP ( 'NONE', ( #3774, #6410, #1261, #4097, #4806 ) ) ;
#1762 = ORIENTED_EDGE ( 'NONE', *, *, #1495, .F. ) ;
#1763 = CARTESIAN_POINT ( 'NONE',  ( 0.09999999999999245603, 0.0000000000000000000, 2.000000000000000000 ) ) ;
#1764 = CARTESIAN_POINT ( 'NONE',  ( 1.545154966794805240, 7.922180082046876848, 0.4161469138305907700 ) ) ;
#1765 = ORIENTED_EDGE ( 'NONE', *, *, #3780, .F. ) ;
#1766 = DIRECTION ( 'NONE',  ( 0.0000000000000000000, 0.0000000000000000000, 1.000000000000000000 ) ) ;
#1767 = EDGE_CURVE ( 'NONE', #5693, #4250, #5873, .T. ) ;
#1768 = CARTESIAN_POINT ( 'NONE',  ( -1.339635545641879380E-15, 7.753606753382308980, -1.599999999331841227 ) ) ;
#1769 = CARTESIAN_POINT ( 'NONE',  ( -1.265495030600772619, -1.119504145079706303, 7.921309299046720653 ) ) ;
#1770 = CARTESIAN_POINT ( 'NONE',  ( -10.75000000000000000, 2.113007891193789956, 5.730569755374102847 ) ) ;
#1771 = EDGE_CURVE ( 'NONE', #4974, #5206, #4322, .T. ) ;
#1772 = APPLICATION_PROTOCOL_DEFINITION ( 'draft international standard', 'automotive_design', 1998, #1394 ) ;
#1773 = DIRECTION ( 'NONE',  ( 0.0000000000000000000, -0.1564344650402305081, -0.9876883405951378814 ) ) ;
#1774 = LINE ( 'NONE', #4113, #5392 ) ;
#1775 = ORIENTED_EDGE ( 'NONE', *, *, #5617, .F. ) ;
#1776 = CARTESIAN_POINT ( 'NONE',  ( 1.545192267638114902, 7.922188136516112422, -0.4160083837403826257 ) ) ;
#1777 = DIRECTION ( 'NONE',  ( 0.0000000000000000000, 1.000000000000000000, 0.0000000000000000000 ) ) ;
#1778 = CARTESIAN_POINT ( 'NONE',  ( 0.5131991609874485549, 1.519273026056709330, 7.771684815253970591 ) ) ;
#1779 = CARTESIAN_POINT ( 'NONE',  ( -1.339635545641879380E-15, 7.753606753382308980, -1.599999999331841227 ) ) ;
#1780 = CARTESIAN_POINT ( 'NONE',  ( 0.7321173570982244527, 1.422915933985555936, 7.791732202549449759 ) ) ;
#1781 = CARTESIAN_POINT ( 'NONE',  ( 1.538164308008209691, -0.4412829662846968759, 7.920673076858219197 ) ) ;
#1782 = VERTEX_POINT ( 'NONE', #5367 ) ;
#1783 = ORIENTED_EDGE ( 'NONE', *, *, #302, .F. ) ;
#1784 = CARTESIAN_POINT ( 'NONE',  ( 0.9583522657686966983, 1.395597696009119870, 7.877344084000673874 ) ) ;
#1785 = CARTESIAN_POINT ( 'NONE',  ( -10.75000000000000000, -4.714091639508624532, 2.053587674916042438 ) ) ;
#1786 = VECTOR ( 'NONE', #1628, 1000.000000000000000 ) ;
#1787 = DIRECTION ( 'NONE',  ( 1.000000000000000000, -0.0000000000000000000, -0.0000000000000000000 ) ) ;
#1788 = CARTESIAN_POINT ( 'NONE',  ( 1.046310905444612915, 7.888718653898518340, -1.329825090205861038 ) ) ;
#1789 = VERTEX_POINT ( 'NONE', #3865 ) ;
#1790 = CARTESIAN_POINT ( 'NONE',  ( 1.547961094992795550, 3.979424402066453759, -0.4183021216020513799 ) ) ;
#1791 = VECTOR ( 'NONE', #5260, 1000.000000000000000 ) ;
#1792 = DIRECTION ( 'NONE',  ( 0.0000000000000000000, -0.8090169943749482284, 0.5877852522924721379 ) ) ;
#1793 = AXIS2_PLACEMENT_3D ( 'NONE', #4969, #421, #3049 ) ;
#1794 = CARTESIAN_POINT ( 'NONE',  ( -1.496898888928396509, 0.7767963568990137180, 7.962235006590150377 ) ) ;
#1795 = CARTESIAN_POINT ( 'NONE',  ( -0.5652911886151110732, -1.497039673389012560, 7.776338793493260404 ) ) ;
#1796 = CARTESIAN_POINT ( 'NONE',  ( -1.149497642161825706, 1.113252624021642490, 7.847328003225570114 ) ) ;
#1797 = ORIENTED_EDGE ( 'NONE', *, *, #1340, .T. ) ;
#1798 = VERTEX_POINT ( 'NONE', #2363 ) ;
#1799 = CARTESIAN_POINT ( 'NONE',  ( -3.750000000000000000, 1.637479633046211358, -5.885078252561577017 ) ) ;
#1800 = AXIS2_PLACEMENT_3D ( 'NONE', #5112, #2697, #6152 ) ;
#1801 = CARTESIAN_POINT ( 'NONE',  ( 1.545192267638114902, 7.922188136516112422, -0.4160083837403826257 ) ) ;
#1802 = VECTOR ( 'NONE', #444, 1000.000000000000114 ) ;
#1803 = CARTESIAN_POINT ( 'NONE',  ( -10.75000000000000000, -2.136673189240612558, -5.730569755374101959 ) ) ;
#1804 = CARTESIAN_POINT ( 'NONE',  ( 1.628911663295205647, 7.988516940815451051, 0.4420811075274027613 ) ) ;
#1805 = CARTESIAN_POINT ( 'NONE',  ( -1.343913042096738009, -1.022097446019053280, 7.934446659317710981 ) ) ;
#1806 = COLOUR_RGB ( '',0.4823529411764705954, 0.4901960784313725283, 0.4941176470588235503 ) ;
#1807 = VECTOR ( 'NONE', #4341, 1000.000000000000000 ) ;
#1808 = EDGE_CURVE ( 'NONE', #5663, #5426, #6309, .T. ) ;
#1809 = CARTESIAN_POINT ( 'NONE',  ( -1.271015672261904594, -0.9773566658839545340, 3.879760712208431439 ) ) ;
#1810 = VECTOR ( 'NONE', #756, 1000.000000000000114 ) ;
#1811 = CONTEXT_DEPENDENT_SHAPE_REPRESENTATION ( #3569, #5051 ) ;
#1812 = DIRECTION ( 'NONE',  ( 0.0000000000000000000, -0.9701425001453318764, -0.2425356250363329691 ) ) ;
#1813 = CARTESIAN_POINT ( 'NONE',  ( -10.75000000000000000, -1.661144931093035959, -5.885078252561577017 ) ) ;
#1814 = VERTEX_POINT ( 'NONE', #851 ) ;
#1815 = CARTESIAN_POINT ( 'NONE',  ( 1.523018143514644596, 7.917432898309607836, -0.4910145314762220936 ) ) ;
#1816 = CARTESIAN_POINT ( 'NONE',  ( -1.559101124103204006, 7.925200070144733822, 0.3631081514673563104 ) ) ;
#1817 = CARTESIAN_POINT ( 'NONE',  ( -0.4419207457368638514, 1.537969264993791274, 7.767491759006594165 ) ) ;
#1818 = DIRECTION ( 'NONE',  ( -0.0000000000000000000, 0.5877852522924721379, -0.8090169943749481174 ) ) ;
#1819 = CARTESIAN_POINT ( 'NONE',  ( 1.574013370429888647, 0.2883920154506335320, 7.928466611357314342 ) ) ;
#1820 = FACE_OUTER_BOUND ( 'NONE', #4711, .T. ) ;
#1821 = ADVANCED_FACE ( 'NONE', ( #4873 ), #748, .T. ) ;
#1822 = ORIENTED_EDGE ( 'NONE', *, *, #3945, .F. ) ;
#1823 = EDGE_CURVE ( 'NONE', #855, #53, #815, .T. ) ;
#1824 = CARTESIAN_POINT ( 'NONE',  ( -0.1108283634983651400, 1.694475424652325923, 7.818489898120820847 ) ) ;
#1825 = FACE_OUTER_BOUND ( 'NONE', #3147, .T. ) ;
#1826 = VECTOR ( 'NONE', #26, 1000.000000000000000 ) ;
#1827 = CARTESIAN_POINT ( 'NONE',  ( 0.7313446849020286411, 7.791679531825391969, 1.423135744879591158 ) ) ;
#1828 = CARTESIAN_POINT ( 'NONE',  ( 0.1095064378385164766, 7.818615831568946462, -1.693885591169066229 ) ) ;
#1829 = ORIENTED_EDGE ( 'NONE', *, *, #1315, .T. ) ;
#1830 = LINE ( 'NONE', #4395, #2186 ) ;
#1831 = CARTESIAN_POINT ( 'NONE',  ( -10.75000000000000000, 0.0000000000000000000, 0.0000000000000000000 ) ) ;
#1832 = CARTESIAN_POINT ( 'NONE',  ( -1.336888820993941573, -0.8791281066722639315, 7.880138234147623599 ) ) ;
#1833 = CARTESIAN_POINT ( 'NONE',  ( 1.167569494914369566, -1.094287518702902195, 7.850282602622942640 ) ) ;
#1834 = EDGE_CURVE ( 'NONE', #4459, #4370, #2926, .T. ) ;
#1835 = CARTESIAN_POINT ( 'NONE',  ( -0.3257349911192440328, 1.566547950281758084, 7.761164174993514742 ) ) ;
#1836 = ORIENTED_EDGE ( 'NONE', *, *, #5467, .F. ) ;
#1837 = VERTEX_POINT ( 'NONE', #1322 ) ;
#1838 = CARTESIAN_POINT ( 'NONE',  ( -0.3970049873031618604, 7.828115383007962613, 1.649430735679005000 ) ) ;
#1839 = CARTESIAN_POINT ( 'NONE',  ( 1.523018143514644596, 7.917432898309607836, -0.4910145314762220936 ) ) ;
#1840 = CARTESIAN_POINT ( 'NONE',  ( 1.600000000000751710, 2.896385244050262217E-14, 7.934223617059121381 ) ) ;
#1841 = CARTESIAN_POINT ( 'NONE',  ( 0.9929024923526765800, 7.823654446827492670, -1.254669052960531106 ) ) ;
#1842 = PRODUCT_DEFINITION_CONTEXT ( 'detailed design', #1394, 'design' ) ;
#1843 = CARTESIAN_POINT ( 'NONE',  ( -1.458264479343799991, -0.8495700174348304046, 7.954911940710239548 ) ) ;
#1844 = CARTESIAN_POINT ( 'NONE',  ( 1.600000000000000089, -0.1052447684880954415, 4.000000000000000000 ) ) ;
#1845 = DIRECTION ( 'NONE',  ( 0.0000000000000000000, -0.8910065241883683429, -0.4539904997395460273 ) ) ;
#1846 = MECHANICAL_DESIGN_GEOMETRIC_PRESENTATION_REPRESENTATION (  '', ( #770 ), #1914 ) ;
#1847 = DIRECTION ( 'NONE',  ( 0.0000000000000000000, 0.0000000000000000000, -1.000000000000000000 ) ) ;
#1848 = ORIENTED_EDGE ( 'NONE', *, *, #549, .F. ) ;
#1849 = CARTESIAN_POINT ( 'NONE',  ( 1.384845266696923094, 7.889290200699596411, -0.8018019896429497972 ) ) ;
#1850 = CARTESIAN_POINT ( 'NONE',  ( -1.080738767007381362, 7.836529366797063467, 1.179834066644257717 ) ) ;
#1851 = CARTESIAN_POINT ( 'NONE',  ( 1.020257266580732791, 1.232528891079495592, 7.827548242104211518 ) ) ;
#1852 = DIRECTION ( 'NONE',  ( -0.0000000000000000000, 0.8090169943749481174, -0.5877852522924721379 ) ) ;
#1853 = CARTESIAN_POINT ( 'NONE',  ( 1.457085467655528710, 0.6615062824427270227, 7.903682266665299494 ) ) ;
#1854 = PLANE ( 'NONE',  #1377 ) ;
#1855 = ORIENTED_EDGE ( 'NONE', *, *, #3861, .F. ) ;
#1856 = CARTESIAN_POINT ( 'NONE',  ( 1.470564885374459063, 0.8263602732818843277, 7.957244309013834282 ) ) ;
#1857 = VECTOR ( 'NONE', #4038, 1000.000000000000000 ) ;
#1858 = DIRECTION ( 'NONE',  ( 0.0000000000000000000, 0.4472135954999579277, 0.8944271909999158554 ) ) ;
#1859 = CARTESIAN_POINT ( 'NONE',  ( 1.435097059187030011, 7.899227458895716758, 0.7079461639584250232 ) ) ;
#1860 = CARTESIAN_POINT ( 'NONE',  ( 1.470564885374459729, 7.957244309013834282, -0.8263602732818867702 ) ) ;
#1861 = ORIENTED_EDGE ( 'NONE', *, *, #6523, .T. ) ;
#1862 = ADVANCED_FACE ( 'NONE', ( #1825 ), #5945, .F. ) ;
#1863 = DIRECTION ( 'NONE',  ( 0.0000000000000000000, 0.06912543288578525125, 0.9976079763756666718 ) ) ;
#1864 = CARTESIAN_POINT ( 'NONE',  ( 0.2119067407783049584, 1.589389722986361386, 3.670742050892688013 ) ) ;
#1865 = VECTOR ( 'NONE', #463, 1000.000000000000114 ) ;
#1866 = EDGE_CURVE ( 'NONE', #4757, #1311, #3350, .T. ) ;
#1867 = CARTESIAN_POINT ( 'NONE',  ( -1.094315414504175799, 1.168408963129158096, 7.838521115630403990 ) ) ;
#1868 = ORIENTED_EDGE ( 'NONE', *, *, #5432, .T. ) ;
#1869 = CARTESIAN_POINT ( 'NONE',  ( 1.661334364523719964, 0.2788608877886192827, 7.995323829370926561 ) ) ;
#1870 = CARTESIAN_POINT ( 'NONE',  ( 0.05430698566758940943, 7.818027884408380146, 1.696597164771922461 ) ) ;
#1871 = CARTESIAN_POINT ( 'NONE',  ( -1.422826214774581821, 7.896769128954733930, -0.7322864896746373864 ) ) ;
#1872 = CARTESIAN_POINT ( 'NONE',  ( -10.75000000000000000, -0.2618326490234123005, -6.106707545196424114 ) ) ;
#1873 = CARTESIAN_POINT ( 'NONE',  ( 0.9088824431484139321, 7.812319280821339973, -1.316991922071568455 ) ) ;
#1874 = CARTESIAN_POINT ( 'NONE',  ( 1.470564885374459063, 0.8263602732818843277, 7.957244309013834282 ) ) ;
#1875 = CARTESIAN_POINT ( 'NONE',  ( 1.645088092805694568, 7.991913554486361093, 0.3606422116596597061 ) ) ;
#1876 = DIRECTION ( 'NONE',  ( 0.0000000000000000000, -0.4472135954999580942, 0.8944271909999157444 ) ) ;
#1877 = ORIENTED_EDGE ( 'NONE', *, *, #5333, .T. ) ;
#1878 = LINE ( 'NONE', #2900, #5070 ) ;
#1879 = ORIENTED_EDGE ( 'NONE', *, *, #671, .T. ) ;
#1880 = SURFACE_STYLE_FILL_AREA ( #5388 ) ;
#1881 = ORIENTED_EDGE ( 'NONE', *, *, #4347, .F. ) ;
#1882 = CARTESIAN_POINT ( 'NONE',  ( 1.578514858800964760, 7.929457857573275703, 0.2626490816574588716 ) ) ;
#1883 = CARTESIAN_POINT ( 'NONE',  ( -0.7068427118500638651, 7.789147639332453465, 1.435637131560441926 ) ) ;
#1884 = CARTESIAN_POINT ( 'NONE',  ( -1.182593486677408823, 1.077722414245813276, 7.852792141270891868 ) ) ;
#1885 = DIRECTION ( 'NONE',  ( 0.0000000000000000000, 0.3740200118118306993, -0.9274206331348672228 ) ) ;
#1886 = CARTESIAN_POINT ( 'NONE',  ( 1.596764334651592065, 0.1050527628572022198, 7.933501997913648296 ) ) ;
#1887 = DIRECTION ( 'NONE',  ( 0.0000000000000000000, -0.9510565162951539753, -0.3090169943749460080 ) ) ;
#1888 = ORIENTED_EDGE ( 'NONE', *, *, #4783, .T. ) ;
#1889 = LINE ( 'NONE', #6570, #5612 ) ;
#1890 = EDGE_CURVE ( 'NONE', #4370, #2793, #4839, .T. ) ;
#1891 = DIRECTION ( 'NONE',  ( -0.0000000000000000000, 0.3740200118118306993, -0.9274206331348672228 ) ) ;
#1892 = CARTESIAN_POINT ( 'NONE',  ( 1.063396527149499615, 7.833902542164395300, 1.195491746158378055 ) ) ;
#1893 = CARTESIAN_POINT ( 'NONE',  ( 1.575147863334978471, 7.977571886588758154, -0.5991898403920260519 ) ) ;
#1894 = CARTESIAN_POINT ( 'NONE',  ( 0.5416155654674953412, 7.836757860998985414, -1.607947708504273265 ) ) ;
#1895 = EDGE_LOOP ( 'NONE', ( #2089, #6252, #1822, #6514 ) ) ;
#1896 = B_SPLINE_CURVE_WITH_KNOTS ( 'NONE', 3,
 ( #5237, #5697, #1546, #3112, #2615, #2582, #1675, #3145, #3593, #4223, #5662, #2716, #2088, #6137, #185, #4160, #5131, #4093, #5164, #2158, #607, #4637, #2125, #82, #117, #1644, #6108, #5600, #4742, #1146, #1047, #3688, #4193, #6170, #3183, #5202, #647, #3083, #5737, #2685, #1186, #4710, #2192, #3726, #6238, #776, #5796, #708, #6403, #2808, #2356, #1851, #1745, #5361, #6337, #4863, #1220, #4384, #1249, #4802, #4833, #5297, #281, #3787, #6303, #1314, #2322, #1285, #1715, #1778, #4349, #249, #741, #2777, #842, #3248, #3274, #6370, #809, #3342, #1817, #2286, #4315, #5899, #4772, #3375, #3888, #2877, #3858, #5329, #1345, #219, #3758, #5767, #3817, #5833, #2743, #5866, #2839, #315, #5394, #4900, #4255, #2222, #6271, #5264, #2258, #4285, #3313, #2454, #4478, #5462, #1410, #6439, #6471, #6000, #1380, #3009, #3918, #1884, #3410, #3516, #4016, #1443, #5029, #4508, #6067, #3039, #1509, #1978, #4414, #2482, #5491, #3446, #1919, #3952, #877, #5935, #2012, #5430, #4053, #1474, #2905, #4537, #2386 ),
 .UNSPECIFIED., .F., .F.,
 ( 4, 2, 2, 2, 2, 2, 2, 1, 2, 2, 1, 2, 2, 2, 1, 2, 2, 1, 1, 2, 2, 2, 2, 2, 1, 2, 2, 1, 2, 2, 2, 1, 2, 2, 2, 2, 2, 2, 2, 2, 2, 2, 2, 2, 2, 2, 2, 1, 2, 2, 1, 1, 2, 2, 2, 1, 2, 2, 1, 1, 2, 2, 2, 2, 2, 1, 2, 2, 1, 2, 2, 2, 2, 2, 1, 2, 2, 2, 2, 2, 4 ),
 ( 0.5000080842185381513, 0.5156328315867076961, 0.5312575789548771299, 0.5390699526389619578, 0.5468823263230466747, 0.5546947000071313916, 0.5625070736912161085, 0.5703194473753008253, 0.5742256342173432948, 0.5781318210593856532, 0.5859441947434704812, 0.5898503815855129506, 0.5937565684275553091, 0.6015689421116402480, 0.6054751289536827175, 0.6074282223747039522, 0.6093813157957252979, 0.6132875026377678784, 0.6152405960587891132, 0.6162171427692997305, 0.6171936894798103479, 0.6210998763218530394, 0.6250060631638956199, 0.6289122500059383114, 0.6308653434269596572, 0.6318418901374702745, 0.6328184368479810029, 0.6367246236900238054, 0.6386777171110451512, 0.6406308105320666080, 0.6484431842161516579, 0.6523493710581942384, 0.6543024644792154731, 0.6562555579002367079, 0.6640679315843219799, 0.6679741184263645604, 0.6718803052684070298, 0.6796926789524921908, 0.6875050526365773518, 0.7187545473729179957, 0.7500040421092586396, 0.7656287894774289615, 0.7812535368455991724, 0.7890659105296842224, 0.7968782842137693834, 0.8046906578978545443, 0.8125030315819397053, 0.8203154052660248663, 0.8242215921080674468, 0.8281277789501100273, 0.8359401526341951882, 0.8398463394762378798, 0.8417994328972591145, 0.8437525263182804602, 0.8515649000023656212, 0.8554710868444082017, 0.8574241802654296585, 0.8593772736864510042, 0.8632834605284936957, 0.8652365539495150415, 0.8662131006600257699, 0.8671896473705363872, 0.8710958342125791898, 0.8750020210546218813, 0.8789082078966646838, 0.8808613013176860296, 0.8818378480281967580, 0.8828143947387074864, 0.8867205815807506220, 0.8886736750017721898, 0.8906267684227937576, 0.8984391421068799177, 0.9023453289489229423, 0.9062515157909660779, 0.9140638894750523491, 0.9179700763170953737, 0.9218762631591385093, 0.9296886368432246694, 0.9375010105273107186, 0.9687505052636553593, 1.000000000000000000 ),
 .UNSPECIFIED. ) ;
#1897 = PLANE ( 'NONE',  #6266 ) ;
#1898 = CARTESIAN_POINT ( 'NONE',  ( -1.368544488071699483, -0.9886036567635760886, 7.938713301148650814 ) ) ;
#1899 = CARTESIAN_POINT ( 'NONE',  ( 1.679882036505294884, 0.1116149056631521586, 7.999269931002292111 ) ) ;
#1900 = CARTESIAN_POINT ( 'NONE',  ( 0.2203273053026342521, 7.820992861156812914, 1.682880952895074333 ) ) ;
#1901 = CARTESIAN_POINT ( 'NONE',  ( 0.4149294172781409773, 7.765708418178481232, -1.546142892513264755 ) ) ;
#1902 = CARTESIAN_POINT ( 'NONE',  ( -10.75000000000000000, -5.896910901584988096, 1.649312282069624436 ) ) ;
#1903 = VECTOR ( 'NONE', #897, 1000.000000000000000 ) ;
#1904 = CARTESIAN_POINT ( 'NONE',  ( 1.178911138401534719, 7.852178535229551670, -1.081757983954184210 ) ) ;
#1905 = CARTESIAN_POINT ( 'NONE',  ( 1.639019385978349508, -0.3877097522568968002, 7.990644833062197527 ) ) ;
#1906 = VECTOR ( 'NONE', #6530, 1000.000000000000000 ) ;
#1907 = EDGE_CURVE ( 'NONE', #630, #4932, #2785, .T. ) ;
#1908 = VECTOR ( 'NONE', #2295, 1000.000000000000114 ) ;
#1909 = CARTESIAN_POINT ( 'NONE',  ( 1.618241510971590413, 7.986337123251372461, 0.4681050455045882575 ) ) ;
#1910 = EDGE_CURVE ( 'NONE', #357, #6179, #5907, .T. ) ;
#1911 = CARTESIAN_POINT ( 'NONE',  ( -1.386103593657046940, 7.889506273673272396, 0.8008902723022495174 ) ) ;
#1912 = CARTESIAN_POINT ( 'NONE',  ( 4.000000000000000000, 0.0000000000000000000, 0.0000000000000000000 ) ) ;
#1913 = VECTOR ( 'NONE', #3094, 1000.000000000000000 ) ;
#1914 =( GEOMETRIC_REPRESENTATION_CONTEXT ( 3 ) GLOBAL_UNCERTAINTY_ASSIGNED_CONTEXT ( ( #2503 ) ) GLOBAL_UNIT_ASSIGNED_CONTEXT ( ( #43, #4116, #2047 ) ) REPRESENTATION_CONTEXT ( 'NONE', 'WORKASPACE' ) );
#1915 = DIRECTION ( 'NONE',  ( 0.0000000000000000000, -1.000000000000000000, 0.0000000000000000000 ) ) ;
#1916 = ORIENTED_EDGE ( 'NONE', *, *, #5493, .T. ) ;
#1917 = CARTESIAN_POINT ( 'NONE',  ( 0.2614087918340598504, 7.758434355311356612, -1.578720264387469374 ) ) ;
#1918 = CARTESIAN_POINT ( 'NONE',  ( -1.229025499550131961, 7.860676152477818590, 1.024516903139683022 ) ) ;
#1919 = CARTESIAN_POINT ( 'NONE',  ( -1.398745756031174459, 0.7769622245065552768, 7.892013252371203436 ) ) ;
#1920 = CARTESIAN_POINT ( 'NONE',  ( -1.228625328222442414, 7.860606856696366052, -1.024996903154343331 ) ) ;
#1921 = STYLED_ITEM ( 'NONE', ( #1202 ), #5229 ) ;
#1922 = CARTESIAN_POINT ( 'NONE',  ( 1.899999999999999911, -1.250000000000000000, 0.0000000000000000000 ) ) ;
#1923 = ORIENTED_EDGE ( 'NONE', *, *, #417, .T. ) ;
#1924 = ORIENTED_EDGE ( 'NONE', *, *, #6283, .T. ) ;
#1925 = CARTESIAN_POINT ( 'NONE',  ( -0.8895246950242106099, 1.440981957789551515, 7.869156800435192167 ) ) ;
#1926 = DIRECTION ( 'NONE',  ( -0.0000000000000000000, 0.7071067811865467956, 0.7071067811865483499 ) ) ;
#1927 = CARTESIAN_POINT ( 'NONE',  ( 1.302019458087378956, 7.873671372005409452, 0.9299985735549536336 ) ) ;
#1928 = CARTESIAN_POINT ( 'NONE',  ( -0.3562685159075516528, 7.826122438946635285, -1.658860287868724415 ) ) ;
#1929 = CARTESIAN_POINT ( 'NONE',  ( -1.589134428967914348, 7.980395340488050770, -0.5598797666388440897 ) ) ;
#1930 = ORIENTED_EDGE ( 'NONE', *, *, #4311, .T. ) ;
#1931 = LINE ( 'NONE', #6451, #5411 ) ;
#1932 = ORIENTED_EDGE ( 'NONE', *, *, #5020, .F. ) ;
#1933 = CARTESIAN_POINT ( 'NONE',  ( -0.8186422439382954330, -1.483272942091165447, 7.861302627719226166 ) ) ;
#1934 = CARTESIAN_POINT ( 'NONE',  ( -10.75000000000000000, -4.437138464536324989, -2.597138885649682205 ) ) ;
#1935 = CARTESIAN_POINT ( 'NONE',  ( 1.489968617578108612, 7.960921046544278568, 0.7898663520167034102 ) ) ;
#1936 = CARTESIAN_POINT ( 'NONE',  ( -0.9115960673076093368, 7.812661663813931234, -1.315174022724697744 ) ) ;
#1937 = LINE ( 'NONE', #1399, #303 ) ;
#1938 = CARTESIAN_POINT ( 'NONE',  ( 0.4167810163416217906, 7.765826757358249566, -1.545600650232047624 ) ) ;
#1939 = CARTESIAN_POINT ( 'NONE',  ( 1.575063062967653638, -0.5994174729450522099, 7.977554852271078190 ) ) ;
#1940 = CARTESIAN_POINT ( 'NONE',  ( 1.413761944180749408, 7.946767224890924020, 0.9216419685544582352 ) ) ;
#1941 = CARTESIAN_POINT ( 'NONE',  ( -1.202873164996966171, 7.856179914539173303, 1.055357370430108688 ) ) ;
#1942 = LINE ( 'NONE', #2413, #627 ) ;
#1943 = VERTEX_POINT ( 'NONE', #4906 ) ;
#1944 = LINE ( 'NONE', #5995, #2227 ) ;
#1945 = ORIENTED_EDGE ( 'NONE', *, *, #5962, .F. ) ;
#1946 = EDGE_CURVE ( 'NONE', #5678, #4232, #5438, .T. ) ;
#1947 = CARTESIAN_POINT ( 'NONE',  ( 0.1040876117923776045, 7.754330797670275999, -1.596827176712551255 ) ) ;
#1948 = CARTESIAN_POINT ( 'NONE',  ( -0.6379141321579483437, 7.782554305153595919, 1.467578219384287674 ) ) ;
#1949 = CARTESIAN_POINT ( 'NONE',  ( -1.316876592059359918, 7.876398825178052121, -0.9090607079941533941 ) ) ;
#1950 = EDGE_CURVE ( 'NONE', #4105, #1320, #2443, .T. ) ;
#1951 = FACE_OUTER_BOUND ( 'NONE', #3494, .T. ) ;
#1952 = ORIENTED_EDGE ( 'NONE', *, *, #135, .F. ) ;
#1953 = ORIENTED_EDGE ( 'NONE', *, *, #4136, .T. ) ;
#1954 = CARTESIAN_POINT ( 'NONE',  ( -1.429326331673726802, 0.8969045773148013323, 7.949599384196685214 ) ) ;
#1955 = DIRECTION ( 'NONE',  ( 0.0000000000000000000, 0.9976079763756666718, 0.06912543288578512635 ) ) ;
#1956 = CARTESIAN_POINT ( 'NONE',  ( 1.072528947703335289, 7.835280670466114650, 1.187301680636626111 ) ) ;
#1957 = CARTESIAN_POINT ( 'NONE',  ( 1.456940643580137529, 7.954694076446135576, -0.8505371508161435612 ) ) ;
#1958 = CARTESIAN_POINT ( 'NONE',  ( -10.75000000000000000, -5.742402404397513926, 2.124840540217201035 ) ) ;
#1959 = ORIENTED_EDGE ( 'NONE', *, *, #5190, .T. ) ;
#1960 = CARTESIAN_POINT ( 'NONE',  ( 0.9772653347330474416, 1.271102524438586512, 3.793157872944020959 ) ) ;
#1961 = ORIENTED_EDGE ( 'NONE', *, *, #1736, .T. ) ;
#1962 = CARTESIAN_POINT ( 'NONE',  ( -0.7701236259161124975, -1.509459094265566570, 7.856316624526458625 ) ) ;
#1963 = CARTESIAN_POINT ( 'NONE',  ( 1.683296383924535400, -2.661966472869149421E-16, 8.000000000000017764 ) ) ;
#1965 = EDGE_LOOP ( 'NONE', ( #6567, #5210, #3875, #4938 ) ) ;
#1964 = CARTESIAN_POINT ( 'NONE',  ( 1.660723949432457047, 7.995201324763639761, -0.2784283759574986972 ) ) ;
#1966 = CARTESIAN_POINT ( 'NONE',  ( -1.269224562931221101, 7.867730401358076442, -0.9745567054317737510 ) ) ;
#1967 = FACE_OUTER_BOUND ( 'NONE', #3833, .T. ) ;
#1968 = CARTESIAN_POINT ( 'NONE',  ( 1.229148430496549871, 7.860700117924925401, -1.024320359942009651 ) ) ;
#1969 = CARTESIAN_POINT ( 'NONE',  ( 1.683297788603669520, 0.02779729826916098323, 8.000000300470459180 ) ) ;
#1970 = CARTESIAN_POINT ( 'NONE',  ( 1.456770609465180444, 7.954662428761631432, 0.8508324849448368754 ) ) ;
#1971 = DIRECTION ( 'NONE',  ( 0.0000000000000000000, -0.9701425001453318764, 0.2425356250363330801 ) ) ;
#1972 = EDGE_CURVE ( 'NONE', #713, #5840, #4809, .T. ) ;
#1973 = DIRECTION ( 'NONE',  ( 0.0000000000000000000, -0.8944271909999159664, -0.4472135954999579832 ) ) ;
#1974 = CARTESIAN_POINT ( 'NONE',  ( -3.750000000000000000, -5.742402404397513038, 2.124840540217200591 ) ) ;
#1975 = EDGE_CURVE ( 'NONE', #3589, #1282, #228, .T. ) ;
#1976 = CARTESIAN_POINT ( 'NONE',  ( 0.6247218222950210453, 7.781402493946307786, -1.473057191473110983 ) ) ;
#1977 = DIRECTION ( 'NONE',  ( 0.3420201433256662704, 0.0000000000000000000, -0.9396926207859092051 ) ) ;
#1978 = CARTESIAN_POINT ( 'NONE',  ( -1.316745902149558001, 0.9090298071565651172, 7.876382331338742659 ) ) ;
#1979 = CARTESIAN_POINT ( 'NONE',  ( -1.216625532146708100, 7.858535388770092389, -1.039291293938444660 ) ) ;
#1980 = CARTESIAN_POINT ( 'NONE',  ( -12.25000000000000000, 0.0000000000000000000, 0.0000000000000000000 ) ) ;
#1981 = PRODUCT ( 'S54 Винт установочный DIN 916 М4х4_M4(4)', 'S54 Винт установочный DIN 916 М4х4_M4(4)', '', ( #5759 ) ) ;
#1982 = CARTESIAN_POINT ( 'NONE',  ( -3.750000000000000000, 3.394323231001217689, -3.837520563220440994 ) ) ;
#1983 = VERTEX_POINT ( 'NONE', #784 ) ;
#1984 = EDGE_CURVE ( 'NONE', #915, #5575, #1257, .T. ) ;
#1985 = CARTESIAN_POINT ( 'NONE',  ( 1.899999999999999911, 0.7500000000000000000, -1.000000000000000000 ) ) ;
#1986 = CARTESIAN_POINT ( 'NONE',  ( -1.587057577529513042, 7.931344237243389550, 0.2097352024730455566 ) ) ;
#1987 = CARTESIAN_POINT ( 'NONE',  ( -10.75000000000000000, -6.118540194219835193, -0.2499999999999992506 ) ) ;
#1988 = EDGE_CURVE ( 'NONE', #2232, #3360, #6344, .T. ) ;
#1989 = CARTESIAN_POINT ( 'NONE',  ( 0.05425022485157802304, 7.818027519363491606, -1.696598845565654212 ) ) ;
#1990 = LINE ( 'NONE', #6544, #1682 ) ;
#1991 = ORIENTED_EDGE ( 'NONE', *, *, #6532, .T. ) ;
#1992 = CARTESIAN_POINT ( 'NONE',  ( -0.3386864150724264722, -1.563798541309065371, 7.761777973133168196 ) ) ;
#1993 = EDGE_LOOP ( 'NONE', ( #2578, #285, #4876, #131 ) ) ;
#1994 = CARTESIAN_POINT ( 'NONE',  ( -1.597370981475427776, 0.1055871617909589222, 7.933635503004849099 ) ) ;
#1995 = DIRECTION ( 'NONE',  ( 1.000000000000000000, -0.0000000000000000000, -0.0000000000000000000 ) ) ;
#1996 = CARTESIAN_POINT ( 'NONE',  ( 1.677844179672167479, 7.998835042752104663, -0.1393278063884168250 ) ) ;
#1997 = CARTESIAN_POINT ( 'NONE',  ( -1.385400341741324093, 7.889398173963853012, -0.8008398152007443205 ) ) ;
#1998 = DIRECTION ( 'NONE',  ( 0.0000000000000000000, 0.8477127166205130626, 0.5304556061348298934 ) ) ;
#1999 = CARTESIAN_POINT ( 'NONE',  ( 1.628911663289128953, -0.4420811075515489463, 7.988516940814441192 ) ) ;
#2000 = CARTESIAN_POINT ( 'NONE',  ( 1.575147863334977139, 0.5991898403920257188, 7.977571886588758154 ) ) ;
#2001 = CARTESIAN_POINT ( 'NONE',  ( 1.683294974892772133, 7.999999698597743070, 0.02796997602823401291 ) ) ;
#2002 = CARTESIAN_POINT ( 'NONE',  ( -10.75000000000000000, -6.118540194219835193, -0.2499999999999992506 ) ) ;
#2003 = AXIS2_PLACEMENT_3D ( 'NONE', #269, #6291, #6257 ) ;
#2004 = CARTESIAN_POINT ( 'NONE',  ( -10.75000000000000000, 2.113007891193788179, -5.730569755374103735 ) ) ;
#2005 = CARTESIAN_POINT ( 'NONE',  ( -0.8959620860946704290, -1.325632184128728630, 7.810690608004732916 ) ) ;
#2006 = CARTESIAN_POINT ( 'NONE',  ( 0.2872639032604321629, 1.574218820864824009, 7.759447502884387227 ) ) ;
#2007 = EDGE_CURVE ( 'NONE', #4344, #626, #5973, .T. ) ;
#2008 = VECTOR ( 'NONE', #1453, 1000.000000000000114 ) ;
#2009 = CARTESIAN_POINT ( 'NONE',  ( -3.750000000000000000, -4.805316519691918309, -3.791686883723365931 ) ) ;
#2010 = CARTESIAN_POINT ( 'NONE',  ( -0.7087231050491175077, 7.789226409200463941, -1.435421019782067376 ) ) ;
#2011 =( GEOMETRIC_REPRESENTATION_CONTEXT ( 3 ) GLOBAL_UNCERTAINTY_ASSIGNED_CONTEXT ( ( #5018 ) ) GLOBAL_UNIT_ASSIGNED_CONTEXT ( ( #3678, #2251, #6294 ) ) REPRESENTATION_CONTEXT ( 'NONE', 'WORKASPACE' ) );
#2012 = CARTESIAN_POINT ( 'NONE',  ( -1.457592359681198602, 0.6603830189936171768, 7.903785043490681339 ) ) ;
#2013 = CARTESIAN_POINT ( 'NONE',  ( -0.6594233719610387290, 7.784543238204125082, -1.458025964026114396 ) ) ;
#2014 = CARTESIAN_POINT ( 'NONE',  ( -3.750000000000000000, 0.4881673509765892538, 5.106707545196424114 ) ) ;
#2015 = CARTESIAN_POINT ( 'NONE',  ( -10.75000000000000000, -3.803519532746777898, -4.793483870668505453 ) ) ;
#2016 = PRESENTATION_LAYER_ASSIGNMENT (  '', '', ( #4362 ) ) ;
#2017 = VERTEX_POINT ( 'NONE', #3454 ) ;
#2018 = CARTESIAN_POINT ( 'NONE',  ( -1.025713050334458698, 1.346040987452116200, 7.885965689962798564 ) ) ;
#2019 = CARTESIAN_POINT ( 'NONE',  ( -1.599999995531089514, 7.934223615525922924, 0.05301459842477221351 ) ) ;
#2020 = DIRECTION ( 'NONE',  ( 1.000000000000000000, -0.0000000000000000000, -0.0000000000000000000 ) ) ;
#2021 = CARTESIAN_POINT ( 'NONE',  ( -0.2747726964636984515, 7.822602460375624567, -1.675414778362554147 ) ) ;
#2022 = DIRECTION ( 'NONE',  ( -0.0000000000000000000, -0.4472135954999579277, 0.8944271909999158554 ) ) ;
#2023 = ORIENTED_EDGE ( 'NONE', *, *, #2594, .F. ) ;
#2024 = VECTOR ( 'NONE', #963, 1000.000000000000114 ) ;
#2025 = EDGE_CURVE ( 'NONE', #4942, #2844, #5469, .T. ) ;
#2026 = CARTESIAN_POINT ( 'NONE',  ( -0.8683552062750986567, -1.344116921031247136, 7.807207732144770596 ) ) ;
#2027 = EDGE_LOOP ( 'NONE', ( #1182, #4447, #4646, #162 ) ) ;
#2028 = CARTESIAN_POINT ( 'NONE',  ( -0.5947203835382232073, -1.588032799756495805, 7.840806278307993260 ) ) ;
#2029 = LINE ( 'NONE', #3089, #6172 ) ;
#2030 = CARTESIAN_POINT ( 'NONE',  ( -1.544028726635236604, 7.971382911659224746, 0.6765488894976043888 ) ) ;
#2031 = DIRECTION ( 'NONE',  ( -0.0000000000000000000, 1.000000000000000000, -0.0000000000000000000 ) ) ;
#2032 = DIRECTION ( 'NONE',  ( 0.0000000000000000000, -0.7071067811865475727, -0.7071067811865475727 ) ) ;
#2033 = UNCERTAINTY_MEASURE_WITH_UNIT (LENGTH_MEASURE( 1.000000000000000082E-05 ), #6098, 'distance_accuracy_value', 'NONE');
#2034 = CARTESIAN_POINT ( 'NONE',  ( 1.413915378543538992, 0.9214027717715880250, 7.946794980048964341 ) ) ;
#2035 = EDGE_CURVE ( 'NONE', #2293, #2681, #4023, .T. ) ;
#2036 = ORIENTED_EDGE ( 'NONE', *, *, #4456, .F. ) ;
#2037 = CARTESIAN_POINT ( 'NONE',  ( 1.009974608298707999, -1.240961025972078247, 7.826072942667079424 ) ) ;
#2038 = B_SPLINE_SURFACE_WITH_KNOTS ( 'NONE', 1, 3, ( 
 ( #3547, #942, #2509, #5056, #3004, #5525, #977, #3611, #4992, #6027, #501, #3582, #4082, #3036, #471, #5590, #2541, #1535, #440, #2450, #4534, #5087, #1034, #3069, #534, #6559, #2571, #1565, #41, #1299, #3677, #3644, #1267, #1631, #3710, #6351, #4847, #4148, #6193, #6161, #5653, #5685, #5345, #1100, #1795, #263, #2180, #3329, #757, #2337, #4367, #1599, #1135, #4816, #2791, #4212, #72, #596, #2635, #3135, #2110, #2304, #5154, #141, #4696, #3170, #6228, #2146, #791, #4181, #5189, #107, #1664, #5312, #3103, #5882, #6386, #4329, #566, #3839, #5810, #636, #4661, #2672, #3293, #5850, #1833, #2822, #295, #3873, #5120, #2603, #4628, #3357, #1330, #5375, #2855, #4882, #822, #4260, #4745, #4318, #5301, #189, #684, #1781, #1190, #2226, #4226, #1719, #6241, #3761, #2688, #5205, #224, #5770, #6274, #611, #5240, #1224, #5740, #1680, #3729, #6340, #2162, #4713, #3251, #6306, #2261, #5267, #3220, #1749, #711, #2748, #121, #3823, #2719, #1253, #4776, #4288, #3790, #3149, #5799, #2290, #155, #3278, #744, #1648, #2782, #4805, #252, #1114, #651, #5167, #2652, #4678, #2195, #4196, #6209, #3691, #5701, #1150, #3188, #3901, #296, #2792, #2338, #1268, #3801, #5376, #4369, #5346, #5779, #3842, #6387, #4330, #4818, #264, #4912, #724, #3295, #1835, #4883, #823, #3874, #6352, #330, #5883, #2823, #5276, #359, #5852, #6420, #3330, #1331, #2856, #1727, #2370, #858, #5313, #4398, #2306, #235, #3359, #1867, #1796, #1300, #5811, #793, #5915, #3259, #758, #1359, #4848, #2761, #3391, #5412, #2891, #2404, #6284, #4788, #3771, #2272, #4298, #1235, #6318, #1760, #995, #1491, #3495, #2527, #1994, #3564, #5576 ),
 ( #3966, #2922, #1395, #3531, #2431, #1458, #6014, #2468, #5510, #3462, #4552, #5477, #4492, #1426, #2991, #6548, #4428, #520, #1023, #6048, #1898, #4033, #5011, #927, #5980, #2953, #4943, #3426, #3053, #3023, #5445, #389, #4975, #6517, #962, #427, #3934, #5072, #1933, #1962, #5544, #457, #2495, #6452, #2028, #4522, #4001, #5043, #6582, #487, #4069, #893, #6081, #5952, #1522, #4460, #6488, #4584, #1116, #2690, #158, #2094, #2587, #2061, #5106, #2619, #4715, #1582, #5136, #5169, #56, #3191, #4642, #1615, #3629, #581, #4130, #5703, #5242, #6243, #5639, #5742, #4198, #87, #2654, #3118, #5207, #2130, #4614, #4164, #551, #1085, #6176, #1684, #6142, #3731, #4229, #1192, #616, #5668, #3222, #3660, #3151, #4680, #123, #2560, #1054, #2164, #6214, #1651, #2199, #3693, #25, #4098, #6113, #653, #1154, #1550, #3597, #5604, #3088, #4807, #5802, #1752, #192, #227, #6343, #1721, #3348, #4262, #2230, #3763, #1351, #2263, #254, #6411, #6276, #1856, #287, #4778, #3793, #5772, #4872, #4321, #4749, #814, #2294, #3894, #1227, #3253, #3381, #747, #4290, #687, #1784, #5337, #3828, #5269, #2814, #5304, #1321, #5842, #1290, #715, #3319, #5905, #2752, #2845, #2784, #6308, #782, #323, #4357, #1256, #4838, #3284, #6377, #2328, #1824, #3864, #5872, #5366, #2362, #4390, #2721, #3452, #2423, #3992, #952, #5403, #1513, #4542, #449, #2883, #2981, #6006, #1925, #379, #4933, #5944, #2393, #2018, #4022, #6445, #1387, #4448, #5468, #416, #6477, #4905, #4059, #2910, #917, #2487, #1954, #2459, #6073, #3015, #4484, #4964, #850, #352, #4514, #5035, #1448, #3958, #3484, #5972, #1418, #6540, #5498, #6509, #4419, #2944 ) ),
 .UNSPECIFIED., .F., .T., .F.,
 ( 2, 2 ),
 ( 4, 2, 2, 2, 2, 2, 2, 2, 2, 2, 2, 2, 2, 2, 2, 2, 2, 2, 2, 2, 2, 2, 2, 2, 2, 2, 2, 2, 2, 2, 2, 2, 2, 2, 2, 2, 2, 2, 2, 2, 2, 2, 2, 2, 2, 2, 2, 2, 2, 2, 2, 2, 2, 2, 2, 2, 2, 2, 2, 2, 2, 2, 2, 2, 2, 2, 2, 2, 2, 2, 2, 2, 2, 2, 2, 2, 2, 2, 2, 2, 2, 2, 2, 2, 2, 2, 2, 2, 2, 2, 2, 2, 2, 2, 2, 2, 2, 2, 2, 2, 2, 2, 2, 2, 2, 2, 2, 2, 2, 2, 2, 2, 2, 2, 2, 2, 4 ),
 ( 0.0000000000000000000, 1.000000000000000000 ),
 ( -1.981686742660859757E-06, 0.0001629531082206112883, 0.0003278879031838834363, 0.0004928226981471556115, 0.0005340563968879736417, 0.0005752900956287916720, 0.0006577574931104277324, 0.0007402248905920639013, 0.0008226922880736999618, 0.0009876270830369720827, 0.001070094480518608143, 0.001111328179259426282, 0.001152561878000244204, 0.001235029275481880264, 0.001317496672963516325, 0.001482431467926788662, 0.001564898865408424723, 0.001647366262890060783, 0.001729833660371696844, 0.001812301057853332904, 0.001894768455334968965, 0.001977235852816605025, 0.002059703250298240869, 0.002142170647779877146, 0.002224638045261513424, 0.002265871744002331128, 0.002307105442743149267, 0.002472040237706421388, 0.002636975032669693509, 0.002719442430151329353, 0.002801909827632965630, 0.002884377225114601907, 0.002966844622596238185, 0.003131779417559510306, 0.003214246815041146149, 0.003296714212522782426, 0.003379181610004418704, 0.003461649007486054547, 0.003544116404967690391, 0.003626583802449326668, 0.003791518597412598789, 0.003873985994894234633, 0.003956453392375870910, 0.004038920789857507188, 0.004121388187339142598, 0.004286322982302415152, 0.004368790379784051429, 0.004451257777265687707, 0.004492491476006505412, 0.004533725174747323117, 0.004616192572228959394, 0.004698659969710595671, 0.004781127367192231081, 0.004863594764673867359, 0.004946062162155503636, 0.005028529559637139913, 0.005110996957118776191, 0.005193464354600411600, 0.005275931752082047878, 0.005358399149563684155, 0.005440866547045319565, 0.005523333944526955842, 0.005605801342008592120, 0.005688268739490228397, 0.005770736136971864674, 0.005853203534453500952, 0.005935670931935137229, 0.006018138329416773506, 0.006100605726898409784, 0.006183073124380045194, 0.006265540521861681471, 0.006430475316824953158, 0.006512942714306589435, 0.006595410111788225713, 0.006677877509269861990, 0.006760344906751498267, 0.006842812304233133677, 0.006925279701714769955, 0.007007747099196406232, 0.007090214496678041642, 0.007172681894159677919, 0.007213915592900495624, 0.007255149291641314196, 0.007420084086604586751, 0.007585018881567858438, 0.007667486279049494716, 0.007749953676531130126, 0.007832421074012767270, 0.007914888471494402680, 0.008079823266457675235, 0.008244758061420946055, 0.008285991760161764627, 0.008327225458902583199, 0.008409692856384218609, 0.008492160253865854019, 0.008574627651347491164, 0.008739562446310763719, 0.008822029843792399129, 0.008863263542533217701, 0.008904497241274036273, 0.008986964638755671683, 0.009069432036237307093, 0.009234366831200579648, 0.009316834228682215058, 0.009399301626163852202, 0.009481769023645487612, 0.009564236421127123022, 0.009646703818608760167, 0.009729171216090395577, 0.009811638613572030987, 0.009894106011053668132, 0.009976573408535305276, 0.01001780710727612211, 0.01005904080601694069, 0.01022397560098021324, 0.01038891039594348406, 0.01055384519090675662 ),
 .UNSPECIFIED. ) ;
#2039 = DIRECTION ( 'NONE',  ( -0.0000000000000000000, 0.5877852522924721379, 0.8090169943749481174 ) ) ;
#2040 = VECTOR ( 'NONE', #1787, 1000.000000000000000 ) ;
#2041 = CARTESIAN_POINT ( 'NONE',  ( -10.75000000000000000, 6.094874896173013035, -0.2500000000000000000 ) ) ;
#2042 = CARTESIAN_POINT ( 'NONE',  ( 0.7764961113126332970, -1.399160352074000579, 7.796490764036550836 ) ) ;
#2043 = CARTESIAN_POINT ( 'NONE',  ( -0.8677580397378071853, 1.344310110891560051, 7.807158918593541053 ) ) ;
#2044 = B_SPLINE_CURVE_WITH_KNOTS ( 'NONE', 1,
 ( #4087, #4018 ),
 .UNSPECIFIED., .F., .F.,
 ( 2, 2 ),
 ( 0.0000000000000000000, 1.000000000000000000 ),
 .UNSPECIFIED. ) ;
#2045 = CARTESIAN_POINT ( 'NONE',  ( -10.75000000000000000, -5.742402404397513926, 2.124840540217201035 ) ) ;
#2046 = CARTESIAN_POINT ( 'NONE',  ( -0.3773069066881235001, 7.763749410612535762, -1.554932329729940221 ) ) ;
#2047 =( NAMED_UNIT ( * ) SI_UNIT ( $, .STERADIAN. ) SOLID_ANGLE_UNIT ( ) );
#2048 = DIRECTION ( 'NONE',  ( -0.0000000000000000000, 0.8090169943749481174, -0.5877852522924721379 ) ) ;
#2049 = CARTESIAN_POINT ( 'NONE',  ( -1.170771176800651681, 7.850825444841373901, -1.090626162298585555 ) ) ;
#2050 = CARTESIAN_POINT ( 'NONE',  ( -10.75000000000000000, 0.0000000000000000000, -8.000000000000000000 ) ) ;
#2051 = FACE_BOUND ( 'NONE', #6415, .T. ) ;
#2052 = ORIENTED_EDGE ( 'NONE', *, *, #2271, .F. ) ;
#2053 = FACE_OUTER_BOUND ( 'NONE', #5341, .T. ) ;
#2054 = CARTESIAN_POINT ( 'NONE',  ( -10.75000000000000000, 4.690426341461801485, 2.053587674916041994 ) ) ;
#2055 = CARTESIAN_POINT ( 'NONE',  ( -1.457524615964544523, 7.954802944831472544, -0.8495164934478270924 ) ) ;
#2056 = CARTESIAN_POINT ( 'NONE',  ( -1.471038679609634636, 7.957333535323834361, -0.8254949522275790708 ) ) ;
#2057 = ORIENTED_EDGE ( 'NONE', *, *, #2879, .F. ) ;
#2058 = CIRCLE ( 'NONE', #2693, 2.000000000000000000 ) ;
#2059 = CARTESIAN_POINT ( 'NONE',  ( -1.587057577529513042, -0.2097352024730427811, 7.931344237243393103 ) ) ;
#2060 = EDGE_LOOP ( 'NONE', ( #3915, #6275, #2416, #1416 ) ) ;
#2061 = CARTESIAN_POINT ( 'NONE',  ( 0.2750748771916629032, -1.674668453474628116, 7.822755474321690272 ) ) ;
#2062 = DIRECTION ( 'NONE',  ( -0.6479361632942988170, -0.4004465714560779821, -0.6479361632942985949 ) ) ;
#2063 = ADVANCED_FACE ( 'NONE', ( #6038 ), #918, .F. ) ;
#2064 = CARTESIAN_POINT ( 'NONE',  ( -1.683296379224622941, 7.999999998735796147, 0.05623693390391916458 ) ) ;
#2065 = DIRECTION ( 'NONE',  ( 0.0000000000000000000, -0.7664508966033184434, -0.6423029060310792016 ) ) ;
#2066 = ADVANCED_FACE ( 'NONE', ( #2945, #2519 ), #380, .F. ) ;
#2067 = CARTESIAN_POINT ( 'NONE',  ( 1.033686772798410702, -1.357887829004185587, 7.885519971501666170 ) ) ;
#2068 = CARTESIAN_POINT ( 'NONE',  ( -0.8422412115801666266, 1.469780364791452243, 7.863838580617558804 ) ) ;
#2069 = ORIENTED_EDGE ( 'NONE', *, *, #3977, .F. ) ;
#2070 = CARTESIAN_POINT ( 'NONE',  ( 1.208383426524727078, -1.048857691026480854, 7.857128149804848860 ) ) ;
#2071 = CARTESIAN_POINT ( 'NONE',  ( 1.219748657271866987, 7.859061771573605526, 1.035804641735420528 ) ) ;
#2072 = VECTOR ( 'NONE', #91, 1000.000000000000227 ) ;
#2073 = FACE_OUTER_BOUND ( 'NONE', #3245, .T. ) ;
#2074 = CARTESIAN_POINT ( 'NONE',  ( -1.080952909764945513, -1.179637900661457017, 7.836562068576578888 ) ) ;
#2075 = CARTESIAN_POINT ( 'NONE',  ( -0.9330075922266524158, 1.300069003686078917, 7.815461501113830423 ) ) ;
#2076 = VECTOR ( 'NONE', #1526, 999.9999999999998863 ) ;
#2077 = DIRECTION ( 'NONE',  ( 0.7071067811865471286, -0.6324555320336763264, -0.3162277660168381632 ) ) ;
#2078 = APPLICATION_CONTEXT ( 'automotive_design' ) ;
#2079 = CARTESIAN_POINT ( 'NONE',  ( -1.430107788293770499, 7.949697016030876640, 0.8969179741753529056 ) ) ;
#2080 = SURFACE_SIDE_STYLE ('',( #5090 ) ) ;
#2081 = DIRECTION ( 'NONE',  ( -0.0000000000000000000, -0.9510565162951539753, -0.3090169943749459525 ) ) ;
#2082 = CARTESIAN_POINT ( 'NONE',  ( -1.600000000000000089, 7.934223616779730648, 2.672362944077930034E-16 ) ) ;
#2083 = CARTESIAN_POINT ( 'NONE',  ( -12.24999999999999822, 0.0000000000000000000, 0.0000000000000000000 ) ) ;
#2084 = ORIENTED_EDGE ( 'NONE', *, *, #3780, .T. ) ;
#2085 = CARTESIAN_POINT ( 'NONE',  ( -0.8009385168616974804, 7.799224208402173453, 1.385347208336149549 ) ) ;
#2086 = DIRECTION ( 'NONE',  ( -0.0000000000000000000, -0.9876883405951377704, 0.1564344650402304804 ) ) ;
#2087 = CARTESIAN_POINT ( 'NONE',  ( -0.5946066772002508438, 7.840797561502729884, -1.588075792989545265 ) ) ;
#2088 = CARTESIAN_POINT ( 'NONE',  ( 1.487416760667152671, 0.5901095190842969851, 7.909935390056176630 ) ) ;
#2089 = ORIENTED_EDGE ( 'NONE', *, *, #4748, .T. ) ;
#2090 = CARTESIAN_POINT ( 'NONE',  ( -1.056063271214193522, -1.203094836509880139, 7.832692842917665210 ) ) ;
#2091 = B_SPLINE_SURFACE_WITH_KNOTS ( 'NONE', 1, 3, ( 
 ( #450, #2019, #3523, #1986, #6478, #4577, #987, #4515, #6007, #5499, #1514, #17, #5036, #953, #3556, #6541, #5063, #510, #1143, #2155, #2579, #604, #3180, #1108, #6167, #3653, #1713, #4123, #79, #5199, #1672, #2189, #3685, #3142, #3722, #644, #6203, #2085, #3756, #2644, #3215, #114, #2682, #4220, #4190, #677, #5734, #4672, #1183, #5659, #3621, #4707, #149, #5161, #1640, #2612, #5694, #6235, #49, #573, #2714, #2121, #6134, #183, #1608, #5235, #4740, #2220, #1573, #4253, #5631, #1078, #6269, #5765, #3109, #3079, #5097, #543, #4605, #5128, #4634, #4157, #2256, #5830, #2837, #807, #279, #4770, #5294, #739, #6301, #217, #311, #5794, #4831, #2806, #1283, #2320, #247, #5897, #2284, #3311, #4800, #6367, #3340, #4283, #3886, #1743, #2741, #3785, #1882, #2775, #5327, #345, #706, #2384, #4861, #4313, #6335, #1246, #5391, #4345, #5262, #1343, #774, #4412, #3272, #1776, #3916, #1815, #3814, #1218, #3856, #5864, #1312, #5359, #2355, #4383, #1849, #6401, #3373, #840, #2874, #6437, #4898, #3246, #3983, #5965, #4993, #3548, #3006, #4926, #5028, #4506, #4956, #3037, #472, #2417, #5559, #1378, #6531, #2936, #4442, #1012, #1976, #6066, #5057, #5460, #1407, #5427, #1917, #5998, #1508, #405, #1947, #4014, #3444, #6560, #1441, #442, #2452, #3477, #910, #2510, #2046, #503, #4476, #2542, #978, #5489, #6028, #6502, #2010, #944, #2975, #2480, #3950, #1470, #3515, #4570, #5526, #8, #5933, #3409, #4536, #4052, #875, #2903, #373, #6468, #1072, #1102, #2572, #598, #4663, #3679, #1666, #2112, #669, #6097, #3713, #4698, #4183, #109, #4083, #2708, #6162, #1601, #2605, #5121, #3583, #3612, #3137, #74 ),
 ( #5625, #637, #177, #1178, #567, #4733, #5687, #3646, #6196, #4629, #143, #5654, #6129, #5156, #42, #4149, #2639, #3209, #2079, #5226, #5727, #1536, #2149, #1633, #5591, #4115, #1035, #3070, #3104, #1137, #4597, #3173, #5191, #2675, #5089, #2183, #535, #1566, #4214, #6230, #2406, #4915, #2214, #929, #4401, #6423, #826, #3362, #1708, #1838, #1362, #3240, #4945, #5758, #3750, #5349, #2955, #3877, #1870, #1428, #1211, #3464, #1900, #6390, #5378, #796, #6490, #5919, #6261, #2434, #3905, #5479, #2826, #4851, #4979, #2372, #5886, #4246, #3396, #361, #5414, #299, #4431, #334, #2924, #861, #2893, #2342, #6454, #4372, #1333, #4463, #3937, #2859, #5954, #1935, #1397, #4886, #3428, #5449, #895, #5982, #392, #3968, #5546, #429, #4524, #3497, #4003, #997, #6550, #3025, #5045, #1460, #6017, #4494, #5514, #5013, #489, #965, #1996, #2470, #6519, #1964, #2993, #459, #2497, #4035, #6051, #1493, #3535, #230, #1355, #257, #3832, #3867, #5307, #1860, #3322, #290, #2297, #5845, #751, #4393, #3929, #4909, #4324, #4423, #2849, #5340, #1324, #1788, #3897, #785, #3286, #2817, #3796, #6346, #4841, #356, #5805, #2398, #2887, #6449, #5875, #4360, #1894, #1260, #717, #2754, #4811, #2332, #6311, #6381, #1828, #817, #5407, #1294, #1229, #3254, #854, #5910, #3352, #5369, #5271, #4781, #4875, #326, #2366, #6414, #2266, #2786, #3386, #4292, #1755, #2915, #889, #2427, #20, #921, #3489, #5066, #5441, #515, #5540, #3457, #2463, #383, #3559, #2986, #3422, #6077, #5503, #2555, #6481, #4454, #2056, #6010, #5472, #5948, #956, #4027, #5006, #1929, #1485, #3996, #6575, #4518, #453, #3962, #2491, #4580, #5976, #1517 ) ),
 .UNSPECIFIED., .F., .T., .F.,
 ( 2, 2 ),
 ( 4, 2, 2, 2, 2, 2, 2, 2, 2, 2, 2, 2, 2, 2, 2, 2, 2, 2, 2, 2, 2, 2, 2, 2, 2, 2, 2, 2, 2, 2, 2, 2, 2, 2, 2, 2, 2, 2, 2, 2, 2, 2, 2, 2, 2, 2, 2, 2, 2, 2, 2, 2, 2, 2, 2, 2, 2, 2, 2, 2, 2, 2, 2, 2, 2, 2, 2, 2, 2, 2, 2, 2, 2, 2, 2, 2, 2, 2, 2, 2, 2, 2, 2, 2, 2, 2, 2, 2, 2, 2, 2, 2, 2, 2, 2, 2, 2, 2, 2, 2, 2, 2, 2, 2, 2, 2, 2, 2, 2, 2, 2, 2, 2, 2, 2, 2, 4 ),
 ( 0.0000000000000000000, 1.000000000000000000 ),
 ( -1.981686742660859757E-06, 0.0001629531082206113696, 0.0003278879031838835990, 0.0004928226981471558283, 0.0005340563968879738586, 0.0005752900956287919972, 0.0006577574931104280577, 0.0007402248905920641182, 0.0008226922880737002871, 0.0009876270830369725164, 0.001070094480518608577, 0.001111328179259426716, 0.001152561878000244854, 0.001235029275481880915, 0.001317496672963516975, 0.001482431467926789096, 0.001564898865408425373, 0.001647366262890061434, 0.001729833660371697494, 0.001812301057853333772, 0.001894768455334969832, 0.001977235852816605893, 0.002059703250298241736, 0.002142170647779878014, 0.002224638045261514291, 0.002265871744002332430, 0.002307105442743150568, 0.002472040237706422689, 0.002636975032669694810, 0.002719442430151331087, 0.002801909827632966931, 0.002884377225114602775, 0.002966844622596239052, 0.003131779417559511607, 0.003214246815041147884, 0.003296714212522783728, 0.003379181610004419571, 0.003461649007486055848, 0.003544116404967692126, 0.003626583802449328403, 0.003791518597412600524, 0.003873985994894236368, 0.003956453392375872645, 0.004038920789857508922, 0.004121388187339144332, 0.004286322982302416887, 0.004368790379784053164, 0.004451257777265689441, 0.004492491476006508014, 0.004533725174747325719, 0.004616192572228961996, 0.004698659969710598273, 0.004781127367192234551, 0.004863594764673869961, 0.004946062162155506238, 0.005028529559637142515, 0.005110996957118777925, 0.005193464354600414203, 0.005275931752082050480, 0.005358399149563686757, 0.005440866547045323035, 0.005523333944526958444, 0.005605801342008594722, 0.005688268739490230999, 0.005770736136971866409, 0.005853203534453502686, 0.005935670931935138964, 0.006018138329416775241, 0.006100605726898411518, 0.006183073124380047796, 0.006265540521861684073, 0.006430475316824956628, 0.006512942714306592037, 0.006595410111788228315, 0.006677877509269864592, 0.006760344906751500002, 0.006842812304233136279, 0.006925279701714772557, 0.007007747099196408834, 0.007090214496678045111, 0.007172681894159681389, 0.007213915592900499094, 0.007255149291641317666, 0.007420084086604590221, 0.007585018881567861908, 0.007667486279049498185, 0.007749953676531133595, 0.007832421074012770740, 0.007914888471494406150, 0.008079823266457678704, 0.008244758061420949524, 0.008285991760161768097, 0.008327225458902586669, 0.008409692856384222079, 0.008492160253865857489, 0.008574627651347494633, 0.008739562446310767188, 0.008822029843792402598, 0.008863263542533221170, 0.008904497241274039743, 0.008986964638755676887, 0.009069432036237312297, 0.009234366831200584852, 0.009316834228682221997, 0.009399301626163857407, 0.009481769023645492817, 0.009564236421127129961, 0.009646703818608765371, 0.009729171216090400781, 0.009811638613572037926, 0.009894106011053673336, 0.009976573408535308746, 0.01001780710727612732, 0.01005904080601694589, 0.01022397560098021671, 0.01038891039594348926, 0.01055384519090676182 ),
 .UNSPECIFIED. ) ;
#2092 = EDGE_CURVE ( 'NONE', #1654, #630, #3485, .T. ) ;
#2093 = EDGE_LOOP ( 'NONE', ( #2084, #2949, #2283, #5102 ) ) ;
#2094 = CARTESIAN_POINT ( 'NONE',  ( 0.1927452506428503631, -1.686322281404267764, 7.820250964041460584 ) ) ;
#2095 = CARTESIAN_POINT ( 'NONE',  ( -10.75000000000000000, 3.394323231001218577, 3.837520563220440994 ) ) ;
#2096 = EDGE_CURVE ( 'NONE', #1119, #5071, #418, .T. ) ;
#2097 = CARTESIAN_POINT ( 'NONE',  ( -0.9135619866789262966, 7.871931126956037694, 1.425815090439969346 ) ) ;
#2098 = ORIENTED_EDGE ( 'NONE', *, *, #4609, .T. ) ;
#2099 = CARTESIAN_POINT ( 'NONE',  ( -3.750000000000000000, -0.2618326490234123005, -6.106707545196424114 ) ) ;
#2100 = CARTESIAN_POINT ( 'NONE',  ( -10.75000000000000000, 0.2381673509765892260, 6.106707545196424114 ) ) ;
#2101 = CARTESIAN_POINT ( 'NONE',  ( 0.6699679332017930422, 1.557089164399843684, 7.847006221393907133 ) ) ;
#2102 = LINE ( 'NONE', #4722, #4971 ) ;
#2103 = ORIENTED_EDGE ( 'NONE', *, *, #4336, .F. ) ;
#2104 = CARTESIAN_POINT ( 'NONE',  ( 1.220738654204444273, -1.034328517526423630, 7.859249331713495934 ) ) ;
#2105 = CARTESIAN_POINT ( 'NONE',  ( -0.5161372435369065981, 7.772554910356548774, 1.514689488759076497 ) ) ;
#2106 = CARTESIAN_POINT ( 'NONE',  ( -3.750000000000000000, -3.417988529048041180, 3.837520563220440994 ) ) ;
#2107 = CARTESIAN_POINT ( 'NONE',  ( -0.5641885466367633217, -1.497455759482432480, 7.776250639430407396 ) ) ;
#2108 = CARTESIAN_POINT ( 'NONE',  ( -1.546201229981083447, 0.4147525060637511363, 7.922393165964603412 ) ) ;
#2109 = ADVANCED_FACE ( 'NONE', ( #2488 ), #4934, .F. ) ;
#2110 = CARTESIAN_POINT ( 'NONE',  ( 0.1304641414527135113, -1.594892239387510458, 7.754771921799353152 ) ) ;
#2111 = ADVANCED_FACE ( 'NONE', ( #2053 ), #410, .T. ) ;
#2112 = CARTESIAN_POINT ( 'NONE',  ( -1.422826214774581821, 7.896769128954733930, -0.7322864896746373864 ) ) ;
#2113 = PRESENTATION_STYLE_ASSIGNMENT (( #1036 ) ) ;
#2114 = DIRECTION ( 'NONE',  ( 0.0000000000000000000, 0.8477127166205130626, 0.5304556061348298934 ) ) ;
#2115 = FACE_OUTER_BOUND ( 'NONE', #6376, .T. ) ;
#2116 = VECTOR ( 'NONE', #3140, 1000.000000000000114 ) ;
#2117 = AXIS2_PLACEMENT_3D ( 'NONE', #3156, #4587, #5109 ) ;
#2118 = FACE_OUTER_BOUND ( 'NONE', #6467, .T. ) ;
#2119 = ORIENTED_EDGE ( 'NONE', *, *, #2610, .T. ) ;
#2120 = CIRCLE ( 'NONE', #1800, 4.000000000000000000 ) ;
#2121 = CARTESIAN_POINT ( 'NONE',  ( 0.1832074279808383332, 7.755952486005278423, 1.589697239105611448 ) ) ;
#2122 = VECTOR ( 'NONE', #52, 1000.000000000000000 ) ;
#2123 = DIRECTION ( 'NONE',  ( -0.0000000000000000000, -0.8090169943749481174, -0.5877852522924721379 ) ) ;
#2124 = CARTESIAN_POINT ( 'NONE',  ( -1.471038679609634636, 7.957333535323834361, -0.8254949522275790708 ) ) ;
#2125 = CARTESIAN_POINT ( 'NONE',  ( 1.335918779402895717, 0.8806002615411752110, 7.879956195678794906 ) ) ;
#2126 = EDGE_LOOP ( 'NONE', ( #5244, #5751, #4482, #3802 ) ) ;
#2127 = AXIS2_PLACEMENT_3D ( 'NONE', #243, #4734, #6296 ) ;
#2128 = CARTESIAN_POINT ( 'NONE',  ( 1.578514858800964316, -0.2626490816574603704, 7.929457857573281032 ) ) ;
#2129 = VERTEX_POINT ( 'NONE', #5597 ) ;
#2130 = CARTESIAN_POINT ( 'NONE',  ( 1.265316014978226322, -1.119710186875856328, 7.921280195889278453 ) ) ;
#2131 = CARTESIAN_POINT ( 'NONE',  ( -10.75000000000000000, 5.718737106350690880, -2.124840540217202367 ) ) ;
#2132 = VECTOR ( 'NONE', #983, 1000.000000000000000 ) ;
#2133 = VECTOR ( 'NONE', #3967, 1000.000000000000114 ) ;
#2134 = CARTESIAN_POINT ( 'NONE',  ( -1.343913042096738453, 7.934446659317712758, 1.022097446019049505 ) ) ;
#2135 = EDGE_LOOP ( 'NONE', ( #6290, #4747, #519, #16 ) ) ;
#2136 = FACE_OUTER_BOUND ( 'NONE', #780, .T. ) ;
#2137 = CARTESIAN_POINT ( 'NONE',  ( -1.639705459166808765, -0.4442360899874621127, 7.990346395465338425 ) ) ;
#2138 = CARTESIAN_POINT ( 'NONE',  ( 0.1095064378385176562, 1.693885591169064897, 7.818615831568948238 ) ) ;
#2139 = LINE ( 'NONE', #4688, #1689 ) ;
#2140 = EDGE_LOOP ( 'NONE', ( #4382, #2176, #2616, #5806 ) ) ;
#2141 = CARTESIAN_POINT ( 'NONE',  ( 1.181851001955732672, -1.078533735234188828, 7.852668565203070550 ) ) ;
#2142 = CARTESIAN_POINT ( 'NONE',  ( -0.5652911886151091858, 7.776338793493258628, 1.497039673389013226 ) ) ;
#2143 = DIRECTION ( 'NONE',  ( 0.0000000000000000000, -0.8477127166205126185, -0.5304556061348303375 ) ) ;
#2144 = CARTESIAN_POINT ( 'NONE',  ( 0.3633100650994302572, -1.558424492181865295, 7.762976971624707900 ) ) ;
#2145 = CARTESIAN_POINT ( 'NONE',  ( -1.497127153854112436, 0.5650718159156881137, 7.911963876360100123 ) ) ;
#2146 = CARTESIAN_POINT ( 'NONE',  ( 0.4897302670834288163, -1.523431651308171597, 7.770662065738749291 ) ) ;
#2147 = VECTOR ( 'NONE', #5598, 1000.000000000000000 ) ;
#2148 = LINE ( 'NONE', #2736, #945 ) ;
#2149 = CARTESIAN_POINT ( 'NONE',  ( -1.335548406732082638, 7.933010350262089005, 1.033184178940888875 ) ) ;
#2150 = EDGE_CURVE ( 'NONE', #53, #1446, #2424, .T. ) ;
#2151 = DIRECTION ( 'NONE',  ( 1.000000000000000000, -0.0000000000000000000, -0.0000000000000000000 ) ) ;
#2152 = CARTESIAN_POINT ( 'NONE',  ( -1.545792322799441454, 7.922305297396611934, -0.4161242823476790642 ) ) ;
#2153 = ADVANCED_FACE ( 'NONE', ( #6571 ), #4485, .F. ) ;
#2154 = ORIENTED_EDGE ( 'NONE', *, *, #3115, .F. ) ;
#2155 = CARTESIAN_POINT ( 'NONE',  ( -1.315875478176986135, 7.876211100698600198, 0.9105782378875357796 ) ) ;
#2156 = CARTESIAN_POINT ( 'NONE',  ( 0.5188399458243240225, -1.517151694111562588, 3.701368041466813530 ) ) ;
#2157 = DIRECTION ( 'NONE',  ( -0.0000000000000000000, -0.06912543288578471001, 0.9976079763756667829 ) ) ;
#2158 = CARTESIAN_POINT ( 'NONE',  ( 1.379850831343839346, 0.8106895134891601851, 7.888310456720913244 ) ) ;
#2159 = ORIENTED_EDGE ( 'NONE', *, *, #3870, .T. ) ;
#2160 = ADVANCED_FACE ( 'NONE', ( #3993 ), #2091, .T. ) ;
#2161 = CARTESIAN_POINT ( 'NONE',  ( 1.522966012627358312, -0.4911767701574129563, 7.917421793455060808 ) ) ;
#2162 = CARTESIAN_POINT ( 'NONE',  ( 1.574013370429888647, 0.2883920154506335320, 7.928466611357314342 ) ) ;
#2163 = ORIENTED_EDGE ( 'NONE', *, *, #3268, .F. ) ;
#2164 = CARTESIAN_POINT ( 'NONE',  ( 1.639019385978349508, -0.3877097522568968002, 7.990644833062197527 ) ) ;
#2165 = CARTESIAN_POINT ( 'NONE',  ( 0.0000000000000000000, 0.0000000000000000000, 8.000000000000000000 ) ) ;
#2166 = CARTESIAN_POINT ( 'NONE',  ( -1.283508282440269044, 7.924257348934838241, 1.098462052024152813 ) ) ;
#2167 = ORIENTED_EDGE ( 'NONE', *, *, #1741, .T. ) ;
#2168 = VECTOR ( 'NONE', #369, 1000.000000000000114 ) ;
#2169 = LINE ( 'NONE', #3195, #4726 ) ;
#2170 = CARTESIAN_POINT ( 'NONE',  ( 1.899999999999999911, 0.7500000000000000000, -1.000000000000000000 ) ) ;
#2171 = CARTESIAN_POINT ( 'NONE',  ( -0.1108283634983651400, 1.694475424652325923, 7.818489898120820847 ) ) ;
#2172 = CARTESIAN_POINT ( 'NONE',  ( -10.75000000000000000, -5.118540194219835193, -0.4999999999999993339 ) ) ;
#2173 = ORIENTED_EDGE ( 'NONE', *, *, #6417, .T. ) ;
#2174 = CARTESIAN_POINT ( 'NONE',  ( -3.736410698672603652E-15, -0.8118033988749917551, -1.100000000000003642 ) ) ;
#2175 = CARTESIAN_POINT ( 'NONE',  ( -0.4157810922257995645, 7.765889331841993481, 1.545258022673208664 ) ) ;
#2176 = ORIENTED_EDGE ( 'NONE', *, *, #5124, .F. ) ;
#2177 = LINE ( 'NONE', #4, #4550 ) ;
#2178 = CARTESIAN_POINT ( 'NONE',  ( 1.467572860417605041, 7.905831183973411669, -0.6379239252712632924 ) ) ;
#2179 = CARTESIAN_POINT ( 'NONE',  ( -0.9954946740067126543, 1.252863665854124120, 7.823992505060243907 ) ) ;
#2180 = CARTESIAN_POINT ( 'NONE',  ( -0.4913058454680443443, -1.522926942536086514, 7.770771654260753003 ) ) ;
#2181 = EDGE_CURVE ( 'NONE', #1943, #3520, #1422, .T. ) ;
#2182 = DIRECTION ( 'NONE',  ( 1.000000000000000000, -0.0000000000000000000, -0.0000000000000000000 ) ) ;
#2183 = CARTESIAN_POINT ( 'NONE',  ( -0.9135619866789262966, 7.871931126956037694, 1.425815090439969346 ) ) ;
#2184 = CARTESIAN_POINT ( 'NONE',  ( -10.75000000000000000, 5.873245603538165938, -1.649312282069625546 ) ) ;
#2185 = DIRECTION ( 'NONE',  ( 0.0000000000000000000, 0.2425356250363329136, -0.9701425001453318764 ) ) ;
#2186 = VECTOR ( 'NONE', #3869, 1000.000000000000000 ) ;
#2187 = EDGE_CURVE ( 'NONE', #2618, #1088, #1990, .T. ) ;
#2188 = ORIENTED_EDGE ( 'NONE', *, *, #4978, .T. ) ;
#2189 = CARTESIAN_POINT ( 'NONE',  ( -0.9957735659644161297, 7.824031817324425653, 1.252641813636886647 ) ) ;
#2190 = LINE ( 'NONE', #115, #4084 ) ;
#2191 = CARTESIAN_POINT ( 'NONE',  ( -1.416331230458226065, 7.895484614667864776, 0.7444163984403960876 ) ) ;
#2192 = CARTESIAN_POINT ( 'NONE',  ( 1.092035233859626642, 1.169402499290103981, 7.838261812168459741 ) ) ;
#2193 = ORIENTED_EDGE ( 'NONE', *, *, #3988, .F. ) ;
#2194 = CARTESIAN_POINT ( 'NONE',  ( 1.487694291782697631, -0.5894503071590073695, 7.909992799512984618 ) ) ;
#2195 = CARTESIAN_POINT ( 'NONE',  ( 0.8456965995069533060, 1.358483222393294110, 7.804452576205352266 ) ) ;
#2196 = EDGE_CURVE ( 'NONE', #4676, #713, #6042, .T. ) ;
#2197 = ORIENTED_EDGE ( 'NONE', *, *, #3933, .T. ) ;
#2198 = ADVANCED_FACE ( 'NONE', ( #2948 ), #5572, .F. ) ;
#2199 = CARTESIAN_POINT ( 'NONE',  ( 1.660692721120909709, -0.2786134288301918560, 7.995194731646971142 ) ) ;
#2200 = DIRECTION ( 'NONE',  ( 0.0000000000000000000, -0.6423029060310794236, -0.7664508966033182213 ) ) ;
#2201 = CARTESIAN_POINT ( 'NONE',  ( -0.3563185111102080138, 7.826124745683378237, 1.658849407904001039 ) ) ;
#2202 = ORIENTED_EDGE ( 'NONE', *, *, #1251, .T. ) ;
#2203 = CARTESIAN_POINT ( 'NONE',  ( -10.75000000000000000, 4.999443335836748936, -1.102531158620889240 ) ) ;
#2204 = CARTESIAN_POINT ( 'NONE',  ( -12.25000000000000000, 0.0000000000000000000, 0.0000000000000000000 ) ) ;
#2205 = CARTESIAN_POINT ( 'NONE',  ( -10.75000000000000000, 5.718737106350690880, -2.124840540217202367 ) ) ;
#2206 = DIRECTION ( 'NONE',  ( 0.7071067811865475727, 0.6324555320336758824, -0.3162277660168379412 ) ) ;
#2207 = VERTEX_POINT ( 'NONE', #4937 ) ;
#2208 = VERTEX_POINT ( 'NONE', #6513 ) ;
#2209 = CARTESIAN_POINT ( 'NONE',  ( 1.397795325331279148, 7.891819465132952516, -0.7790104296368290937 ) ) ;
#2210 = CARTESIAN_POINT ( 'NONE',  ( -3.750000000000000000, -5.742402404397513926, -2.124840540217199703 ) ) ;
#2211 = CARTESIAN_POINT ( 'NONE',  ( 1.316362263111341635, 7.876311532071649246, -0.9095834820824743039 ) ) ;
#2212 = CARTESIAN_POINT ( 'NONE',  ( -1.209638767350080579, -1.180608609091975403, 7.912430285367463512 ) ) ;
#2213 = CARTESIAN_POINT ( 'NONE',  ( 2.825421122996475392E-15, 3.666060555964770096, -1.600000000000001199 ) ) ;
#2214 = CARTESIAN_POINT ( 'NONE',  ( -0.6709554570046724065, 7.847061044906842753, 1.556839711791842662 ) ) ;
#2215 = SHAPE_DEFINITION_REPRESENTATION ( #3587, #2300 ) ;
#2216 = CARTESIAN_POINT ( 'NONE',  ( -12.24999999999999822, 0.0000000000000000000, -8.000000000000000000 ) ) ;
#2217 = DIRECTION ( 'NONE',  ( 1.000000000000000000, -0.0000000000000000000, -0.0000000000000000000 ) ) ;
#2218 = DIRECTION ( 'NONE',  ( 0.0000000000000000000, 0.9701425001453318764, -0.2425356250363330801 ) ) ;
#2219 = EDGE_LOOP ( 'NONE', ( #4201, #1376, #5250, #6382 ) ) ;
#2220 = CARTESIAN_POINT ( 'NONE',  ( 0.4897302670834299820, 7.770662065738746627, 1.523431651308171153 ) ) ;
#2221 = CARTESIAN_POINT ( 'NONE',  ( 0.4369872185452291502, 7.829538996475768897, -1.642805452732797766 ) ) ;
#2222 = CARTESIAN_POINT ( 'NONE',  ( -1.024450866050073294, 1.229077334659053777, 7.828151188611099265 ) ) ;
#2223 = VERTEX_POINT ( 'NONE', #990 ) ;
#2224 = VECTOR ( 'NONE', #3167, 1000.000000000000000 ) ;
#2225 = CARTESIAN_POINT ( 'NONE',  ( 1.467604626266370449, -0.6378264770172469289, 7.905837875436645845 ) ) ;
#2226 = CARTESIAN_POINT ( 'NONE',  ( 1.557914008850123100, -0.3654942649656872655, 7.924945368472628537 ) ) ;
#2227 = VECTOR ( 'NONE', #2972, 1000.000000000000227 ) ;
#2228 = VECTOR ( 'NONE', #3526, 1000.000000000000227 ) ;
#2229 = ORIENTED_EDGE ( 'NONE', *, *, #3975, .T. ) ;
#2230 = CARTESIAN_POINT ( 'NONE',  ( 1.593679945387263874, 0.5471067301611419742, 7.981312916941157631 ) ) ;
#2231 = CARTESIAN_POINT ( 'NONE',  ( -10.75000000000000000, 0.4881673509765891983, 5.106707545196424114 ) ) ;
#2232 = VERTEX_POINT ( 'NONE', #1391 ) ;
#2233 = AXIS2_PLACEMENT_3D ( 'NONE', #4391, #6412, #2329 ) ;
#2234 = EDGE_CURVE ( 'NONE', #5763, #1142, #3019, .T. ) ;
#2235 = CARTESIAN_POINT ( 'NONE',  ( 1.516606739372902357, 3.967204292647827923, -0.5203417703606293410 ) ) ;
#2236 =( GEOMETRIC_REPRESENTATION_CONTEXT ( 3 ) GLOBAL_UNCERTAINTY_ASSIGNED_CONTEXT ( ( #900 ) ) GLOBAL_UNIT_ASSIGNED_CONTEXT ( ( #346, #4995, #5561 ) ) REPRESENTATION_CONTEXT ( 'NONE', 'WORKASPACE' ) );
#2237 = DIRECTION ( 'NONE',  ( 1.000000000000000000, 0.0000000000000000000, 0.0000000000000000000 ) ) ;
#2238 = CARTESIAN_POINT ( 'NONE',  ( -1.209340765239178994, 1.180918390331767043, 7.912384003525799514 ) ) ;
#2239 = VECTOR ( 'NONE', #6338, 999.9999999999998863 ) ;
#2240 = CARTESIAN_POINT ( 'NONE',  ( -10.75000000000000000, 4.781651221645094374, -3.791686883723367263 ) ) ;
#2241 = ORIENTED_EDGE ( 'NONE', *, *, #2196, .T. ) ;
#2242 = VERTEX_POINT ( 'NONE', #2522 ) ;
#2243 = CARTESIAN_POINT ( 'NONE',  ( -12.69999999999998153, 0.0000000000000000000, 0.0000000000000000000 ) ) ;
#2244 = CARTESIAN_POINT ( 'NONE',  ( 0.9945351660571215557, 7.823857231236556409, -1.253627078112971249 ) ) ;
#2245 = VERTEX_POINT ( 'NONE', #4547 ) ;
#2246 = LINE ( 'NONE', #2766, #3711 ) ;
#2247 = VECTOR ( 'NONE', #4880, 1000.000000000000000 ) ;
#2248 = CARTESIAN_POINT ( 'NONE',  ( -3.750000000000000000, -0.2618326490234123005, -6.106707545196424114 ) ) ;
#2249 = EDGE_CURVE ( 'NONE', #200, #6043, #4063, .T. ) ;
#2250 = CARTESIAN_POINT ( 'NONE',  ( -0.3427414805706537893, -1.661755731083274013, 7.825508025146713287 ) ) ;
#2251 =( NAMED_UNIT ( * ) PLANE_ANGLE_UNIT ( ) SI_UNIT ( $, .RADIAN. ) );
#2252 = DIRECTION ( 'NONE',  ( 0.9999999999999998890, 1.853593590267447481E-18, 0.0000000000000000000 ) ) ;
#2253 = LINE ( 'NONE', #5324, #4153 ) ;
#2254 = CARTESIAN_POINT ( 'NONE',  ( -10.75000000000000000, 1.090698509597475718, -5.011275984860160015 ) ) ;
#2255 = EDGE_LOOP ( 'NONE', ( #705, #2273, #3372, #113 ) ) ;
#2256 = CARTESIAN_POINT ( 'NONE',  ( 1.054351743119392504, 7.832523635841994292, 1.203755493545049404 ) ) ;
#2257 = CARTESIAN_POINT ( 'NONE',  ( -10.75000000000000000, -5.742402404397514815, -2.124840540217199703 ) ) ;
#2258 = CARTESIAN_POINT ( 'NONE',  ( -1.064004177321974165, 1.194950906654662637, 7.833993850616626453 ) ) ;
#2259 = CARTESIAN_POINT ( 'NONE',  ( -1.270675041103277891, 3.879648699826545588, 0.9777998112934250807 ) ) ;
#2260 = CARTESIAN_POINT ( 'NONE',  ( 0.1304641414527135113, -1.594892239387510458, 7.754771921799353152 ) ) ;
#2261 = CARTESIAN_POINT ( 'NONE',  ( 1.538205200922954097, 0.4411397666259865291, 7.920681872344125907 ) ) ;
#2262 = VERTEX_POINT ( 'NONE', #152 ) ;
#2263 = CARTESIAN_POINT ( 'NONE',  ( 1.544142374775240523, 0.6762827310032938355, 7.971405326124079593 ) ) ;
#2264 = EDGE_CURVE ( 'NONE', #2762, #6043, #1111, .T. ) ;
#2265 = CARTESIAN_POINT ( 'NONE',  ( -10.75000000000000000, -1.661144931093034627, 5.885078252561577017 ) ) ;
#2266 = CARTESIAN_POINT ( 'NONE',  ( -0.6201765672167179888, 7.842812921663663062, -1.578100810490134620 ) ) ;
#2267 = ORIENTED_EDGE ( 'NONE', *, *, #5068, .T. ) ;
#2268 = CARTESIAN_POINT ( 'NONE',  ( 1.435727268454348948, 3.936989254122562620, 0.7140518375025127762 ) ) ;
#2269 = DIRECTION ( 'NONE',  ( -0.0000000000000000000, 0.1564344650402305081, 0.9876883405951377704 ) ) ;
#2270 = DIRECTION ( 'NONE',  ( 1.000000000000000000, -0.0000000000000000000, -0.0000000000000000000 ) ) ;
#2271 = EDGE_CURVE ( 'NONE', #3589, #4540, #679, .T. ) ;
#2272 = CARTESIAN_POINT ( 'NONE',  ( -1.497127153854112436, 0.5650718159156881137, 7.911963876360100123 ) ) ;
#2273 = ORIENTED_EDGE ( 'NONE', *, *, #2325, .T. ) ;
#2274 = CARTESIAN_POINT ( 'NONE',  ( -10.75000000000000000, -3.399011035559303284, 5.087376496814743021 ) ) ;
#2275 = CARTESIAN_POINT ( 'NONE',  ( 1.514818149060692898, 7.915690179812954419, -0.5157579117729526041 ) ) ;
#2276 = CARTESIAN_POINT ( 'NONE',  ( -10.75000000000000000, -1.114363807644300097, -5.011275984860160015 ) ) ;
#2277 = CARTESIAN_POINT ( 'NONE',  ( -1.683296383926186746, 8.000000000000000000, 4.871807827442005877E-16 ) ) ;
#2278 = CARTESIAN_POINT ( 'NONE',  ( -0.9135619866789248533, -1.425815090439970900, 7.871931126956037694 ) ) ;
#2279 = CARTESIAN_POINT ( 'NONE',  ( -10.75000000000000000, 3.375345737512479349, -5.087376496814743021 ) ) ;
#2280 = CARTESIAN_POINT ( 'NONE',  ( -8.673617379884035472E-16, -7.387317519133669951E-16, 8.140298019077837566 ) ) ;
#2281 = FACE_OUTER_BOUND ( 'NONE', #1064, .T. ) ;
#2282 = CARTESIAN_POINT ( 'NONE',  ( 1.899999999999999911, -1.250000000000000000, 0.0000000000000000000 ) ) ;
#2283 = ORIENTED_EDGE ( 'NONE', *, *, #2196, .F. ) ;
#2284 = CARTESIAN_POINT ( 'NONE',  ( 1.467604626266371115, 7.905837875436644069, 0.6378264770172460407 ) ) ;
#2285 = CARTESIAN_POINT ( 'NONE',  ( -1.497595760515267660, 7.912061573835175388, 0.5638273248774609003 ) ) ;
#2286 = CARTESIAN_POINT ( 'NONE',  ( -0.4904504976842231634, 1.523188010358362154, 7.770714590412437062 ) ) ;
#2287 = VECTOR ( 'NONE', #2334, 1000.000000000000114 ) ;
#2288 = PLANE ( 'NONE',  #2970 ) ;
#2289 = CARTESIAN_POINT ( 'NONE',  ( 0.1040876117923787147, 1.596827176712551033, 7.754330797670279551 ) ) ;
#2290 = CARTESIAN_POINT ( 'NONE',  ( 1.219982923972136035, 1.035528017142798296, 7.859102067150507409 ) ) ;
#2291 = AXIS2_PLACEMENT_3D ( 'NONE', #1656, #3737, #1196 ) ;
#2292 = ORIENTED_EDGE ( 'NONE', *, *, #3614, .T. ) ;
#2293 = VERTEX_POINT ( 'NONE', #3217 ) ;
#2294 = CARTESIAN_POINT ( 'NONE',  ( 1.209715140349559404, 1.180533719051746200, 7.912441833072663577 ) ) ;
#2295 = DIRECTION ( 'NONE',  ( -0.0000000000000000000, -0.8477127166205130626, 0.5304556061348300045 ) ) ;
#2296 = CARTESIAN_POINT ( 'NONE',  ( -10.75000000000000000, -5.742402404397514815, -2.124840540217199703 ) ) ;
#2297 = CARTESIAN_POINT ( 'NONE',  ( 1.413915378543537216, 7.946794980048960788, -0.9214027717715924659 ) ) ;
#2298 = ORIENTED_EDGE ( 'NONE', *, *, #1245, .F. ) ;
#2299 = CARTESIAN_POINT ( 'NONE',  ( -10.75000000000000000, -0.5118326490234108572, 5.106707545196424114 ) ) ;
#2300 = SHAPE_REPRESENTATION ( 'S54 Винт установочный DIN 916 М4х4_M4(4)', ( #5234 ), #3721 ) ;
#2301 = DIRECTION ( 'NONE',  ( 0.0000000000000000000, 0.0000000000000000000, -1.000000000000000000 ) ) ;
#2302 = EDGE_CURVE ( 'NONE', #2586, #2702, #4608, .T. ) ;
#2303 = LINE ( 'NONE', #2205, #2557 ) ;
#2304 = CARTESIAN_POINT ( 'NONE',  ( 0.1832074279808346695, -1.589697239105611670, 7.755952486005279312 ) ) ;
#2305 = EDGE_CURVE ( 'NONE', #1230, #2618, #5635, .T. ) ;
#2306 = CARTESIAN_POINT ( 'NONE',  ( -0.9749565769916701541, 1.268913816221255431, 7.821126902302188988 ) ) ;
#2307 = VERTEX_POINT ( 'NONE', #1576 ) ;
#2308 = ORIENTED_EDGE ( 'NONE', *, *, #5786, .T. ) ;
#2309 = FILL_AREA_STYLE_COLOUR ( '', #5197 ) ;
#2310 = CARTESIAN_POINT ( 'NONE',  ( 1.514758375282169167, 7.915677506804497554, 0.5159345208674251948 ) ) ;
#2311 = DIRECTION ( 'NONE',  ( 0.0000000000000000000, 0.5877852522924721379, 0.8090169943749482284 ) ) ;
#2312 = DIRECTION ( 'NONE',  ( 1.000000000000000000, -0.0000000000000000000, -0.0000000000000000000 ) ) ;
#2313 = CARTESIAN_POINT ( 'NONE',  ( -1.335548406732083748, -1.033184178940888653, 7.933010350262089005 ) ) ;
#2314 = CARTESIAN_POINT ( 'NONE',  ( 1.899999999999999911, -0.7499999999999997780, 1.000000000000000000 ) ) ;
#2315 = SHAPE_DEFINITION_REPRESENTATION ( #1128, #212 ) ;
#2316 = PLANE ( 'NONE',  #98 ) ;
#2317 = EDGE_CURVE ( 'NONE', #4581, #6138, #3656, .T. ) ;
#2318 = CARTESIAN_POINT ( 'NONE',  ( -3.469446951953614189E-15, 0.0000000000000000000, 0.0000000000000000000 ) ) ;
#2319 = ORIENTED_EDGE ( 'NONE', *, *, #22, .T. ) ;
#2320 = CARTESIAN_POINT ( 'NONE',  ( 1.434199961478555885, 7.899053919478456365, 0.7093972899129773468 ) ) ;
#2321 = CARTESIAN_POINT ( 'NONE',  ( -10.75000000000000000, -6.118540194219835193, 0.2500000000000007772 ) ) ;
#2322 = CARTESIAN_POINT ( 'NONE',  ( 0.7069909839676484786, 1.435568128479155714, 7.789161789837084626 ) ) ;
#2323 = CARTESIAN_POINT ( 'NONE',  ( -1.547571211041582018, 3.979272608259174504, 0.4196352824726177766 ) ) ;
#2324 = CARTESIAN_POINT ( 'NONE',  ( -0.3257349911192440328, 1.566547950281758084, 7.761164174993514742 ) ) ;
#2325 = EDGE_CURVE ( 'NONE', #2207, #4459, #1896, .T. ) ;
#2326 = CARTESIAN_POINT ( 'NONE',  ( 3.454044648600700818, 1.623861349319905331E-34, 1.325983418607308649E-18 ) ) ;
#2327 = ORIENTED_EDGE ( 'NONE', *, *, #4072, .F. ) ;
#2328 = CARTESIAN_POINT ( 'NONE',  ( -0.05593929638602372634, 1.697222526386739982, 7.817892043447920436 ) ) ;
#2329 = DIRECTION ( 'NONE',  ( 0.0000000000000000000, 0.0000000000000000000, -1.000000000000000000 ) ) ;
#2330 = STYLED_ITEM ( 'NONE', ( #205 ), #3406 ) ;
#2331 = CARTESIAN_POINT ( 'NONE',  ( 1.254707986442259005, 7.865146950926984459, 0.9932418018622152234 ) ) ;
#2332 = CARTESIAN_POINT ( 'NONE',  ( 0.2202468041401588195, 7.820990498073608244, -1.682891937721448405 ) ) ;
#2333 = ORIENTED_EDGE ( 'NONE', *, *, #2921, .F. ) ;
#2334 = DIRECTION ( 'NONE',  ( -0.0000000000000000000, 0.8910065241883681209, -0.4539904997395463049 ) ) ;
#2335 = PLANE ( 'NONE',  #2350 ) ;
#2336 = CARTESIAN_POINT ( 'NONE',  ( -1.194844829091143312, -1.064123253447697870, 7.854844491860690781 ) ) ;
#2337 = CARTESIAN_POINT ( 'NONE',  ( -0.3773595581566492885, -1.554919552163733343, 7.763752243342311843 ) ) ;
#2338 = CARTESIAN_POINT ( 'NONE',  ( 0.5148142139569864550, 1.515813472325679090, 7.772323662465278282 ) ) ;
#2339 = ORIENTED_EDGE ( 'NONE', *, *, #2875, .F. ) ;
#2340 = CARTESIAN_POINT ( 'NONE',  ( -10.75000000000000000, -2.136673189240612558, -5.730569755374101959 ) ) ;
#2341 = VECTOR ( 'NONE', #2884, 1000.000000000000000 ) ;
#2342 = CARTESIAN_POINT ( 'NONE',  ( 1.265316014978228321, 7.921280195889278453, 1.119710186875853664 ) ) ;
#2343 = CARTESIAN_POINT ( 'NONE',  ( 1.599349954598814794, 7.934078441261430470, 0.05265514842756281733 ) ) ;
#2344 = DIRECTION ( 'NONE',  ( -0.0000000000000000000, -0.2425356250363331634, -0.9701425001453318764 ) ) ;
#2345 = FACE_OUTER_BOUND ( 'NONE', #5062, .T. ) ;
#2346 = CARTESIAN_POINT ( 'NONE',  ( 0.3022589893546655526, -1.669895354955378775, 7.823776596135829209 ) ) ;
#2347 = CLOSED_SHELL ( 'NONE', ( #2160, #1214, #2400, #613, #3166, #5698, #2781, #4817, #4670, #1647, #5675, #2198, #160, #1686, #5589, #5665, #5621, #3818, #4704, #468, #5705, #105, #2063, #3782, #1400, #923, #557, #3650, #28, #3283, #4868, #3538, #5851, #6366, #712, #5183, #5384, #3769, #3358, #3534, #3063, #3280, #4056, #2403, #5025, #6494, #3626, #5330, #4897, #6380, #6537, #5270, #3335, #3562, #223, #277, #2798, #69, #2940, #4024, #2590, #5476, #1412, #2109, #6213, #3368, #6331, #4511, #5717, #792, #5991, #4535, #2738, #802, #1477, #2550, #73, #4731, #2917, #313, #4640, #5009, #441, #5791, #2670, #2153, #2576, #3163, #2747, #5177, #476, #675, #1821, #163, #969, #5720, #5058, #6398 ) ) ;
#2348 = VECTOR ( 'NONE', #835, 999.9999999999998863 ) ;
#2349 = DIRECTION ( 'NONE',  ( -1.000000000000000000, -0.0000000000000000000, -0.0000000000000000000 ) ) ;
#2350 = AXIS2_PLACEMENT_3D ( 'NONE', #5913, #891, #5443 ) ;
#2351 = LINE ( 'NONE', #5823, #1807 ) ;
#2352 = CARTESIAN_POINT ( 'NONE',  ( -3.750000000000000000, 3.375345737512479349, -5.087376496814743021 ) ) ;
#2353 = VERTEX_POINT ( 'NONE', #5967 ) ;
#2354 = EDGE_CURVE ( 'NONE', #2293, #694, #6030, .T. ) ;
#2355 = CARTESIAN_POINT ( 'NONE',  ( 1.422639985658699979, 7.896731742424756284, -0.7326590635133489737 ) ) ;
#2356 = CARTESIAN_POINT ( 'NONE',  ( 1.023715646541306867, 1.229652029678325764, 7.828048711211923028 ) ) ;
#2357 = EDGE_CURVE ( 'NONE', #122, #656, #6534, .T. ) ;
#2358 = CARTESIAN_POINT ( 'NONE',  ( -1.386686759081932507, 3.919174782162524906, -0.8049372927510413112 ) ) ;
#2359 = CARTESIAN_POINT ( 'NONE',  ( 1.357923364782745113, 0.8465973048761753494, 7.884108757630730047 ) ) ;
#2360 = LINE ( 'NONE', #1348, #4877 ) ;
#2361 = ORIENTED_EDGE ( 'NONE', *, *, #3078, .F. ) ;
#2362 = CARTESIAN_POINT ( 'NONE',  ( -0.3562685159075511532, 1.658860287868723971, 7.826122438946637061 ) ) ;
#2363 = CARTESIAN_POINT ( 'NONE',  ( -10.75000000000000000, -4.805316519691918309, -3.791686883723365931 ) ) ;
#2364 =( GEOMETRIC_REPRESENTATION_CONTEXT ( 3 ) GLOBAL_UNCERTAINTY_ASSIGNED_CONTEXT ( ( #2962 ) ) GLOBAL_UNIT_ASSIGNED_CONTEXT ( ( #5773, #4323, #3192 ) ) REPRESENTATION_CONTEXT ( 'NONE', 'WORKASPACE' ) );
#2365 = CARTESIAN_POINT ( 'NONE',  ( 1.316196982421648176, 7.876280870259969369, 0.9098227956676776529 ) ) ;
#2366 = CARTESIAN_POINT ( 'NONE',  ( -0.5429241274703865416, 7.836985206082867528, -1.606783748898968467 ) ) ;
#2367 = ORIENTED_EDGE ( 'NONE', *, *, #1890, .F. ) ;
#2368 = DIRECTION ( 'NONE',  ( -0.0000000000000000000, -0.4539904997395473596, -0.8910065241883675657 ) ) ;
#2369 = CARTESIAN_POINT ( 'NONE',  ( -10.75000000000000000, 4.781651221645094374, -3.791686883723367263 ) ) ;
#2370 = CARTESIAN_POINT ( 'NONE',  ( -0.8677580397378071853, 1.344310110891560051, 7.807158918593541053 ) ) ;
#2371 = FACE_OUTER_BOUND ( 'NONE', #4089, .T. ) ;
#2372 = CARTESIAN_POINT ( 'NONE',  ( 0.8185820659518913134, 7.861296115740211476, 1.483307661384073439 ) ) ;
#2373 = CARTESIAN_POINT ( 'NONE',  ( -1.055818109237625979, 7.832656133085842853, -1.203310861467900450 ) ) ;
#2374 = CARTESIAN_POINT ( 'NONE',  ( -10.75000000000000000, -5.896910901584988096, -1.649312282069623103 ) ) ;
#2375 = CARTESIAN_POINT ( 'NONE',  ( 0.9764865686272579115, 7.821355812567633237, -1.267598965522771959 ) ) ;
#2376 = CARTESIAN_POINT ( 'NONE',  ( 1.544142374775240523, 0.6762827310032938355, 7.971405326124079593 ) ) ;
#2377 = CARTESIAN_POINT ( 'NONE',  ( 0.6187299362447191697, 7.842696096437765441, 1.578681709603969807 ) ) ;
#2378 = CARTESIAN_POINT ( 'NONE',  ( -10.75000000000000000, -0.5118326490234121895, -5.106707545196424114 ) ) ;
#2379 = LINE ( 'NONE', #4989, #4048 ) ;
#2380 = VECTOR ( 'NONE', #974, 1000.000000000000114 ) ;
#2381 = PRODUCT_RELATED_PRODUCT_CATEGORY ( 'part', '', ( #973 ) ) ;
#2382 = FACE_OUTER_BOUND ( 'NONE', #2755, .T. ) ;
#2383 = EDGE_LOOP ( 'NONE', ( #2980, #344, #4219, #2732 ) ) ;
#2384 = CARTESIAN_POINT ( 'NONE',  ( 1.599349954598814794, 7.934078441261430470, 0.05265514842756281733 ) ) ;
#2385 = CARTESIAN_POINT ( 'NONE',  ( -1.240231255702691104, 7.862626815771595723, 1.010871442478701754 ) ) ;
#2386 = CARTESIAN_POINT ( 'NONE',  ( -1.600000000000000089, -1.620621699734045094E-16, 7.934223616779732424 ) ) ;
#2387 = CARTESIAN_POINT ( 'NONE',  ( -1.205121313897463908, 3.858413018765257441, 1.057620573415297693 ) ) ;
#2388 = CARTESIAN_POINT ( 'NONE',  ( 1.589618749007845278, 0.1838780100857466127, 7.931913235941799201 ) ) ;
#2389 = EDGE_CURVE ( 'NONE', #4250, #3184, #6504, .T. ) ;
#2390 = CARTESIAN_POINT ( 'NONE',  ( -10.75000000000000000, -6.118540194219835193, 0.2500000000000007772 ) ) ;
#2391 = B_SPLINE_CURVE_WITH_KNOTS ( 'NONE', 3,
 ( #3732, #1293, #1193, #4935, #887, #4840, #3486, #354, #2396, #3384, #5908, #4359, #4392, #3927, #5874, #919, #1827, #6379, #1323, #5501, #6413, #954, #4874, #3896, #3994, #6008, #3351, #2885, #5470, #4421, #1451, #289, #5405, #1892, #4907, #1956, #3960, #2848, #5946, #6447, #1389, #2913, #3420, #5368, #381, #5439, #2946, #2425, #4452, #816, #6479, #2331, #325, #419, #1927, #2365, #5974, #2461, #1420, #3866, #1353, #3455, #4967, #1859, #852, #4486, #6511, #1045, #5632, #3110, #6168 ),
 .UNSPECIFIED., .F., .F.,
 ( 4, 2, 2, 2, 2, 2, 2, 1, 2, 2, 1, 2, 2, 2, 1, 2, 2, 1, 1, 2, 2, 2, 2, 2, 2, 2, 1, 2, 2, 2, 2, 2, 1, 2, 2, 2, 2, 2, 4 ),
 ( 0.2500782949303090308, 0.2656984014971650598, 0.2813185080640210334, 0.2891285613474490201, 0.2969386146308770624, 0.3047486679143051047, 0.3125587211977330915, 0.3203687744811611893, 0.3242738011228751827, 0.3281788277645891760, 0.3359888810480173293, 0.3398939076897313782, 0.3437989343314454271, 0.3516089876148735249, 0.3555140142565875738, 0.3574665275774445705, 0.3594190408983016227, 0.3633240675400156161, 0.3652765808608726683, 0.3662528375213011111, 0.3672290941817296650, 0.3711341208234434363, 0.3750391474651572632, 0.3789441741068710900, 0.3808966874277279757, 0.3828492007485849169, 0.3867542273902987437, 0.3887067407111557404, 0.3906592540320126261, 0.3984693073154403353, 0.4023743339571541622, 0.4062793605988679335, 0.4140894138822955872, 0.4179944405240094141, 0.4218994671657232409, 0.4297095204491508946, 0.4375195737325785483, 0.4687597868662892742, 0.5000000000000000000 ),
 .UNSPECIFIED. ) ;
#2392 = ORIENTED_EDGE ( 'NONE', *, *, #3000, .T. ) ;
#2393 = CARTESIAN_POINT ( 'NONE',  ( -0.9815801913567502313, 1.379089850789650296, 7.880253321406534894 ) ) ;
#2394 = VECTOR ( 'NONE', #4266, 1000.000000000000000 ) ;
#2395 = DIRECTION ( 'NONE',  ( -1.000000000000000000, 0.0000000000000000000, 0.0000000000000000000 ) ) ;
#2396 = CARTESIAN_POINT ( 'NONE',  ( 0.4410818993778125585, 7.767438874537650584, 1.538210462984878957 ) ) ;
#2397 = CARTESIAN_POINT ( 'NONE',  ( 0.7079420776936993231, 7.850395242775996429, -1.539912920703793819 ) ) ;
#2398 = CARTESIAN_POINT ( 'NONE',  ( 0.7079420776936993231, 7.850395242775996429, -1.539912920703793819 ) ) ;
#2399 = EDGE_LOOP ( 'NONE', ( #5916, #4331, #3155, #590 ) ) ;
#2400 = ADVANCED_FACE ( 'NONE', ( #947 ), #408, .F. ) ;
#2401 = DIRECTION ( 'NONE',  ( 1.000000000000000000, -0.0000000000000000000, -0.0000000000000000000 ) ) ;
#2402 = VECTOR ( 'NONE', #587, 1000.000000000000000 ) ;
#2403 = ADVANCED_FACE ( 'NONE', ( #2676 ), #4117, .F. ) ;
#2404 = CARTESIAN_POINT ( 'NONE',  ( -1.434561426575444942, 0.7090234161698160120, 7.899120529009548974 ) ) ;
#2405 = DIRECTION ( 'NONE',  ( 0.0000000000000000000, 0.2425356250363328581, -0.9701425001453319874 ) ) ;
#2406 = CARTESIAN_POINT ( 'NONE',  ( -0.7455970612170157441, 7.853909160227833475, 1.521925277751999817 ) ) ;
#2407 = CARTESIAN_POINT ( 'NONE',  ( -0.5894876962976781654, 7.778328938131140902, -1.487676779896043744 ) ) ;
#2408 = DIRECTION ( 'NONE',  ( -1.000000000000000000, -0.0000000000000000000, -0.0000000000000000000 ) ) ;
#2409 = CARTESIAN_POINT ( 'NONE',  ( 1.087543515649429970, 7.837565738809585625, -1.173636812619248682 ) ) ;
#2410 = CARTESIAN_POINT ( 'NONE',  ( 1.413761944180747410, -0.9216419685544582352, 7.946767224890924020 ) ) ;
#2411 = CARTESIAN_POINT ( 'NONE',  ( 0.6697317001079652332, 7.846954179064261403, 1.557378594733169530 ) ) ;
#2412 = CARTESIAN_POINT ( 'NONE',  ( -1.523181213000978085, 7.917470335056463249, 0.4899924340495246944 ) ) ;
#2413 = CARTESIAN_POINT ( 'NONE',  ( -3.750000000000000000, -4.805316519691916533, 3.791686883723366819 ) ) ;
#2414 = ORIENTED_EDGE ( 'NONE', *, *, #1563, .F. ) ;
#2415 = LINE ( 'NONE', #3309, #4346 ) ;
#2416 = ORIENTED_EDGE ( 'NONE', *, *, #1984, .F. ) ;
#2417 = CARTESIAN_POINT ( 'NONE',  ( 0.8009980356864515594, 7.799231494008749266, -1.385309185648039509 ) ) ;
#2418 = CARTESIAN_POINT ( 'NONE',  ( -1.245549766671953273, 7.863556767882605492, 1.004318559457434867 ) ) ;
#2419 = CARTESIAN_POINT ( 'NONE',  ( -0.7662526411050735176, 7.795391406616606567, -1.404649845628423765 ) ) ;
#2420 = DIRECTION ( 'NONE',  ( -0.0000000000000000000, 0.9510565162951529761, -0.3090169943749490056 ) ) ;
#2421 = ORIENTED_EDGE ( 'NONE', *, *, #701, .T. ) ;
#2422 = ORIENTED_EDGE ( 'NONE', *, *, #671, .F. ) ;
#2423 = CARTESIAN_POINT ( 'NONE',  ( -0.4640348311819291749, 1.631723656437096492, 7.831829058256158937 ) ) ;
#2424 = LINE ( 'NONE', #5003, #5076 ) ;
#2425 = CARTESIAN_POINT ( 'NONE',  ( 1.208621243225462161, 7.857168660279381101, 1.048583295249427172 ) ) ;
#2426 = CARTESIAN_POINT ( 'NONE',  ( 0.2750177962629909989, 7.822753408566295086, -1.674678103761967574 ) ) ;
#2427 = CARTESIAN_POINT ( 'NONE',  ( -0.9129337315084552484, 7.871881908730204991, -1.426020022774206586 ) ) ;
#2428 = ORIENTED_EDGE ( 'NONE', *, *, #2317, .F. ) ;
#2429 = DIRECTION ( 'NONE',  ( -1.000000000000000000, 0.0000000000000000000, 0.0000000000000000000 ) ) ;
#2430 = ORIENTED_EDGE ( 'NONE', *, *, #1098, .T. ) ;
#2431 = CARTESIAN_POINT ( 'NONE',  ( -1.661590947038224186, -0.2772696191940686172, 7.995378461797161940 ) ) ;
#2432 = DIRECTION ( 'NONE',  ( 0.0000000000000000000, -0.06912543288578477940, -0.9976079763756667829 ) ) ;
#2433 = EDGE_CURVE ( 'NONE', #494, #1542, #1538, .T. ) ;
#2434 = CARTESIAN_POINT ( 'NONE',  ( 0.5930402021842130500, 7.840676831455893669, 1.588671649541584019 ) ) ;
#2435 = CARTESIAN_POINT ( 'NONE',  ( -0.4912375484625410849, 7.770766900489713969, -1.522948840424856565 ) ) ;
#2436 = CIRCLE ( 'NONE', #4446, 2.000000000000000000 ) ;
#2437 = CARTESIAN_POINT ( 'NONE',  ( -3.750000000000000000, 0.0000000000000000000, 0.0000000000000000000 ) ) ;
#2438 = VECTOR ( 'NONE', #1205, 1000.000000000000114 ) ;
#2439 = CARTESIAN_POINT ( 'NONE',  ( 1.171255724019853117, 7.850910115551621438, -1.090042126271526524 ) ) ;
#2440 = UNCERTAINTY_MEASURE_WITH_UNIT (LENGTH_MEASURE( 1.000000000000000082E-05 ), #2771, 'distance_accuracy_value', 'NONE');
#2441 = CARTESIAN_POINT ( 'NONE',  ( 1.209335758838765429, -1.180931754659195088, 7.912382640775624587 ) ) ;
#2442 = EDGE_CURVE ( 'NONE', #4194, #3520, #4085, .T. ) ;
#2443 = CIRCLE ( 'NONE', #6148, 8.000000000000000000 ) ;
#2444 = ORIENTED_EDGE ( 'NONE', *, *, #4188, .F. ) ;
#2445 = CARTESIAN_POINT ( 'NONE',  ( 1.283249065052857629, 7.924215047282342717, 1.098762961633564794 ) ) ;
#2446 = CARTESIAN_POINT ( 'NONE',  ( -1.253283375907024100, 7.864913701516562661, 0.9947129939926123710 ) ) ;
#2447 = CARTESIAN_POINT ( 'NONE',  ( -3.750000000000000000, -6.118540194219835193, -0.2499999999999992506 ) ) ;
#2448 = EDGE_CURVE ( 'NONE', #6476, #5206, #3714, .T. ) ;
#2449 = AXIS2_PLACEMENT_3D ( 'NONE', #178, #3306, #211 ) ;
#2450 = CARTESIAN_POINT ( 'NONE',  ( -1.315875478176985691, -0.9105782378875361127, 7.876211100698601086 ) ) ;
#2451 = AXIS2_PLACEMENT_3D ( 'NONE', #4417, #4931, #2456 ) ;
#2452 = CARTESIAN_POINT ( 'NONE',  ( -0.2611758205752915951, 7.758284648223977342, -1.579414728068165630 ) ) ;
#2453 = CARTESIAN_POINT ( 'NONE',  ( -1.033891127557335698, 7.829528891662496548, 1.221108685429318053 ) ) ;
#2454 = CARTESIAN_POINT ( 'NONE',  ( -1.080101234720071357, 1.180438703095086916, 7.836429963618277483 ) ) ;
#2455 = CARTESIAN_POINT ( 'NONE',  ( -1.178421401966382120, 7.852095489814839624, -1.082318679449968402 ) ) ;
#2456 = DIRECTION ( 'NONE',  ( 0.0000000000000000000, 0.0000000000000000000, 1.000000000000000000 ) ) ;
#2457 = ORIENTED_EDGE ( 'NONE', *, *, #3146, .F. ) ;
#2458 = ORIENTED_EDGE ( 'NONE', *, *, #1002, .T. ) ;
#2459 = CARTESIAN_POINT ( 'NONE',  ( -1.457524615964542525, 0.8495164934478288687, 7.954802944831472544 ) ) ;
#2460 = DIRECTION ( 'NONE',  ( -0.0000000000000000000, -0.8090169943749481174, 0.5877852522924721379 ) ) ;
#2461 = CARTESIAN_POINT ( 'NONE',  ( 1.344870914182374033, 7.881628333035362921, 0.8672289885932712439 ) ) ;
#2462 = CARTESIAN_POINT ( 'NONE',  ( 1.602306833520109830, 7.983070082940829870, -0.5208593967159913518 ) ) ;
#2463 = CARTESIAN_POINT ( 'NONE',  ( -1.228242146987736927, 7.915345616943385565, -1.160918960803398292 ) ) ;
#2464 = ORIENTED_EDGE ( 'NONE', *, *, #2950, .F. ) ;
#2465 = DIRECTION ( 'NONE',  ( 0.0000000000000000000, 0.3740200118118313100, -0.9274206331348670007 ) ) ;
#2466 = EDGE_CURVE ( 'NONE', #1311, #4232, #5193, .T. ) ;
#2467 = ORIENTED_EDGE ( 'NONE', *, *, #5666, .F. ) ;
#2468 = CARTESIAN_POINT ( 'NONE',  ( -1.606667984892090395, -0.5064575153345272085, 7.983964048929209412 ) ) ;
#2469 = CARTESIAN_POINT ( 'NONE',  ( -10.75000000000000000, -3.803519532746777898, -4.793483870668505453 ) ) ;
#2470 = CARTESIAN_POINT ( 'NONE',  ( 1.672374682516373889, 7.997670465618797131, -0.1950544907796917249 ) ) ;
#2471 = CARTESIAN_POINT ( 'NONE',  ( -0.05317119140274693956, 7.753612960569856938, -1.599972907965175883 ) ) ;
#2472 = DIRECTION ( 'NONE',  ( 0.0000000000000000000, 0.3740200118118316430, 0.9274206331348668897 ) ) ;
#2473 = CARTESIAN_POINT ( 'NONE',  ( 1.119901899212988106, 7.842603804706069326, -1.142845140243910818 ) ) ;
#2474 = CARTESIAN_POINT ( 'NONE',  ( 1.679879804189748027, -0.1116310166139433818, 7.999269736952668630 ) ) ;
#2475 = EDGE_CURVE ( 'NONE', #2956, #4974, #3647, .T. ) ;
#2476 = CARTESIAN_POINT ( 'NONE',  ( 0.8185820659518913134, 7.861296115740211476, 1.483307661384073439 ) ) ;
#2477 = CARTESIAN_POINT ( 'NONE',  ( -1.600000000000000089, 7.934223616779730648, 2.879912020664621153E-16 ) ) ;
#2478 = CARTESIAN_POINT ( 'NONE',  ( -10.75000000000000000, -0.2618326490234108017, 6.106707545196424114 ) ) ;
#2479 = DIRECTION ( 'NONE',  ( -1.000000000000000000, 0.0000000000000000000, -0.0000000000000000000 ) ) ;
#2480 = CARTESIAN_POINT ( 'NONE',  ( -0.8343164514194666426, 7.803122826767040721, -1.365316415636911751 ) ) ;
#2481 = CARTESIAN_POINT ( 'NONE',  ( -0.1048702299326938481, 7.753607418846525157, 1.599999999999998979 ) ) ;
#2482 = CARTESIAN_POINT ( 'NONE',  ( -1.345458276892413041, 0.8663155835674305472, 7.881739412696887825 ) ) ;
#2483 = CARTESIAN_POINT ( 'NONE',  ( -1.106198184991143973, 7.840455215886936280, -1.156067934920771423 ) ) ;
#2484 = DIRECTION ( 'NONE',  ( 0.0000000000000000000, 0.8090169943749482284, 0.5877852522924721379 ) ) ;
#2485 = CARTESIAN_POINT ( 'NONE',  ( -3.750000000000000000, -0.2618326490234108017, 6.106707545196424114 ) ) ;
#2486 = ORIENTED_EDGE ( 'NONE', *, *, #2092, .T. ) ;
#2487 = CARTESIAN_POINT ( 'NONE',  ( -1.414642124847484084, 0.9202711262215659271, 7.946926401052803790 ) ) ;
#2488 = FACE_OUTER_BOUND ( 'NONE', #5251, .T. ) ;
#2489 = DIRECTION ( 'NONE',  ( 0.0000000000000000000, 1.000000000000000000, -0.0000000000000000000 ) ) ;
#2490 = CARTESIAN_POINT ( 'NONE',  ( 0.8188021714612004898, 7.861319479558216194, -1.483183782695140174 ) ) ;
#2491 = CARTESIAN_POINT ( 'NONE',  ( -1.669668910397972272, 7.997094355631471529, -0.2225754273750441825 ) ) ;
#2492 = ORIENTED_EDGE ( 'NONE', *, *, #4377, .F. ) ;
#2493 = CARTESIAN_POINT ( 'NONE',  ( -0.3644708611602721082, -1.557990984729006767, 7.763070536220227247 ) ) ;
#2494 = ORIENTED_EDGE ( 'NONE', *, *, #1767, .F. ) ;
#2495 = CARTESIAN_POINT ( 'NONE',  ( -0.6709554570046739608, -1.556839711791836001, 7.847061044906842753 ) ) ;
#2496 = LINE ( 'NONE', #4002, #1061 ) ;
#2497 = CARTESIAN_POINT ( 'NONE',  ( 1.639053789074879974, 7.990652009301603798, -0.3875618533674297095 ) ) ;
#2498 = CARTESIAN_POINT ( 'NONE',  ( 0.6729102106593660704, 7.785848917036069849, -1.451677028466551667 ) ) ;
#2499 = CARTESIAN_POINT ( 'NONE',  ( 4.000000000000000000, 0.0000000000000000000, 1.500000000000000000 ) ) ;
#2500 = EDGE_CURVE ( 'NONE', #6185, #1356, #4630, .T. ) ;
#2501 = VECTOR ( 'NONE', #5595, 1000.000000000000114 ) ;
#2502 = CARTESIAN_POINT ( 'NONE',  ( -3.750000000000000000, -2.136673189240611226, 5.730569755374102847 ) ) ;
#2503 = UNCERTAINTY_MEASURE_WITH_UNIT (LENGTH_MEASURE( 1.000000000000000082E-05 ), #43, 'distance_accuracy_value', 'NONE');
#2504 = CARTESIAN_POINT ( 'NONE',  ( 1.645121438588859286, 0.3604884119372326334, 7.991920533161949614 ) ) ;
#2505 = CARTESIAN_POINT ( 'NONE',  ( 1.660692721120910820, 7.995194731646969366, 0.2786134288301821971 ) ) ;
#2506 = PLANE ( 'NONE',  #5448 ) ;
#2507 = PLANE ( 'NONE',  #1167 ) ;
#2508 = CARTESIAN_POINT ( 'NONE',  ( 0.4149294172781418100, 1.546142892513264533, 7.765708418178484784 ) ) ;
#2509 = CARTESIAN_POINT ( 'NONE',  ( -1.597372869501477721, -0.1055467792861873172, 7.933635926891771106 ) ) ;
#2510 = CARTESIAN_POINT ( 'NONE',  ( -0.3644174434636955340, 7.763067764184185648, -1.558003462123542349 ) ) ;
#2511 = EDGE_CURVE ( 'NONE', #3982, #2129, #144, .T. ) ;
#2512 = CARTESIAN_POINT ( 'NONE',  ( 0.0000000000000000000, 0.0000000000000000000, 0.0000000000000000000 ) ) ;
#2513 = CARTESIAN_POINT ( 'NONE',  ( -1.380166362408208336, 7.888371767461805462, -0.8101480400290698158 ) ) ;
#2514 = CARTESIAN_POINT ( 'NONE',  ( -3.750000000000000000, -1.114363807644300097, -5.011275984860160015 ) ) ;
#2515 = PRODUCT_DEFINITION_SHAPE ( 'NONE', 'NONE',  #5906 ) ;
#2516 = CARTESIAN_POINT ( 'NONE',  ( -10.75000000000000000, -3.417988529048041180, 3.837520563220440994 ) ) ;
#2517 = VERTEX_POINT ( 'NONE', #1668 ) ;
#2518 = LINE ( 'NONE', #6037, #4353 ) ;
#2519 = FACE_BOUND ( 'NONE', #1194, .T. ) ;
#2520 = DIRECTION ( 'NONE',  ( -0.0000000000000000000, 0.4539904997395460828, -0.8910065241883683429 ) ) ;
#2521 = CARTESIAN_POINT ( 'NONE',  ( 1.335603266771006936, 7.932948994464966042, -1.034491550371126056 ) ) ;
#2522 = CARTESIAN_POINT ( 'NONE',  ( -10.75000000000000000, -2.065420323939452629, 4.702258990485212564 ) ) ;
#2523 = ORIENTED_EDGE ( 'NONE', *, *, #836, .T. ) ;
#2524 = EDGE_CURVE ( 'NONE', #3991, #5533, #5729, .T. ) ;
#2525 = CARTESIAN_POINT ( 'NONE',  ( -1.579368636829330930, -0.2613822713373604167, 7.929640077085391425 ) ) ;
#2526 = ORIENTED_EDGE ( 'NONE', *, *, #1808, .T. ) ;
#2527 = CARTESIAN_POINT ( 'NONE',  ( -1.587046869551079098, 0.2098220169970737015, 7.931341862758385375 ) ) ;
#2528 = DIRECTION ( 'NONE',  ( 0.0000000000000000000, 0.9701425001453318764, 0.2425356250363328581 ) ) ;
#2529 = CARTESIAN_POINT ( 'NONE',  ( -1.523103886531648854, 7.917453867693647673, -0.4902329379735386183 ) ) ;
#2530 = CARTESIAN_POINT ( 'NONE',  ( -10.75000000000000000, 3.375345737512479349, -5.087376496814743021 ) ) ;
#2531 = CARTESIAN_POINT ( 'NONE',  ( -10.75000000000000000, -3.399011035559303284, 5.087376496814743021 ) ) ;
#2532 = CARTESIAN_POINT ( 'NONE',  ( 0.02666851701852082299, 1.697265296479995023, 7.817882728748424270 ) ) ;
#2533 = CARTESIAN_POINT ( 'NONE',  ( 1.518729075760897107, -0.5147181253152741665, 7.916411909588584983 ) ) ;
#2534 = CARTESIAN_POINT ( 'NONE',  ( -10.75000000000000000, -4.714091639508624532, -2.053587674916041106 ) ) ;
#2535 = VECTOR ( 'NONE', #1031, 1000.000000000000114 ) ;
#2536 = CARTESIAN_POINT ( 'NONE',  ( -1.683296383926186746, 8.000000000000000000, 4.871807827442005877E-16 ) ) ;
#2537 = CARTESIAN_POINT ( 'NONE',  ( 0.7308397372942712078, -1.423395125418051244, 7.791627096663011898 ) ) ;
#2538 = CARTESIAN_POINT ( 'NONE',  ( -1.602478392443030142, -0.5197751741219064359, 7.983107830046196618 ) ) ;
#2539 =( GEOMETRIC_REPRESENTATION_CONTEXT ( 3 ) GLOBAL_UNCERTAINTY_ASSIGNED_CONTEXT ( ( #4435 ) ) GLOBAL_UNIT_ASSIGNED_CONTEXT ( ( #2804, #1406, #2872 ) ) REPRESENTATION_CONTEXT ( 'NONE', 'WORKASPACE' ) );
#2540 = VECTOR ( 'NONE', #1611, 1000.000000000000000 ) ;
#2541 = CARTESIAN_POINT ( 'NONE',  ( -1.422938603548553838, -0.7320673915994756475, 7.896791559753299161 ) ) ;
#2542 = CARTESIAN_POINT ( 'NONE',  ( -0.4912375484625410849, 7.770766900489713969, -1.522948840424856565 ) ) ;
#2543 = VECTOR ( 'NONE', #1858, 1000.000000000000000 ) ;
#2544 = PLANE ( 'NONE',  #2117 ) ;
#2545 = LINE ( 'NONE', #10, #3617 ) ;
#2546 = CARTESIAN_POINT ( 'NONE',  ( -1.497498016316634706, 7.912041213618575597, -0.5640868173172874922 ) ) ;
#2547 = CARTESIAN_POINT ( 'NONE',  ( 0.1000000000000004774, 1.250000000000000000, 0.0000000000000000000 ) ) ;
#2548 = DIRECTION ( 'NONE',  ( 0.0000000000000000000, -1.000000000000000000, 0.0000000000000000000 ) ) ;
#2549 = VECTOR ( 'NONE', #569, 1000.000000000000000 ) ;
#2550 = ADVANCED_FACE ( 'NONE', ( #1635 ), #4151, .F. ) ;
#2551 = ORIENTED_EDGE ( 'NONE', *, *, #3708, .T. ) ;
#2552 = CARTESIAN_POINT ( 'NONE',  ( -10.75000000000000000, 5.718737106350692656, 2.124840540217201035 ) ) ;
#2553 = PLANE ( 'NONE',  #2673 ) ;
#2554 = CARTESIAN_POINT ( 'NONE',  ( -0.8182734698154427999, 7.861263600548377362, -1.483479662445112091 ) ) ;
#2555 = CARTESIAN_POINT ( 'NONE',  ( -1.414642124847485860, 7.946926401052803790, -0.9202711262215635957 ) ) ;
#2556 = ORIENTED_EDGE ( 'NONE', *, *, #3913, .F. ) ;
#2557 = VECTOR ( 'NONE', #6282, 1000.000000000000114 ) ;
#2558 = FACE_OUTER_BOUND ( 'NONE', #2126, .T. ) ;
#2559 = ORIENTED_EDGE ( 'NONE', *, *, #2661, .F. ) ;
#2560 = CARTESIAN_POINT ( 'NONE',  ( 1.618241510971589081, -0.4681050455045856484, 7.986337123251372461 ) ) ;
#2561 = DIRECTION ( 'NONE',  ( -0.0000000000000000000, 0.9274206331348670007, 0.3740200118118313100 ) ) ;
#2562 = CARTESIAN_POINT ( 'NONE',  ( -1.593765267146612707, 7.981334326289002412, 0.5463329991080055903 ) ) ;
#2563 = PLANE ( 'NONE',  #1637 ) ;
#2564 = CARTESIAN_POINT ( 'NONE',  ( -10.75000000000000000, 4.690426341461801485, 2.053587674916041994 ) ) ;
#2565 = CARTESIAN_POINT ( 'NONE',  ( -0.4640348311819291749, 1.631723656437096492, 7.831829058256158937 ) ) ;
#2566 = DIRECTION ( 'NONE',  ( 0.0000000000000000000, 0.9701425001453319874, -0.2425356250363329969 ) ) ;
#2567 = CARTESIAN_POINT ( 'NONE',  ( -0.8683552062751004330, 7.807207732144770596, 1.344116921031245582 ) ) ;
#2568 = LINE ( 'NONE', #101, #2535 ) ;
#2569 = CARTESIAN_POINT ( 'NONE',  ( -0.5150012715342909830, -1.515076287875060990, 7.772472113995253729 ) ) ;
#2570 = CARTESIAN_POINT ( 'NONE',  ( -0.8788121183588257779, 1.337109893469267563, 7.808527651933448332 ) ) ;
#2571 = CARTESIAN_POINT ( 'NONE',  ( -1.202873164996966393, -1.055357370430108244, 7.856179914539173303 ) ) ;
#2572 = CARTESIAN_POINT ( 'NONE',  ( -1.315601999348580353, 7.876160482605366830, -0.9109740915875885747 ) ) ;
#2573 = DIRECTION ( 'NONE',  ( 0.0000000000000000000, -0.9510565162951540863, -0.3090169943749458970 ) ) ;
#2574 = PLANE ( 'NONE',  #5513 ) ;
#2575 = LINE ( 'NONE', #4602, #3343 ) ;
#2576 = ADVANCED_FACE ( 'NONE', ( #600 ), #4600, .F. ) ;
#2577 = LINE ( 'NONE', #4121, #102 ) ;
#2578 = ORIENTED_EDGE ( 'NONE', *, *, #5517, .T. ) ;
#2579 = CARTESIAN_POINT ( 'NONE',  ( -1.300823314197024017, 7.873440820102122650, 0.9319573850486416733 ) ) ;
#2580 = CARTESIAN_POINT ( 'NONE',  ( -10.75000000000000000, 5.075543847791331054, 3.387178386535892205 ) ) ;
#2581 = CARTESIAN_POINT ( 'NONE',  ( -3.750000000000000000, 2.113007891193788179, -5.730569755374101959 ) ) ;
#2582 = CARTESIAN_POINT ( 'NONE',  ( 1.563808822952060140, 0.3393534914695895410, 7.926231500029834010 ) ) ;
#2583 = ORIENTED_EDGE ( 'NONE', *, *, #3544, .F. ) ;
#2584 = VECTOR ( 'NONE', #2801, 1000.000000000000114 ) ;
#2585 = CARTESIAN_POINT ( 'NONE',  ( -1.219995047523656062, -1.035520974028127039, 7.859103725419891440 ) ) ;
#2586 = VERTEX_POINT ( 'NONE', #6163 ) ;
#2587 = CARTESIAN_POINT ( 'NONE',  ( 0.2203273053026317818, -1.682880952895078552, 7.820992861156811138 ) ) ;
#2588 = CARTESIAN_POINT ( 'NONE',  ( -10.75000000000000000, -3.803519532746777454, 4.793483870668507230 ) ) ;
#2589 = CARTESIAN_POINT ( 'NONE',  ( -1.151547341210710895, 7.903542733774702178, 1.239182290000746756 ) ) ;
#2590 = ADVANCED_FACE ( 'NONE', ( #44 ), #5626, .F. ) ;
#2591 = LINE ( 'NONE', #4101, #938 ) ;
#2592 = EDGE_CURVE ( 'NONE', #3260, #2245, #2545, .T. ) ;
#2593 = LINE ( 'NONE', #2531, #1865 ) ;
#2594 = EDGE_CURVE ( 'NONE', #5217, #6138, #4354, .T. ) ;
#2595 = CARTESIAN_POINT ( 'NONE',  ( 1.228703193804535632, 1.160423044426824424, 7.915418370498349177 ) ) ;
#2596 = LINE ( 'NONE', #4236, #406 ) ;
#2597 = CARTESIAN_POINT ( 'NONE',  ( -10.75000000000000000, 6.094874896173013035, 0.2500000000000000000 ) ) ;
#2598 = CARTESIAN_POINT ( 'NONE',  ( -0.6615714129898987439, 7.784744207972822849, 1.457052942811898344 ) ) ;
#2599 = DIRECTION ( 'NONE',  ( -0.0000000000000000000, 0.5877852522924721379, 0.8090169943749481174 ) ) ;
#2600 = CARTESIAN_POINT ( 'NONE',  ( -0.7670403988726288702, -1.404219805102433494, 7.795477315740649615 ) ) ;
#2601 = CARTESIAN_POINT ( 'NONE',  ( -0.4410724914404889341, 1.538227075705415059, 7.767435384574721269 ) ) ;
#2602 = VECTOR ( 'NONE', #2624, 999.9999999999998863 ) ;
#2603 = CARTESIAN_POINT ( 'NONE',  ( 1.343803225795094258, -0.8688325529534995928, 7.881428524097590760 ) ) ;
#2604 = B_SPLINE_CURVE_WITH_KNOTS ( 'NONE', 1,
 ( #360, #4885 ),
 .UNSPECIFIED., .F., .F.,
 ( 2, 2 ),
 ( 0.0000000000000000000, 1.000000000000000000 ),
 .UNSPECIFIED. ) ;
#2605 = CARTESIAN_POINT ( 'NONE',  ( -1.558930445221061944, 7.925162371664192129, -0.3639569954488238723 ) ) ;
#2606 =( NAMED_UNIT ( * ) PLANE_ANGLE_UNIT ( ) SI_UNIT ( $, .RADIAN. ) );
#2607 = CARTESIAN_POINT ( 'NONE',  ( 0.0000000000000000000, 0.0000000000000000000, 8.000000000000000000 ) ) ;
#2608 = FACE_OUTER_BOUND ( 'NONE', #5911, .T. ) ;
#2609 = SURFACE_STYLE_FILL_AREA ( #5032 ) ;
#2610 = EDGE_CURVE ( 'NONE', #5636, #2586, #4184, .T. ) ;
#2611 = ORIENTED_EDGE ( 'NONE', *, *, #1259, .T. ) ;
#2612 = CARTESIAN_POINT ( 'NONE',  ( -0.1053396963257600544, 7.754205734218268198, 1.597383943811658158 ) ) ;
#2613 = CARTESIAN_POINT ( 'NONE',  ( -3.750000000000000000, 5.094874896173013035, -0.5000000000000000000 ) ) ;
#2614 = CARTESIAN_POINT ( 'NONE',  ( -0.6960792120446546161, 7.849162109843017987, -1.546324933895076192 ) ) ;
#2615 = CARTESIAN_POINT ( 'NONE',  ( 1.578929568794568805, 0.2638498141887294923, 7.929543149593747842 ) ) ;
#2616 = ORIENTED_EDGE ( 'NONE', *, *, #1251, .F. ) ;
#2617 = CARTESIAN_POINT ( 'NONE',  ( -0.6377538391091501779, -1.467633926715669501, 7.782542133101514992 ) ) ;
#2618 = VERTEX_POINT ( 'NONE', #3680 ) ;
#2619 = CARTESIAN_POINT ( 'NONE',  ( 0.3832427008021513370, -1.653609079707703433, 7.827240918455668606 ) ) ;
#2620 = LINE ( 'NONE', #5577, #649 ) ;
#2621 = CARTESIAN_POINT ( 'NONE',  ( -1.527090243568258732, 7.918303877230151500, -0.4776722103881843595 ) ) ;
#2622 = ORIENTED_EDGE ( 'NONE', *, *, #4336, .T. ) ;
#2623 = CARTESIAN_POINT ( 'NONE',  ( -10.75000000000000000, -3.849353212243852074, -3.406155880024630100 ) ) ;
#2624 = DIRECTION ( 'NONE',  ( -0.0000000000000000000, 0.4539904997395460828, -0.8910065241883683429 ) ) ;
#2625 = CARTESIAN_POINT ( 'NONE',  ( -0.9815801913567502313, 1.379089850789650296, 7.880253321406534894 ) ) ;
#2626 = EDGE_CURVE ( 'NONE', #3310, #5977, #5689, .T. ) ;
#2627 = LINE ( 'NONE', #3603, #1913 ) ;
#2628 = ORIENTED_EDGE ( 'NONE', *, *, #1488, .F. ) ;
#2629 = CARTESIAN_POINT ( 'NONE',  ( 0.9922355328869387758, -1.255196555043810225, 7.823560858119064321 ) ) ;
#2630 = CARTESIAN_POINT ( 'NONE',  ( -0.9333544969128562130, 7.815507420771917957, 1.299819442912039991 ) ) ;
#2631 = ADVANCED_FACE ( 'NONE', ( #2281 ), #3752, .F. ) ;
#2632 = LINE ( 'NONE', #5083, #4342 ) ;
#2633 = CARTESIAN_POINT ( 'NONE',  ( 0.3380756943066555720, -1.564084613465543505, 7.761715250205327266 ) ) ;
#2634 = CARTESIAN_POINT ( 'NONE',  ( -1.558930445221061500, 0.3639569954488268699, 7.925162371664192129 ) ) ;
#2635 = CARTESIAN_POINT ( 'NONE',  ( 0.05161965408936165789, -1.599383379116815940, 7.753747684639428428 ) ) ;
#2636 = VECTOR ( 'NONE', #939, 1000.000000000000114 ) ;
#2637 = PLANE ( 'NONE',  #5188 ) ;
#2638 = EDGE_CURVE ( 'NONE', #3651, #5217, #244, .T. ) ;
#2639 = CARTESIAN_POINT ( 'NONE',  ( -1.497017128688888699, 7.962257623344747515, 0.7765639415957729108 ) ) ;
#2640 = DIRECTION ( 'NONE',  ( 1.000000000000000000, 0.0000000000000000000, 0.0000000000000000000 ) ) ;
#2641 = DIRECTION ( 'NONE',  ( 1.000000000000000000, -0.0000000000000000000, -0.0000000000000000000 ) ) ;
#2642 = VERTEX_POINT ( 'NONE', #6297 ) ;
#2643 = MECHANICAL_DESIGN_GEOMETRIC_PRESENTATION_REPRESENTATION (  '', ( #4660 ), #2011 ) ;
#2644 = CARTESIAN_POINT ( 'NONE',  ( -0.7320147617686660890, 7.791721612902128946, 1.422968184170942951 ) ) ;
#2645 = DIRECTION ( 'NONE',  ( 0.0000000000000000000, 0.4539904997395460273, -0.8910065241883683429 ) ) ;
#2646 = CARTESIAN_POINT ( 'NONE',  ( -3.750000000000000000, -2.065420323939453517, -4.702258990485212564 ) ) ;
#2647 = DIRECTION ( 'NONE',  ( 1.000000000000000000, -0.0000000000000000000, -0.0000000000000000000 ) ) ;
#2648 = ORIENTED_EDGE ( 'NONE', *, *, #3682, .T. ) ;
#2649 = VECTOR ( 'NONE', #1288, 1000.000000000000000 ) ;
#2650 = CARTESIAN_POINT ( 'NONE',  ( 0.5881126505378152514, -1.488224393912470633, 7.778213073447840742 ) ) ;
#2651 = VECTOR ( 'NONE', #3615, 1000.000000000000114 ) ;
#2652 = CARTESIAN_POINT ( 'NONE',  ( 0.9109290793184245949, 1.315630961360694684, 7.812576183597283119 ) ) ;
#2653 = EDGE_LOOP ( 'NONE', ( #4519, #6059 ) ) ;
#2654 = CARTESIAN_POINT ( 'NONE',  ( 1.170133612197319595, -1.220423602558858622, 7.906387616370166072 ) ) ;
#2655 = DIRECTION ( 'NONE',  ( 1.000000000000000000, -0.0000000000000000000, -0.0000000000000000000 ) ) ;
#2656 = VECTOR ( 'NONE', #298, 1000.000000000000000 ) ;
#2657 = CARTESIAN_POINT ( 'NONE',  ( -1.669680175836332658, 7.997096749801462678, 0.2224833360870764054 ) ) ;
#2658 = VERTEX_POINT ( 'NONE', #2216 ) ;
#2659 = LINE ( 'NONE', #2299, #1746 ) ;
#2660 = FACE_OUTER_BOUND ( 'NONE', #4759, .T. ) ;
#2661 = EDGE_CURVE ( 'NONE', #2818, #5001, #3269, .T. ) ;
#2662 = CARTESIAN_POINT ( 'NONE',  ( 0.8188021714611999347, 1.483183782695138841, 7.861319479558216194 ) ) ;
#2663 = CARTESIAN_POINT ( 'NONE',  ( -10.75000000000000000, 5.873245603538165938, -1.649312282069625546 ) ) ;
#2664 = ORIENTED_EDGE ( 'NONE', *, *, #3005, .T. ) ;
#2665 = ORIENTED_EDGE ( 'NONE', *, *, #3443, .F. ) ;
#2666 = CARTESIAN_POINT ( 'NONE',  ( 1.344709940616392263, -0.8674790297134475914, 7.881597918142299264 ) ) ;
#2667 = CARTESIAN_POINT ( 'NONE',  ( 1.112230619273883780, 7.841380918652371079, 1.150494216272548220 ) ) ;
#2668 = CARTESIAN_POINT ( 'NONE',  ( -10.75000000000000000, -3.417988529048041180, -3.837520563220440106 ) ) ;
#2669 = CARTESIAN_POINT ( 'NONE',  ( 0.6709848122035811935, -1.452927344147077804, 7.785606121801224688 ) ) ;
#2670 = ADVANCED_FACE ( 'NONE', ( #5790 ), #1739, .F. ) ;
#2671 = CARTESIAN_POINT ( 'NONE',  ( -0.3773069066881224454, 1.554932329729940665, 7.763749410612537538 ) ) ;
#2672 = CARTESIAN_POINT ( 'NONE',  ( 1.093169233989343070, -1.168617506823784513, 7.838411374042326685 ) ) ;
#2673 = AXIS2_PLACEMENT_3D ( 'NONE', #544, #4606, #3524 ) ;
#2674 = CARTESIAN_POINT ( 'NONE',  ( -12.25000000000000000, 4.898587196589412829E-16, 4.000000000000000000 ) ) ;
#2675 = CARTESIAN_POINT ( 'NONE',  ( -0.9819451559841608779, 7.880299621748251937, 1.378825121202486681 ) ) ;
#2676 = FACE_OUTER_BOUND ( 'NONE', #2882, .T. ) ;
#2677 = DIRECTION ( 'NONE',  ( 0.0000000000000000000, -0.3740200118118313100, -0.9274206331348670007 ) ) ;
#2678 = EDGE_CURVE ( 'NONE', #2658, #4105, #3883, .T. ) ;
#2679 = EDGE_CURVE ( 'NONE', #4459, #3594, #6397, .T. ) ;
#2680 = DIRECTION ( 'NONE',  ( 0.0000000000000000000, 0.0000000000000000000, 1.000000000000000000 ) ) ;
#2681 = VERTEX_POINT ( 'NONE', #4765 ) ;
#2682 = CARTESIAN_POINT ( 'NONE',  ( -0.6377538391091481795, 7.782542133101512327, 1.467633926715670167 ) ) ;
#2683 = CARTESIAN_POINT ( 'NONE',  ( 1.516973993261288234, -0.5194094474276091944, 3.967342541644269804 ) ) ;
#2684 = CARTESIAN_POINT ( 'NONE',  ( -1.283134905045517637, 7.924196004226774726, -1.098902667735403016 ) ) ;
#2685 = CARTESIAN_POINT ( 'NONE',  ( 1.144536028787391801, 1.118209082803804932, 7.846536374202451647 ) ) ;
#2686 = ORIENTED_EDGE ( 'NONE', *, *, #272, .T. ) ;
#2687 = CARTESIAN_POINT ( 'NONE',  ( 0.5636941495006164704, -1.497641917545281753, 7.776210410959378372 ) ) ;
#2688 = CARTESIAN_POINT ( 'NONE',  ( 1.589592761669249121, -0.1841054936396885888, 7.931907469306137770 ) ) ;
#2689 = VERTEX_POINT ( 'NONE', #5760 ) ;
#2690 = CARTESIAN_POINT ( 'NONE',  ( 0.1095830148613520516, -1.693880721998528349, 7.818616886747633998 ) ) ;
#2691 = CARTESIAN_POINT ( 'NONE',  ( 0.1095830148613526622, 7.818616886747632222, 1.693880721998527017 ) ) ;
#2692 = ORIENTED_EDGE ( 'NONE', *, *, #5417, .F. ) ;
#2693 = AXIS2_PLACEMENT_3D ( 'NONE', #6396, #3369, #834 ) ;
#2694 = CARTESIAN_POINT ( 'NONE',  ( -3.750000000000000000, 2.113007891193789956, 5.730569755374102847 ) ) ;
#2695 = LINE ( 'NONE', #2170, #3460 ) ;
#2696 = CARTESIAN_POINT ( 'NONE',  ( -1.318186349959429071, 1.055885603882340318, 7.930042782435255511 ) ) ;
#2697 = DIRECTION ( 'NONE',  ( 1.000000000000000000, 0.0000000000000000000, 0.0000000000000000000 ) ) ;
#2698 = EDGE_LOOP ( 'NONE', ( #3214, #849, #759, #388 ) ) ;
#2699 = ORIENTED_EDGE ( 'NONE', *, *, #2524, .T. ) ;
#2700 = CARTESIAN_POINT ( 'NONE',  ( -10.75000000000000000, -4.805316519691918309, -3.791686883723365931 ) ) ;
#2701 = CARTESIAN_POINT ( 'NONE',  ( 0.8008001396763078095, 7.799208984938473144, 1.385423662670506539 ) ) ;
#2702 = VERTEX_POINT ( 'NONE', #213 ) ;
#2703 = DIRECTION ( 'NONE',  ( 0.0000000000000000000, 0.9976079763756667829, 0.06912543288578471001 ) ) ;
#2704 = CARTESIAN_POINT ( 'NONE',  ( 1.345038096163266639, 7.881659709662081958, -0.8669712792762034326 ) ) ;
#2705 = CARTESIAN_POINT ( 'NONE',  ( 0.6950510099240613249, -1.546061990900535754, 7.849193675267603254 ) ) ;
#2706 = VECTOR ( 'NONE', #5060, 999.9999999999998863 ) ;
#2707 = LINE ( 'NONE', #1136, #4251 ) ;
#2708 = CARTESIAN_POINT ( 'NONE',  ( -1.523103886531648854, 7.917453867693647673, -0.4902329379735386183 ) ) ;
#2709 = DIRECTION ( 'NONE',  ( 1.000000000000000000, -0.0000000000000000000, -0.0000000000000000000 ) ) ;
#2710 = LINE ( 'NONE', #3753, #4977 ) ;
#2711 = DIRECTION ( 'NONE',  ( -1.000000000000000000, -0.0000000000000000000, -0.0000000000000000000 ) ) ;
#2712 = ORIENTED_EDGE ( 'NONE', *, *, #5098, .T. ) ;
#2713 = EDGE_CURVE ( 'NONE', #5426, #6307, #1243, .T. ) ;
#2714 = CARTESIAN_POINT ( 'NONE',  ( 0.1304641414527153154, 7.754771921799350487, 1.594892239387510458 ) ) ;
#2715 = CARTESIAN_POINT ( 'NONE',  ( 1.683296381748221160, 7.999999999534100681, 8.633887953438801463E-05 ) ) ;
#2716 = CARTESIAN_POINT ( 'NONE',  ( 1.497518006728948192, 0.5640218322924992478, 7.912045268087903871 ) ) ;
#2717 = ORIENTED_EDGE ( 'NONE', *, *, #1177, .F. ) ;
#2718 = CARTESIAN_POINT ( 'NONE',  ( 1.149492883498568041, -1.113265222582807024, 7.847326651679991549 ) ) ;
#2719 = CARTESIAN_POINT ( 'NONE',  ( 1.422639985658700423, 0.7326590635133484186, 7.896731742424758060 ) ) ;
#2720 = ORIENTED_EDGE ( 'NONE', *, *, #4114, .T. ) ;
#2721 = CARTESIAN_POINT ( 'NONE',  ( -0.3969495947865521179, 1.649444289891757620, 7.828112526794262394 ) ) ;
#2722 = DIRECTION ( 'NONE',  ( 0.0000000000000000000, 0.0000000000000000000, -1.000000000000000000 ) ) ;
#2723 = EDGE_CURVE ( 'NONE', #1356, #6319, #2253, .T. ) ;
#2724 = ORIENTED_EDGE ( 'NONE', *, *, #1741, .F. ) ;
#2725 = CARTESIAN_POINT ( 'NONE',  ( 1.277389242127570990, 3.879725955537857818, -0.9853356524780583214 ) ) ;
#2726 = CARTESIAN_POINT ( 'NONE',  ( 3.750000000000000000, 0.0000000000000000000, 0.0000000000000000000 ) ) ;
#2727 = CARTESIAN_POINT ( 'NONE',  ( -1.575067952725210496, 0.5994180340328766343, 7.977555721648623255 ) ) ;
#2728 = CARTESIAN_POINT ( 'NONE',  ( 1.956488939802080873E-16, 3.666060555964671952, 1.600000000000000089 ) ) ;
#2729 = ORIENTED_EDGE ( 'NONE', *, *, #1071, .F. ) ;
#2730 = CARTESIAN_POINT ( 'NONE',  ( -1.683296383926186746, 1.694065894508600678E-18, 8.000000000000000000 ) ) ;
#2731 = CARTESIAN_POINT ( 'NONE',  ( 1.054711884259526666, 7.832577294392529588, -1.203440143379117089 ) ) ;
#2732 = ORIENTED_EDGE ( 'NONE', *, *, #3977, .T. ) ;
#2733 = SURFACE_STYLE_USAGE ( .BOTH. , #798 ) ;
#2734 = CARTESIAN_POINT ( 'NONE',  ( -1.112482774666352814, 7.897566757489512312, 1.278566682262842980 ) ) ;
#2735 = CARTESIAN_POINT ( 'NONE',  ( -0.5168833456738498588, -1.615493549950650642, 7.835192986319868602 ) ) ;
#2736 = CARTESIAN_POINT ( 'NONE',  ( -3.750000000000000000, 2.113007891193788179, -5.730569755374103735 ) ) ;
#2737 = CARTESIAN_POINT ( 'NONE',  ( -1.600000000000000089, 0.0000000000000000000, 8.000000000000000000 ) ) ;
#2738 = ADVANCED_FACE ( 'NONE', ( #6263 ), #275, .F. ) ;
#2739 = DIRECTION ( 'NONE',  ( -0.0000000000000000000, 0.4539904997395471931, 0.8910065241883676768 ) ) ;
#2740 = ORIENTED_EDGE ( 'NONE', *, *, #435, .T. ) ;
#2741 = CARTESIAN_POINT ( 'NONE',  ( 1.563682411263666916, 7.926203658408462971, 0.3399776747911373298 ) ) ;
#2742 = CARTESIAN_POINT ( 'NONE',  ( -1.317153324224645594, 7.876450265512079163, 0.9086582077119909062 ) ) ;
#2743 = CARTESIAN_POINT ( 'NONE',  ( -0.9090096544788727195, 1.316904688331084206, 7.812335483912404399 ) ) ;
#2744 = DIRECTION ( 'NONE',  ( 0.0000000000000000000, -0.4539904997395463604, -0.8910065241883682319 ) ) ;
#2745 = VECTOR ( 'NONE', #863, 1000.000000000000000 ) ;
#2746 = CARTESIAN_POINT ( 'NONE',  ( 0.4148823435072134247, -1.546153999711135985, 7.765705939252111278 ) ) ;
#2747 = ADVANCED_FACE ( 'NONE', ( #308 ), #2316, .F. ) ;
#2748 = CARTESIAN_POINT ( 'NONE',  ( 1.467731899879565205, 0.6375322215605651044, 7.905864049682176820 ) ) ;
#2749 = AXIS2_PLACEMENT_3D ( 'NONE', #641, #2711, #2680 ) ;
#2750 = EDGE_CURVE ( 'NONE', #3965, #3194, #2351, .T. ) ;
#2751 = ORIENTED_EDGE ( 'NONE', *, *, #1866, .T. ) ;
#2752 = CARTESIAN_POINT ( 'NONE',  ( 0.5416155654674961184, 1.607947708504273487, 7.836757860998985414 ) ) ;
#2753 = FACE_OUTER_BOUND ( 'NONE', #2255, .T. ) ;
#2754 = CARTESIAN_POINT ( 'NONE',  ( 0.3022189309941804014, 7.823774955345879079, -1.669903053315906716 ) ) ;
#2755 = EDGE_LOOP ( 'NONE', ( #3669, #3045, #1756, #2023 ) ) ;
#2756 = VECTOR ( 'NONE', #5750, 999.9999999999998863 ) ;
#2757 = LINE ( 'NONE', #4326, #2394 ) ;
#2758 = FACE_OUTER_BOUND ( 'NONE', #1289, .T. ) ;
#2759 = CARTESIAN_POINT ( 'NONE',  ( -1.265136405037655232, 1.119915124371039017, 7.921251109497127629 ) ) ;
#2760 = VECTOR ( 'NONE', #2881, 1000.000000000000114 ) ;
#2761 = CARTESIAN_POINT ( 'NONE',  ( -1.358597423790487868, 0.8455125962702705333, 7.884237397253871293 ) ) ;
#2762 = VERTEX_POINT ( 'NONE', #6362 ) ;
#2763 = ORIENTED_EDGE ( 'NONE', *, *, #2875, .T. ) ;
#2764 =( LENGTH_UNIT ( ) NAMED_UNIT ( * ) SI_UNIT ( .MILLI., .METRE. ) );
#2765 = CARTESIAN_POINT ( 'NONE',  ( 1.522966012627358090, 7.917421793455058143, 0.4911767701574122902 ) ) ;
#2766 = CARTESIAN_POINT ( 'NONE',  ( 1.899999999999999911, 0.7500000000000000000, -1.000000000000000000 ) ) ;
#2767 = VECTOR ( 'NONE', #333, 999.9999999999998863 ) ;
#2768 = CARTESIAN_POINT ( 'NONE',  ( -1.683296365236421233, 8.000000000000000000, 0.2235543614077121211 ) ) ;
#2769 = CARTESIAN_POINT ( 'NONE',  ( -1.111042178520112111, -1.276221395836621308, 7.897627514659563808 ) ) ;
#2770 = CARTESIAN_POINT ( 'NONE',  ( -10.75000000000000000, -1.661144931093034627, 5.885078252561577017 ) ) ;
#2771 =( LENGTH_UNIT ( ) NAMED_UNIT ( * ) SI_UNIT ( .MILLI., .METRE. ) );
#2772 = DIRECTION ( 'NONE',  ( 0.0000000000000000000, 0.9876883405951377704, -0.1564344650402304804 ) ) ;
#2773 = CARTESIAN_POINT ( 'NONE',  ( -10.75000000000000000, 0.4881673509765878660, -5.106707545196424114 ) ) ;
#2774 = ORIENTED_EDGE ( 'NONE', *, *, #5289, .F. ) ;
#2775 = CARTESIAN_POINT ( 'NONE',  ( 1.586317052438965147, 7.931181024438143545, 0.2104671552203548901 ) ) ;
#2776 = CARTESIAN_POINT ( 'NONE',  ( -1.683296383926186746, 8.000000000000000000, 4.871807827442005877E-16 ) ) ;
#2777 = CARTESIAN_POINT ( 'NONE',  ( -0.05291375469734194842, 1.599971630824021052, 7.753612866080672461 ) ) ;
#2778 = EDGE_CURVE ( 'NONE', #5179, #5932, #5893, .T. ) ;
#2779 = CARTESIAN_POINT ( 'NONE',  ( -10.75000000000000000, 3.779854234699953519, -4.793483870668507230 ) ) ;
#2780 = CARTESIAN_POINT ( 'NONE',  ( -0.2093668105629114540, -1.587103426947084062, 7.756541877110094241 ) ) ;
#2781 = ADVANCED_FACE ( 'NONE', ( #3850, #4379 ), #3210, .T. ) ;
#2782 = CARTESIAN_POINT ( 'NONE',  ( 1.093586899702115867, 1.168228538125356541, 7.838475712906504356 ) ) ;
#2783 = EDGE_LOOP ( 'NONE', ( #3784, #1204, #6450, #1125 ) ) ;
#2784 = CARTESIAN_POINT ( 'NONE',  ( 0.3832511738804995072, 1.653608090458463575, 7.827241135370766933 ) ) ;
#2785 = LINE ( 'NONE', #1352, #3071 ) ;
#2786 = CARTESIAN_POINT ( 'NONE',  ( -0.6960792120446546161, 7.849162109843017987, -1.546324933895076192 ) ) ;
#2787 = ORIENTED_EDGE ( 'NONE', *, *, #2778, .F. ) ;
#2788 = CARTESIAN_POINT ( 'NONE',  ( 1.899999999999999911, -0.7499999999999997780, 1.000000000000000000 ) ) ;
#2789 = DIRECTION ( 'NONE',  ( 0.0000000000000000000, -0.0000000000000000000, 1.000000000000000000 ) ) ;
#2790 = CARTESIAN_POINT ( 'NONE',  ( -1.589252555629529828, -0.2117653969044375195, 7.931804872402340223 ) ) ;
#2791 = CARTESIAN_POINT ( 'NONE',  ( -0.2093668105629114540, -1.587103426947084062, 7.756541877110094241 ) ) ;
#2792 = CARTESIAN_POINT ( 'NONE',  ( 0.5640645551625073084, 1.498192466976378423, 7.776117073017181802 ) ) ;
#2793 = VERTEX_POINT ( 'NONE', #3242 ) ;
#2794 = ORIENTED_EDGE ( 'NONE', *, *, #4377, .T. ) ;
#2795 =( NAMED_UNIT ( * ) PLANE_ANGLE_UNIT ( ) SI_UNIT ( $, .RADIAN. ) );
#2796 = EDGE_CURVE ( 'NONE', #1542, #4000, #5355, .T. ) ;
#2797 = CARTESIAN_POINT ( 'NONE',  ( 1.397624998179088696, 7.891786085771883563, 0.7793153327050453827 ) ) ;
#2798 = ADVANCED_FACE ( 'NONE', ( #4735 ), #179, .F. ) ;
#2799 = CARTESIAN_POINT ( 'NONE',  ( -0.4429462369903411356, 7.827985028434687464, 1.652313777653271476 ) ) ;
#2800 = CARTESIAN_POINT ( 'NONE',  ( -0.9819451559841614330, -1.378825121202480908, 7.880299621748251937 ) ) ;
#2801 = DIRECTION ( 'NONE',  ( 0.0000000000000000000, 0.9976079763756666718, -0.06912543288578482104 ) ) ;
#2802 = APPLICATION_PROTOCOL_DEFINITION ( 'draft international standard', 'automotive_design', 1998, #5895 ) ;
#2803 = DIRECTION ( 'NONE',  ( -0.0000000000000000000, 0.0000000000000000000, 1.000000000000000000 ) ) ;
#2804 =( LENGTH_UNIT ( ) NAMED_UNIT ( * ) SI_UNIT ( .MILLI., .METRE. ) );
#2805 = ORIENTED_EDGE ( 'NONE', *, *, #4449, .T. ) ;
#2806 = CARTESIAN_POINT ( 'NONE',  ( 1.416238881571513231, 7.895465972351302320, 0.7446075835620847849 ) ) ;
#2807 = CARTESIAN_POINT ( 'NONE',  ( -0.2201048725763673775, 7.817925765297695229, -1.697067106428166383 ) ) ;
#2808 = CARTESIAN_POINT ( 'NONE',  ( 1.033140264245434592, 1.221744258615683254, 7.829419180406459233 ) ) ;
#2809 = CARTESIAN_POINT ( 'NONE',  ( -10.75000000000000000, 3.779854234699953519, -4.793483870668507230 ) ) ;
#2810 = CARTESIAN_POINT ( 'NONE',  ( 1.497203110160354012, 0.5648566976047602051, 7.911979908391323590 ) ) ;
#2811 = FACE_OUTER_BOUND ( 'NONE', #6011, .T. ) ;
#2812 = ORIENTED_EDGE ( 'NONE', *, *, #4009, .T. ) ;
#2813 = ORIENTED_EDGE ( 'NONE', *, *, #6572, .T. ) ;
#2814 = CARTESIAN_POINT ( 'NONE',  ( 0.8188021714611999347, 1.483183782695138841, 7.861319479558216194 ) ) ;
#2815 = CARTESIAN_POINT ( 'NONE',  ( -10.75000000000000000, 6.094874896173013035, 0.2500000000000000000 ) ) ;
#2816 = PLANE ( 'NONE',  #4999 ) ;
#2817 = CARTESIAN_POINT ( 'NONE',  ( 0.9128533186831689905, 7.871848225819793932, -1.426270760934221338 ) ) ;
#2818 = VERTEX_POINT ( 'NONE', #2969 ) ;
#2819 = LINE ( 'NONE', #4843, #2287 ) ;
#2820 = DIRECTION ( 'NONE',  ( 1.000000000000000000, -0.0000000000000000000, -0.0000000000000000000 ) ) ;
#2821 = CARTESIAN_POINT ( 'NONE',  ( -1.497660111823409634, -0.5636559104577757440, 7.912075062571006789 ) ) ;
#2822 = CARTESIAN_POINT ( 'NONE',  ( 1.202703007798977763, -1.055551606180938018, 7.856151050669285318 ) ) ;
#2823 = CARTESIAN_POINT ( 'NONE',  ( -0.5160580229647261374, 1.514716206760541306, 7.772549138307007333 ) ) ;
#2824 = EDGE_LOOP ( 'NONE', ( #5904, #5233, #4429, #4963 ) ) ;
#2825 = DIRECTION ( 'NONE',  ( -0.0000000000000000000, -0.0000000000000000000, 1.000000000000000000 ) ) ;
#2826 = CARTESIAN_POINT ( 'NONE',  ( 0.6950510099240635453, 7.849193675267605030, 1.546061990900533534 ) ) ;
#2827 = CARTESIAN_POINT ( 'NONE',  ( 1.457085467655528488, 7.903682266665297718, -0.6615062824427272448 ) ) ;
#2828 = LINE ( 'NONE', #5317, #5387 ) ;
#2829 = CARTESIAN_POINT ( 'NONE',  ( -3.750000000000000000, 5.718737106350692656, 2.124840540217201035 ) ) ;
#2830 = CARTESIAN_POINT ( 'NONE',  ( -0.3563185111102078473, -1.658849407904001039, 7.826124745683380013 ) ) ;
#2831 = EDGE_CURVE ( 'NONE', #2517, #1814, #5423, .T. ) ;
#2832 = CARTESIAN_POINT ( 'NONE',  ( -0.9776666848730268811, -1.270813732335914326, 3.793257177630672050 ) ) ;
#2833 = DIRECTION ( 'NONE',  ( 0.0000000000000000000, 0.0000000000000000000, -1.000000000000000000 ) ) ;
#2834 = LINE ( 'NONE', #1813, #3931 ) ;
#2835 = ADVANCED_FACE ( 'NONE', ( #3405 ), #401, .F. ) ;
#2836 = EDGE_LOOP ( 'NONE', ( #794, #1923, #5358, #3957 ) ) ;
#2837 = CARTESIAN_POINT ( 'NONE',  ( 1.112230619273883780, 7.841380918652371079, 1.150494216272548220 ) ) ;
#2838 = CARTESIAN_POINT ( 'NONE',  ( 0.2214721387006773068, 7.820321700899247830, -1.686137345327385129 ) ) ;
#2839 = CARTESIAN_POINT ( 'NONE',  ( -0.9607631967229809389, 1.279493993666465101, 7.819207617545316680 ) ) ;
#2840 = CARTESIAN_POINT ( 'NONE',  ( -1.436278361902608047, 3.937193921032852817, 0.7127927837002029365 ) ) ;
#2841 = CARTESIAN_POINT ( 'NONE',  ( 0.6368151820195910862, 1.467869085870357138, 7.782487760350128347 ) ) ;
#2842 = LINE ( 'NONE', #2326, #2760 ) ;
#2843 = ORIENTED_EDGE ( 'NONE', *, *, #1177, .T. ) ;
#2844 = VERTEX_POINT ( 'NONE', #3370 ) ;
#2845 = CARTESIAN_POINT ( 'NONE',  ( 0.4365307423053123026, 1.640120612744463857, 7.830087774945109658 ) ) ;
#2846 = DIRECTION ( 'NONE',  ( 0.7071067811865486830, -0.6324555320336747721, 0.3162277660168374971 ) ) ;
#2847 = AXIS2_PLACEMENT_3D ( 'NONE', #4466, #431, #2472 ) ;
#2848 = CARTESIAN_POINT ( 'NONE',  ( 1.087264434030818849, 7.837522864711832682, 1.173895220063611911 ) ) ;
#2849 = CARTESIAN_POINT ( 'NONE',  ( 1.150519296111029988, 7.903458325857383393, -1.239235852684412276 ) ) ;
#2850 = VERTEX_POINT ( 'NONE', #4893 ) ;
#2851 = LINE ( 'NONE', #5342, #1328 ) ;
#2852 = CARTESIAN_POINT ( 'NONE',  ( -10.75000000000000000, 6.094874896173013035, 0.2500000000000000000 ) ) ;
#2853 = VECTOR ( 'NONE', #4291, 1000.000000000000227 ) ;
#2854 = CARTESIAN_POINT ( 'NONE',  ( -1.254600528121151415, -0.9929891400160535397, 7.865148694299696430 ) ) ;
#2855 = CARTESIAN_POINT ( 'NONE',  ( 1.422315073235963956, -0.7329347996038265700, 7.896675041439510601 ) ) ;
#2856 = CARTESIAN_POINT ( 'NONE',  ( -0.8343164514194663095, 1.365316415636911751, 7.803122826767041609 ) ) ;
#2857 = DIRECTION ( 'NONE',  ( 1.000000000000000000, 0.0000000000000000000, 0.0000000000000000000 ) ) ;
#2858 = AXIS2_PLACEMENT_3D ( 'NONE', #4269, #1124, #5215 ) ;
#2859 = CARTESIAN_POINT ( 'NONE',  ( 1.456770609465180444, 7.954662428761631432, 0.8508324849448368754 ) ) ;
#2860 = CARTESIAN_POINT ( 'NONE',  ( 1.497203110160354234, 7.911979908391321814, -0.5648566976047609822 ) ) ;
#2861 = AXIS2_PLACEMENT_3D ( 'NONE', #504, #3073, #5091 ) ;
#2862 = CARTESIAN_POINT ( 'NONE',  ( -10.75000000000000000, -6.118540194219835193, 0.2500000000000007772 ) ) ;
#2863 = PRODUCT_RELATED_PRODUCT_CATEGORY ( 'part', '', ( #1981 ) ) ;
#2864 = CARTESIAN_POINT ( 'NONE',  ( 0.6363958405089931158, 7.782421615714279817, -1.468208535984855123 ) ) ;
#2865 = CARTESIAN_POINT ( 'NONE',  ( 1.565242684570913534, 0.6250256213466764965, 7.975588013440098045 ) ) ;
#2866 = CARTESIAN_POINT ( 'NONE',  ( 0.3022589893546666628, 7.823776596135829209, 1.669895354955379885 ) ) ;
#2867 = FACE_OUTER_BOUND ( 'NONE', #136, .T. ) ;
#2868 = ORIENTED_EDGE ( 'NONE', *, *, #1597, .T. ) ;
#2869 = EDGE_CURVE ( 'NONE', #656, #689, #1942, .T. ) ;
#2870 = DIRECTION ( 'NONE',  ( -0.7071067811865479058, 8.659560562354930393E-17, -0.7071067811865472397 ) ) ;
#2871 = EDGE_LOOP ( 'NONE', ( #3423, #4652, #1961, #3282, #4275 ) ) ;
#2872 =( NAMED_UNIT ( * ) SI_UNIT ( $, .STERADIAN. ) SOLID_ANGLE_UNIT ( ) );
#2873 = VERTEX_POINT ( 'NONE', #2447 ) ;
#2874 = CARTESIAN_POINT ( 'NONE',  ( 1.269512159141754637, 7.867723907824119678, -0.9752159356713024918 ) ) ;
#2875 = EDGE_CURVE ( 'NONE', #630, #3194, #2379, .T. ) ;
#2876 = CARTESIAN_POINT ( 'NONE',  ( -1.092261231972884161, 7.838296690640865094, 1.169190877888572011 ) ) ;
#2877 = CARTESIAN_POINT ( 'NONE',  ( -0.7071222195349744499, 1.435324038172792083, 7.789205004440264979 ) ) ;
#2878 = DIRECTION ( 'NONE',  ( 0.0000000000000000000, -0.6423029060310792016, 0.7664508966033184434 ) ) ;
#2879 = EDGE_CURVE ( 'NONE', #6133, #6109, #6499, .T. ) ;
#2880 = CARTESIAN_POINT ( 'NONE',  ( 1.054711884259526666, 1.203440143379116201, 7.832577294392533140 ) ) ;
#2881 = DIRECTION ( 'NONE',  ( 0.3420201433256662704, 1.150791560227851502E-16, 0.9396926207859092051 ) ) ;
#2882 = EDGE_LOOP ( 'NONE', ( #6520, #2628, #5971, #4161 ) ) ;
#2883 = CARTESIAN_POINT ( 'NONE',  ( -0.8182734698154424668, 1.483479662445110536, 7.861263600548377362 ) ) ;
#2884 = DIRECTION ( 'NONE',  ( 1.000000000000000000, -0.0000000000000000000, -0.0000000000000000000 ) ) ;
#2885 = CARTESIAN_POINT ( 'NONE',  ( 0.9926135377736418075, 7.823613912300877438, 1.254897660050984021 ) ) ;
#2886 = CARTESIAN_POINT ( 'NONE',  ( 0.9583522657686971424, 7.877344084000679203, -1.395597696009120758 ) ) ;
#2887 = CARTESIAN_POINT ( 'NONE',  ( 0.6953037500400950366, 7.849246605331212656, -1.545755852600481983 ) ) ;
#2888 = VERTEX_POINT ( 'NONE', #5023 ) ;
#2889 = FACE_OUTER_BOUND ( 'NONE', #1447, .T. ) ;
#2890 = FACE_OUTER_BOUND ( 'NONE', #1417, .T. ) ;
#2891 = CARTESIAN_POINT ( 'NONE',  ( -1.422826214774580933, 0.7322864896746391628, 7.896769128954737482 ) ) ;
#2892 = CARTESIAN_POINT ( 'NONE',  ( 1.683296464915128077, 0.02946988793348371410, 7.999999999999998224 ) ) ;
#2893 = CARTESIAN_POINT ( 'NONE',  ( 1.228353442982428323, 7.915363097173852225, 1.160800547209540401 ) ) ;
#2894 = CARTESIAN_POINT ( 'NONE',  ( -0.3386388938367055901, 7.761775685362523269, -1.563808797859711053 ) ) ;
#2895 = DIRECTION ( 'NONE',  ( 1.000000000000000000, 0.0000000000000000000, 0.0000000000000000000 ) ) ;
#2896 = CARTESIAN_POINT ( 'NONE',  ( 0.5898087630075201648, 7.778358464196656996, -1.487535409338371251 ) ) ;
#2897 = CARTESIAN_POINT ( 'NONE',  ( 1.602251988686322015, -0.5210314965953086741, 7.983058886024704037 ) ) ;
#2898 = CARTESIAN_POINT ( 'NONE',  ( 1.668934510775232694, 7.996939273240587731, -0.2230086526562669869 ) ) ;
#2899 = CARTESIAN_POINT ( 'NONE',  ( -10.75000000000000000, -5.896910901584988096, -1.649312282069623103 ) ) ;
#2900 = CARTESIAN_POINT ( 'NONE',  ( -3.750000000000000000, 5.873245603538165938, -1.649312282069625546 ) ) ;
#2901 = AXIS2_PLACEMENT_3D ( 'NONE', #1307, #4378, #1876 ) ;
#2902 = EDGE_LOOP ( 'NONE', ( #4925, #5365, #378, #5113 ) ) ;
#2903 = CARTESIAN_POINT ( 'NONE',  ( -1.202532285692247793, 7.856122203426843420, -1.055744800906450065 ) ) ;
#2904 = CARTESIAN_POINT ( 'NONE',  ( -1.063780772979913358, 7.833952656387631386, 1.195232855912863101 ) ) ;
#2905 = CARTESIAN_POINT ( 'NONE',  ( -1.589755355665512848, 0.2092874962300648456, 7.931916277911954083 ) ) ;
#2906 = CARTESIAN_POINT ( 'NONE',  ( -0.7065483358033569639, 7.789118351021627085, -1.435781440343986803 ) ) ;
#2907 = DIRECTION ( 'NONE',  ( 1.000000000000000000, -0.0000000000000000000, -0.0000000000000000000 ) ) ;
#2908 = ORIENTED_EDGE ( 'NONE', *, *, #1367, .F. ) ;
#2909 = ORIENTED_EDGE ( 'NONE', *, *, #4227, .F. ) ;
#2910 = CARTESIAN_POINT ( 'NONE',  ( -1.368221772723385188, 0.9890583342557124347, 7.938656711202083827 ) ) ;
#2911 = VECTOR ( 'NONE', #6416, 1000.000000000000000 ) ;
#2912 = CARTESIAN_POINT ( 'NONE',  ( -10.75000000000000000, -5.742402404397514815, -2.124840540217199703 ) ) ;
#2913 = CARTESIAN_POINT ( 'NONE',  ( 1.153311946463911442, 7.847964543101486612, 1.109072821556529087 ) ) ;
#2914 = CARTESIAN_POINT ( 'NONE',  ( 1.532941686734916820, 7.969205455666915405, -0.7017139842300093022 ) ) ;
#2915 = CARTESIAN_POINT ( 'NONE',  ( -0.8777511660778436475, 7.867812356853236544, -1.448303133589673664 ) ) ;
#2916 = ORIENTED_EDGE ( 'NONE', *, *, #3505, .T. ) ;
#2917 = ADVANCED_FACE ( 'NONE', ( #4922 ), #4012, .F. ) ;
#2918 = CARTESIAN_POINT ( 'NONE',  ( -0.9845769660455381267, 1.277978217042239351, 3.793403198996816439 ) ) ;
#2919 = AXIS2_PLACEMENT_3D ( 'NONE', #2204, #1725, #2301 ) ;
#2920 = ORIENTED_EDGE ( 'NONE', *, *, #2433, .F. ) ;
#2921 = EDGE_CURVE ( 'NONE', #5465, #3184, #467, .T. ) ;
#2922 = CARTESIAN_POINT ( 'NONE',  ( -1.683296379224622275, -0.05623693390391927560, 7.999999998735796147 ) ) ;
#2923 = CARTESIAN_POINT ( 'NONE',  ( 1.682613606600288136, 0.05585717822478446226, 7.999853579400334702 ) ) ;
#2924 = CARTESIAN_POINT ( 'NONE',  ( 1.170133612197320039, 7.906387616370167848, 1.220423602558853071 ) ) ;
#2925 = CARTESIAN_POINT ( 'NONE',  ( -1.252957102548846180, 7.864841590808933525, -0.9953841254503885683 ) ) ;
#2926 = B_SPLINE_CURVE_WITH_KNOTS ( 'NONE', 1,
 ( #5803, #3925 ),
 .UNSPECIFIED., .F., .F.,
 ( 2, 2 ),
 ( 0.0000000000000000000, 1.000000000000000000 ),
 .UNSPECIFIED. ) ;
#2927 = CARTESIAN_POINT ( 'NONE',  ( -10.75000000000000000, -1.114363807644298765, 5.011275984860160015 ) ) ;
#2928 = CARTESIAN_POINT ( 'NONE',  ( 1.063775806826933401, 7.833959530297295082, -1.195154272248952099 ) ) ;
#2929 = CARTESIAN_POINT ( 'NONE',  ( 1.228353442982426769, -1.160800547209540401, 7.915363097173852225 ) ) ;
#2930 = ORIENTED_EDGE ( 'NONE', *, *, #878, .T. ) ;
#2931 = CARTESIAN_POINT ( 'NONE',  ( 1.109241547861964605, 7.897456904821634538, 1.276922208954622384 ) ) ;
#2932 = CARTESIAN_POINT ( 'NONE',  ( -3.750000000000000000, -5.896910901584987208, 1.649312282069624436 ) ) ;
#2933 = DIRECTION ( 'NONE',  ( -0.0000000000000000000, 0.3090169943749458414, -0.9510565162951539753 ) ) ;
#2934 = ORIENTED_EDGE ( 'NONE', *, *, #6045, .T. ) ;
#2935 = ORIENTED_EDGE ( 'NONE', *, *, #3744, .T. ) ;
#2936 = CARTESIAN_POINT ( 'NONE',  ( 0.6729102106593660704, 7.785848917036069849, -1.451677028466551667 ) ) ;
#2937 = CARTESIAN_POINT ( 'NONE',  ( -1.194584992451985350, 7.854800751093644173, 1.064414951986031754 ) ) ;
#2938 = CARTESIAN_POINT ( 'NONE',  ( -3.750000000000000000, 1.090698509597477273, 5.011275984860160015 ) ) ;
#2939 = CARTESIAN_POINT ( 'NONE',  ( -1.048009580492340831, 7.831596318437626714, -1.209117522325222849 ) ) ;
#2940 = ADVANCED_FACE ( 'NONE', ( #906 ), #2507, .F. ) ;
#2941 = FACE_OUTER_BOUND ( 'NONE', #3392, .T. ) ;
#2942 = ORIENTED_EDGE ( 'NONE', *, *, #943, .F. ) ;
#2943 = EDGE_LOOP ( 'NONE', ( #5370, #6299 ) ) ;
#2944 = CARTESIAN_POINT ( 'NONE',  ( -1.683296383926186746, -3.388131789017201356E-18, 8.000000000000000000 ) ) ;
#2945 = FACE_OUTER_BOUND ( 'NONE', #6145, .T. ) ;
#2946 = CARTESIAN_POINT ( 'NONE',  ( 1.195044967835140248, 7.854872277148708726, 1.063989378892371329 ) ) ;
#2947 = CARTESIAN_POINT ( 'NONE',  ( 1.509251224860728380, 7.964606929160326310, -0.7521164340533840198 ) ) ;
#2948 = FACE_OUTER_BOUND ( 'NONE', #2140, .T. ) ;
#2949 = ORIENTED_EDGE ( 'NONE', *, *, #1555, .F. ) ;
#2950 = EDGE_CURVE ( 'NONE', #1311, #5812, #4474, .T. ) ;
#2951 = CARTESIAN_POINT ( 'NONE',  ( -1.395513282511148256, 0.8102218011560029520, 3.921968950187050940 ) ) ;
#2952 = ORIENTED_EDGE ( 'NONE', *, *, #4470, .F. ) ;
#2953 = CARTESIAN_POINT ( 'NONE',  ( -1.283508282440266823, -1.098462052024162583, 7.924257348934838241 ) ) ;
#2954 = LINE ( 'NONE', #6549, #2133 ) ;
#2956 = VERTEX_POINT ( 'NONE', #2004 ) ;
#2955 = CARTESIAN_POINT ( 'NONE',  ( -0.05591872477482748988, 7.817891765920169433, 1.697223805166270694 ) ) ;
#2957 = CARTESIAN_POINT ( 'NONE',  ( -0.9749565769916701541, 7.821126902302187212, -1.268913816221255653 ) ) ;
#2958 = VECTOR ( 'NONE', #3811, 1000.000000000000114 ) ;
#2959 = FACE_OUTER_BOUND ( 'NONE', #6353, .T. ) ;
#2960 = VECTOR ( 'NONE', #6425, 1000.000000000000000 ) ;
#2961 = CARTESIAN_POINT ( 'NONE',  ( 1.079895662764498443, 7.836398555435279079, -1.180627766237910548 ) ) ;
#2962 = UNCERTAINTY_MEASURE_WITH_UNIT (LENGTH_MEASURE( 1.000000000000000082E-05 ), #5773, 'distance_accuracy_value', 'NONE');
#2963 = CARTESIAN_POINT ( 'NONE',  ( 1.532791998671465539, -0.7020496152032409398, 7.969176121683041458 ) ) ;
#2964 = AXIS2_PLACEMENT_3D ( 'NONE', #1770, #5321, #5821 ) ;
#2965 = ORIENTED_EDGE ( 'NONE', *, *, #5877, .T. ) ;
#2966 = VECTOR ( 'NONE', #4958, 1000.000000000000227 ) ;
#2967 = CARTESIAN_POINT ( 'NONE',  ( 0.2203273053026342521, 7.820992861156812914, 1.682880952895074333 ) ) ;
#2968 = CARTESIAN_POINT ( 'NONE',  ( -1.467623875513959009, 7.905841819510125212, 0.6377831293664093515 ) ) ;
#2969 = CARTESIAN_POINT ( 'NONE',  ( -3.750000000000000000, -5.099209145838154100, -3.387178386535892205 ) ) ;
#2970 = AXIS2_PLACEMENT_3D ( 'NONE', #2779, #6440, #1885 ) ;
#2971 = AXIS2_PLACEMENT_3D ( 'NONE', #6330, #1773, #2772 ) ;
#2972 = DIRECTION ( 'NONE',  ( -0.0000000000000000000, -0.3090169943749459525, 0.9510565162951539753 ) ) ;
#2973 = COLOUR_RGB ( '',0.4823529411764705954, 0.4901960784313725283, 0.4941176470588235503 ) ;
#2974 = AXIS2_PLACEMENT_3D ( 'NONE', #6422, #5012, #3902 ) ;
#2975 = CARTESIAN_POINT ( 'NONE',  ( -0.8005636745830677636, 7.799181723109929187, -1.385563017085247539 ) ) ;
#2976 = CARTESIAN_POINT ( 'NONE',  ( -1.254377078964007630, 7.865109256457915698, 0.9932714301221681197 ) ) ;
#2977 = SURFACE_STYLE_USAGE ( .BOTH. , #3986 ) ;
#2978 = CARTESIAN_POINT ( 'NONE',  ( -1.092063859928998459, 7.838266226987194329, -1.169375217581763549 ) ) ;
#2979 = VERTEX_POINT ( 'NONE', #4045 ) ;
#2980 = ORIENTED_EDGE ( 'NONE', *, *, #3043, .T. ) ;
#2981 = CARTESIAN_POINT ( 'NONE',  ( -0.8422412115801666266, 1.469780364791452243, 7.863838580617558804 ) ) ;
#2982 = EDGE_CURVE ( 'NONE', #5812, #1342, #3510, .T. ) ;
#2983 = DIRECTION ( 'NONE',  ( 0.0000000000000000000, -0.5877852522924721379, 0.8090169943749482284 ) ) ;
#2984 = PLANE ( 'NONE',  #5424 ) ;
#2985 = CARTESIAN_POINT ( 'NONE',  ( 0.6572449902683883405, 7.845911957903273226, -1.562592613648420059 ) ) ;
#2986 = CARTESIAN_POINT ( 'NONE',  ( -1.318186349959430181, 7.930042782435255511, -1.055885603882342094 ) ) ;
#2987 = ORIENTED_EDGE ( 'NONE', *, *, #907, .T. ) ;
#2988 = CARTESIAN_POINT ( 'NONE',  ( -0.4157810922257990649, -1.545258022673208886, 7.765889331841996146 ) ) ;
#2989 = VECTOR ( 'NONE', #3533, 1000.000000000000114 ) ;
#2990 = ORIENTED_EDGE ( 'NONE', *, *, #6058, .T. ) ;
#2991 = CARTESIAN_POINT ( 'NONE',  ( -1.532860158243725790, -0.7018884253450625721, 7.969189608435917727 ) ) ;
#2992 = FACE_OUTER_BOUND ( 'NONE', #528, .T. ) ;
#2993 = CARTESIAN_POINT ( 'NONE',  ( 1.655956884185061595, 7.994195267791302406, -0.3059210706732484741 ) ) ;
#2994 = CARTESIAN_POINT ( 'NONE',  ( -0.2093445742537683729, 7.756541311737218614, -1.587105917560921897 ) ) ;
#2995 = DIRECTION ( 'NONE',  ( -0.7071067811865479058, 0.0000000000000000000, 0.7071067811865472397 ) ) ;
#2996 = CARTESIAN_POINT ( 'NONE',  ( 1.597040119961704807, -0.5478269304895244662, 7.981891261596457454 ) ) ;
#2997 = CARTESIAN_POINT ( 'NONE',  ( 1.602306833520109386, 0.5208593967159907967, 7.983070082940833423 ) ) ;
#2998 = EDGE_CURVE ( 'NONE', #5681, #4581, #870, .T. ) ;
#2999 = CARTESIAN_POINT ( 'NONE',  ( 1.228353442982428323, 7.915363097173852225, 1.160800547209540401 ) ) ;
#3000 = EDGE_CURVE ( 'NONE', #5979, #4325, #4408, .T. ) ;
#3001 = DIRECTION ( 'NONE',  ( 0.0000000000000000000, 0.3090169943749458970, -0.9510565162951540863 ) ) ;
#3002 = DIRECTION ( 'NONE',  ( 0.0000000000000000000, 0.9274206331348668897, -0.3740200118118316985 ) ) ;
#3003 = CARTESIAN_POINT ( 'NONE',  ( 1.422639985658700423, 0.7326590635133484186, 7.896731742424758060 ) ) ;
#3004 = CARTESIAN_POINT ( 'NONE',  ( -1.579368636829330930, -0.2613822713373604167, 7.929640077085391425 ) ) ;
#3005 = EDGE_CURVE ( 'NONE', #2689, #6319, #1878, .T. ) ;
#3006 = CARTESIAN_POINT ( 'NONE',  ( 1.034889757951197531, 7.829647989618575110, -1.220526206914823497 ) ) ;
#3007 = AXIS2_PLACEMENT_3D ( 'NONE', #1004, #3001, #4921 ) ;
#3008 =( LENGTH_UNIT ( ) NAMED_UNIT ( * ) SI_UNIT ( .MILLI., .METRE. ) );
#3009 = CARTESIAN_POINT ( 'NONE',  ( -1.178239604060328016, 1.082477786345008131, 7.852067754223011065 ) ) ;
#3010 = CARTESIAN_POINT ( 'NONE',  ( -1.020855804030584180, 7.827634565765290375, -1.232033430361913817 ) ) ;
#3011 = LINE ( 'NONE', #5031, #570 ) ;
#3012 = FACE_OUTER_BOUND ( 'NONE', #1716, .T. ) ;
#3013 = ORIENTED_EDGE ( 'NONE', *, *, #4273, .F. ) ;
#3014 = ORIENTED_EDGE ( 'NONE', *, *, #3189, .T. ) ;
#3015 = CARTESIAN_POINT ( 'NONE',  ( -1.496898888928396509, 0.7767963568990137180, 7.962235006590150377 ) ) ;
#3016 = DIRECTION ( 'NONE',  ( -0.0000000000000000000, -0.8090169943749481174, -0.5877852522924721379 ) ) ;
#3017 = LINE ( 'NONE', #6075, #6393 ) ;
#3018 = CARTESIAN_POINT ( 'NONE',  ( 1.645121438588859508, 7.991920533161947837, -0.3604884119372346318 ) ) ;
#3019 = LINE ( 'NONE', #1958, #4147 ) ;
#3020 = ORIENTED_EDGE ( 'NONE', *, *, #5230, .F. ) ;
#3021 = CARTESIAN_POINT ( 'NONE',  ( -1.467623875513959675, -0.6377831293664094625, 7.905841819510126989 ) ) ;
#3022 = ORIENTED_EDGE ( 'NONE', *, *, #3043, .F. ) ;
#3023 = CARTESIAN_POINT ( 'NONE',  ( -1.151547341210712672, -1.239182290000747644, 7.903542733774702178 ) ) ;
#3024 = FACE_OUTER_BOUND ( 'NONE', #1712, .T. ) ;
#3025 = CARTESIAN_POINT ( 'NONE',  ( 1.668901098831825580, 7.996932183927704330, 0.2232597784165412658 ) ) ;
#3026 = CARTESIAN_POINT ( 'NONE',  ( 0.2872639032604315523, 7.759447502884385450, -1.574218820864824453 ) ) ;
#3027 = DIRECTION ( 'NONE',  ( 0.0000000000000000000, 0.6423029060310792016, -0.7664508966033184434 ) ) ;
#3028 = LINE ( 'NONE', #6087, #2402 ) ;
#3029 = CARTESIAN_POINT ( 'NONE',  ( 0.2750177962629914430, 1.674678103761968462, 7.822753408566296862 ) ) ;
#3030 = CARTESIAN_POINT ( 'NONE',  ( 1.316037422037952265, -0.9100537039148105523, 7.876251341266059747 ) ) ;
#3031 = CARTESIAN_POINT ( 'NONE',  ( -3.750000000000000000, -1.661144931093035959, -5.885078252561577017 ) ) ;
#3032 = DIRECTION ( 'NONE',  ( 0.0000000000000000000, -1.000000000000000000, 0.0000000000000000000 ) ) ;
#3033 = CARTESIAN_POINT ( 'NONE',  ( -1.178935345578774108, -1.081758638425003305, 7.852180921863606500 ) ) ;
#3034 = CARTESIAN_POINT ( 'NONE',  ( 0.1831083114362690722, 1.589708595217294240, 7.755949908919270719 ) ) ;
#3035 = ADVANCED_FACE ( 'NONE', ( #5929 ), #4030, .T. ) ;
#3036 = CARTESIAN_POINT ( 'NONE',  ( -1.467623875513959675, -0.6377831293664094625, 7.905841819510126989 ) ) ;
#3037 = CARTESIAN_POINT ( 'NONE',  ( 0.8676816060677273734, 7.807125512625630925, -1.344546481937065163 ) ) ;
#3038 = FILL_AREA_STYLE ('',( #1138 ) ) ;
#3039 = CARTESIAN_POINT ( 'NONE',  ( -1.294978085139250279, 0.9397893225638794812, 7.872384870491088371 ) ) ;
#3040 = CARTESIAN_POINT ( 'NONE',  ( -1.487156053410576328, 7.909881437843821139, -0.5907603640326246630 ) ) ;
#3041 = CARTESIAN_POINT ( 'NONE',  ( -3.750000000000000000, -2.136673189240612558, -5.730569755374101959 ) ) ;
#3042 = B_SPLINE_SURFACE_WITH_KNOTS ( 'NONE', 1, 3, ( 
 ( #5602, #1455, #1548, #2059, #2525, #992, #3528, #4520, #3595, #5041, #1051, #518, #6546, #3021, #4066, #1021, #4095, #54, #4128, #579, #6079, #5103, #548, #3051, #4611, #2585, #5069, #3492, #1579, #4549, #2090, #5133, #6139, #6578, #3627, #2026, #1520, #5637, #1083, #3114, #5507, #3561, #2617, #84, #3998, #6012, #960, #5008, #2988, #455, #2493, #1992, #4029, #6046, #2780, #683, #5239, #1113, #743, #1679, #2260, #5739, #6273, #1223, #1189, #6305, #2746, #6240, #222, #2687, #2650, #187, #4259, #4225, #3728, #1646, #3219, #3250, #5664, #6208, #1748, #5700, #3148, #5798, #650, #2718, #5266, #3789, #5166, #5204, #610, #1252, #3277, #4677, #154, #3760, #1718, #4744, #120, #4712, #2225, #2194, #5299, #710, #2161, #5769, #4775, #4287, #4804, #1149, #2128, #3186, #4162, #6174, #1613, #3658, #4195, #3690, #6064, #1886, #4317, #2388, #5397, #3345, #1819, #6373, #778, #6441, #1317, #3920, #3377, #2810, #3860, #319, #1853, #4903, #3003, #469, #3546, #2359, #5938, #845, #3890, #880, #1383, #5901, #6339, #4533, #5363, #2880, #1506, #348, #811, #4416, #5868, #4351, #3412, #5433, #1347, #1780, #4386, #5024, #4866, #2841, #6405, #5556, #1287, #2508, #6558, #2006, #4049, #1008, #3034, #251, #2289, #3822, #5837, #3315, #5332, #4835, #283, #2324, #4180, #4145, #2671, #5684, #2601, #3169, #5622, #5588, #3133, #595, #565, #71, #4595, #6160, #6191, #2043, #2570, #4695, #2075, #6095, #2179, #3609, #5652, #1630, #139, #1534, #1564, #3580, #1033, #1069, #634, #3067, #3676, #5086, #1134, #5187, #5153, #533, #4659, #6125, #2145, #1598, #40, #4112, #5119, #2108, #2634, #4211, #6227, #1663, #4627, #106 ),
 ( #3101, #1099, #3709, #5723, #3643, #1175, #5055, #500, #2538, #4567, #6, #4081, #732, #3302, #1241, #6293, #3777, #1843, #4243, #207, #5320, #1805, #2313, #766, #6360, #3881, #1769, #6327, #2212, #5890, #2769, #3336, #241, #2800, #4338, #2278, #800, #3847, #4795, #1306, #5788, #3748, #1275, #4824, #5283, #4304, #2735, #3808, #5858, #175, #700, #2830, #2250, #6259, #305, #1734, #5818, #5352, #4854, #1706, #3265, #5757, #1208, #271, #2346, #3237, #4376, #5257, #6395, #3204, #5224, #667, #2705, #4762, #4730, #4278, #934, #397, #4890, #6458, #4949, #1402, #5019, #434, #5923, #2441, #2929, #5958, #4468, #366, #6022, #2410, #3433, #4919, #6495, #3469, #1337, #4040, #464, #2963, #5382, #5483, #1939, #4436, #2897, #866, #5520, #1905, #3942, #5419, #3366, #5987, #5453, #339, #2474, #1464, #901, #1969, #3974, #1434, #4984, #4500, #6525, #4008, #831, #2504, #3504, #4528, #971, #2997, #6554, #2000, #2865, #2376, #3400, #4405, #6428, #1874, #3909, #1366, #2034, #623, #1123, #4687, #4137, #2595, #5176, #4076, #5550, #1001, #3058, #3093, #4558, #4621, #61, #5645, #3666, #4104, #2662, #1499, #5674, #94, #6151, #2101, #6056, #129, #1556, #3602, #4589, #526, #3029, #5581, #5111, #493, #2138, #5049, #2532, #1, #2171, #1028, #3636, #3540, #1590, #1527, #1091, #3572, #2565, #6088, #3158, #556, #5078, #6182, #33, #3124, #2068, #5145, #6120, #5611, #1060, #588, #2625, #4650, #4171, #1622, #6317, #2238, #4815, #2759, #1726, #2696, #1233, #3328, #4721, #6350, #4268, #4235, #3258, #1794, #1266, #3197, #692, #4297, #2727, #5275, #5311, #659, #3838, #6220, #4786, #1198, #166, #5849, #234, #4328 ) ),
 .UNSPECIFIED., .F., .T., .F.,
 ( 2, 2 ),
 ( 4, 2, 2, 2, 2, 2, 2, 2, 2, 2, 2, 2, 2, 2, 2, 2, 2, 2, 2, 2, 2, 2, 2, 2, 2, 2, 2, 2, 2, 2, 2, 2, 2, 2, 2, 2, 2, 2, 2, 2, 2, 2, 2, 2, 2, 2, 2, 2, 2, 2, 2, 2, 2, 2, 2, 2, 2, 2, 2, 2, 2, 2, 2, 2, 2, 2, 2, 2, 2, 2, 2, 2, 2, 2, 2, 2, 2, 2, 2, 2, 2, 2, 2, 2, 2, 2, 2, 2, 2, 2, 2, 2, 2, 2, 2, 2, 2, 2, 2, 2, 2, 2, 2, 2, 2, 2, 2, 2, 2, 2, 2, 2, 2, 2, 2, 2, 4 ),
 ( 0.0000000000000000000, 1.000000000000000000 ),
 ( -1.981686742660859757E-06, 0.0001629531082206112883, 0.0003278879031838834363, 0.0004928226981471556115, 0.0005340563968879736417, 0.0005752900956287916720, 0.0006577574931104277324, 0.0007402248905920639013, 0.0008226922880736999618, 0.0009876270830369720827, 0.001070094480518608143, 0.001111328179259426282, 0.001152561878000244204, 0.001235029275481880264, 0.001317496672963516325, 0.001482431467926788662, 0.001564898865408424723, 0.001647366262890060783, 0.001729833660371696844, 0.001812301057853332904, 0.001894768455334968965, 0.001977235852816605025, 0.002059703250298240869, 0.002142170647779877146, 0.002224638045261513424, 0.002265871744002331128, 0.002307105442743149267, 0.002472040237706421388, 0.002636975032669693509, 0.002719442430151329353, 0.002801909827632965630, 0.002884377225114601907, 0.002966844622596238185, 0.003131779417559510306, 0.003214246815041146149, 0.003296714212522782426, 0.003379181610004418704, 0.003461649007486054547, 0.003544116404967690391, 0.003626583802449326668, 0.003791518597412598789, 0.003873985994894234633, 0.003956453392375870910, 0.004038920789857507188, 0.004121388187339142598, 0.004286322982302415152, 0.004368790379784051429, 0.004451257777265687707, 0.004492491476006505412, 0.004533725174747323117, 0.004616192572228959394, 0.004698659969710595671, 0.004781127367192231081, 0.004863594764673867359, 0.004946062162155503636, 0.005028529559637139913, 0.005110996957118776191, 0.005193464354600411600, 0.005275931752082047878, 0.005358399149563684155, 0.005440866547045319565, 0.005523333944526955842, 0.005605801342008592120, 0.005688268739490228397, 0.005770736136971864674, 0.005853203534453500952, 0.005935670931935137229, 0.006018138329416773506, 0.006100605726898409784, 0.006183073124380045194, 0.006265540521861681471, 0.006430475316824953158, 0.006512942714306589435, 0.006595410111788225713, 0.006677877509269861990, 0.006760344906751498267, 0.006842812304233133677, 0.006925279701714769955, 0.007007747099196406232, 0.007090214496678041642, 0.007172681894159677919, 0.007213915592900495624, 0.007255149291641314196, 0.007420084086604586751, 0.007585018881567858438, 0.007667486279049494716, 0.007749953676531130126, 0.007832421074012767270, 0.007914888471494402680, 0.008079823266457675235, 0.008244758061420946055, 0.008285991760161764627, 0.008327225458902583199, 0.008409692856384218609, 0.008492160253865854019, 0.008574627651347491164, 0.008739562446310763719, 0.008822029843792399129, 0.008863263542533217701, 0.008904497241274036273, 0.008986964638755671683, 0.009069432036237307093, 0.009234366831200579648, 0.009316834228682215058, 0.009399301626163852202, 0.009481769023645487612, 0.009564236421127123022, 0.009646703818608760167, 0.009729171216090395577, 0.009811638613572030987, 0.009894106011053668132, 0.009976573408535305276, 0.01001780710727612211, 0.01005904080601694069, 0.01022397560098021324, 0.01038891039594348406, 0.01055384519090675662 ),
 .UNSPECIFIED. ) ;
#3043 = EDGE_CURVE ( 'NONE', #3165, #3310, #1405, .T. ) ;
#3044 = PRESENTATION_STYLE_ASSIGNMENT (( #5532 ) ) ;
#3045 = ORIENTED_EDGE ( 'NONE', *, *, #1649, .F. ) ;
#3046 = CARTESIAN_POINT ( 'NONE',  ( -10.75000000000000000, 5.075543847791330165, -3.387178386535893537 ) ) ;
#3047 = DIRECTION ( 'NONE',  ( 0.0000000000000000000, -0.9876883405951377704, 0.1564344650402304804 ) ) ;
#3048 = CARTESIAN_POINT ( 'NONE',  ( -1.110784253352216755, 7.897590500495521582, -1.276450551232428454 ) ) ;
#3049 = DIRECTION ( 'NONE',  ( 0.0000000000000000000, -0.9701425001453319874, -0.2425356250363329969 ) ) ;
#3050 = ORIENTED_EDGE ( 'NONE', *, *, #4939, .T. ) ;
#3051 = CARTESIAN_POINT ( 'NONE',  ( -1.253283375907024988, -0.9947129939926107056, 7.864913701516566213 ) ) ;
#3052 = ORIENTED_EDGE ( 'NONE', *, *, #6128, .T. ) ;
#3053 = CARTESIAN_POINT ( 'NONE',  ( -1.209638767350080579, -1.180608609091975403, 7.912430285367463512 ) ) ;
#3054 = PLANE ( 'NONE',  #864 ) ;
#3055 = CARTESIAN_POINT ( 'NONE',  ( -0.4640917026095242037, 7.831832458654075069, 1.631707353371932623 ) ) ;
#3056 = CARTESIAN_POINT ( 'NONE',  ( -3.750000000000000000, -5.118540194219835193, -0.4999999999999993339 ) ) ;
#3057 = FACE_OUTER_BOUND ( 'NONE', #4495, .T. ) ;
#3058 = CARTESIAN_POINT ( 'NONE',  ( 1.088766367075938435, 1.294712280507118507, 7.894557418885960409 ) ) ;
#3059 = VERTEX_POINT ( 'NONE', #439 ) ;
#3060 = VERTEX_POINT ( 'NONE', #2478 ) ;
#3061 = DIRECTION ( 'NONE',  ( 0.0000000000000000000, 0.3740200118118316985, 0.9274206331348668897 ) ) ;
#3062 = CARTESIAN_POINT ( 'NONE',  ( 0.2873019793695573698, 7.759449130183682541, 1.574211563614762888 ) ) ;
#3063 = ADVANCED_FACE ( 'NONE', ( #4503 ), #6528, .F. ) ;
#3064 = VECTOR ( 'NONE', #3578, 1000.000000000000000 ) ;
#3065 = CARTESIAN_POINT ( 'NONE',  ( 1.683296381748220716, -8.633887954020760531E-05, 7.999999999534100681 ) ) ;
#3066 = CARTESIAN_POINT ( 'NONE',  ( -0.9716177384598726485, -1.271471885771917387, 7.820669018805698869 ) ) ;
#3067 = CARTESIAN_POINT ( 'NONE',  ( -1.344639851525536223, 0.8675402588909525425, 7.881586391505440048 ) ) ;
#3068 = AXIS2_PLACEMENT_3D ( 'NONE', #4281, #6298, #1740 ) ;
#3069 = CARTESIAN_POINT ( 'NONE',  ( -1.253283375907024988, -0.9947129939926107056, 7.864913701516566213 ) ) ;
#3070 = CARTESIAN_POINT ( 'NONE',  ( -1.228557451178041493, 7.915395314439870766, 1.160580718510366705 ) ) ;
#3071 = VECTOR ( 'NONE', #288, 1000.000000000000000 ) ;
#3072 = PRESENTATION_LAYER_ASSIGNMENT (  '', '', ( #4042 ) ) ;
#3073 = DIRECTION ( 'NONE',  ( 0.0000000000000000000, -0.9976079763756667829, 0.06912543288578477940 ) ) ;
#3074 = PLANE ( 'NONE',  #3185 ) ;
#3075 = LINE ( 'NONE', #3586, #2501 ) ;
#3076 = CYLINDRICAL_SURFACE ( 'NONE', #2749, 2.000000000000000000 ) ;
#3077 = ORIENTED_EDGE ( 'NONE', *, *, #2723, .F. ) ;
#3078 = EDGE_CURVE ( 'NONE', #1943, #118, #6123, .T. ) ;
#3079 = CARTESIAN_POINT ( 'NONE',  ( 0.7780752801643603389, 7.796660162500593572, 1.398315209405201820 ) ) ;
#3080 = DIRECTION ( 'NONE',  ( -0.0000000000000000000, -0.5304556061348300045, -0.8477127166205130626 ) ) ;
#3081 = EDGE_CURVE ( 'NONE', #5001, #1301, #2568, .T. ) ;
#3082 = DIRECTION ( 'NONE',  ( -1.000000000000000000, -0.0000000000000000000, -0.0000000000000000000 ) ) ;
#3083 = CARTESIAN_POINT ( 'NONE',  ( 1.171323510209161478, 1.090033332410489830, 7.850916629757066723 ) ) ;
#3084 = ORIENTED_EDGE ( 'NONE', *, *, #4867, .T. ) ;
#3085 = CIRCLE ( 'NONE', #4669, 8.000000000000000000 ) ;
#3086 = CARTESIAN_POINT ( 'NONE',  ( 1.600000000000000089, 4.898747658070734754E-16, 4.000000000000000000 ) ) ;
#3087 = VERTEX_POINT ( 'NONE', #3065 ) ;
#3088 = CARTESIAN_POINT ( 'NONE',  ( 1.677844179672167035, 0.1393278063884164641, 7.998835042752104663 ) ) ;
#3089 = CARTESIAN_POINT ( 'NONE',  ( -10.75000000000000000, -3.399011035559304172, -5.087376496814741245 ) ) ;
#3090 = CARTESIAN_POINT ( 'NONE',  ( -1.565180303961356323, 7.975575534883176054, 0.6251869916436428865 ) ) ;
#3091 = DIRECTION ( 'NONE',  ( -0.0000000000000000000, -0.1564344650402300918, -0.9876883405951377704 ) ) ;
#3092 = FACE_OUTER_BOUND ( 'NONE', #4896, .T. ) ;
#3093 = CARTESIAN_POINT ( 'NONE',  ( 1.046310905444614026, 1.329825090205859928, 7.888718653898518340 ) ) ;
#3094 = DIRECTION ( 'NONE',  ( 0.0000000000000000000, 0.0000000000000000000, -1.000000000000000000 ) ) ;
#3095 = ORIENTED_EDGE ( 'NONE', *, *, #3241, .F. ) ;
#3096 = VERTEX_POINT ( 'NONE', #1067 ) ;
#3097 = CARTESIAN_POINT ( 'NONE',  ( 1.403580865944441092, -0.7682103914233447961, 7.892963444422666619 ) ) ;
#3098 = CARTESIAN_POINT ( 'NONE',  ( -0.1053396963257600544, 7.754205734218268198, 1.597383943811658158 ) ) ;
#3099 = LINE ( 'NONE', #4693, #829 ) ;
#3100 = CARTESIAN_POINT ( 'NONE',  ( -1.064118731331379131, -1.194932125328925787, 7.834003441971198356 ) ) ;
#3101 = CARTESIAN_POINT ( 'NONE',  ( -1.683296383926186746, -3.388131789017201356E-18, 8.000000000000000000 ) ) ;
#3102 = ADVANCED_BREP_SHAPE_REPRESENTATION ( '', ( #1473, #5234 ), #3721 ) ;
#3103 = CARTESIAN_POINT ( 'NONE',  ( 0.7318716655451895647, -1.423042658916788161, 7.791706595811650260 ) ) ;
#3104 = CARTESIAN_POINT ( 'NONE',  ( -1.209638767350081245, 7.912430285367463512, 1.180608609091976513 ) ) ;
#3105 = DIRECTION ( 'NONE',  ( 0.0000000000000000000, 0.6423029060310797567, 0.7664508966033178883 ) ) ;
#3106 = DIRECTION ( 'NONE',  ( 0.0000000000000000000, 0.6423029060310797567, 0.7664508966033178883 ) ) ;
#3107 = DIRECTION ( 'NONE',  ( -1.000000000000000000, 0.0000000000000000000, 0.0000000000000000000 ) ) ;
#3108 = ORIENTED_EDGE ( 'NONE', *, *, #1984, .T. ) ;
#3109 = CARTESIAN_POINT ( 'NONE',  ( 0.7318716655451894537, 7.791706595811649372, 1.423042658916788161 ) ) ;
#3110 = CARTESIAN_POINT ( 'NONE',  ( 1.599994664650890908, 7.934221702867835013, 0.1049230856113705646 ) ) ;
#3111 = CARTESIAN_POINT ( 'NONE',  ( -0.9815801913567491210, 7.880253321406534006, -1.379089850789651406 ) ) ;
#3112 = CARTESIAN_POINT ( 'NONE',  ( 1.587065310530078266, 0.2096403627794165003, 7.931346606903307617 ) ) ;
#3113 = EDGE_LOOP ( 'NONE', ( #3281, #1881, #3230, #1480 ) ) ;
#3114 = CARTESIAN_POINT ( 'NONE',  ( -0.7320147617686647568, -1.422968184170943839, 7.791721612902131611 ) ) ;
#3115 = EDGE_CURVE ( 'NONE', #4583, #5979, #1131, .T. ) ;
#3116 = EDGE_CURVE ( 'NONE', #2979, #838, #563, .T. ) ;
#3117 = ORIENTED_EDGE ( 'NONE', *, *, #1910, .T. ) ;
#3118 = CARTESIAN_POINT ( 'NONE',  ( 1.209335758838765429, -1.180931754659195088, 7.912382640775624587 ) ) ;
#3119 = PLANE ( 'NONE',  #438 ) ;
#3120 = CARTESIAN_POINT ( 'NONE',  ( -1.661590947038224186, 7.995378461797161940, 0.2772696191940678956 ) ) ;
#3121 = EDGE_LOOP ( 'NONE', ( #3638, #5942, #1490, #2422 ) ) ;
#3122 = DIRECTION ( 'NONE',  ( -0.0000000000000000000, 0.1564344650402290093, -0.9876883405951379924 ) ) ;
#3123 = CARTESIAN_POINT ( 'NONE',  ( 1.345782598237674765, -1.043467528213863904, 7.933250285644123601 ) ) ;
#3124 = CARTESIAN_POINT ( 'NONE',  ( -0.8182734698154424668, 1.483479662445110536, 7.861263600548377362 ) ) ;
#3125 = EDGE_CURVE ( 'NONE', #915, #1837, #5053, .T. ) ;
#3126 = CARTESIAN_POINT ( 'NONE',  ( 0.1000000000000000472, 0.7500000000000000000, -1.000000000000000000 ) ) ;
#3127 = EDGE_LOOP ( 'NONE', ( #5543, #4790, #1587, #6461, #5733 ) ) ;
#3128 = CARTESIAN_POINT ( 'NONE',  ( 1.037414926553319017, -1.218225350844272636, 7.830034404126585912 ) ) ;
#3129 = CARTESIAN_POINT ( 'NONE',  ( -1.149780897910483324, 7.847373904535713152, 1.112960593021961264 ) ) ;
#3130 = VECTOR ( 'NONE', #5878, 1000.000000000000227 ) ;
#3131 = CARTESIAN_POINT ( 'NONE',  ( -10.75000000000000000, -1.661144931093034627, 5.885078252561577017 ) ) ;
#3132 = CARTESIAN_POINT ( 'NONE',  ( -0.6601770281806287333, -1.457685444843245026, 7.784613964217539817 ) ) ;
#3133 = CARTESIAN_POINT ( 'NONE',  ( -0.5894876962976776102, 1.487676779896044188, 7.778328938131140902 ) ) ;
#3134 = VECTOR ( 'NONE', #5174, 1000.000000000000000 ) ;
#3135 = CARTESIAN_POINT ( 'NONE',  ( 0.1041603994711876591, -1.596822586541947642, 7.754331844173237620 ) ) ;
#3136 = PRESENTATION_STYLE_ASSIGNMENT (( #1632 ) ) ;
#3137 = CARTESIAN_POINT ( 'NONE',  ( -1.600000004468910664, 7.934223618033538372, -0.05301459842477172779 ) ) ;
#3138 = DIRECTION ( 'NONE',  ( 1.000000000000000000, -0.0000000000000000000, -0.0000000000000000000 ) ) ;
#3139 = CARTESIAN_POINT ( 'NONE',  ( -10.75000000000000000, 5.094874896173013035, 0.5000000000000000000 ) ) ;
#3140 = DIRECTION ( 'NONE',  ( 0.0000000000000000000, -0.5304556061348298934, 0.8477127166205130626 ) ) ;
#3141 = ORIENTED_EDGE ( 'NONE', *, *, #2796, .T. ) ;
#3142 = CARTESIAN_POINT ( 'NONE',  ( -0.9333544969128562130, 7.815507420771917957, 1.299819442912039991 ) ) ;
#3143 = CARTESIAN_POINT ( 'NONE',  ( 0.09999999999999245603, 2.449293598294706414E-16, -2.000000000000000000 ) ) ;
#3144 = LINE ( 'NONE', #514, #140 ) ;
#3145 = CARTESIAN_POINT ( 'NONE',  ( 1.545381324925885425, 0.4153061918317396684, 7.922228450410004008 ) ) ;
#3146 = EDGE_CURVE ( 'NONE', #1282, #4638, #5185, .T. ) ;
#3147 = EDGE_LOOP ( 'NONE', ( #550, #873, #2692, #2361 ) ) ;
#3148 = CARTESIAN_POINT ( 'NONE',  ( 1.054351743119391172, -1.203755493545050514, 7.832523635841996068 ) ) ;
#3149 = CARTESIAN_POINT ( 'NONE',  ( 1.300503240085492340, 0.9334888677113123423, 7.873341795759690065 ) ) ;
#3150 = ORIENTED_EDGE ( 'NONE', *, *, #2035, .T. ) ;
#3151 = CARTESIAN_POINT ( 'NONE',  ( 1.575063062967653638, -0.5994174729450522099, 7.977554852271078190 ) ) ;
#3152 = LINE ( 'NONE', #5605, #14 ) ;
#3153 = EDGE_CURVE ( 'NONE', #5302, #656, #1560, .T. ) ;
#3154 = CARTESIAN_POINT ( 'NONE',  ( -1.509354387404951980, 7.964626975697386868, 0.7518959682974371006 ) ) ;
#3155 = ORIENTED_EDGE ( 'NONE', *, *, #2475, .F. ) ;
#3156 = CARTESIAN_POINT ( 'NONE',  ( -10.75000000000000000, 1.637479633046211358, -5.885078252561577017 ) ) ;
#3157 = DIRECTION ( 'NONE',  ( 0.0000000000000000000, 0.0000000000000000000, -1.000000000000000000 ) ) ;
#3158 = CARTESIAN_POINT ( 'NONE',  ( -0.5429241274703854314, 1.606783748898966468, 7.836985206082862199 ) ) ;
#3159 = LINE ( 'NONE', #2172, #6044 ) ;
#3160 = ORIENTED_EDGE ( 'NONE', *, *, #3189, .F. ) ;
#3161 = ORIENTED_EDGE ( 'NONE', *, *, #1315, .F. ) ;
#3162 = CARTESIAN_POINT ( 'NONE',  ( 1.457496641892714884, -0.6606023474740752022, 7.903765371524379191 ) ) ;
#3163 = ADVANCED_FACE ( 'NONE', ( #2073 ), #5151, .F. ) ;
#3164 = CARTESIAN_POINT ( 'NONE',  ( -0.4411265486374388312, 7.767438757014402562, 1.538211706794047728 ) ) ;
#3165 = VERTEX_POINT ( 'NONE', #2106 ) ;
#3166 = ADVANCED_FACE ( 'NONE', ( #631 ), #4178, .T. ) ;
#3167 = DIRECTION ( 'NONE',  ( 0.0000000000000000000, 0.9274206331348668897, -0.3740200118118316985 ) ) ;
#3168 = CARTESIAN_POINT ( 'NONE',  ( -1.186914021697646593, -1.072958875680422697, 7.853513812994243004 ) ) ;
#3169 = CARTESIAN_POINT ( 'NONE',  ( -0.4912375484625407518, 1.522948840424857009, 7.770766900489718410 ) ) ;
#3170 = CARTESIAN_POINT ( 'NONE',  ( 0.3642782858315946060, -1.558858480113492151, 7.762884968679444775 ) ) ;
#3171 =( GEOMETRIC_REPRESENTATION_CONTEXT ( 3 ) GLOBAL_UNCERTAINTY_ASSIGNED_CONTEXT ( ( #6150 ) ) GLOBAL_UNIT_ASSIGNED_CONTEXT ( ( #5785, #6357, #1304 ) ) REPRESENTATION_CONTEXT ( 'NONE', 'WORKASPACE' ) );
#3172 = CARTESIAN_POINT ( 'NONE',  ( -3.750000000000000000, 1.637479633046211358, -5.885078252561577017 ) ) ;
#3173 = CARTESIAN_POINT ( 'NONE',  ( -1.047613776748221870, 7.888894687341792000, 1.328779939344300276 ) ) ;
#3174 = DIRECTION ( 'NONE',  ( 0.0000000000000000000, 0.0000000000000000000, 1.000000000000000000 ) ) ;
#3175 = CARTESIAN_POINT ( 'NONE',  ( -10.75000000000000000, -5.099209145838154100, -3.387178386535892205 ) ) ;
#3176 = FACE_OUTER_BOUND ( 'NONE', #5034, .T. ) ;
#3177 = DIRECTION ( 'NONE',  ( -0.0000000000000000000, -0.7071067811865483499, 0.7071067811865467956 ) ) ;
#3178 = ORIENTED_EDGE ( 'NONE', *, *, #4609, .F. ) ;
#3179 = VECTOR ( 'NONE', #130, 1000.000000000000227 ) ;
#3180 = CARTESIAN_POINT ( 'NONE',  ( -1.269460013801726461, 7.867784759150940666, 0.9739834756747676181 ) ) ;
#3181 = CARTESIAN_POINT ( 'NONE',  ( -10.75000000000000000, -5.742402404397513926, 2.124840540217201035 ) ) ;
#3182 = CARTESIAN_POINT ( 'NONE',  ( -0.8777511660778436475, 7.867812356853236544, -1.448303133589673664 ) ) ;
#3183 = CARTESIAN_POINT ( 'NONE',  ( 1.190177277738352357, 1.069341087770742327, 7.854060189758805599 ) ) ;
#3184 = VERTEX_POINT ( 'NONE', #4593 ) ;
#3185 = AXIS2_PLACEMENT_3D ( 'NONE', #5594, #538, #4736 ) ;
#3186 = CARTESIAN_POINT ( 'NONE',  ( 1.586317052438964925, -0.2104671552203557228, 7.931181024438141769 ) ) ;
#3187 = VECTOR ( 'NONE', #1339, 1000.000000000000114 ) ;
#3188 = CARTESIAN_POINT ( 'NONE',  ( 0.6608972791050281570, 1.457185164608068018, 7.784709723743379328 ) ) ;
#3189 = EDGE_CURVE ( 'NONE', #5693, #5465, #2632, .T. ) ;
#3190 = ORIENTED_EDGE ( 'NONE', *, *, #3831, .F. ) ;
#3191 = CARTESIAN_POINT ( 'NONE',  ( 0.6697317001079632348, -1.557378594733176858, 7.846954179064259627 ) ) ;
#3192 =( NAMED_UNIT ( * ) SI_UNIT ( $, .STERADIAN. ) SOLID_ANGLE_UNIT ( ) );
#3193 = CARTESIAN_POINT ( 'NONE',  ( -0.3970049873031618604, 7.828115383007962613, 1.649430735679005000 ) ) ;
#3194 = VERTEX_POINT ( 'NONE', #38 ) ;
#3195 = CARTESIAN_POINT ( 'NONE',  ( -10.75000000000000000, -2.065420323939452629, 4.702258990485212564 ) ) ;
#3196 = DIRECTION ( 'NONE',  ( 0.0000000000000000000, 0.9876883405951378814, 0.1564344650402305081 ) ) ;
#3197 = CARTESIAN_POINT ( 'NONE',  ( -1.532762966186904219, 0.7021044128302680321, 7.969170594191037793 ) ) ;
#3198 = CARTESIAN_POINT ( 'NONE',  ( -3.750000000000000000, 0.0000000000000000000, 0.0000000000000000000 ) ) ;
#3199 = CARTESIAN_POINT ( 'NONE',  ( -1.338347434531849345, 1.035343688752723201, 7.933262619815145023 ) ) ;
#3200 = CARTESIAN_POINT ( 'NONE',  ( 0.2094246098610252627, 7.756688283207005874, 1.586453096221274839 ) ) ;
#3201 = ORIENTED_EDGE ( 'NONE', *, *, #1975, .T. ) ;
#3202 = CARTESIAN_POINT ( 'NONE',  ( -10.75000000000000000, -2.136673189240611226, 5.730569755374103735 ) ) ;
#3203 = CARTESIAN_POINT ( 'NONE',  ( 1.366593715994476321, 7.885756514341078827, -0.8328300026089172636 ) ) ;
#3204 = CARTESIAN_POINT ( 'NONE',  ( 0.5930402021842113847, -1.588671649541586905, 7.840676831455893669 ) ) ;
#3205 = EDGE_CURVE ( 'NONE', #585, #5033, #593, .T. ) ;
#3206 = EDGE_CURVE ( 'NONE', #122, #4344, #4657, .T. ) ;
#3207 = MECHANICAL_DESIGN_GEOMETRIC_PRESENTATION_REPRESENTATION (  '', ( #3853 ), #2364 ) ;
#3208 = LINE ( 'NONE', #4245, #3936 ) ;
#3209 = CARTESIAN_POINT ( 'NONE',  ( -1.458264479343798881, 7.954911940710239548, 0.8495700174348335132 ) ) ;
#3210 = CYLINDRICAL_SURFACE ( 'NONE', #837, 8.000000000000000000 ) ;
#3211 = CARTESIAN_POINT ( 'NONE',  ( -1.589265813670391658, 7.931808963696314052, -0.2117766130149785764 ) ) ;
#3212 = DIRECTION ( 'NONE',  ( -0.0000000000000000000, -0.3090169943749489501, -0.9510565162951530871 ) ) ;
#3213 = EDGE_CURVE ( 'NONE', #1295, #5636, #3099, .T. ) ;
#3214 = ORIENTED_EDGE ( 'NONE', *, *, #5356, .T. ) ;
#3215 = CARTESIAN_POINT ( 'NONE',  ( -0.7087018717195406881, 7.789333942890291240, 1.434720064395203609 ) ) ;
#3216 = CARTESIAN_POINT ( 'NONE',  ( -1.596649319376807874, 7.981813466169562332, -0.5488046308345523316 ) ) ;
#3217 = CARTESIAN_POINT ( 'NONE',  ( -10.75000000000000000, 2.585306236626269794, -4.425305815512913910 ) ) ;
#3218 = ORIENTED_EDGE ( 'NONE', *, *, #3437, .F. ) ;
#3219 = CARTESIAN_POINT ( 'NONE',  ( 0.8008001396763057000, -1.385423662670506983, 7.799208984938472256 ) ) ;
#3220 = CARTESIAN_POINT ( 'NONE',  ( 1.514818149060693120, 0.5157579117729520490, 7.915690179812955307 ) ) ;
#3221 = ORIENTED_EDGE ( 'NONE', *, *, #6289, .F. ) ;
#3222 = CARTESIAN_POINT ( 'NONE',  ( 1.544008475267202085, -0.6765948719071280815, 7.971378934888546652 ) ) ;
#3223 = CYLINDRICAL_SURFACE ( 'NONE', #1292, 4.000000000000000000 ) ;
#3224 = ORIENTED_EDGE ( 'NONE', *, *, #5389, .T. ) ;
#3225 = VECTOR ( 'NONE', #4502, 1000.000000000000114 ) ;
#3226 = CARTESIAN_POINT ( 'NONE',  ( -10.75000000000000000, 2.585306236626271570, 4.425305815512913910 ) ) ;
#3227 = DIRECTION ( 'NONE',  ( 0.0000000000000000000, -0.5877852522924720269, -0.8090169943749481174 ) ) ;
#3228 = CARTESIAN_POINT ( 'NONE',  ( -1.487290511646088831, -0.5904197416312632063, 7.909909202064923761 ) ) ;
#3229 = CARTESIAN_POINT ( 'NONE',  ( -10.75000000000000000, 3.825687914197028139, -3.406155880024630545 ) ) ;
#3230 = ORIENTED_EDGE ( 'NONE', *, *, #1972, .F. ) ;
#3231 = EDGE_LOOP ( 'NONE', ( #2916, #1360, #5147, #6184 ) ) ;
#3232 = CARTESIAN_POINT ( 'NONE',  ( -0.1118426251821079964, 1.697155316547114712, 7.817906615015541405 ) ) ;
#3233 = CARTESIAN_POINT ( 'NONE',  ( 1.112720561696657784, 7.841457954798944030, -1.150019339688744591 ) ) ;
#3234 = EDGE_LOOP ( 'NONE', ( #619, #3923, #2154, #169 ) ) ;
#3235 = DIRECTION ( 'NONE',  ( -0.0000000000000000000, -0.5877852522924721379, 0.8090169943749481174 ) ) ;
#3236 = DIRECTION ( 'NONE',  ( 1.000000000000000000, -0.0000000000000000000, -0.0000000000000000000 ) ) ;
#3237 = CARTESIAN_POINT ( 'NONE',  ( 0.3832427008021513370, -1.653609079707703433, 7.827240918455668606 ) ) ;
#3238 = VECTOR ( 'NONE', #3334, 1000.000000000000000 ) ;
#3239 = CARTESIAN_POINT ( 'NONE',  ( -3.750000000000000000, -4.714091639508624532, -2.053587674916041106 ) ) ;
#3240 = CARTESIAN_POINT ( 'NONE',  ( -0.3563185111102080138, 7.826124745683378237, 1.658849407904001039 ) ) ;
#3241 = EDGE_CURVE ( 'NONE', #2223, #5436, #2177, .T. ) ;
#3242 = CARTESIAN_POINT ( 'NONE',  ( -3.750000000000000000, 0.0000000000000000000, 8.000000000000000000 ) ) ;
#3243 = AXIS2_PLACEMENT_3D ( 'NONE', #4685, #5212, #658 ) ;
#3244 = EDGE_CURVE ( 'NONE', #357, #5534, #4564, .T. ) ;
#3245 = EDGE_LOOP ( 'NONE', ( #3353, #3095, #1783, #1959 ) ) ;
#3246 = CARTESIAN_POINT ( 'NONE',  ( 1.167901938636531689, 7.850337421487519229, -1.093931646555537540 ) ) ;
#3247 = CARTESIAN_POINT ( 'NONE',  ( -1.545834042765982241, 7.922313738076719680, 0.4159613506240378289 ) ) ;
#3248 = CARTESIAN_POINT ( 'NONE',  ( -0.2089444330221499613, 1.587144258609630931, 7.756532247644517319 ) ) ;
#3249 = CARTESIAN_POINT ( 'NONE',  ( 0.1000000000000004774, -0.7499999999999997780, 1.000000000000000000 ) ) ;
#3250 = CARTESIAN_POINT ( 'NONE',  ( 0.8455089455859062797, -1.358600097391183592, 7.804430055731589988 ) ) ;
#3251 = CARTESIAN_POINT ( 'NONE',  ( 1.557946709540847685, 0.3653548405751941841, 7.924952485708647743 ) ) ;
#3252 = ORIENTED_EDGE ( 'NONE', *, *, #1907, .T. ) ;
#3253 = CARTESIAN_POINT ( 'NONE',  ( 1.109620438036253764, 1.276587691162080818, 7.897511008212841688 ) ) ;
#3254 = CARTESIAN_POINT ( 'NONE',  ( -0.2202431030227560149, 7.820844671262620729, -1.683573454047933460 ) ) ;
#3255 = ORIENTED_EDGE ( 'NONE', *, *, #5231, .T. ) ;
#3256 = CARTESIAN_POINT ( 'NONE',  ( 2.825421122996475392E-15, 3.666060555964770096, -1.600000000000001199 ) ) ;
#3257 = CARTESIAN_POINT ( 'NONE',  ( 3.750000000000000000, 0.0000000000000000000, 8.000000000000000000 ) ) ;
#3258 = CARTESIAN_POINT ( 'NONE',  ( -1.471038679609632860, 0.8254949522275822904, 7.957333535323834361 ) ) ;
#3259 = CARTESIAN_POINT ( 'NONE',  ( -1.269224562931219991, 0.9745567054317751943, 7.867730401358078218 ) ) ;
#3260 = VERTEX_POINT ( 'NONE', #5554 ) ;
#3261 = DIRECTION ( 'NONE',  ( 1.000000000000000000, -0.0000000000000000000, -0.0000000000000000000 ) ) ;
#3262 = CARTESIAN_POINT ( 'NONE',  ( 1.269512159141754637, 7.867723907824119678, -0.9752159356713024918 ) ) ;
#3263 = DIRECTION ( 'NONE',  ( 0.0000000000000000000, -0.9274206331348672228, -0.3740200118118306993 ) ) ;
#3264 = DIRECTION ( 'NONE',  ( 0.0000000000000000000, 0.0000000000000000000, 1.000000000000000000 ) ) ;
#3265 = CARTESIAN_POINT ( 'NONE',  ( 0.1372561359621146115, -1.691833044404772446, 7.819060612709866298 ) ) ;
#3266 = EDGE_CURVE ( 'NONE', #5184, #1425, #771, .T. ) ;
#3267 = CARTESIAN_POINT ( 'NONE',  ( -10.75000000000000000, 5.873245603538165938, -1.649312282069625546 ) ) ;
#3268 = EDGE_CURVE ( 'NONE', #1386, #5302, #4079, .T. ) ;
#3269 = LINE ( 'NONE', #804, #6363 ) ;
#3270 = DIRECTION ( 'NONE',  ( -1.000000000000000000, -0.0000000000000000000, -0.0000000000000000000 ) ) ;
#3271 = ORIENTED_EDGE ( 'NONE', *, *, #135, .T. ) ;
#3272 = CARTESIAN_POINT ( 'NONE',  ( 1.557946709540846797, 7.924952485708647743, -0.3653548405751960160 ) ) ;
#3273 = FACE_OUTER_BOUND ( 'NONE', #5422, .T. ) ;
#3274 = CARTESIAN_POINT ( 'NONE',  ( -0.2621625145716920402, 1.579222268743564195, 7.758328716864403951 ) ) ;
#3275 = DIRECTION ( 'NONE',  ( 0.0000000000000000000, 0.8910065241883682319, -0.4539904997395463604 ) ) ;
#3276 = VECTOR ( 'NONE', #6157, 1000.000000000000227 ) ;
#3277 = CARTESIAN_POINT ( 'NONE',  ( 1.357774478543271046, -0.8468354339975511236, 7.884080387683994218 ) ) ;
#3278 = CARTESIAN_POINT ( 'NONE',  ( 1.167901938636533243, 1.093931646555535764, 7.850337421487519229 ) ) ;
#3279 = VECTOR ( 'NONE', #1891, 1000.000000000000114 ) ;
#3280 = ADVANCED_FACE ( 'NONE', ( #4109 ), #1239, .F. ) ;
#3281 = ORIENTED_EDGE ( 'NONE', *, *, #549, .T. ) ;
#3282 = ORIENTED_EDGE ( 'NONE', *, *, #6093, .T. ) ;
#3283 = ADVANCED_FACE ( 'NONE', ( #4793 ), #4760, .F. ) ;
#3284 = CARTESIAN_POINT ( 'NONE',  ( 0.05425022485157771079, 1.696598845565652880, 7.818027519363493383 ) ) ;
#3285 = CARTESIAN_POINT ( 'NONE',  ( -10.75000000000000000, -5.896910901584988096, 1.649312282069624436 ) ) ;
#3286 = CARTESIAN_POINT ( 'NONE',  ( 0.9583522657686971424, 7.877344084000679203, -1.395597696009120758 ) ) ;
#3287 = ORIENTED_EDGE ( 'NONE', *, *, #1907, .F. ) ;
#3288 = AXIS2_PLACEMENT_3D ( 'NONE', #3378, #5939, #5902 ) ;
#3289 = DIRECTION ( 'NONE',  ( -0.0000000000000000000, -0.1564344650402300918, -0.9876883405951377704 ) ) ;
#3290 = AXIS2_PLACEMENT_3D ( 'NONE', #3779, #1845, #4247 ) ;
#3291 = FACE_OUTER_BOUND ( 'NONE', #3527, .T. ) ;
#3292 = CARTESIAN_POINT ( 'NONE',  ( -10.75000000000000000, 5.094874896173013035, -0.5000000000000000000 ) ) ;
#3293 = CARTESIAN_POINT ( 'NONE',  ( 1.112230619273883780, -1.150494216272548886, 7.841380918652372856 ) ) ;
#3294 = AXIS2_PLACEMENT_3D ( 'NONE', #6003, #3107, #6566 ) ;
#3295 = CARTESIAN_POINT ( 'NONE',  ( -0.2611758205752901518, 1.579414728068166074, 7.758284648223978230 ) ) ;
#3296 = ORIENTED_EDGE ( 'NONE', *, *, #5924, .F. ) ;
#3297 = ORIENTED_EDGE ( 'NONE', *, *, #2305, .F. ) ;
#3298 = SURFACE_STYLE_USAGE ( .BOTH. , #1270 ) ;
#3299 = CARTESIAN_POINT ( 'NONE',  ( 1.589592761669249343, 7.931907469306137770, 0.1841054936396855357 ) ) ;
#3300 = CARTESIAN_POINT ( 'NONE',  ( -10.75000000000000000, -3.803519532746777898, -4.793483870668505453 ) ) ;
#3301 = CARTESIAN_POINT ( 'NONE',  ( -1.338745708990424221, 7.933333189351237102, 1.034786103982047623 ) ) ;
#3302 = CARTESIAN_POINT ( 'NONE',  ( -1.544028726635236382, -0.6765488894976047218, 7.971382911659228299 ) ) ;
#3303 = DIRECTION ( 'NONE',  ( 1.000000000000000000, -0.0000000000000000000, -0.0000000000000000000 ) ) ;
#3304 = PLANE ( 'NONE',  #2901 ) ;
#3305 = EDGE_CURVE ( 'NONE', #4293, #3560, #3706, .T. ) ;
#3306 = DIRECTION ( 'NONE',  ( 0.0000000000000000000, 0.0000000000000000000, 1.000000000000000000 ) ) ;
#3307 = DIRECTION ( 'NONE',  ( 0.0000000000000000000, 0.6423029060310797567, 0.7664508966033178883 ) ) ;
#3308 = AXIS2_PLACEMENT_3D ( 'NONE', #2131, #5044, #1492 ) ;
#3309 = CARTESIAN_POINT ( 'NONE',  ( -10.75000000000000000, -3.399011035559304172, -5.087376496814741245 ) ) ;
#3310 = VERTEX_POINT ( 'NONE', #4302 ) ;
#3311 = CARTESIAN_POINT ( 'NONE',  ( 1.487694291782697409, 7.909992799512982842, 0.5894503071590072585 ) ) ;
#3312 = CARTESIAN_POINT ( 'NONE',  ( -1.470236473153414991, 7.956755548421247326, -0.8556705375742601483 ) ) ;
#3313 = CARTESIAN_POINT ( 'NONE',  ( -1.073282798570795782, 1.186620167684285354, 7.835394919056626328 ) ) ;
#3314 = CARTESIAN_POINT ( 'NONE',  ( -1.600094599039183274, 4.000037839612460289, -0.2101270740005739268 ) ) ;
#3315 = CARTESIAN_POINT ( 'NONE',  ( -0.05317119140275126249, 1.599972907965176327, 7.753612960569856938 ) ) ;
#3316 = DIRECTION ( 'NONE',  ( 0.0000000000000000000, -1.000000000000000000, 0.0000000000000000000 ) ) ;
#3317 = ORIENTED_EDGE ( 'NONE', *, *, #4939, .F. ) ;
#3318 = VERTEX_POINT ( 'NONE', #2276 ) ;
#3319 = CARTESIAN_POINT ( 'NONE',  ( 0.6572449902683894507, 1.562592613648418061, 7.845911957903273226 ) ) ;
#3320 = CARTESIAN_POINT ( 'NONE',  ( -10.75000000000000000, 0.4881673509765891983, 5.106707545196424114 ) ) ;
#3321 = PRESENTATION_STYLE_ASSIGNMENT (( #4750 ) ) ;
#3322 = CARTESIAN_POINT ( 'NONE',  ( 1.456940643580137529, 7.954694076446135576, -0.8505371508161435612 ) ) ;
#3323 = ORIENTED_EDGE ( 'NONE', *, *, #4472, .T. ) ;
#3324 = EDGE_CURVE ( 'NONE', #4581, #603, #1678, .T. ) ;
#3325 = DIRECTION ( 'NONE',  ( -0.0000000000000000000, 0.5304556061348296714, 0.8477127166205131736 ) ) ;
#3326 = CARTESIAN_POINT ( 'NONE',  ( -1.276722294397611313, 0.9862050031763159863, 3.879502009936808715 ) ) ;
#3327 = EDGE_CURVE ( 'NONE', #738, #1386, #3745, .T. ) ;
#3328 = CARTESIAN_POINT ( 'NONE',  ( -1.368221772723385188, 0.9890583342557124347, 7.938656711202083827 ) ) ;
#3329 = CARTESIAN_POINT ( 'NONE',  ( -0.4411265486374401079, -1.538211706794047506, 7.767438757014403450 ) ) ;
#3330 = CARTESIAN_POINT ( 'NONE',  ( -0.7777819546257960237, 1.398477354930351968, 7.796627914650220426 ) ) ;
#3331 = ORIENTED_EDGE ( 'NONE', *, *, #2796, .F. ) ;
#3332 = CARTESIAN_POINT ( 'NONE',  ( 1.422639985658699979, 7.896731742424756284, -0.7326590635133489737 ) ) ;
#3333 = FACE_OUTER_BOUND ( 'NONE', #6501, .T. ) ;
#3334 = DIRECTION ( 'NONE',  ( -1.000000000000000000, -0.0000000000000000000, -0.0000000000000000000 ) ) ;
#3335 = ADVANCED_FACE ( 'NONE', ( #3333 ), #5755, .F. ) ;
#3336 = CARTESIAN_POINT ( 'NONE',  ( -1.047613776748222980, -1.328779939344300720, 7.888894687341790224 ) ) ;
#3337 = CARTESIAN_POINT ( 'NONE',  ( 0.4190854824050616045, -1.547716005023124008, 3.688507130687023849 ) ) ;
#3338 = DIRECTION ( 'NONE',  ( 1.000000000000000000, -0.0000000000000000000, -0.0000000000000000000 ) ) ;
#3339 = ORIENTED_EDGE ( 'NONE', *, *, #2150, .F. ) ;
#3340 = CARTESIAN_POINT ( 'NONE',  ( 1.522966012627358090, 7.917421793455058143, 0.4911767701574122902 ) ) ;
#3341 = CARTESIAN_POINT ( 'NONE',  ( 1.034725505465446060, 7.885671793446845435, -1.356947833927997449 ) ) ;
#3342 = CARTESIAN_POINT ( 'NONE',  ( -0.4148194697926497754, 1.545515991951133872, 7.765832908887944086 ) ) ;
#3343 = VECTOR ( 'NONE', #46, 1000.000000000000000 ) ;
#3344 = CARTESIAN_POINT ( 'NONE',  ( -0.2136862502633015137, 3.666060555964673284, -1.600000000000000311 ) ) ;
#3345 = CARTESIAN_POINT ( 'NONE',  ( 1.578544541808049928, 0.2624746321799490412, 7.929464396481030519 ) ) ;
#3346 = DIRECTION ( 'NONE',  ( 0.0000000000000000000, -1.000000000000000000, 0.0000000000000000000 ) ) ;
#3347 = ORIENTED_EDGE ( 'NONE', *, *, #3744, .F. ) ;
#3348 = CARTESIAN_POINT ( 'NONE',  ( 1.618284532781287810, 0.4679531418783944297, 7.986345991653709397 ) ) ;
#3349 = EDGE_CURVE ( 'NONE', #1230, #2979, #2246, .T. ) ;
#3350 = LINE ( 'NONE', #1388, #2543 ) ;
#3351 = CARTESIAN_POINT ( 'NONE',  ( 0.9761997069283160355, 7.821316232977151728, 1.267819791099601412 ) ) ;
#3352 = CARTESIAN_POINT ( 'NONE',  ( -0.3562685159075516528, 7.826122438946635285, -1.658860287868724415 ) ) ;
#3353 = ORIENTED_EDGE ( 'NONE', *, *, #635, .T. ) ;
#3354 = CARTESIAN_POINT ( 'NONE',  ( -10.75000000000000000, -2.608971534673094173, -4.425305815512913021 ) ) ;
#3355 = CARTESIAN_POINT ( 'NONE',  ( 0.5186142226120952214, 1.517296689927109865, 3.701313906446527024 ) ) ;
#3356 = CARTESIAN_POINT ( 'NONE',  ( -1.229233463435975837, -1.024267196627686616, 7.860712161452794611 ) ) ;
#3357 = CARTESIAN_POINT ( 'NONE',  ( 1.384683646564820680, -0.8020804013405088417, 7.889258813223873013 ) ) ;
#3358 = ADVANCED_FACE ( 'NONE', ( #1273 ), #1172, .F. ) ;
#3359 = CARTESIAN_POINT ( 'NONE',  ( -1.055818109237627311, 1.203310861467899340, 7.832656133085848182 ) ) ;
#3360 = VERTEX_POINT ( 'NONE', #5721 ) ;
#3361 = LINE ( 'NONE', #5377, #2024 ) ;
#3362 = CARTESIAN_POINT ( 'NONE',  ( -0.4640917026095242037, 7.831832458654075069, 1.631707353371932623 ) ) ;
#3363 = CARTESIAN_POINT ( 'NONE',  ( 1.594802239168796376, 7.933064820007173168, 0.1315342989050238554 ) ) ;
#3364 = LINE ( 'NONE', #4433, #2745 ) ;
#3365 = CARTESIAN_POINT ( 'NONE',  ( 0.6717496218931818808, 7.785679038418177100, -1.452573848916319355 ) ) ;
#3366 = CARTESIAN_POINT ( 'NONE',  ( 1.660692721120909709, -0.2786134288301918560, 7.995194731646971142 ) ) ;
#3367 = EDGE_CURVE ( 'NONE', #231, #2818, #2828, .T. ) ;
#3368 = ADVANCED_FACE ( 'NONE', ( #763 ), #4335, .F. ) ;
#3369 = DIRECTION ( 'NONE',  ( -1.000000000000000000, -0.0000000000000000000, -0.0000000000000000000 ) ) ;
#3370 = CARTESIAN_POINT ( 'NONE',  ( -3.750000000000000000, 4.690426341461801485, -2.053587674916043326 ) ) ;
#3371 = SURFACE_STYLE_USAGE ( .BOTH. , #372 ) ;
#3372 = ORIENTED_EDGE ( 'NONE', *, *, #2679, .T. ) ;
#3373 = CARTESIAN_POINT ( 'NONE',  ( 1.343949067598597447, 7.881456051051388911, -0.8686070619726115050 ) ) ;
#3374 = CARTESIAN_POINT ( 'NONE',  ( -0.4912762796495201423, 7.770767572059186890, 1.522947307378463844 ) ) ;
#3375 = CARTESIAN_POINT ( 'NONE',  ( -0.6366155388819082495, 1.468108876551458053, 7.782442239099350623 ) ) ;
#3376 = LINE ( 'NONE', #6404, #839 ) ;
#3377 = CARTESIAN_POINT ( 'NONE',  ( 1.514818149060693120, 0.5157579117729520490, 7.915690179812955307 ) ) ;
#3378 = CARTESIAN_POINT ( 'NONE',  ( -10.75000000000000000, 5.075543847791331054, 3.387178386535892205 ) ) ;
#3379 = VERTEX_POINT ( 'NONE', #2210 ) ;
#3380 = ORIENTED_EDGE ( 'NONE', *, *, #5926, .F. ) ;
#3381 = CARTESIAN_POINT ( 'NONE',  ( 1.088766367075938435, 1.294712280507118507, 7.894557418885960409 ) ) ;
#3382 = DIRECTION ( 'NONE',  ( -0.0000000000000000000, 0.4472135954999580942, 0.8944271909999157444 ) ) ;
#3383 = AXIS2_PLACEMENT_3D ( 'NONE', #1912, #1373, #3948 ) ;
#3384 = CARTESIAN_POINT ( 'NONE',  ( 0.4896671613715691818, 7.770659823559996404, 1.523440429248614558 ) ) ;
#3385 = CARTESIAN_POINT ( 'NONE',  ( -0.3833891030137925315, 7.827425229373597304, -1.652702091979522780 ) ) ;
#3386 = CARTESIAN_POINT ( 'NONE',  ( -0.7456193999587433785, 7.853800735061082783, -1.522668838637764699 ) ) ;
#3387 = VERTEX_POINT ( 'NONE', #730 ) ;
#3388 = CARTESIAN_POINT ( 'NONE',  ( 1.899999999999999911, 1.250000000000000000, 0.0000000000000000000 ) ) ;
#3389 = VECTOR ( 'NONE', #245, 1000.000000000000000 ) ;
#3390 = CARTESIAN_POINT ( 'NONE',  ( -3.750000000000000000, -5.118540194219835193, -0.4999999999999993339 ) ) ;
#3391 = CARTESIAN_POINT ( 'NONE',  ( -1.385400341741321872, 0.8008398152007473181, 7.889398173963853012 ) ) ;
#3392 = EDGE_LOOP ( 'NONE', ( #5853, #2813, #6234, #3930, #1698 ) ) ;
#3393 = CARTESIAN_POINT ( 'NONE',  ( -10.75000000000000000, -6.118540194219835193, 0.2500000000000007772 ) ) ;
#3394 = VECTOR ( 'NONE', #479, 1000.000000000000114 ) ;
#3395 = CARTESIAN_POINT ( 'NONE',  ( -1.309858130256702280, 7.928654075105844967, 1.066097300505725043 ) ) ;
#3396 = CARTESIAN_POINT ( 'NONE',  ( 0.9126547387480851148, 7.871824849345547825, 1.426399693324534201 ) ) ;
#3397 = CARTESIAN_POINT ( 'NONE',  ( 0.6368151820195899759, 7.782487760350126571, -1.467869085870358026 ) ) ;
#3398 = LINE ( 'NONE', #3567, #4966 ) ;
#3399 = CARTESIAN_POINT ( 'NONE',  ( 1.254918860865599450, 7.865184096807599445, -0.9929757683087506726 ) ) ;
#3400 = CARTESIAN_POINT ( 'NONE',  ( 1.532941686734916820, 0.7017139842300086361, 7.969205455666915405 ) ) ;
#3401 = VECTOR ( 'NONE', #5228, 1000.000000000000227 ) ;
#3402 = CARTESIAN_POINT ( 'NONE',  ( 1.024828035449906860, 7.885765900746539714, 1.347575135713432459 ) ) ;
#3403 = CARTESIAN_POINT ( 'NONE',  ( -1.434665364286685785, 7.899141431177390871, 0.7088128752599521798 ) ) ;
#3404 = VECTOR ( 'NONE', #3576, 1000.000000000000227 ) ;
#3405 = FACE_OUTER_BOUND ( 'NONE', #3231, .T. ) ;
#3406 = MANIFOLD_SOLID_BREP ( 'Фаска1', #2347 ) ;
#3407 = DIRECTION ( 'NONE',  ( -0.0000000000000000000, -0.7664508966033183324, -0.6423029060310792016 ) ) ;
#3408 = ORIENTED_EDGE ( 'NONE', *, *, #237, .F. ) ;
#3409 = CARTESIAN_POINT ( 'NONE',  ( -1.055818109237625979, 7.832656133085842853, -1.203310861467900450 ) ) ;
#3410 = CARTESIAN_POINT ( 'NONE',  ( -1.194686425086284975, 1.064392623099682744, 7.854811865322758990 ) ) ;
#3411 = CARTESIAN_POINT ( 'NONE',  ( -1.523411057061713425, 7.917516807871614937, -0.4897724799520484784 ) ) ;
#3412 = CARTESIAN_POINT ( 'NONE',  ( 0.8456965995069533060, 1.358483222393294110, 7.804452576205352266 ) ) ;
#3413 = EDGE_CURVE ( 'NONE', #694, #6246, #6225, .T. ) ;
#3414 = DIRECTION ( 'NONE',  ( 0.0000000000000000000, -0.4472135954999579277, -0.8944271909999158554 ) ) ;
#3415 = ORIENTED_EDGE ( 'NONE', *, *, #3944, .T. ) ;
#3416 = ORIENTED_EDGE ( 'NONE', *, *, #1950, .F. ) ;
#3417 = CARTESIAN_POINT ( 'NONE',  ( -10.75000000000000000, 6.094874896173013035, -0.2500000000000000000 ) ) ;
#3418 = CARTESIAN_POINT ( 'NONE',  ( 1.899999999999999911, 1.250000000000000000, 0.0000000000000000000 ) ) ;
#3419 = VECTOR ( 'NONE', #1544, 1000.000000000000000 ) ;
#3420 = CARTESIAN_POINT ( 'NONE',  ( 1.166790863793827793, 7.850173698472949546, 1.094825019128713661 ) ) ;
#3421 = CARTESIAN_POINT ( 'NONE',  ( 0.5416155654674953412, 7.836757860998985414, -1.607947708504273265 ) ) ;
#3422 = CARTESIAN_POINT ( 'NONE',  ( -1.335300698232784189, 7.932955541831692159, -1.033792250772290977 ) ) ;
#3423 = ORIENTED_EDGE ( 'NONE', *, *, #5126, .T. ) ;
#3424 = CARTESIAN_POINT ( 'NONE',  ( -1.589391455258376995, 0.2118497761232354115, 3.995723161220276154 ) ) ;
#3425 = ORIENTED_EDGE ( 'NONE', *, *, #1247, .T. ) ;
#3426 = CARTESIAN_POINT ( 'NONE',  ( -1.228557451178042381, -1.160580718510366260, 7.915395314439870766 ) ) ;
#3427 = LINE ( 'NONE', #5981, #6487 ) ;
#3428 = CARTESIAN_POINT ( 'NONE',  ( 1.514976805007114846, 7.965718457490926774, 0.7399262077519337399 ) ) ;
#3429 = CARTESIAN_POINT ( 'NONE',  ( 0.7321173570982241197, 7.791732202549447095, -1.422915933985555492 ) ) ;
#3430 = LINE ( 'NONE', #2927, #3606 ) ;
#3431 = CARTESIAN_POINT ( 'NONE',  ( 0.3639032996446097123, 7.762873087384617676, -1.558912329141320052 ) ) ;
#3432 = UNCERTAINTY_MEASURE_WITH_UNIT (LENGTH_MEASURE( 1.000000000000000082E-05 ), #3754, 'distance_accuracy_value', 'NONE');
#3433 = CARTESIAN_POINT ( 'NONE',  ( 1.428460543699471508, -0.8983078198186693619, 7.949441072984440915 ) ) ;
#3434 = ORIENTED_EDGE ( 'NONE', *, *, #583, .T. ) ;
#3435 = CARTESIAN_POINT ( 'NONE',  ( 1.508864755614955477, 7.964538738508056603, 0.7525159048656977490 ) ) ;
#3436 = CARTESIAN_POINT ( 'NONE',  ( -1.277410732826160356, 7.869209258804703566, 0.9635320044993614941 ) ) ;
#3437 = EDGE_CURVE ( 'NONE', #2793, #869, #4763, .T. ) ;
#3438 = CARTESIAN_POINT ( 'NONE',  ( -3.750000000000000000, -3.803519532746777454, 4.793483870668507230 ) ) ;
#3439 = VECTOR ( 'NONE', #3082, 1000.000000000000000 ) ;
#3440 = EDGE_LOOP ( 'NONE', ( #542, #1624, #1677, #5741 ) ) ;
#3441 = CARTESIAN_POINT ( 'NONE',  ( 0.0000000000000000000, 8.000000000000000000, 0.0000000000000000000 ) ) ;
#3442 = ORIENTED_EDGE ( 'NONE', *, *, #4901, .F. ) ;
#3443 = EDGE_CURVE ( 'NONE', #5828, #2762, #6522, .T. ) ;
#3444 = CARTESIAN_POINT ( 'NONE',  ( 0.02534884981451666908, 7.753603722456262837, -1.600013227363143331 ) ) ;
#3445 = CARTESIAN_POINT ( 'NONE',  ( -1.117794266813701309, 7.842268522752533499, 1.144938157126689893 ) ) ;
#3446 = CARTESIAN_POINT ( 'NONE',  ( -1.386287300937316225, 0.7989790407672319184, 7.889579269029764141 ) ) ;
#3447 = EDGE_CURVE ( 'NONE', #3260, #1295, #1937, .T. ) ;
#3448 = CARTESIAN_POINT ( 'NONE',  ( -1.143864008064927384, 7.846428175230345303, -1.118892472734520194 ) ) ;
#3449 = LINE ( 'NONE', #1922, #4664 ) ;
#3450 = ORIENTED_EDGE ( 'NONE', *, *, #62, .T. ) ;
#3451 = VERTEX_POINT ( 'NONE', #1364 ) ;
#3452 = CARTESIAN_POINT ( 'NONE',  ( -0.4373747886612956437, 1.639196109806128732, 7.830267225984439250 ) ) ;
#3453 = VECTOR ( 'NONE', #1863, 1000.000000000000114 ) ;
#3454 = CARTESIAN_POINT ( 'NONE',  ( -10.75000000000000000, -3.399011035559304172, -5.087376496814741245 ) ) ;
#3455 = CARTESIAN_POINT ( 'NONE',  ( 1.403706798621058294, 7.892988241661449855, 0.7679801537279741241 ) ) ;
#3456 = CARTESIAN_POINT ( 'NONE',  ( 1.046310905444612915, 7.888718653898518340, -1.329825090205861038 ) ) ;
#3457 = CARTESIAN_POINT ( 'NONE',  ( -1.209340765239180548, 7.912384003525801290, -1.180918390331766821 ) ) ;
#3458 = ORIENTED_EDGE ( 'NONE', *, *, #4397, .F. ) ;
#3459 = DIRECTION ( 'NONE',  ( 0.0000000000000000000, 0.8910065241883684539, 0.4539904997395457498 ) ) ;
#3460 = VECTOR ( 'NONE', #4203, 1000.000000000000114 ) ;
#3461 = EDGE_LOOP ( 'NONE', ( #2664, #3077, #1020, #2229 ) ) ;
#3462 = CARTESIAN_POINT ( 'NONE',  ( -1.593765267146612707, -0.5463329991080092540, 7.981334326288997083 ) ) ;
#3463 = CARTESIAN_POINT ( 'NONE',  ( 1.683296381748221160, 7.999999999534100681, 8.633887953438801463E-05 ) ) ;
#3465 = ORIENTED_EDGE ( 'NONE', *, *, #801, .T. ) ;
#3464 = CARTESIAN_POINT ( 'NONE',  ( 0.1927452506428527501, 7.820250964041465913, 1.686322281404264656 ) ) ;
#3466 = CARTESIAN_POINT ( 'NONE',  ( 0.3642863396274310106, 7.762885183811057743, -1.558857547547506162 ) ) ;
#3467 = LINE ( 'NONE', #5416, #85 ) ;
#3468 = CARTESIAN_POINT ( 'NONE',  ( 0.4897863311525380015, 7.770668283433127321, -1.523402867337217970 ) ) ;
#3469 = CARTESIAN_POINT ( 'NONE',  ( 1.489968617578106835, -0.7898663520167076291, 7.960921046544278568 ) ) ;
#3470 = ORIENTED_EDGE ( 'NONE', *, *, #3975, .F. ) ;
#3471 = CARTESIAN_POINT ( 'NONE',  ( 1.514976805007114846, 7.965718457490926774, 0.7399262077519337399 ) ) ;
#3472 = CARTESIAN_POINT ( 'NONE',  ( -10.75000000000000000, -4.805316519691916533, 3.791686883723366819 ) ) ;
#3473 = DIRECTION ( 'NONE',  ( 0.0000000000000000000, -0.4472135954999580942, 0.8944271909999157444 ) ) ;
#3474 = EDGE_CURVE ( 'NONE', #681, #5071, #6392, .T. ) ;
#3475 = CARTESIAN_POINT ( 'NONE',  ( 0.1000000000000000472, -1.250000000000000000, 0.0000000000000000000 ) ) ;
#3476 = EDGE_CURVE ( 'NONE', #3451, #2207, #371, .T. ) ;
#3477 = CARTESIAN_POINT ( 'NONE',  ( -0.3257349911192449210, 7.761164174993512965, -1.566547950281757862 ) ) ;
#3478 = CARTESIAN_POINT ( 'NONE',  ( -0.7306398304029013691, 7.791575777619704546, 1.423693240039884955 ) ) ;
#3479 = DIRECTION ( 'NONE',  ( 1.000000000000000000, -0.0000000000000000000, -0.0000000000000000000 ) ) ;
#3480 = CARTESIAN_POINT ( 'NONE',  ( -0.3641690507795609100, 7.762873229311983536, -1.558907705439635860 ) ) ;
#3481 = FACE_OUTER_BOUND ( 'NONE', #5943, .T. ) ;
#3482 = ORIENTED_EDGE ( 'NONE', *, *, #4276, .T. ) ;
#3483 = EDGE_LOOP ( 'NONE', ( #6272, #5573, #331, #2464 ) ) ;
#3484 = CARTESIAN_POINT ( 'NONE',  ( -1.606590928079761893, 0.5067061021240243379, 7.983948282459913948 ) ) ;
#3485 = LINE ( 'NONE', #3046, #511 ) ;
#3487 = B_SPLINE_CURVE_WITH_KNOTS ( 'NONE', 3,
 ( #1779, #4573, #1444, #3480, #4479, #409, #5431, #5463, #4996, #374, #2013, #2906, #879, #2419, #11, #913, #5492, #5059, #4930, #505, #5529, #4444, #3987, #981, #3010, #445, #6472, #2939, #948, #5030, #4509, #474, #3953, #2978, #2483, #4959, #3448, #5562, #2049, #2455, #6002, #6563, #6535, #1979, #1920, #5968, #4017, #6031, #1475, #6505, #1949, #5936, #1411, #3517, #2513, #4538, #4054, #6068, #1510, #3551, #1013, #3040, #2546, #1381, #3411, #2152, #601, #3211, #45, #2082 ),
 .UNSPECIFIED., .F., .F.,
 ( 4, 2, 2, 2, 2, 2, 2, 2, 1, 2, 2, 1, 1, 2, 2, 1, 2, 2, 1, 2, 2, 2, 2, 2, 1, 2, 2, 1, 1, 2, 2, 1, 2, 2, 1, 2, 2, 2, 2, 4 ),
 ( 0.7499237060497087048, 0.7811832427934962686, 0.7968130111653900505, 0.8046278953513369414, 0.8124427795372838323, 0.8202576637232306123, 0.8280725479091776142, 0.8319799900021510597, 0.8358874320951245052, 0.8437023162810713961, 0.8456560373275581188, 0.8476097583740448416, 0.8515172004670181760, 0.8593320846529650670, 0.8612858056994516787, 0.8632395267459384014, 0.8671469688389117358, 0.8681238293621550417, 0.8691006898853984586, 0.8710544109318850703, 0.8749618530248582937, 0.8788692951178316282, 0.8827767372108048516, 0.8847304582572914633, 0.8866841793037780750, 0.8905916213967514095, 0.8925453424432380212, 0.8944990634897245219, 0.8984065055826977453, 0.9062213897686440811, 0.9101288318616171935, 0.9140362739545904169, 0.9218511581405368638, 0.9257586002335099762, 0.9296660423264830886, 0.9374809265124295354, 0.9452958106983758713, 0.9531106948843222071, 0.9687404632562148787, 1.000000000000000000 ),
 .UNSPECIFIED. ) ;
#3486 = CARTESIAN_POINT ( 'NONE',  ( 0.3639588466686773938, 7.763010639916454458, 1.558273033845868127 ) ) ;
#3488 = CARTESIAN_POINT ( 'NONE',  ( 0.8426981856268628279, 7.863888764127600517, -1.469511104961471304 ) ) ;
#3489 = CARTESIAN_POINT ( 'NONE',  ( -0.9815801913567491210, 7.880253321406534006, -1.379089850789651406 ) ) ;
#3490 = ORIENTED_EDGE ( 'NONE', *, *, #5819, .T. ) ;
#3491 = EDGE_CURVE ( 'NONE', #6133, #2208, #3364, .T. ) ;
#3492 = CARTESIAN_POINT ( 'NONE',  ( -1.167763407950777710, -1.094080286028570104, 7.850314554997057215 ) ) ;
#3493 = COLOUR_RGB ( '',0.6078431372549019107, 0.6313725490196078205, 0.6627450980392156632 ) ;
#3494 = EDGE_LOOP ( 'NONE', ( #5148, #1077, #186, #752 ) ) ;
#3495 = CARTESIAN_POINT ( 'NONE',  ( -1.579351016090414728, 0.2614944172034333603, 7.929636178643346689 ) ) ;
#3496 = PLANE ( 'NONE',  #1704 ) ;
#3498 = ORIENTED_EDGE ( 'NONE', *, *, #2187, .T. ) ;
#3497 = CARTESIAN_POINT ( 'NONE',  ( 1.639019385978350840, 7.990644833062197527, 0.3877097522568972443 ) ) ;
#3499 = CARTESIAN_POINT ( 'NONE',  ( -0.6616343680805211180, 7.784625922981127211, -1.457721637957742455 ) ) ;
#3500 = CARTESIAN_POINT ( 'NONE',  ( -3.736410698672603652E-15, -1.361803398874994020, 6.054502406645719877E-16 ) ) ;
#3501 = AXIS2_PLACEMENT_3D ( 'NONE', #4543, #4090, #1543 ) ;
#3502 = CARTESIAN_POINT ( 'NONE',  ( 1.208902454364619850, 7.857216575954511839, -1.048258646868707622 ) ) ;
#3503 = UNCERTAINTY_MEASURE_WITH_UNIT (LENGTH_MEASURE( 1.000000000000000082E-05 ), #3008, 'distance_accuracy_value', 'NONE');
#3504 = CARTESIAN_POINT ( 'NONE',  ( 1.639053789074879752, 0.3875618533674285993, 7.990652009301602021 ) ) ;
#3505 = EDGE_CURVE ( 'NONE', #2618, #838, #5380, .T. ) ;
#3506 = CIRCLE ( 'NONE', #2858, 1.900000000000003908 ) ;
#3507 = VECTOR ( 'NONE', #1812, 1000.000000000000114 ) ;
#3508 = CARTESIAN_POINT ( 'NONE',  ( 0.1927452506428527501, 7.820250964041465913, 1.686322281404264656 ) ) ;
#3509 = CARTESIAN_POINT ( 'NONE',  ( -1.527163487294549649, 7.918319514066766374, 0.4774378674414508916 ) ) ;
#3510 = LINE ( 'NONE', #6462, #2348 ) ;
#3511 = VECTOR ( 'NONE', #145, 1000.000000000000114 ) ;
#3512 = AXIS2_PLACEMENT_3D ( 'NONE', #976, #1973, #5457 ) ;
#3513 = DIRECTION ( 'NONE',  ( 0.0000000000000000000, -0.4472135954999579277, 0.8944271909999158554 ) ) ;
#3514 = AXIS2_PLACEMENT_3D ( 'NONE', #857, #2465, #6384 ) ;
#3515 = CARTESIAN_POINT ( 'NONE',  ( -0.8788121183588258889, 7.808527651933444780, -1.337109893469267341 ) ) ;
#3516 = CARTESIAN_POINT ( 'NONE',  ( -1.208319460287721192, 1.048932220473272947, 7.857117189479088992 ) ) ;
#3517 = CARTESIAN_POINT ( 'NONE',  ( -1.359383493420353695, 7.884395215507716159, -0.8439529171269251062 ) ) ;
#3518 = CARTESIAN_POINT ( 'NONE',  ( -3.750000000000000000, -2.608971534673094173, -4.425305815512913021 ) ) ;
#3519 = DIRECTION ( 'NONE',  ( 0.0000000000000000000, 0.0000000000000000000, -1.000000000000000000 ) ) ;
#3520 = VERTEX_POINT ( 'NONE', #3500 ) ;
#3521 = EDGE_LOOP ( 'NONE', ( #83, #2298, #2942, #3980 ) ) ;
#3522 = LINE ( 'NONE', #5535, #3394 ) ;
#3523 = CARTESIAN_POINT ( 'NONE',  ( -1.597372869501477721, 7.933635926891771106, 0.1055467792861871507 ) ) ;
#3524 = DIRECTION ( 'NONE',  ( -1.000000000000000000, 0.0000000000000000000, 0.0000000000000000000 ) ) ;
#3525 = CARTESIAN_POINT ( 'NONE',  ( 1.413915378543537216, 7.946794980048960788, -0.9214027717715924659 ) ) ;
#3526 = DIRECTION ( 'NONE',  ( -0.0000000000000000000, -0.1564344650402304526, 0.9876883405951377704 ) ) ;
#3527 = EDGE_LOOP ( 'NONE', ( #4424, #648, #3620, #4551 ) ) ;
#3528 = CARTESIAN_POINT ( 'NONE',  ( -1.546250872872037885, -0.4145617977074317895, 7.922403930401352490 ) ) ;
#3529 = VECTOR ( 'NONE', #2086, 1000.000000000000227 ) ;
#3530 = ORIENTED_EDGE ( 'NONE', *, *, #220, .T. ) ;
#3531 = CARTESIAN_POINT ( 'NONE',  ( -1.669680175836331992, -0.2224833360870739629, 7.997096749801462678 ) ) ;
#3532 =( REPRESENTATION_RELATIONSHIP ('NONE','NONE', #212, #2300 ) REPRESENTATION_RELATIONSHIP_WITH_TRANSFORMATION ( #4827 )SHAPE_REPRESENTATION_RELATIONSHIP( ) );
#3533 = DIRECTION ( 'NONE',  ( 0.0000000000000000000, 0.9976079763756666718, -0.06912543288578482104 ) ) ;
#3534 = ADVANCED_FACE ( 'NONE', ( #1967 ), #3940, .F. ) ;
#3535 = CARTESIAN_POINT ( 'NONE',  ( 1.593679945387264318, 7.981312916941157631, -0.5471067301611425293 ) ) ;
#3536 = CARTESIAN_POINT ( 'NONE',  ( -0.8677580397378067412, 7.807158918593539276, -1.344310110891560273 ) ) ;
#3537 = CARTESIAN_POINT ( 'NONE',  ( -3.750000000000000000, 5.094874896173013035, 0.5000000000000000000 ) ) ;
#3538 = ADVANCED_FACE ( 'NONE', ( #2959 ), #4917, .F. ) ;
#3539 = CARTESIAN_POINT ( 'NONE',  ( -0.8452022127271001661, -1.471962889800339847, 7.863666196364100358 ) ) ;
#3540 = CARTESIAN_POINT ( 'NONE',  ( -0.3426928329185052191, 1.661765931564743504, 7.825505859028010214 ) ) ;
#3541 = CARTESIAN_POINT ( 'NONE',  ( 1.625596105132052882, 7.987856621830137449, 0.4414411724870094256 ) ) ;
#3542 = DIRECTION ( 'NONE',  ( 0.0000000000000000000, 0.8910065241883682319, 0.4539904997395459718 ) ) ;
#3543 = DIRECTION ( 'NONE',  ( 0.0000000000000000000, 0.7071067811865467956, 0.7071067811865483499 ) ) ;
#3544 = EDGE_CURVE ( 'NONE', #3898, #5454, #3430, .T. ) ;
#3545 = CARTESIAN_POINT ( 'NONE',  ( 0.7068405430474943296, -1.435463984702003426, 7.789176451704472370 ) ) ;
#3546 = CARTESIAN_POINT ( 'NONE',  ( 1.384845266696922428, 0.8018019896429510185, 7.889290200699599076 ) ) ;
#3547 = CARTESIAN_POINT ( 'NONE',  ( -1.600000000000000089, 0.0000000000000000000, 7.934223616779732424 ) ) ;
#3548 = CARTESIAN_POINT ( 'NONE',  ( 1.054711884259526666, 7.832577294392529588, -1.203440143379117089 ) ) ;
#3549 = VECTOR ( 'NONE', #4801, 1000.000000000000000 ) ;
#3550 = CARTESIAN_POINT ( 'NONE',  ( -10.75000000000000000, -4.805316519691916533, 3.791686883723366819 ) ) ;
#3551 = CARTESIAN_POINT ( 'NONE',  ( -1.452316004168690666, 7.902703056219463562, -0.6722929747236973119 ) ) ;
#3552 = DIRECTION ( 'NONE',  ( 0.0000000000000000000, 0.9274206331348668897, -0.3740200118118316430 ) ) ;
#3553 =( NAMED_UNIT ( * ) PLANE_ANGLE_UNIT ( ) SI_UNIT ( $, .RADIAN. ) );
#3554 = ORIENTED_EDGE ( 'NONE', *, *, #3205, .F. ) ;
#3555 = DIRECTION ( 'NONE',  ( -0.0000000000000000000, 0.7071067811865474617, -0.7071067811865474617 ) ) ;
#3556 = CARTESIAN_POINT ( 'NONE',  ( -1.457007973527202571, 7.903666549730982815, 0.6616707282086508046 ) ) ;
#3557 = CARTESIAN_POINT ( 'NONE',  ( -10.75000000000000000, -1.114363807644300097, -5.011275984860160015 ) ) ;
#3558 = CARTESIAN_POINT ( 'NONE',  ( -1.543934766268523440, 7.971364407897111981, -0.6767665834961699156 ) ) ;
#3559 = CARTESIAN_POINT ( 'NONE',  ( -1.283134905045517637, 7.924196004226774726, -1.098902667735403016 ) ) ;
#3560 = VERTEX_POINT ( 'NONE', #828 ) ;
#3561 = CARTESIAN_POINT ( 'NONE',  ( -0.6615714129899007423, -1.457052942811896790, 7.784744207972824626 ) ) ;
#3562 = ADVANCED_FACE ( 'NONE', ( #4947 ), #6019, .F. ) ;
#3563 = VERTEX_POINT ( 'NONE', #2862 ) ;
#3564 = CARTESIAN_POINT ( 'NONE',  ( -1.600000004468910886, 0.05301459842477213025, 7.934223618033540149 ) ) ;
#3565 = LINE ( 'NONE', #1616, #4894 ) ;
#3566 = CARTESIAN_POINT ( 'NONE',  ( -1.680532484383490566, 7.999407438039205509, 0.1119621279215357312 ) ) ;
#3567 = CARTESIAN_POINT ( 'NONE',  ( -3.750000000000000000, 5.094874896173013035, 0.5000000000000000000 ) ) ;
#3568 = VECTOR ( 'NONE', #304, 1000.000000000000114 ) ;
#3569 =( REPRESENTATION_RELATIONSHIP ('NONE','NONE', #212, #2300 ) REPRESENTATION_RELATIONSHIP_WITH_TRANSFORMATION ( #1667 )SHAPE_REPRESENTATION_RELATIONSHIP( ) );
#3570 = CARTESIAN_POINT ( 'NONE',  ( -0.7469753427104894872, -1.525009129571418098, 7.853420895446236116 ) ) ;
#3571 = B_SPLINE_CURVE_WITH_KNOTS ( 'NONE', 3,
 ( #3770, #1298, #2790, #6250, #5344, #5778, #790, #2821, #3228, #4846, #5248, #4204, #294, #1657, #3700, #5711, #3738, #5749, #1832, #1329, #4366, #6385, #3872, #2854, #5881, #5373, #3356, #821, #4881, #2336, #1132, #3168, #3033, #39, #3642, #1596, #1068, #5555, #532, #5620, #2074, #1097, #5, #3100, #3608, #4111, #5118, #1032, #104, #3066, #6124, #5586, #564, #4143, #2005, #4694, #5186, #5651, #6063, #6159, #2600, #4626, #6190, #3132, #1007, #5085, #2107, #2569, #70, #5152, #5054, #1629, #4047, #594, #4594, #499, #3675, #2633, #2144, #5683, #1533, #4658, #4179, #1505, #633, #1562, #2669, #3545, #2537, #4566, #2042, #3579, #6094, #4080, #4591, #495, #3704, #4690, #4106, #4206, #2629, #6223, #2037, #36, #3128, #6186, #99, #1094, #4175, #1660, #6155, #4139, #2, #1003, #561, #1127, #4623, #5149, #2141, #66, #5181, #2070, #2104, #6090, #1592, #3639, #591, #628, #5615, #3030, #5050, #2666, #1626, #4653, #5648, #3097, #3670, #5679, #3162, #6121, #2533, #5115, #133, #1065, #1558 ),
 .UNSPECIFIED., .F., .F.,
 ( 4, 2, 2, 2, 2, 1, 2, 2, 1, 2, 2, 2, 1, 2, 2, 1, 1, 2, 2, 2, 2, 2, 1, 2, 2, 1, 2, 2, 2, 1, 2, 2, 2, 2, 2, 2, 2, 2, 2, 2, 2, 2, 2, 2, 2, 2, 2, 1, 2, 2, 1, 1, 2, 2, 2, 1, 2, 2, 1, 1, 2, 2, 2, 2, 2, 1, 2, 2, 1, 2, 2, 2, 2, 2, 1, 2, 2, 2, 2, 2, 4 ),
 ( 0.0000000000000000000, 0.03124999999999828609, 0.04687499999999742567, 0.05468749999999696770, 0.06249999999999650974, 0.07031249999999605871, 0.07421874999999586442, 0.07812499999999565625, 0.08593749999999528155, 0.08984374999999507339, 0.09374999999999486522, 0.1015624999999944628, 0.1054687499999942962, 0.1074218749999941436, 0.1093749999999940048, 0.1132812499999937550, 0.1152343749999936579, 0.1162109374999935885, 0.1171874999999935191, 0.1210937499999931583, 0.1249999999999928113, 0.1289062499999924782, 0.1308593749999923672, 0.1318359374999923672, 0.1328124999999923950, 0.1367187499999924782, 0.1386718749999924782, 0.1406249999999924782, 0.1484374999999923672, 0.1523437499999922839, 0.1542968749999922284, 0.1562499999999921729, 0.1640624999999920341, 0.1679687499999919509, 0.1718749999999918676, 0.1796874999999917843, 0.1874999999999916733, 0.1953124999999915901, 0.2031249999999915068, 0.2187499999999912847, 0.2499999999999908407, 0.2656249999999906741, 0.2812499999999904521, 0.2890624999999903411, 0.2968749999999902855, 0.3046874999999901190, 0.3124999999999899525, 0.3203124999999898415, 0.3242187499999897859, 0.3281249999999897304, 0.3359374999999895639, 0.3398437499999894529, 0.3417968749999893419, 0.3437499999999892308, 0.3515624999999890088, 0.3554687499999888978, 0.3574218749999888423, 0.3593749999999887867, 0.3632812499999886757, 0.3652343749999886202, 0.3662109374999886202, 0.3671874999999886202, 0.3710937499999890088, 0.3749999999999893974, 0.3789062499999898415, 0.3808593749999900635, 0.3818359374999901745, 0.3828124999999902855, 0.3867187499999907296, 0.3886718749999908962, 0.3906249999999910627, 0.3984374999999917843, 0.4023437499999921174, 0.4062499999999925060, 0.4140624999999931721, 0.4179687499999935052, 0.4218749999999938383, 0.4296874999999944489, 0.4374999999999951150, 0.4687499999999975575, 0.5000000000000000000 ),
 .UNSPECIFIED. ) ;
#3572 = CARTESIAN_POINT ( 'NONE',  ( -0.4373747886612956437, 1.639196109806128732, 7.830267225984439250 ) ) ;
#3573 = EDGE_CURVE ( 'NONE', #5840, #3563, #5518, .T. ) ;
#3574 = ORIENTED_EDGE ( 'NONE', *, *, #3682, .F. ) ;
#3575 = ORIENTED_EDGE ( 'NONE', *, *, #3447, .F. ) ;
#3576 = DIRECTION ( 'NONE',  ( -0.0000000000000000000, 0.3090169943749458414, -0.9510565162951539753 ) ) ;
#3577 = CARTESIAN_POINT ( 'NONE',  ( -0.05315163775894179293, 7.753612685323950870, 1.599974113471566595 ) ) ;
#3578 = DIRECTION ( 'NONE',  ( 1.000000000000000000, -0.0000000000000000000, -0.0000000000000000000 ) ) ;
#3579 = CARTESIAN_POINT ( 'NONE',  ( 0.8094897901991411349, -1.380553093508819495, 7.800176658887836290 ) ) ;
#3580 = CARTESIAN_POINT ( 'NONE',  ( -1.252957102548845736, 0.9953841254503887903, 7.864841590808931748 ) ) ;
#3581 = EDGE_CURVE ( 'NONE', #3730, #603, #4006, .T. ) ;
#3582 = CARTESIAN_POINT ( 'NONE',  ( -1.497212789405713451, -0.5648465501292263546, 7.911981802783207840 ) ) ;
#3583 = CARTESIAN_POINT ( 'NONE',  ( -1.587046869551079098, 7.931341862758381822, -0.2098220169970750892 ) ) ;
#3584 = CARTESIAN_POINT ( 'NONE',  ( 0.1000000000000000472, 1.250000000000000000, 0.0000000000000000000 ) ) ;
#3585 = CARTESIAN_POINT ( 'NONE',  ( -10.75000000000000000, 0.2381673509765892260, 6.106707545196424114 ) ) ;
#3586 = CARTESIAN_POINT ( 'NONE',  ( -10.75000000000000000, -2.136673189240611226, 5.730569755374103735 ) ) ;
#3587 = PRODUCT_DEFINITION_SHAPE ( 'NONE', 'NONE',  #93 ) ;
#3588 = DIRECTION ( 'NONE',  ( -0.0000000000000000000, 0.2425356250363330801, 0.9701425001453318764 ) ) ;
#3589 = VERTEX_POINT ( 'NONE', #3970 ) ;
#3590 = CARTESIAN_POINT ( 'NONE',  ( -10.75000000000000000, -3.399011035559303284, 5.087376496814743021 ) ) ;
#3591 = LINE ( 'NONE', #4091, #4279 ) ;
#3592 = CARTESIAN_POINT ( 'NONE',  ( -12.69999999999998153, 0.0000000000000000000, 2.000000000000000000 ) ) ;
#3593 = CARTESIAN_POINT ( 'NONE',  ( 1.537990045672756656, 0.4418502319112324606, 7.920635680462641659 ) ) ;
#3594 = VERTEX_POINT ( 'NONE', #5985 ) ;
#3595 = CARTESIAN_POINT ( 'NONE',  ( -1.523181213000977863, -0.4899924340495236397, 7.917470335056465913 ) ) ;
#3596 = ORIENTED_EDGE ( 'NONE', *, *, #3945, .T. ) ;
#3597 = CARTESIAN_POINT ( 'NONE',  ( 1.682618123201219618, 0.05567891278768026531, 7.999854824600516778 ) ) ;
#3598 = FACE_OUTER_BOUND ( 'NONE', #5884, .T. ) ;
#3599 = CARTESIAN_POINT ( 'NONE',  ( -1.602478392443030142, 7.983107830046194842, 0.5197751741219041044 ) ) ;
#3600 = CARTESIAN_POINT ( 'NONE',  ( 1.899999999999999911, 0.7499999999999997780, 1.000000000000000000 ) ) ;
#3601 = CARTESIAN_POINT ( 'NONE',  ( -3.750000000000000000, 4.781651221645094374, -3.791686883723367263 ) ) ;
#3602 = CARTESIAN_POINT ( 'NONE',  ( 0.4365307423053123026, 1.640120612744463857, 7.830087774945109658 ) ) ;
#3603 = CARTESIAN_POINT ( 'NONE',  ( 1.600000000000000089, 1.959434878635765230E-16, 8.000000000000000000 ) ) ;
#3604 = PLANE ( 'NONE',  #527 ) ;
#3605 = CARTESIAN_POINT ( 'NONE',  ( -0.7087018717195406881, 7.789333942890291240, 1.434720064395203609 ) ) ;
#3606 = VECTOR ( 'NONE', #363, 1000.000000000000000 ) ;
#3607 = DIRECTION ( 'NONE',  ( 0.0000000000000000000, -0.5304556061348304485, 0.8477127166205127295 ) ) ;
#3608 = CARTESIAN_POINT ( 'NONE',  ( -1.048620495274478426, -1.208588003534743160, 7.831686819454817261 ) ) ;
#3609 = CARTESIAN_POINT ( 'NONE',  ( -1.055818109237627311, 1.203310861467899340, 7.832656133085848182 ) ) ;
#3610 = AXIS2_PLACEMENT_3D ( 'NONE', #5159, #602, #6200 ) ;
#3611 = CARTESIAN_POINT ( 'NONE',  ( -1.527163487294549871, -0.4774378674414505030, 7.918319514066768150 ) ) ;
#3612 = CARTESIAN_POINT ( 'NONE',  ( -1.597370981475427776, 7.933635503004849099, -0.1055871617909596993 ) ) ;
#3613 = VECTOR ( 'NONE', #324, 1000.000000000000114 ) ;
#3614 = EDGE_CURVE ( 'NONE', #1814, #2129, #3467, .T. ) ;
#3615 = DIRECTION ( 'NONE',  ( 0.0000000000000000000, -0.4472135954999580942, -0.8944271909999157444 ) ) ;
#3616 = FACE_OUTER_BOUND ( 'NONE', #695, .T. ) ;
#3617 = VECTOR ( 'NONE', #2151, 1000.000000000000000 ) ;
#3618 = LINE ( 'NONE', #6034, #5835 ) ;
#3619 =( GEOMETRIC_REPRESENTATION_CONTEXT ( 3 ) GLOBAL_UNCERTAINTY_ASSIGNED_CONTEXT ( ( #433 ) ) GLOBAL_UNIT_ASSIGNED_CONTEXT ( ( #1075, #3553, #5565 ) ) REPRESENTATION_CONTEXT ( 'NONE', 'WORKASPACE' ) );
#3620 = ORIENTED_EDGE ( 'NONE', *, *, #5762, .F. ) ;
#3621 = CARTESIAN_POINT ( 'NONE',  ( -0.3644708611602706649, 7.763070536220224582, 1.557990984729007433 ) ) ;
#3622 = LINE ( 'NONE', #6542, #2147 ) ;
#3623 = CARTESIAN_POINT ( 'NONE',  ( -1.661572408959412606, 7.995374531036209653, -0.2773885815147403844 ) ) ;
#3624 = CARTESIAN_POINT ( 'NONE',  ( -3.750000000000000000, 5.075543847791331054, 3.387178386535892205 ) ) ;
#3625 = VERTEX_POINT ( 'NONE', #1335 ) ;
#3626 = ADVANCED_FACE ( 'NONE', ( #4374 ), #336, .F. ) ;
#3627 = CARTESIAN_POINT ( 'NONE',  ( -0.9119657297916189398, -1.314916242470594909, 7.812709616779285327 ) ) ;
#3628 = ORIENTED_EDGE ( 'NONE', *, *, #5786, .F. ) ;
#3629 = CARTESIAN_POINT ( 'NONE',  ( 0.7699730800689053023, -1.509538095738447661, 7.856301482941137948 ) ) ;
#3630 = CARTESIAN_POINT ( 'NONE',  ( -10.75000000000000000, 6.094874896173013035, -0.2500000000000000000 ) ) ;
#3631 = CARTESIAN_POINT ( 'NONE',  ( -1.456915590930534021, 7.903647691822134114, -0.6618743397677778750 ) ) ;
#3632 = ORIENTED_EDGE ( 'NONE', *, *, #1071, .T. ) ;
#3633 = LINE ( 'NONE', #6552, #1221 ) ;
#3634 = CARTESIAN_POINT ( 'NONE',  ( 0.1084508096029055818, -1.697269971298909885, 7.817881723644935832 ) ) ;
#3635 = VECTOR ( 'NONE', #2020, 1000.000000000000000 ) ;
#3636 = CARTESIAN_POINT ( 'NONE',  ( -0.2747726964636985070, 1.675414778362552592, 7.822602460375619238 ) ) ;
#3637 = PLANE ( 'NONE',  #5079 ) ;
#3638 = ORIENTED_EDGE ( 'NONE', *, *, #5417, .T. ) ;
#3639 = CARTESIAN_POINT ( 'NONE',  ( 1.254486936922398543, -0.9935215746110959145, 7.865107900195834389 ) ) ;
#3640 = CARTESIAN_POINT ( 'NONE',  ( 1.034565572866000149, 7.829600627379444511, 1.220800218835494944 ) ) ;
#3641 = CARTESIAN_POINT ( 'NONE',  ( -12.24999999999999822, 0.0000000000000000000, 0.0000000000000000000 ) ) ;
#3642 = CARTESIAN_POINT ( 'NONE',  ( -1.153384016430661685, -1.108997435095040451, 7.847976311464820220 ) ) ;
#3643 = CARTESIAN_POINT ( 'NONE',  ( -1.661590947038224186, -0.2772696191940686172, 7.995378461797161940 ) ) ;
#3644 = CARTESIAN_POINT ( 'NONE',  ( -0.9957735659644172399, -1.252641813636885537, 7.824031817324425653 ) ) ;
#3645 = EDGE_CURVE ( 'NONE', #5436, #3765, #3398, .T. ) ;
#3646 = CARTESIAN_POINT ( 'NONE',  ( -1.606667984892090395, 7.983964048929211188, 0.5064575153345259872 ) ) ;
#3647 = LINE ( 'NONE', #110, #1052 ) ;
#3648 = LINE ( 'NONE', #4152, #5400 ) ;
#3649 = CARTESIAN_POINT ( 'NONE',  ( -12.24999999999999822, 9.797174393178825657E-16, 8.000000000000000000 ) ) ;
#3650 = ADVANCED_FACE ( 'NONE', ( #6180 ), #2544, .F. ) ;
#3651 = VERTEX_POINT ( 'NONE', #462 ) ;
#3652 = VECTOR ( 'NONE', #6556, 1000.000000000000114 ) ;
#3653 = CARTESIAN_POINT ( 'NONE',  ( -1.219995047523655618, 7.859103725419891440, 1.035520974028128149 ) ) ;
#3654 = DIRECTION ( 'NONE',  ( 0.0000000000000000000, 0.0000000000000000000, 1.000000000000000000 ) ) ;
#3655 = CARTESIAN_POINT ( 'NONE',  ( -1.626696837030338738, 7.988071472258265082, -0.4399620097722690693 ) ) ;
#3656 = LINE ( 'NONE', #1081, #2122 ) ;
#3657 = ORIENTED_EDGE ( 'NONE', *, *, #1676, .F. ) ;
#3658 = CARTESIAN_POINT ( 'NONE',  ( 1.599349954598815016, -0.05265514842756277569, 7.934078441261434023 ) ) ;
#3659 = ORIENTED_EDGE ( 'NONE', *, *, #5558, .F. ) ;
#3660 = CARTESIAN_POINT ( 'NONE',  ( 1.565144013590901606, -0.6252782997233302664, 7.975568304159713406 ) ) ;
#3661 = DIRECTION ( 'NONE',  ( 0.0000000000000000000, -0.3740200118118306993, 0.9274206331348672228 ) ) ;
#3662 = CARTESIAN_POINT ( 'NONE',  ( -0.8186422439382938787, 7.861302627719227942, 1.483272942091162117 ) ) ;
#3663 = VERTEX_POINT ( 'NONE', #2623 ) ;
#3664 = LINE ( 'NONE', #1058, #898 ) ;
#3665 = CARTESIAN_POINT ( 'NONE',  ( 1.683296381748220716, -8.633887954020760531E-05, 7.999999999534100681 ) ) ;
#3666 = CARTESIAN_POINT ( 'NONE',  ( 0.8897237674054556678, 1.441054604916177206, 7.869153130194180612 ) ) ;
#3667 = DIRECTION ( 'NONE',  ( 0.0000000000000000000, -0.4472135954999579277, -0.8944271909999158554 ) ) ;
#3668 = EDGE_LOOP ( 'NONE', ( #3218, #5771 ) ) ;
#3669 = ORIENTED_EDGE ( 'NONE', *, *, #2638, .F. ) ;
#3670 = CARTESIAN_POINT ( 'NONE',  ( 1.422941029433196558, -0.7321097169825118156, 7.896791141629163846 ) ) ;
#3671 = CARTESIAN_POINT ( 'NONE',  ( 0.8455089455859056136, 7.804430055731585547, 1.358600097391184036 ) ) ;
#3672 = VECTOR ( 'NONE', #5409, 1000.000000000000227 ) ;
#3673 = ORIENTED_EDGE ( 'NONE', *, *, #3903, .F. ) ;
#3674 = CARTESIAN_POINT ( 'NONE',  ( 0.1000000000000000472, -0.7499999999999997780, 1.000000000000000000 ) ) ;
#3675 = CARTESIAN_POINT ( 'NONE',  ( 0.2627308559573981461, -1.579112380411931360, 7.758352728636163320 ) ) ;
#3676 = CARTESIAN_POINT ( 'NONE',  ( -1.358597423790487868, 0.8455125962702705333, 7.884237397253871293 ) ) ;
#3677 = CARTESIAN_POINT ( 'NONE',  ( -1.056063271214193522, -1.203094836509880139, 7.832692842917665210 ) ) ;
#3678 =( LENGTH_UNIT ( ) NAMED_UNIT ( * ) SI_UNIT ( .MILLI., .METRE. ) );
#3679 = CARTESIAN_POINT ( 'NONE',  ( -1.385400341741324093, 7.889398173963853012, -0.8008398152007443205 ) ) ;
#3680 = CARTESIAN_POINT ( 'NONE',  ( 1.899999999999999911, -0.7500000000000000000, -1.000000000000000000 ) ) ;
#3681 = DIRECTION ( 'NONE',  ( 0.0000000000000000000, 0.9976079763756666718, -0.06912543288578482104 ) ) ;
#3682 = EDGE_CURVE ( 'NONE', #5601, #1614, #586, .T. ) ;
#3683 = CARTESIAN_POINT ( 'NONE',  ( -10.75000000000000000, 3.394323231001217689, -3.837520563220440994 ) ) ;
#3684 = EDGE_LOOP ( 'NONE', ( #55, #1723, #4953, #266 ) ) ;
#3685 = CARTESIAN_POINT ( 'NONE',  ( -0.9752532063586473177, 7.821167909302801924, 1.268685304020050086 ) ) ;
#3686 = CARTESIAN_POINT ( 'NONE',  ( 1.589422049083565103, -0.2119399530881272975, 3.995734567456985076 ) ) ;
#3687 = CARTESIAN_POINT ( 'NONE',  ( -1.318186349959430181, 7.930042782435255511, -1.055885603882342094 ) ) ;
#3688 = CARTESIAN_POINT ( 'NONE',  ( 1.217129312212274383, 1.038699727018398411, 7.858621876567358555 ) ) ;
#3689 = ORIENTED_EDGE ( 'NONE', *, *, #1457, .T. ) ;
#3690 = CARTESIAN_POINT ( 'NONE',  ( 1.600001335168301120, 0.02620453326175012712, 7.934223914779709119 ) ) ;
#3691 = CARTESIAN_POINT ( 'NONE',  ( 0.7321173570982244527, 1.422915933985555936, 7.791732202549449759 ) ) ;
#3692 = ORIENTED_EDGE ( 'NONE', *, *, #4177, .F. ) ;
#3693 = CARTESIAN_POINT ( 'NONE',  ( 1.668901098831824026, -0.2232597784165447075, 7.996932183927702553 ) ) ;
#3694 = LINE ( 'NONE', #5804, #6281 ) ;
#3695 = CARTESIAN_POINT ( 'NONE',  ( -0.8900751243909934551, 7.869192802363797590, 1.440839526861582121 ) ) ;
#3696 = ORIENTED_EDGE ( 'NONE', *, *, #4256, .T. ) ;
#3697 = EDGE_CURVE ( 'NONE', #1837, #6364, #554, .T. ) ;
#3698 = CARTESIAN_POINT ( 'NONE',  ( 1.396197645363555839, 3.922221749938032076, -0.8087263904774096845 ) ) ;
#3699 = FACE_OUTER_BOUND ( 'NONE', #2093, .T. ) ;
#3700 = CARTESIAN_POINT ( 'NONE',  ( -1.399110272860108584, -0.7765884014598182228, 7.892078855178582764 ) ) ;
#3701 = CARTESIAN_POINT ( 'NONE',  ( -10.75000000000000000, -1.114363807644300097, -5.011275984860160015 ) ) ;
#3702 = EDGE_LOOP ( 'NONE', ( #2551, #1226, #951, #3150 ) ) ;
#3703 = ORIENTED_EDGE ( 'NONE', *, *, #1563, .T. ) ;
#3704 = CARTESIAN_POINT ( 'NONE',  ( 0.9082896652918728275, -1.317399744067212941, 7.812242937326210779 ) ) ;
#3705 = CARTESIAN_POINT ( 'NONE',  ( -0.8460305699129772039, 7.804491922188480757, 1.358280468155081078 ) ) ;
#3706 = LINE ( 'NONE', #1803, #2438 ) ;
#3707 = CARTESIAN_POINT ( 'NONE',  ( -10.75000000000000000, -4.805316519691918309, -3.791686883723365931 ) ) ;
#3708 = EDGE_CURVE ( 'NONE', #2681, #6246, #2591, .T. ) ;
#3709 = CARTESIAN_POINT ( 'NONE',  ( -1.680532484383489455, -0.1119621279215375770, 7.999407438039205509 ) ) ;
#3710 = CARTESIAN_POINT ( 'NONE',  ( -0.9119657297916189398, -1.314916242470594909, 7.812709616779285327 ) ) ;
#3711 = VECTOR ( 'NONE', #5281, 1000.000000000000000 ) ;
#3712 = LINE ( 'NONE', #668, #4870 ) ;
#3713 = CARTESIAN_POINT ( 'NONE',  ( -1.467534564690162524, 7.905823467886831324, -0.6379883496569236367 ) ) ;
#3714 = LINE ( 'NONE', #5157, #5941 ) ;
#3715 = CARTESIAN_POINT ( 'NONE',  ( -10.75000000000000000, 3.779854234699954851, 4.793483870668506341 ) ) ;
#3716 = VECTOR ( 'NONE', #3212, 1000.000000000000114 ) ;
#3717 = AXIS2_PLACEMENT_3D ( 'NONE', #480, #2983, #5569 ) ;
#3718 = LINE ( 'NONE', #5731, #3716 ) ;
#3719 = ORIENTED_EDGE ( 'NONE', *, *, #1946, .F. ) ;
#3720 = AXIS2_PLACEMENT_3D ( 'NONE', #6195, #4213, #5726 ) ;
#3721 =( GEOMETRIC_REPRESENTATION_CONTEXT ( 3 ) GLOBAL_UNCERTAINTY_ASSIGNED_CONTEXT ( ( #2033 ) ) GLOBAL_UNIT_ASSIGNED_CONTEXT ( ( #6098, #2606, #599 ) ) REPRESENTATION_CONTEXT ( 'NONE', 'WORKASPACE' ) );
#3722 = CARTESIAN_POINT ( 'NONE',  ( -0.9119657297916173855, 7.812709616779281774, 1.314916242470596019 ) ) ;
#3723 = AXIS2_PLACEMENT_3D ( 'NONE', #5259, #703, #5524 ) ;
#3724 = DIRECTION ( 'NONE',  ( 1.000000000000000000, -0.0000000000000000000, -0.0000000000000000000 ) ) ;
#3725 = CARTESIAN_POINT ( 'NONE',  ( 0.1087513051136956149, 7.817865867823536874, -1.697343006459282488 ) ) ;
#3726 = CARTESIAN_POINT ( 'NONE',  ( 1.085595580906496105, 1.175383411869189931, 7.837271258269663754 ) ) ;
#3727 = EDGE_LOOP ( 'NONE', ( #5780, #2163, #291, #4491 ) ) ;
#3728 = CARTESIAN_POINT ( 'NONE',  ( 0.7318716655451895647, -1.423042658916788161, 7.791706595811650260 ) ) ;
#3729 = CARTESIAN_POINT ( 'NONE',  ( 1.586348811022864957, 0.2102304187838628935, 7.931188055462353503 ) ) ;
#3730 = VERTEX_POINT ( 'NONE', #2499 ) ;
#3731 = CARTESIAN_POINT ( 'NONE',  ( 1.489968617578106835, -0.7898663520167076291, 7.960921046544278568 ) ) ;
#3732 = CARTESIAN_POINT ( 'NONE',  ( -1.929148837784154968E-14, 7.753606750688905258, 1.599999999354133173 ) ) ;
#3733 = VECTOR ( 'NONE', #4426, 1000.000000000000114 ) ;
#3734 = CARTESIAN_POINT ( 'NONE',  ( 0.1372561359621174149, 7.819060612709864522, 1.691833044404770003 ) ) ;
#3735 = ORIENTED_EDGE ( 'NONE', *, *, #4074, .F. ) ;
#3736 = CARTESIAN_POINT ( 'NONE',  ( -3.736410698672603652E-15, 1.500000000000000000, 1.100000000000003642 ) ) ;
#3737 = DIRECTION ( 'NONE',  ( -1.000000000000000000, -0.0000000000000000000, -0.0000000000000000000 ) ) ;
#3738 = CARTESIAN_POINT ( 'NONE',  ( -1.359751493807632716, -0.8433596657258795037, 7.884465360931449673 ) ) ;
#3739 = CARTESIAN_POINT ( 'NONE',  ( -3.750000000000000000, 3.394323231001217689, -3.837520563220441439 ) ) ;
#3740 = ORIENTED_EDGE ( 'NONE', *, *, #6419, .F. ) ;
#3741 = VERTEX_POINT ( 'NONE', #4647 ) ;
#3742 =( NAMED_UNIT ( * ) SI_UNIT ( $, .STERADIAN. ) SOLID_ANGLE_UNIT ( ) );
#3743 = CARTESIAN_POINT ( 'NONE',  ( 1.589618749007844833, 7.931913235941796536, -0.1838780100857489164 ) ) ;
#3744 = EDGE_CURVE ( 'NONE', #278, #3625, #3633, .T. ) ;
#3745 = LINE ( 'NONE', #5221, #6565 ) ;
#3746 = B_SPLINE_CURVE_WITH_KNOTS ( 'NONE', 3,
 ( #3788, #4385, #4864, #282, #5900, #5362, #347, #2387, #2259, #5834, #2840, #810, #2323, #4773, #742, #3314, #316, #6371, #2358, #5797, #4834, #3919, #4286, #221, #1346, #1222, #3344, #1286 ),
 .UNSPECIFIED., .F., .F.,
 ( 4, 2, 2, 2, 2, 2, 2, 2, 2, 2, 2, 2, 2, 4 ),
 ( 0.005055557890442268984, 0.005371242187971580172, 0.005686926485500890492, 0.006318295080559512000, 0.006633979378088822321, 0.006949663675618133508, 0.007265347973147444696, 0.007581032270676755017, 0.008212400865735377392, 0.008528085163264687713, 0.008843769460793998033, 0.009159453758323308353, 0.009475138055852620408, 0.01010650665091124105 ),
 .UNSPECIFIED. ) ;
#3747 = CARTESIAN_POINT ( 'NONE',  ( -1.683296383926186746, 1.694065894508600678E-18, 8.000000000000000000 ) ) ;
#3748 = CARTESIAN_POINT ( 'NONE',  ( -0.6960129794967712114, -1.545615594093716849, 7.849281375442173747 ) ) ;
#3749 = FILL_AREA_STYLE_COLOUR ( '', #1049 ) ;
#3750 = CARTESIAN_POINT ( 'NONE',  ( -0.2202664969594861355, 7.820845241322555985, 1.683570812049504983 ) ) ;
#3751 = DIRECTION ( 'NONE',  ( -6.938893903907229918E-18, -1.000000000000000000, -3.469446951953617270E-18 ) ) ;
#3752 = PLANE ( 'NONE',  #5725 ) ;
#3753 = CARTESIAN_POINT ( 'NONE',  ( -10.75000000000000000, 5.094874896173013035, 0.5000000000000000000 ) ) ;
#3754 =( LENGTH_UNIT ( ) NAMED_UNIT ( * ) SI_UNIT ( .MILLI., .METRE. ) );
#3755 = ORIENTED_EDGE ( 'NONE', *, *, #3349, .T. ) ;
#3756 = CARTESIAN_POINT ( 'NONE',  ( -0.7781324802980763566, 7.796666620937804382, 1.398282479502565900 ) ) ;
#3757 = FACE_OUTER_BOUND ( 'NONE', #86, .T. ) ;
#3758 = CARTESIAN_POINT ( 'NONE',  ( -0.8493981611359198158, 1.356040303200349628, 7.804917223686842931 ) ) ;
#3759 = ORIENTED_EDGE ( 'NONE', *, *, #2302, .T. ) ;
#3760 = CARTESIAN_POINT ( 'NONE',  ( 1.416238881571512120, -0.7446075835620863392, 7.895465972351307649 ) ) ;
#3761 = CARTESIAN_POINT ( 'NONE',  ( 1.586317052438964925, -0.2104671552203557228, 7.931181024438141769 ) ) ;
#3762 = ORIENTED_EDGE ( 'NONE', *, *, #6111, .F. ) ;
#3763 = CARTESIAN_POINT ( 'NONE',  ( 1.575147863334977139, 0.5991898403920257188, 7.977571886588758154 ) ) ;
#3764 = DIRECTION ( 'NONE',  ( 0.0000000000000000000, 0.1564344650402305081, -0.9876883405951378814 ) ) ;
#3765 = VERTEX_POINT ( 'NONE', #3537 ) ;
#3766 = VECTOR ( 'NONE', #5037, 1000.000000000000114 ) ;
#3767 = CARTESIAN_POINT ( 'NONE',  ( 0.9854826844289156229, 3.793642884547795635, -1.277275813064033816 ) ) ;
#3768 = DIRECTION ( 'NONE',  ( 0.0000000000000000000, 0.4472135954999579277, -0.8944271909999158554 ) ) ;
#3769 = ADVANCED_FACE ( 'NONE', ( #5075 ), #29, .F. ) ;
#3770 = CARTESIAN_POINT ( 'NONE',  ( -1.600000000000000089, -1.620621699734045094E-16, 7.934223616779732424 ) ) ;
#3771 = CARTESIAN_POINT ( 'NONE',  ( -1.487641659890242885, 0.5895838403486503010, 7.909981832217605202 ) ) ;
#3772 = CARTESIAN_POINT ( 'NONE',  ( -3.750000000000000000, 6.094874896173013035, -0.2500000000000000000 ) ) ;
#3773 = CARTESIAN_POINT ( 'NONE',  ( 0.9739945817753165036, 7.820994448622832884, -1.269650229579828871 ) ) ;
#3774 = ORIENTED_EDGE ( 'NONE', *, *, #5300, .F. ) ;
#3775 = FILL_AREA_STYLE ('',( #5255 ) ) ;
#3776 = DIRECTION ( 'NONE',  ( -0.0000000000000000000, 0.9976079763756666718, 0.06912543288578512635 ) ) ;
#3777 = CARTESIAN_POINT ( 'NONE',  ( -1.497017128688888032, -0.7765639415957712455, 7.962257623344747515 ) ) ;
#3778 = CARTESIAN_POINT ( 'NONE',  ( -3.736410698672603652E-15, 1.361803398874993576, -1.718569008245947877E-16 ) ) ;
#3779 = CARTESIAN_POINT ( 'NONE',  ( -10.75000000000000000, 4.690426341461801485, 2.053587674916041994 ) ) ;
#3780 = EDGE_CURVE ( 'NONE', #5533, #5007, #491, .T. ) ;
#3781 = AXIS2_PLACEMENT_3D ( 'NONE', #2100, #1090, #492 ) ;
#3782 = ADVANCED_FACE ( 'NONE', ( #2136 ), #524, .F. ) ;
#3783 = LINE ( 'NONE', #5290, #1263 ) ;
#3784 = ORIENTED_EDGE ( 'NONE', *, *, #5551, .T. ) ;
#3785 = CARTESIAN_POINT ( 'NONE',  ( 1.573982591618419580, 7.928459847876164091, 0.2885589826036825123 ) ) ;
#3786 = CARTESIAN_POINT ( 'NONE',  ( -1.302901992955193933, 7.873819529921154192, 0.9290504318608386880 ) ) ;
#3787 = CARTESIAN_POINT ( 'NONE',  ( 0.7768164627801098510, 1.398826527770742789, 7.796550645793905332 ) ) ;
#3788 = CARTESIAN_POINT ( 'NONE',  ( 1.956488939802080873E-16, 3.666060555964671952, 1.600000000000000089 ) ) ;
#3789 = CARTESIAN_POINT ( 'NONE',  ( 1.202703007798977763, -1.055551606180938018, 7.856151050669285318 ) ) ;
#3790 = CARTESIAN_POINT ( 'NONE',  ( 1.343949067598599667, 0.8686070619726082853, 7.881456051051390688 ) ) ;
#3791 = ORIENTED_EDGE ( 'NONE', *, *, #3081, .F. ) ;
#3792 = ORIENTED_EDGE ( 'NONE', *, *, #577, .T. ) ;
#3793 = CARTESIAN_POINT ( 'NONE',  ( 1.413915378543538992, 0.9214027717715880250, 7.946794980048964341 ) ) ;
#3794 = CARTESIAN_POINT ( 'NONE',  ( -10.75000000000000000, 0.0000000000000000000, 0.0000000000000000000 ) ) ;
#3795 = CARTESIAN_POINT ( 'NONE',  ( -10.75000000000000000, -5.742402404397513926, 2.124840540217201035 ) ) ;
#3796 = CARTESIAN_POINT ( 'NONE',  ( 0.8897237674054556678, 7.869153130194182388, -1.441054604916178761 ) ) ;
#3797 = ORIENTED_EDGE ( 'NONE', *, *, #5223, .T. ) ;
#3798 = DIRECTION ( 'NONE',  ( 1.000000000000000000, -0.0000000000000000000, -0.0000000000000000000 ) ) ;
#3799 = LINE ( 'NONE', #5808, #3134 ) ;
#3800 = CARTESIAN_POINT ( 'NONE',  ( 4.000000000000000000, 0.0000000000000000000, 0.0000000000000000000 ) ) ;
#3801 = CARTESIAN_POINT ( 'NONE',  ( 0.3642863396274317322, 1.558857547547506828, 7.762885183811060408 ) ) ;
#3802 = ORIENTED_EDGE ( 'NONE', *, *, #4616, .F. ) ;
#3803 = CARTESIAN_POINT ( 'NONE',  ( -1.600000000000000089, 7.934223616779730648, 2.672362944077930034E-16 ) ) ;
#3804 = CARTESIAN_POINT ( 'NONE',  ( 1.563682411263666916, 7.926203658408462971, 0.3399776747911373298 ) ) ;
#3805 = ORIENTED_EDGE ( 'NONE', *, *, #1120, .T. ) ;
#3806 = DIRECTION ( 'NONE',  ( 0.0000000000000000000, -0.3740200118118306993, 0.9274206331348672228 ) ) ;
#3807 = DIRECTION ( 'NONE',  ( -1.000000000000000000, 0.0000000000000000000, 0.0000000000000000000 ) ) ;
#3808 = CARTESIAN_POINT ( 'NONE',  ( -0.4640917026095242037, -1.631707353371933955, 7.831832458654075069 ) ) ;
#3809 = LINE ( 'NONE', #1277, #6474 ) ;
#3810 = DIRECTION ( 'NONE',  ( 0.0000000000000000000, 0.1564344650402290093, -0.9876883405951379924 ) ) ;
#3811 = DIRECTION ( 'NONE',  ( -0.0000000000000000000, 0.06912543288578471001, -0.9976079763756667829 ) ) ;
#3812 = ORIENTED_EDGE ( 'NONE', *, *, #30, .F. ) ;
#3813 = EDGE_CURVE ( 'NONE', #4638, #5454, #4073, .T. ) ;
#3814 = CARTESIAN_POINT ( 'NONE',  ( 1.514818149060692898, 7.915690179812954419, -0.5157579117729526041 ) ) ;
#3815 = MECHANICAL_DESIGN_GEOMETRIC_PRESENTATION_REPRESENTATION (  '', ( #4037 ), #2539 ) ;
#3816 = CARTESIAN_POINT ( 'NONE',  ( -1.600000000000000089, 7.934223616779730648, 2.672362944077930034E-16 ) ) ;
#3817 = CARTESIAN_POINT ( 'NONE',  ( -0.8781705528820887841, 1.337484131671344834, 7.808453925612571567 ) ) ;
#3818 = ADVANCED_FACE ( 'NONE', ( #6085 ), #2563, .F. ) ;
#3819 = DIRECTION ( 'NONE',  ( 0.0000000000000000000, 0.7664508966033184434, 0.6423029060310792016 ) ) ;
#3820 = AXIS2_PLACEMENT_3D ( 'NONE', #2437, #2895, #4982 ) ;
#3821 = EDGE_CURVE ( 'NONE', #6307, #4676, #5047, .T. ) ;
#3822 = CARTESIAN_POINT ( 'NONE',  ( 0.05156570203048431444, 1.599384963602288101, 7.753747322595961222 ) ) ;
#3823 = CARTESIAN_POINT ( 'NONE',  ( 1.434567306646679308, 0.7090207084882592659, 7.899121549463909986 ) ) ;
#3824 = VECTOR ( 'NONE', #3924, 1000.000000000000114 ) ;
#3825 = VECTOR ( 'NONE', #886, 1000.000000000000114 ) ;
#3826 = ORIENTED_EDGE ( 'NONE', *, *, #3984, .T. ) ;
#3827 = ORIENTED_EDGE ( 'NONE', *, *, #3821, .T. ) ;
#3828 = CARTESIAN_POINT ( 'NONE',  ( 0.8897237674054556678, 1.441054604916177206, 7.869153130194180612 ) ) ;
#3829 = CARTESIAN_POINT ( 'NONE',  ( 3.750000000000000000, 0.0000000000000000000, 8.000000000000000000 ) ) ;
#3830 = FILL_AREA_STYLE ('',( #6277 ) ) ;
#3831 = EDGE_CURVE ( 'NONE', #5932, #2689, #3664, .T. ) ;
#3832 = CARTESIAN_POINT ( 'NONE',  ( 1.532941686734916820, 7.969205455666915405, -0.7017139842300093022 ) ) ;
#3833 = EDGE_LOOP ( 'NONE', ( #1022, #3554, #5793, #1341 ) ) ;
#3834 = AXIS2_PLACEMENT_3D ( 'NONE', #1636, #6100, #3681 ) ;
#3835 = DIRECTION ( 'NONE',  ( -0.0000000000000000000, 0.4472135954999580942, 0.8944271909999157444 ) ) ;
#3836 = VECTOR ( 'NONE', #5593, 1000.000000000000114 ) ;
#3837 = DIRECTION ( 'NONE',  ( 0.0000000000000000000, 0.0000000000000000000, -1.000000000000000000 ) ) ;
#3838 = CARTESIAN_POINT ( 'NONE',  ( -1.606590928079761893, 0.5067061021240243379, 7.983948282459913948 ) ) ;
#3839 = CARTESIAN_POINT ( 'NONE',  ( 0.9323442427894927942, -1.301321906058254818, 7.815274029343653339 ) ) ;
#3840 = PRESENTATION_LAYER_ASSIGNMENT (  '', '', ( #4668 ) ) ;
#3841 = VECTOR ( 'NONE', #928, 1000.000000000000000 ) ;
#3842 = CARTESIAN_POINT ( 'NONE',  ( 0.1303771475525168921, 1.594899209050382183, 7.754770334353034755 ) ) ;
#3843 = ORIENTED_EDGE ( 'NONE', *, *, #753, .F. ) ;
#3844 = LINE ( 'NONE', #2700, #1487 ) ;
#3845 = CARTESIAN_POINT ( 'NONE',  ( 1.487694291782697409, 7.909992799512982842, 0.5894503071590072585 ) ) ;
#3846 = CARTESIAN_POINT ( 'NONE',  ( 0.1084508095797098864, 7.817881723644975800, 1.697269971298729807 ) ) ;
#3847 = CARTESIAN_POINT ( 'NONE',  ( -0.8426355682377718592, -1.469551438746176997, 7.863881418121809297 ) ) ;
#3848 = CARTESIAN_POINT ( 'NONE',  ( -10.75000000000000000, 4.999443335836748936, -1.102531158620889240 ) ) ;
#3849 = CONTEXT_DEPENDENT_SHAPE_REPRESENTATION ( #1561, #3954 ) ;
#3850 = FACE_BOUND ( 'NONE', #2943, .T. ) ;
#3851 = ORIENTED_EDGE ( 'NONE', *, *, #2035, .F. ) ;
#3852 = EDGE_CURVE ( 'NONE', #2129, #2208, #59, .T. ) ;
#3853 = STYLED_ITEM ( 'NONE', ( #3321 ), #5720 ) ;
#3854 = FACE_OUTER_BOUND ( 'NONE', #5846, .T. ) ;
#3855 = ORIENTED_EDGE ( 'NONE', *, *, #909, .T. ) ;
#3856 = CARTESIAN_POINT ( 'NONE',  ( 1.487788080119396561, 7.910012346742720801, -0.5892121070698714824 ) ) ;
#3857 = CARTESIAN_POINT ( 'NONE',  ( -1.672359089662722953, 7.997640097136843984, -0.2228000781314671830 ) ) ;
#3858 = CARTESIAN_POINT ( 'NONE',  ( -0.7308876545833329352, 1.423369300039309726, 7.791632324734729664 ) ) ;
#3859 = FACE_OUTER_BOUND ( 'NONE', #1577, .T. ) ;
#3860 = CARTESIAN_POINT ( 'NONE',  ( 1.487788080119396561, 0.5892121070698711494, 7.910012346742722578 ) ) ;
#3861 = EDGE_CURVE ( 'NONE', #1983, #6138, #4134, .T. ) ;
#3862 = CARTESIAN_POINT ( 'NONE',  ( 3.750000000000000000, 9.797174393178825657E-16, -8.000000000000000000 ) ) ;
#3863 = VERTEX_POINT ( 'NONE', #999 ) ;
#3864 = CARTESIAN_POINT ( 'NONE',  ( -0.2202431030227550990, 1.683573454047931461, 7.820844671262620729 ) ) ;
#3865 = CARTESIAN_POINT ( 'NONE',  ( -12.25000000000000000, 0.0000000000000000000, -4.000000000000000000 ) ) ;
#3866 = CARTESIAN_POINT ( 'NONE',  ( 1.385821779855080038, 7.889488671939533404, 0.7997865752057217170 ) ) ;
#3867 = CARTESIAN_POINT ( 'NONE',  ( 1.509251224860728380, 7.964606929160326310, -0.7521164340533840198 ) ) ;
#3868 = ORIENTED_EDGE ( 'NONE', *, *, #846, .F. ) ;
#3869 = DIRECTION ( 'NONE',  ( 1.000000000000000000, -0.0000000000000000000, -0.0000000000000000000 ) ) ;
#3870 = EDGE_CURVE ( 'NONE', #1798, #2353, #5141, .T. ) ;
#3871 = DIRECTION ( 'NONE',  ( 0.0000000000000000000, 0.0000000000000000000, 1.000000000000000000 ) ) ;
#3872 = CARTESIAN_POINT ( 'NONE',  ( -1.267558878044104942, -0.9765395478103041649, 7.867439927684586110 ) ) ;
#3873 = CARTESIAN_POINT ( 'NONE',  ( 1.269343447334858821, -0.9754385013575852525, 7.867693578599865845 ) ) ;
#3874 = CARTESIAN_POINT ( 'NONE',  ( -0.3773069066881224454, 1.554932329729940665, 7.763749410612537538 ) ) ;
#3875 = ORIENTED_EDGE ( 'NONE', *, *, #5098, .F. ) ;
#3876 = CARTESIAN_POINT ( 'NONE',  ( -10.75000000000000000, -2.608971534673094173, -4.425305815512913021 ) ) ;
#3877 = CARTESIAN_POINT ( 'NONE',  ( 0.02671586668718018559, 7.817882861154977547, 1.697264686373377796 ) ) ;
#3878 = CARTESIAN_POINT ( 'NONE',  ( 1.467731899879564317, 7.905864049682175043, -0.6375322215605681020 ) ) ;
#3879 = CARTESIAN_POINT ( 'NONE',  ( -10.75000000000000000, 5.075543847791331054, 3.387178386535892205 ) ) ;
#3880 = CARTESIAN_POINT ( 'NONE',  ( 1.221212436048822125, 7.859330830693530778, -1.033768953888421382 ) ) ;
#3881 = CARTESIAN_POINT ( 'NONE',  ( -1.283508282440266823, -1.098462052024162583, 7.924257348934838241 ) ) ;
#3882 = CARTESIAN_POINT ( 'NONE',  ( 0.1056451941487087931, -1.599986684330859443, 3.666066367399069659 ) ) ;
#3883 = LINE ( 'NONE', #4856, #5516 ) ;
#3884 = CARTESIAN_POINT ( 'NONE',  ( -10.75000000000000000, 2.113007891193788179, -5.730569755374103735 ) ) ;
#3885 = ORIENTED_EDGE ( 'NONE', *, *, #4388, .F. ) ;
#3886 = CARTESIAN_POINT ( 'NONE',  ( 1.545154966794805240, 7.922180082046876848, 0.4161469138305907700 ) ) ;
#3887 = CARTESIAN_POINT ( 'NONE',  ( -0.9092827623660195702, 7.812390132546473076, 1.316569985546040877 ) ) ;
#3888 = CARTESIAN_POINT ( 'NONE',  ( -0.6716171730480182678, 1.452627086342609175, 7.785667863107065934 ) ) ;
#3889 = FACE_OUTER_BOUND ( 'NONE', #4641, .T. ) ;
#3890 = CARTESIAN_POINT ( 'NONE',  ( 1.269512159141754637, 0.9752159356713022698, 7.867723907824121454 ) ) ;
#3891 = LINE ( 'NONE', #847, #2649 ) ;
#3892 = ORIENTED_EDGE ( 'NONE', *, *, #4470, .T. ) ;
#3893 = VERTEX_POINT ( 'NONE', #5643 ) ;
#3894 = CARTESIAN_POINT ( 'NONE',  ( 1.170649061140181635, 1.219919862007205591, 7.906465291162600550 ) ) ;
#3895 = DIRECTION ( 'NONE',  ( -1.000000000000000000, -0.0000000000000000000, -0.0000000000000000000 ) ) ;
#3896 = CARTESIAN_POINT ( 'NONE',  ( 0.9086559914333360854, 7.812290103145635101, 1.317147298789242305 ) ) ;
#3897 = CARTESIAN_POINT ( 'NONE',  ( 1.024700973416305949, 7.885832138214573739, -1.346822161517426952 ) ) ;
#3898 = VERTEX_POINT ( 'NONE', #1121 ) ;
#3899 = LINE ( 'NONE', #3388, #3672 ) ;
#3900 = LINE ( 'NONE', #2852, #3733 ) ;
#3901 = CARTESIAN_POINT ( 'NONE',  ( 0.6368151820195910862, 1.467869085870357138, 7.782487760350128347 ) ) ;
#3902 = DIRECTION ( 'NONE',  ( 0.0000000000000000000, -0.4472135954999580942, -0.8944271909999157444 ) ) ;
#3903 = EDGE_CURVE ( 'NONE', #1295, #1429, #6054, .T. ) ;
#3904 = B_SPLINE_CURVE_WITH_KNOTS ( 'NONE', 3,
 ( #3816, #5296, #1185, #1816, #3247, #248, #808, #2285, #5263, #5832, #5766, #4862, #707, #2191, #4254, #6270, #1744, #4222, #4284, #2742, #3786, #407, #876, #2976, #2418, #2385, #1918, #5527, #4507, #2937, #5966, #314, #4015, #911, #4899, #4957, #3445, #6029, #2876, #6402, #1850, #4443, #4994, #2904, #841, #2453, #4477, #6470, #3951, #6438, #1409, #1442, #3887, #4413, #6533, #3917, #1344, #1472, #5429, #6503, #3478, #1883, #5461, #1948, #5490, #3985, #5898, #3374, #979, #5934, #5999, #2481, #1379 ),
 .UNSPECIFIED., .F., .F.,
 ( 4, 2, 2, 2, 2, 1, 2, 2, 1, 2, 2, 2, 1, 2, 2, 1, 1, 2, 2, 2, 2, 2, 1, 2, 2, 1, 2, 2, 2, 2, 2, 2, 2, 2, 2, 2, 2, 2, 2, 4 ),
 ( 0.0000000000000000000, 0.03125978686628917008, 0.04688968029943376553, 0.05470462701600603550, 0.06251957373257829853, 0.07033452044915058932, 0.07424199380743669308, 0.07814946716572281071, 0.08596441388229505987, 0.08987188724058117750, 0.09377936059886728126, 0.1015943073154395859, 0.1055017806737256758, 0.1074555173528687069, 0.1094092540320117657, 0.1133167273902979666, 0.1152704640694410115, 0.1162473324090125548, 0.1172242007485841120, 0.1211316741068700908, 0.1250391474651560697, 0.1289466208234420486, 0.1309003575025850519, 0.1318772258421565813, 0.1328540941817281107, 0.1367615675400142838, 0.1387153042191573427, 0.1406690408983004570, 0.1484839876148725535, 0.1523914609731586156, 0.1562989343314446500, 0.1641138810480166910, 0.1680213544063026976, 0.1719288277645887320, 0.1797437744811608007, 0.1875587211977328417, 0.1953736679143049104, 0.2031886146308770069, 0.2188185080640210334, 0.2500782949303090863 ),
 .UNSPECIFIED. ) ;
#3905 = CARTESIAN_POINT ( 'NONE',  ( 0.6187299362447191697, 7.842696096437765441, 1.578681709603969807 ) ) ;
#3906 = CARTESIAN_POINT ( 'NONE',  ( -1.434561426575445608, 7.899120529009547198, -0.7090234161698153459 ) ) ;
#3907 = DIRECTION ( 'NONE',  ( 0.0000000000000000000, -0.3090169943749460080, 0.9510565162951539753 ) ) ;
#3908 = LINE ( 'NONE', #6493, #1225 ) ;
#3909 = CARTESIAN_POINT ( 'NONE',  ( 1.456940643580136197, 0.8505371508161455596, 7.954694076446137352 ) ) ;
#3910 = CARTESIAN_POINT ( 'NONE',  ( 1.682612497005434360, 7.999853620946111299, 0.05585563580270727635 ) ) ;
#3911 = CARTESIAN_POINT ( 'NONE',  ( 1.385972628565239395, -0.8061164638949002148, 3.918924245769062953 ) ) ;
#3912 = DIRECTION ( 'NONE',  ( -0.0000000000000000000, 0.8477127166205128406, -0.5304556061348302265 ) ) ;
#3913 = EDGE_CURVE ( 'NONE', #1542, #5828, #2757, .T. ) ;
#3914 = EDGE_CURVE ( 'NONE', #1088, #5601, #1231, .T. ) ;
#3915 = ORIENTED_EDGE ( 'NONE', *, *, #3697, .T. ) ;
#3916 = CARTESIAN_POINT ( 'NONE',  ( 1.538205200922952987, 7.920681872344125019, -0.4411397666259885830 ) ) ;
#3917 = CARTESIAN_POINT ( 'NONE',  ( -0.8435872593808406705, 7.804200386774486908, 1.359797997869292452 ) ) ;
#3918 = CARTESIAN_POINT ( 'NONE',  ( -1.181741689850457799, 1.078653466585080434, 7.852650360265926111 ) ) ;
#3919 = CARTESIAN_POINT ( 'NONE',  ( -1.058507428472711398, 3.815170895529402806, -1.204294275040973083 ) ) ;
#3920 = CARTESIAN_POINT ( 'NONE',  ( 1.523018143514644818, 0.4910145314762215385, 7.917432898309613165 ) ) ;
#3921 = CARTESIAN_POINT ( 'NONE',  ( -10.75000000000000000, -2.136673189240612558, -5.730569755374101959 ) ) ;
#3922 = ORIENTED_EDGE ( 'NONE', *, *, #635, .F. ) ;
#3923 = ORIENTED_EDGE ( 'NONE', *, *, #783, .F. ) ;
#3924 = DIRECTION ( 'NONE',  ( 0.0000000000000000000, -0.9701425001453318764, -0.2425356250363329691 ) ) ;
#3925 = CARTESIAN_POINT ( 'NONE',  ( -1.683296383926186746, 1.694065894508600678E-18, 8.000000000000000000 ) ) ;
#3926 = AXIS2_PLACEMENT_3D ( 'NONE', #3300, #2311, #1703 ) ;
#3927 = CARTESIAN_POINT ( 'NONE',  ( 0.6361562264251277021, 7.782399941288626444, 1.468312085949174950 ) ) ;
#3928 = CARTESIAN_POINT ( 'NONE',  ( 1.625635347866215108, 7.987864743072615958, -0.4412942222552209692 ) ) ;
#3929 = CARTESIAN_POINT ( 'NONE',  ( 1.265591887591354547, 7.921325086865479648, -1.119392006327042832 ) ) ;
#3930 = ORIENTED_EDGE ( 'NONE', *, *, #13, .T. ) ;
#3931 = VECTOR ( 'NONE', #1375, 1000.000000000000000 ) ;
#3932 = CARTESIAN_POINT ( 'NONE',  ( -3.750000000000000000, 6.094874896173013035, -0.2500000000000000000 ) ) ;
#3933 = EDGE_CURVE ( 'NONE', #4837, #2307, #6348, .T. ) ;
#3934 = CARTESIAN_POINT ( 'NONE',  ( -0.8900751243909934551, -1.440839526861580122, 7.869192802363795813 ) ) ;
#3935 = CARTESIAN_POINT ( 'NONE',  ( -3.750000000000000000, -5.099209145838150548, 3.387178386535893093 ) ) ;
#3936 = VECTOR ( 'NONE', #5567, 1000.000000000000114 ) ;
#3937 = CARTESIAN_POINT ( 'NONE',  ( 1.428460543699472618, 7.949441072984442691, 0.8983078198186694729 ) ) ;
#3938 = CARTESIAN_POINT ( 'NONE',  ( 0.2093480922250383625, 7.756685939553184639, -1.586463451625073962 ) ) ;
#3939 = VECTOR ( 'NONE', #1037, 1000.000000000000114 ) ;
#3940 = PLANE ( 'NONE',  #2847 ) ;
#3941 = CARTESIAN_POINT ( 'NONE',  ( 1.143360447534721880, 7.846349390188635198, -1.119375792776126755 ) ) ;
#3942 = CARTESIAN_POINT ( 'NONE',  ( 1.645088092805693680, -0.3606422116596633143, 7.991913554486361093 ) ) ;
#3943 = AXIS2_PLACEMENT_3D ( 'NONE', #1747, #3819, #2878 ) ;
#3944 = EDGE_CURVE ( 'NONE', #1325, #1549, #1643, .T. ) ;
#3945 = EDGE_CURVE ( 'NONE', #3898, #4173, #2659, .T. ) ;
#3946 = CARTESIAN_POINT ( 'NONE',  ( 0.5930402021842130500, 7.840676831455893669, 1.588671649541584019 ) ) ;
#3947 = CARTESIAN_POINT ( 'NONE',  ( -1.359340210743543054, 7.884334226354441810, 0.8455252255004090944 ) ) ;
#3948 = DIRECTION ( 'NONE',  ( 0.0000000000000000000, 0.0000000000000000000, 1.000000000000000000 ) ) ;
#3949 = DIRECTION ( 'NONE',  ( 1.000000000000000000, -0.0000000000000000000, -0.0000000000000000000 ) ) ;
#3950 = CARTESIAN_POINT ( 'NONE',  ( -0.8455073780406512363, 7.804456216269463731, -1.358414737894273916 ) ) ;
#3951 = CARTESIAN_POINT ( 'NONE',  ( -0.9930465109189690054, 7.823641241247377032, 1.254871370527769425 ) ) ;
#3952 = CARTESIAN_POINT ( 'NONE',  ( -1.404148062877959235, 0.7671712448553914543, 7.893075186444335145 ) ) ;
#3953 = CARTESIAN_POINT ( 'NONE',  ( -1.085726605909627329, 7.837291356153122557, -1.175261742641054097 ) ) ;
#3954 = PRODUCT_DEFINITION_SHAPE ( 'NONE', 'NONE',  #6585 ) ;
#3955 = CARTESIAN_POINT ( 'NONE',  ( -3.750000000000000000, 3.375345737512480682, 5.087376496814741245 ) ) ;
#3956 = ORIENTED_EDGE ( 'NONE', *, *, #5964, .T. ) ;
#3957 = ORIENTED_EDGE ( 'NONE', *, *, #4783, .F. ) ;
#3958 = CARTESIAN_POINT ( 'NONE',  ( -1.602397040339151202, 0.5200302963652192467, 7.983091226165478282 ) ) ;
#3959 = CARTESIAN_POINT ( 'NONE',  ( -10.75000000000000000, 4.690426341461801485, -2.053587674916043326 ) ) ;
#3960 = CARTESIAN_POINT ( 'NONE',  ( 1.079585096567691194, 7.836351129381135650, 1.180912363952464794 ) ) ;
#3961 = CARTESIAN_POINT ( 'NONE',  ( 1.368207750825155555, 7.938613455873586133, -0.9902282260677516268 ) ) ;
#3962 = CARTESIAN_POINT ( 'NONE',  ( -1.661572408959412606, 7.995374531036209653, -0.2773885815147403844 ) ) ;
#3963 = ORIENTED_EDGE ( 'NONE', *, *, #4787, .T. ) ;
#3964 = CARTESIAN_POINT ( 'NONE',  ( 0.8050496145719637786, 1.386594490174605898, 3.752479713006957596 ) ) ;
#3965 = VERTEX_POINT ( 'NONE', #5309 ) ;
#3966 = CARTESIAN_POINT ( 'NONE',  ( -1.683296383926186746, -3.388131789017201356E-18, 8.000000000000000000 ) ) ;
#3967 = DIRECTION ( 'NONE',  ( -0.6479361632942979288, -0.4004465714560807021, 0.6479361632942977067 ) ) ;
#3968 = CARTESIAN_POINT ( 'NONE',  ( 1.593617059771487154, 7.981300138870790484, 0.5472940739167861945 ) ) ;
#3969 = CARTESIAN_POINT ( 'NONE',  ( -0.3644174434636955340, 7.763067764184185648, -1.558003462123542349 ) ) ;
#3970 = CARTESIAN_POINT ( 'NONE',  ( -10.75000000000000000, -2.136673189240611226, 5.730569755374103735 ) ) ;
#3971 = EDGE_CURVE ( 'NONE', #5812, #4194, #1262, .T. ) ;
#3972 = CARTESIAN_POINT ( 'NONE',  ( 1.158805386164277529, 7.848856392768884582, -1.103382382854765309 ) ) ;
#3973 = UNCERTAINTY_MEASURE_WITH_UNIT (LENGTH_MEASURE( 1.000000000000000082E-05 ), #1602, 'distance_accuracy_value', 'NONE');
#3974 = CARTESIAN_POINT ( 'NONE',  ( 1.682618123201219618, 0.05567891278768026531, 7.999854824600516778 ) ) ;
#3975 = EDGE_CURVE ( 'NONE', #6185, #2689, #1757, .T. ) ;
#3976 = CARTESIAN_POINT ( 'NONE',  ( 1.470385690949840729, 7.957210652930835515, 0.8266837089808281025 ) ) ;
#3977 = EDGE_CURVE ( 'NONE', #626, #3165, #5173, .T. ) ;
#3978 = CARTESIAN_POINT ( 'NONE',  ( -3.750000000000000000, 5.873245603538165938, -1.649312282069625546 ) ) ;
#3979 = CARTESIAN_POINT ( 'NONE',  ( -10.75000000000000000, -0.2618326490234123005, -6.106707545196424114 ) ) ;
#3980 = ORIENTED_EDGE ( 'NONE', *, *, #3413, .T. ) ;
#3981 = DIRECTION ( 'NONE',  ( -0.0000000000000000000, 0.3090169943749490056, 0.9510565162951529761 ) ) ;
#3982 = VERTEX_POINT ( 'NONE', #4684 ) ;
#3983 = CARTESIAN_POINT ( 'NONE',  ( 1.149853491661845029, 7.847385357295125985, -1.112889994126661009 ) ) ;
#3984 = EDGE_CURVE ( 'NONE', #3741, #6185, #127, .T. ) ;
#3985 = CARTESIAN_POINT ( 'NONE',  ( -0.5636167404800911385, 7.776204731258793856, 1.497671116857115070 ) ) ;
#3986 = SURFACE_SIDE_STYLE ('',( #980 ) ) ;
#3987 = CARTESIAN_POINT ( 'NONE',  ( -0.9599661370570718999, 7.819054549689292699, -1.280483460079776536 ) ) ;
#3988 = EDGE_CURVE ( 'NONE', #2242, #5139, #2169, .T. ) ;
#3989 = LINE ( 'NONE', #1982, #2132 ) ;
#3990 = ORIENTED_EDGE ( 'NONE', *, *, #2879, .T. ) ;
#3991 = VERTEX_POINT ( 'NONE', #1195 ) ;
#3992 = CARTESIAN_POINT ( 'NONE',  ( -0.5168114931098523046, 1.615516778837787992, 7.835188193139070556 ) ) ;
#3993 = FACE_OUTER_BOUND ( 'NONE', #3127, .T. ) ;
#3994 = CARTESIAN_POINT ( 'NONE',  ( 0.9287867351583866116, 7.814907044903054434, 1.303085608668336226 ) ) ;
#3995 = CARTESIAN_POINT ( 'NONE',  ( 1.618284532781287366, 7.986345991653709397, -0.4679531418783975938 ) ) ;
#3996 = CARTESIAN_POINT ( 'NONE',  ( -1.602397040339150980, 7.983091226165476506, -0.5200302963652190247 ) ) ;
#3997 = ORIENTED_EDGE ( 'NONE', *, *, #4340, .T. ) ;
#3998 = CARTESIAN_POINT ( 'NONE',  ( -0.5652911886151110732, -1.497039673389012560, 7.776338793493260404 ) ) ;
#3999 = AXIS2_PLACEMENT_3D ( 'NONE', #1122, #1792, #3227 ) ;
#4000 = VERTEX_POINT ( 'NONE', #4718 ) ;
#4001 = CARTESIAN_POINT ( 'NONE',  ( -0.5168833456738498588, -1.615493549950650642, 7.835192986319868602 ) ) ;
#4002 = CARTESIAN_POINT ( 'NONE',  ( -3.750000000000000000, 2.113007891193789956, 5.730569755374102847 ) ) ;
#4004 = ORIENTED_EDGE ( 'NONE', *, *, #5762, .T. ) ;
#4003 = CARTESIAN_POINT ( 'NONE',  ( 1.645088092805694568, 7.991913554486361093, 0.3606422116596597061 ) ) ;
#4005 = CARTESIAN_POINT ( 'NONE',  ( 0.5148142139569855669, 7.772323662465276506, -1.515813472325679312 ) ) ;
#4006 = LINE ( 'NONE', #5921, #4451 ) ;
#4007 = CARTESIAN_POINT ( 'NONE',  ( 0.8667632145353268980, 7.807036550554118826, -1.344954416457334379 ) ) ;
#4008 = CARTESIAN_POINT ( 'NONE',  ( 1.660723949432456603, 0.2784283759574953665, 7.995201324763639761 ) ) ;
#4009 = EDGE_CURVE ( 'NONE', #1789, #4884, #164, .T. ) ;
#4010 = CARTESIAN_POINT ( 'NONE',  ( 1.575063062967654748, 7.977554852271078190, 0.5994174729450478800 ) ) ;
#4011 = CARTESIAN_POINT ( 'NONE',  ( -1.546250872872039661, 7.922403930401352490, 0.4145617977074293470 ) ) ;
#4012 = PLANE ( 'NONE',  #4364 ) ;
#4013 = PLANE ( 'NONE',  #4462 ) ;
#4014 = CARTESIAN_POINT ( 'NONE',  ( 0.05156570203048437689, 7.753747322595959446, -1.599384963602287879 ) ) ;
#4015 = CARTESIAN_POINT ( 'NONE',  ( -1.178729599352406732, 7.852146698745822384, 1.081983143070567976 ) ) ;
#4016 = CARTESIAN_POINT ( 'NONE',  ( -1.220713617872091650, 1.034358187878946955, 7.859244996576558506 ) ) ;
#4017 = CARTESIAN_POINT ( 'NONE',  ( -1.245167634289164660, 7.863489823785587696, -1.004792309584951360 ) ) ;
#4018 = CARTESIAN_POINT ( 'NONE',  ( 1.683296381748220716, -8.633887954020760531E-05, 7.999999999534100681 ) ) ;
#4019 = FACE_OUTER_BOUND ( 'NONE', #1166, .T. ) ;
#4020 = EDGE_CURVE ( 'NONE', #4942, #1654, #1357, .T. ) ;
#4021 = ORIENTED_EDGE ( 'NONE', *, *, #2626, .F. ) ;
#4022 = CARTESIAN_POINT ( 'NONE',  ( -1.047320365608278570, 1.329015276192037076, 7.888855049170666156 ) ) ;
#4023 = LINE ( 'NONE', #1449, #1152 ) ;
#4024 = ADVANCED_FACE ( 'NONE', ( #5563 ), #4997, .F. ) ;
#4025 = CARTESIAN_POINT ( 'NONE',  ( -10.75000000000000000, 3.375345737512479349, -5.087376496814743021 ) ) ;
#4026 = CARTESIAN_POINT ( 'NONE',  ( -0.4373747886612951441, 7.830267225984439250, -1.639196109806128066 ) ) ;
#4027 = CARTESIAN_POINT ( 'NONE',  ( -1.565088641669497349, 7.975557245943150519, -0.6254199493327414761 ) ) ;
#4028 = ORIENTED_EDGE ( 'NONE', *, *, #5924, .T. ) ;
#4029 = CARTESIAN_POINT ( 'NONE',  ( -0.3257812314867961079, -1.566538334280460631, 7.761166323302287395 ) ) ;
#4030 = CONICAL_SURFACE ( 'NONE', #3383, 1.500000000000000000, 0.7853981633974479459 ) ;
#4031 = ORIENTED_EDGE ( 'NONE', *, *, #2317, .T. ) ;
#4032 = EDGE_CURVE ( 'NONE', #652, #384, #4574, .T. ) ;
#4033 = CARTESIAN_POINT ( 'NONE',  ( -1.343913042096738009, -1.022097446019053280, 7.934446659317710981 ) ) ;
#4034 = CARTESIAN_POINT ( 'NONE',  ( -10.75000000000000000, -4.714091639508624532, -2.053587674916041106 ) ) ;
#4035 = CARTESIAN_POINT ( 'NONE',  ( 1.625635347866215108, 7.987864743072615958, -0.4412942222552209692 ) ) ;
#4036 = CARTESIAN_POINT ( 'NONE',  ( -1.202532285692247793, 7.856122203426843420, -1.055744800906450065 ) ) ;
#4037 = STYLED_ITEM ( 'NONE', ( #4441 ), #969 ) ;
#4038 = DIRECTION ( 'NONE',  ( -0.0000000000000000000, -1.000000000000000000, -0.0000000000000000000 ) ) ;
#4039 = PLANE ( 'NONE',  #5142 ) ;
#4040 = CARTESIAN_POINT ( 'NONE',  ( 1.508864755614953257, -0.7525159048657005245, 7.964538738508058380 ) ) ;
#4041 = AXIS2_PLACEMENT_3D ( 'NONE', #5338, #2846, #3382 ) ;
#4042 = STYLED_ITEM ( 'NONE', ( #2113 ), #3102 ) ;
#4043 = CARTESIAN_POINT ( 'NONE',  ( 1.532791998671466649, 7.969176121683041458, 0.7020496152032449366 ) ) ;
#4044 = FACE_OUTER_BOUND ( 'NONE', #661, .T. ) ;
#4045 = CARTESIAN_POINT ( 'NONE',  ( 0.1000000000000004774, 0.7500000000000000000, -1.000000000000000000 ) ) ;
#4046 = AXIS2_PLACEMENT_3D ( 'NONE', #4387, #320, #779 ) ;
#4047 = CARTESIAN_POINT ( 'NONE',  ( -0.1056211755316082690, -1.599948177249919556, 7.753619321903313377 ) ) ;
#4048 = VECTOR ( 'NONE', #4952, 1000.000000000000000 ) ;
#4049 = CARTESIAN_POINT ( 'NONE',  ( 0.2614087918340601280, 1.578720264387469374, 7.758434355311357500 ) ) ;
#4050 = CARTESIAN_POINT ( 'NONE',  ( -10.75000000000000000, 2.113007891193789956, 5.730569755374102847 ) ) ;
#4051 = AXIS2_PLACEMENT_3D ( 'NONE', #825, #2857, #1396 ) ;
#4052 = CARTESIAN_POINT ( 'NONE',  ( -1.149497642161826816, 7.847328003225570114, -1.113252624021642045 ) ) ;
#4053 = CARTESIAN_POINT ( 'NONE',  ( -1.519066065890200656, 0.5139329610305684026, 7.916481288235132752 ) ) ;
#4054 = CARTESIAN_POINT ( 'NONE',  ( -1.416225306927450189, 7.895463668036008187, -0.7446183887469999263 ) ) ;
#4055 = DIRECTION ( 'NONE',  ( -0.0000000000000000000, -0.7664508966033183324, -0.6423029060310792016 ) ) ;
#4056 = ADVANCED_FACE ( 'NONE', ( #2889 ), #446, .F. ) ;
#4057 = DIRECTION ( 'NONE',  ( 0.0000000000000000000, 0.3090169943749490611, 0.9510565162951530871 ) ) ;
#4058 = ORIENTED_EDGE ( 'NONE', *, *, #2325, .F. ) ;
#4059 = CARTESIAN_POINT ( 'NONE',  ( -1.335300698232781080, 1.033792250772292753, 7.932955541831691271 ) ) ;
#4060 = CARTESIAN_POINT ( 'NONE',  ( -3.750000000000000000, -3.803519532746777898, -4.793483870668505453 ) ) ;
#4061 = CARTESIAN_POINT ( 'NONE',  ( 0.1000000000000000472, 0.7499999999999997780, 1.000000000000000000 ) ) ;
#4062 = CARTESIAN_POINT ( 'NONE',  ( -1.384092555118455525, 7.941455510226290038, -0.9663449559052191828 ) ) ;
#4063 = LINE ( 'NONE', #1019, #5396 ) ;
#4064 = ORIENTED_EDGE ( 'NONE', *, *, #3821, .F. ) ;
#4065 = EDGE_CURVE ( 'NONE', #384, #4250, #2851, .T. ) ;
#4066 = CARTESIAN_POINT ( 'NONE',  ( -1.457007973527203459, -0.6616707282086495834, 7.903666549730986368 ) ) ;
#4067 = VECTOR ( 'NONE', #1117, 999.9999999999998863 ) ;
#4068 = ORIENTED_EDGE ( 'NONE', *, *, #5289, .T. ) ;
#4069 = CARTESIAN_POINT ( 'NONE',  ( -0.3834453016484727361, -1.652688856183484489, 7.827428024390396644 ) ) ;
#4070 = CARTESIAN_POINT ( 'NONE',  ( -10.75000000000000000, -4.437138464536324101, 2.597138885649683093 ) ) ;
#4071 = CARTESIAN_POINT ( 'NONE',  ( -0.6203091578534368766, 7.842823501303402445, 1.578048312778253415 ) ) ;
#4072 = EDGE_CURVE ( 'NONE', #560, #4228, #4510, .T. ) ;
#4073 = LINE ( 'NONE', #1089, #6529 ) ;
#4074 = EDGE_CURVE ( 'NONE', #3096, #5302, #292, .T. ) ;
#4075 = FACE_OUTER_BOUND ( 'NONE', #608, .T. ) ;
#4076 = CARTESIAN_POINT ( 'NONE',  ( 1.170649061140181635, 1.219919862007205591, 7.906465291162600550 ) ) ;
#4077 = LINE ( 'NONE', #1529, #3404 ) ;
#4078 = CARTESIAN_POINT ( 'NONE',  ( -0.5896137258077913668, 7.778339430784567909, 1.487627290264964541 ) ) ;
#4079 = LINE ( 'NONE', #5117, #1467 ) ;
#4080 = CARTESIAN_POINT ( 'NONE',  ( 0.8661346539962933022, -1.345309425198014219, 7.806966167373890819 ) ) ;
#4081 = CARTESIAN_POINT ( 'NONE',  ( -1.575158046484172125, -0.5991790761322237646, 7.977573796685552665 ) ) ;
#4082 = CARTESIAN_POINT ( 'NONE',  ( -1.487728786357317423, -0.5893642309659901102, 7.909999970785095869 ) ) ;
#4083 = CARTESIAN_POINT ( 'NONE',  ( -1.514811896320738205, 7.915692907006360635, -0.5152856825881952929 ) ) ;
#4084 = VECTOR ( 'NONE', #341, 1000.000000000000114 ) ;
#4085 = LINE ( 'NONE', #1179, #2651 ) ;
#4086 = LINE ( 'NONE', #1103, #2549 ) ;
#4087 = CARTESIAN_POINT ( 'NONE',  ( 1.599999997929808515, -8.139172442783256152E-05, 7.934223616317662930 ) ) ;
#4088 = DIRECTION ( 'NONE',  ( -0.0000000000000000000, 1.000000000000000000, -0.0000000000000000000 ) ) ;
#4089 = EDGE_LOOP ( 'NONE', ( #5495, #6078, #5014, #246 ) ) ;
#4090 = DIRECTION ( 'NONE',  ( 1.000000000000000000, 0.0000000000000000000, 0.0000000000000000000 ) ) ;
#4091 = CARTESIAN_POINT ( 'NONE',  ( -10.75000000000000000, -1.661144931093035959, -5.885078252561577017 ) ) ;
#4092 = CARTESIAN_POINT ( 'NONE',  ( -0.9590539773126594003, 7.877430272866306815, -1.395112983710341092 ) ) ;
#4093 = CARTESIAN_POINT ( 'NONE',  ( 1.415994122069307748, 0.7450582033903629942, 7.895417714853142144 ) ) ;
#4094 = ORIENTED_EDGE ( 'NONE', *, *, #6332, .F. ) ;
#4095 = CARTESIAN_POINT ( 'NONE',  ( -1.422938603548553838, -0.7320673915994756475, 7.896791559753299161 ) ) ;
#4096 = VECTOR ( 'NONE', #6313, 1000.000000000000000 ) ;
#4097 = ORIENTED_EDGE ( 'NONE', *, *, #3266, .T. ) ;
#4098 = CARTESIAN_POINT ( 'NONE',  ( 1.677828026418871188, -0.1395292220155668617, 7.998831596558373391 ) ) ;
#4099 = FACE_OUTER_BOUND ( 'NONE', #1965, .T. ) ;
#4100 = CARTESIAN_POINT ( 'NONE',  ( -1.606667984892090395, 7.983964048929211188, 0.5064575153345259872 ) ) ;
#4101 = CARTESIAN_POINT ( 'NONE',  ( -3.750000000000000000, 2.041755025892629138, -4.702258990485212564 ) ) ;
#4102 = VECTOR ( 'NONE', #6584, 1000.000000000000000 ) ;
#4103 = CARTESIAN_POINT ( 'NONE',  ( 0.4379248409804877284, -1.642608900829836571, 7.829580791772757564 ) ) ;
#4104 = CARTESIAN_POINT ( 'NONE',  ( 0.8426981856268639381, 1.469511104961469972, 7.863888764127602293 ) ) ;
#4105 = VERTEX_POINT ( 'NONE', #2050 ) ;
#4106 = CARTESIAN_POINT ( 'NONE',  ( 0.9598186500436858282, -1.280202040049965628, 7.819079216588520787 ) ) ;
#4107 = EDGE_CURVE ( 'NONE', #5677, #1789, #4825, .T. ) ;
#4108 = CARTESIAN_POINT ( 'NONE',  ( 1.269343447334859709, 7.867693578599864068, 0.9754385013575841423 ) ) ;
#4109 = FACE_OUTER_BOUND ( 'NONE', #1048, .T. ) ;
#4110 = EDGE_CURVE ( 'NONE', #961, #4837, #1830, .T. ) ;
#4111 = CARTESIAN_POINT ( 'NONE',  ( -1.034207189776730873, -1.220841044280515097, 7.829575094454511941 ) ) ;
#4112 = CARTESIAN_POINT ( 'NONE',  ( -1.523103886531648410, 0.4902329379735392845, 7.917453867693649450 ) ) ;
#4113 = CARTESIAN_POINT ( 'NONE',  ( -3.750000000000000000, 4.413473166489501942, -2.597138885649683537 ) ) ;
#4114 = EDGE_CURVE ( 'NONE', #3451, #3087, #2044, .T. ) ;
#4115 = CARTESIAN_POINT ( 'NONE',  ( -1.283508282440269044, 7.924257348934838241, 1.098462052024152813 ) ) ;
#4116 =( NAMED_UNIT ( * ) PLANE_ANGLE_UNIT ( ) SI_UNIT ( $, .RADIAN. ) );
#4117 = PLANE ( 'NONE',  #209 ) ;
#4118 = CARTESIAN_POINT ( 'NONE',  ( -10.75000000000000000, -5.099209145838154100, -3.387178386535892205 ) ) ;
#4119 = DIRECTION ( 'NONE',  ( 0.0000000000000000000, 0.9701425001453318764, 0.2425356250363328581 ) ) ;
#4120 = PRODUCT_DEFINITION_SHAPE ( 'NONE', 'NONE',  #6586 ) ;
#4121 = CARTESIAN_POINT ( 'NONE',  ( 0.1000000000000000472, 0.7499999999999997780, 1.000000000000000000 ) ) ;
#4122 = ORIENTED_EDGE ( 'NONE', *, *, #2442, .T. ) ;
#4123 = CARTESIAN_POINT ( 'NONE',  ( -1.167763407950775489, 7.850314554997054550, 1.094080286028572768 ) ) ;
#4124 = CARTESIAN_POINT ( 'NONE',  ( -3.750000000000000000, 4.413473166489502830, 2.597138885649682649 ) ) ;
#4125 = CARTESIAN_POINT ( 'NONE',  ( -0.9245632881149452587, 7.873261989157494867, -1.418382161443459077 ) ) ;
#4126 = DIRECTION ( 'NONE',  ( 0.0000000000000000000, -0.6423029060310794236, -0.7664508966033182213 ) ) ;
#4127 = ORIENTED_EDGE ( 'NONE', *, *, #1972, .T. ) ;
#4128 = CARTESIAN_POINT ( 'NONE',  ( -1.359340210743541499, -0.8455252255004120920, 7.884334226354445363 ) ) ;
#4129 = ORIENTED_EDGE ( 'NONE', *, *, #2354, .T. ) ;
#4130 = CARTESIAN_POINT ( 'NONE',  ( 0.8424899871029429832, -1.469632540130979770, 7.863866068452393776 ) ) ;
#4131 = CARTESIAN_POINT ( 'NONE',  ( -3.750000000000000000, 5.718737106350693544, 2.124840540217201035 ) ) ;
#4132 = CARTESIAN_POINT ( 'NONE',  ( -1.384380271320296618, 7.941506547954165995, 0.9659250414094396886 ) ) ;
#4133 = ORIENTED_EDGE ( 'NONE', *, *, #6581, .T. ) ;
#4134 = LINE ( 'NONE', #6147, #6316 ) ;
#4135 = CARTESIAN_POINT ( 'NONE',  ( 0.5425439700417865607, -1.610507579890130492, 7.836334714282749303 ) ) ;
#4136 = EDGE_CURVE ( 'NONE', #859, #6482, #6101, .T. ) ;
#4137 = CARTESIAN_POINT ( 'NONE',  ( 1.265591887591354991, 1.119392006327040834, 7.921325086865481424 ) ) ;
#4138 = FACE_OUTER_BOUND ( 'NONE', #3461, .T. ) ;
#4139 = CARTESIAN_POINT ( 'NONE',  ( 1.106133983181910363, -1.156131540974718597, 7.840444994288037428 ) ) ;
#4140 = VECTOR ( 'NONE', #1216, 1000.000000000000000 ) ;
#4141 = CARTESIAN_POINT ( 'NONE',  ( 0.4897302670834299820, 7.770662065738746627, 1.523431651308171153 ) ) ;
#4142 = DIRECTION ( 'NONE',  ( 0.0000000000000000000, 0.4472135954999580942, 0.8944271909999157444 ) ) ;
#4143 = CARTESIAN_POINT ( 'NONE',  ( -0.8998462676547299699, -1.322993731344452195, 7.811185638145238919 ) ) ;
#4144 = EDGE_CURVE ( 'NONE', #6207, #5738, #5371, .T. ) ;
#4145 = CARTESIAN_POINT ( 'NONE',  ( -0.3644174434636948123, 1.558003462123541460, 7.763067764184186537 ) ) ;
#4146 = VECTOR ( 'NONE', #3981, 1000.000000000000227 ) ;
#4147 = VECTOR ( 'NONE', #5039, 1000.000000000000000 ) ;
#4148 = CARTESIAN_POINT ( 'NONE',  ( -0.8009385168616977024, -1.385347208336149327, 7.799224208402173453 ) ) ;
#4149 = CARTESIAN_POINT ( 'NONE',  ( -1.509354387404951980, 7.964626975697386868, 0.7518959682974371006 ) ) ;
#4150 = AXIS2_PLACEMENT_3D ( 'NONE', #3715, #640, #2677 ) ;
#4151 = PLANE ( 'NONE',  #2861 ) ;
#4152 = CARTESIAN_POINT ( 'NONE',  ( -10.75000000000000000, -5.118540194219835193, 0.5000000000000006661 ) ) ;
#4153 = VECTOR ( 'NONE', #4280, 1000.000000000000000 ) ;
#4154 = FACE_OUTER_BOUND ( 'NONE', #3521, .T. ) ;
#4155 = MECHANICAL_DESIGN_GEOMETRIC_PRESENTATION_REPRESENTATION (  '', ( #4668 ), #728 ) ;
#4156 = ORIENTED_EDGE ( 'NONE', *, *, #1041, .T. ) ;
#4157 = CARTESIAN_POINT ( 'NONE',  ( 1.034565572866000149, 7.829600627379444511, 1.220800218835494944 ) ) ;
#4158 = CARTESIAN_POINT ( 'NONE',  ( -10.75000000000000000, 5.718737106350692656, 2.124840540217201035 ) ) ;
#4159 = CARTESIAN_POINT ( 'NONE',  ( -1.589134428967914348, 7.980395340488050770, -0.5598797666388440897 ) ) ;
#4160 = CARTESIAN_POINT ( 'NONE',  ( 1.434935888845404017, 0.7079114450419762283, 7.899201211023249236 ) ) ;
#4161 = ORIENTED_EDGE ( 'NONE', *, *, #5505, .T. ) ;
#4162 = CARTESIAN_POINT ( 'NONE',  ( 1.589592761669249121, -0.1841054936396885888, 7.931907469306137770 ) ) ;
#4163 = ORIENTED_EDGE ( 'NONE', *, *, #13, .F. ) ;
#4164 = CARTESIAN_POINT ( 'NONE',  ( 1.335425771786959093, -1.034727644054013851, 7.932918413805058577 ) ) ;
#4165 = DIRECTION ( 'NONE',  ( 0.0000000000000000000, -0.6423029060310794236, -0.7664508966033182213 ) ) ;
#4166 = CARTESIAN_POINT ( 'NONE',  ( -1.532860158243726456, 7.969189608435917727, 0.7018884253450652366 ) ) ;
#4167 = ORIENTED_EDGE ( 'NONE', *, *, #3324, .T. ) ;
#4168 = DIRECTION ( 'NONE',  ( 0.0000000000000000000, -0.7664508966033178883, 0.6423029060310797567 ) ) ;
#4169 = CARTESIAN_POINT ( 'NONE',  ( -1.683296365236419456, -0.2235543614077105945, 7.999999999999998224 ) ) ;
#4170 = VECTOR ( 'NONE', #2062, 1000.000000000000000 ) ;
#4171 = CARTESIAN_POINT ( 'NONE',  ( -1.047320365608278570, 1.329015276192037076, 7.888855049170666156 ) ) ;
#4172 = CARTESIAN_POINT ( 'NONE',  ( -10.75000000000000000, -1.661144931093035959, -5.885078252561577017 ) ) ;
#4173 = VERTEX_POINT ( 'NONE', #1326 ) ;
#4174 = ORIENTED_EDGE ( 'NONE', *, *, #5914, .F. ) ;
#4175 = CARTESIAN_POINT ( 'NONE',  ( 1.072359628993690528, -1.187454587155479357, 7.835255026177851079 ) ) ;
#4176 = CARTESIAN_POINT ( 'NONE',  ( 0.4148823435072208632, 7.765705939252111278, 1.546153999711133542 ) ) ;
#4177 = EDGE_CURVE ( 'NONE', #5042, #1119, #788, .T. ) ;
#4178 = CYLINDRICAL_SURFACE ( 'NONE', #6358, 8.000000000000000000 ) ;
#4179 = CARTESIAN_POINT ( 'NONE',  ( 0.5135551783870422327, -1.515567237427706049, 7.772365990520079038 ) ) ;
#4180 = CARTESIAN_POINT ( 'NONE',  ( -0.3386388938367035917, 1.563808797859712385, 7.761775685362527710 ) ) ;
#4181 = CARTESIAN_POINT ( 'NONE',  ( 0.5636941495006164704, -1.497641917545281753, 7.776210410959378372 ) ) ;
#4182 = DIRECTION ( 'NONE',  ( 0.0000000000000000000, -0.5304556061348298934, 0.8477127166205130626 ) ) ;
#4183 = CARTESIAN_POINT ( 'NONE',  ( -1.497127153854114434, 7.911963876360096570, -0.5650718159156823406 ) ) ;
#4184 = LINE ( 'NONE', #6198, #734 ) ;
#4185 = LINE ( 'NONE', #3139, #3401 ) ;
#4186 = LINE ( 'NONE', #2773, #1791 ) ;
#4187 = ORIENTED_EDGE ( 'NONE', *, *, #5223, .F. ) ;
#4188 = EDGE_CURVE ( 'NONE', #6482, #5042, #475, .T. ) ;
#4189 = AXIS2_PLACEMENT_3D ( 'NONE', #6135, #1574, #3654 ) ;
#4190 = CARTESIAN_POINT ( 'NONE',  ( -0.5652911886151091858, 7.776338793493258628, 1.497039673389013226 ) ) ;
#4191 = CARTESIAN_POINT ( 'NONE',  ( 1.600000000000000089, 4.898747658070734754E-16, 4.000000000000000000 ) ) ;
#4192 = CARTESIAN_POINT ( 'NONE',  ( -3.750000000000000000, 3.825687914197028139, -3.406155880024630545 ) ) ;
#4193 = CARTESIAN_POINT ( 'NONE',  ( 1.201765407664810548, 1.056334497093391001, 7.856010772407353571 ) ) ;
#4194 = VERTEX_POINT ( 'NONE', #6564 ) ;
#4195 = CARTESIAN_POINT ( 'NONE',  ( 1.599998660691316132, -0.02636731671060650595, 7.934223317855615853 ) ) ;
#4196 = CARTESIAN_POINT ( 'NONE',  ( 0.8009980356864521145, 1.385309185648039287, 7.799231494008751042 ) ) ;
#4197 = ORIENTED_EDGE ( 'NONE', *, *, #1435, .F. ) ;
#4198 = CARTESIAN_POINT ( 'NONE',  ( 1.109241547861962163, -1.276922208954622384, 7.897456904821632762 ) ) ;
#4199 = DIRECTION ( 'NONE',  ( 0.0000000000000000000, 0.9876883405951377704, 0.1564344650402304804 ) ) ;
#4200 = CARTESIAN_POINT ( 'NONE',  ( -1.510497563369185059, 7.914780147717400460, -0.5277990625348829568 ) ) ;
#4201 = ORIENTED_EDGE ( 'NONE', *, *, #4032, .T. ) ;
#4202 = CARTESIAN_POINT ( 'NONE',  ( 1.386231190664766855, 3.919015156177173331, 0.8056863847235515852 ) ) ;
#4203 = DIRECTION ( 'NONE',  ( -0.0000000000000000000, -0.4472135954999579277, -0.8944271909999158554 ) ) ;
#4204 = CARTESIAN_POINT ( 'NONE',  ( -1.435205884717773772, -0.7073620411288851217, 7.899255451347958257 ) ) ;
#4205 = LINE ( 'NONE', #5646, #3179 ) ;
#4206 = CARTESIAN_POINT ( 'NONE',  ( 0.9758226427193175123, -1.268109955285761314, 7.821264173534209441 ) ) ;
#4207 = CARTESIAN_POINT ( 'NONE',  ( -0.7781324802980763566, 7.796666620937804382, 1.398282479502565900 ) ) ;
#4208 = VECTOR ( 'NONE', #1998, 1000.000000000000114 ) ;
#4209 = ORIENTED_EDGE ( 'NONE', *, *, #2524, .F. ) ;
#4210 = CARTESIAN_POINT ( 'NONE',  ( 1.423232523516880343, 7.896849128595518685, -0.7315428518912928668 ) ) ;
#4211 = CARTESIAN_POINT ( 'NONE',  ( -1.579351016090414728, 0.2614944172034333603, 7.929636178643346689 ) ) ;
#4212 = CARTESIAN_POINT ( 'NONE',  ( -0.1053396963257622748, -1.597383943811658380, 7.754205734218272639 ) ) ;
#4213 = DIRECTION ( 'NONE',  ( 0.0000000000000000000, -0.4539904997395463604, 0.8910065241883682319 ) ) ;
#4214 = CARTESIAN_POINT ( 'NONE',  ( -0.8186422439382938787, 7.861302627719227942, 1.483272942091162117 ) ) ;
#4215 = APPLICATION_PROTOCOL_DEFINITION ( 'draft international standard', 'automotive_design', 1998, #670 ) ;
#4216 = DIRECTION ( 'NONE',  ( 0.0000000000000000000, 0.0000000000000000000, -1.000000000000000000 ) ) ;
#4217 = DIRECTION ( 'NONE',  ( -1.000000000000000000, 0.0000000000000000000, 0.0000000000000000000 ) ) ;
#4218 = DIRECTION ( 'NONE',  ( 0.0000000000000000000, 0.2425356250363330801, 0.9701425001453318764 ) ) ;
#4219 = ORIENTED_EDGE ( 'NONE', *, *, #4978, .F. ) ;
#4220 = CARTESIAN_POINT ( 'NONE',  ( -0.5896137258077913668, 7.778339430784567909, 1.487627290264964541 ) ) ;
#4221 = CARTESIAN_POINT ( 'NONE',  ( -1.386315593685542469, -0.8055035482153274362, 3.919047495266724468 ) ) ;
#4222 = CARTESIAN_POINT ( 'NONE',  ( -1.345271265980007680, 7.881716087676945648, 0.8662707770693046649 ) ) ;
#4223 = CARTESIAN_POINT ( 'NONE',  ( 1.523191669286955152, 0.4904407677215639194, 7.917470185248048686 ) ) ;
#4224 = ORIENTED_EDGE ( 'NONE', *, *, #1585, .T. ) ;
#4225 = CARTESIAN_POINT ( 'NONE',  ( 0.7083984622555826727, -1.434875978235422123, 7.789302382678548575 ) ) ;
#4226 = CARTESIAN_POINT ( 'NONE',  ( 1.563682411263667582, -0.3399776747911395502, 7.926203658408466524 ) ) ;
#4227 = EDGE_CURVE ( 'NONE', #3184, #4837, #3011, .T. ) ;
#4228 = VERTEX_POINT ( 'NONE', #506 ) ;
#4229 = CARTESIAN_POINT ( 'NONE',  ( 1.496361137238630734, -0.7774840724287074289, 7.962140139069624922 ) ) ;
#4230 = CARTESIAN_POINT ( 'NONE',  ( -10.75000000000000000, -0.2618326490234123005, -6.106707545196424114 ) ) ;
#4231 = CARTESIAN_POINT ( 'NONE',  ( -0.2748069673320663875, 7.822603582532662081, 1.675409572429592986 ) ) ;
#4232 = VERTEX_POINT ( 'NONE', #2547 ) ;
#4233 = CARTESIAN_POINT ( 'NONE',  ( -12.25000000000000000, 0.0000000000000000000, -4.000000000000000000 ) ) ;
#4234 = CARTESIAN_POINT ( 'NONE',  ( -3.750000000000000000, 5.718737106350690880, -2.124840540217201923 ) ) ;
#4235 = CARTESIAN_POINT ( 'NONE',  ( -1.457524615964542525, 0.8495164934478288687, 7.954802944831472544 ) ) ;
#4236 = CARTESIAN_POINT ( 'NONE',  ( -10.75000000000000000, -1.661144931093034627, 5.885078252561577017 ) ) ;
#4237 = ORIENTED_EDGE ( 'NONE', *, *, #4746, .F. ) ;
#4238 = ORIENTED_EDGE ( 'NONE', *, *, #2750, .F. ) ;
#4239 = CARTESIAN_POINT ( 'NONE',  ( -0.8481232164042010746, 1.482662108552464719, 7.861882560707670109 ) ) ;
#4240 = CARTESIAN_POINT ( 'NONE',  ( 1.487788080119396561, 7.910012346742720801, -0.5892121070698714824 ) ) ;
#4241 = CARTESIAN_POINT ( 'NONE',  ( -10.75000000000000000, 2.041755025892629138, -4.702258990485212564 ) ) ;
#4242 = CARTESIAN_POINT ( 'NONE',  ( 1.345782598144337872, 7.933250285630445653, 1.043467528303952507 ) ) ;
#4243 = CARTESIAN_POINT ( 'NONE',  ( -1.430107788293769167, -0.8969179741753470214, 7.949697016030876640 ) ) ;
#4244 = AXIS2_PLACEMENT_3D ( 'NONE', #68, #3607, #2143 ) ;
#4245 = CARTESIAN_POINT ( 'NONE',  ( -10.75000000000000000, 5.718737106350690880, -2.124840540217202367 ) ) ;
#4246 = CARTESIAN_POINT ( 'NONE',  ( 0.8895263441762498724, 7.869130423020950005, 1.441178583814946679 ) ) ;
#4247 = DIRECTION ( 'NONE',  ( 0.0000000000000000000, 0.4539904997395459718, -0.8910065241883682319 ) ) ;
#4248 = CARTESIAN_POINT ( 'NONE',  ( -3.750000000000000000, 0.2381673509765892260, 6.106707545196424114 ) ) ;
#4249 = LINE ( 'NONE', #6265, #5716 ) ;
#4250 = VERTEX_POINT ( 'NONE', #2014 ) ;
#4251 = VECTOR ( 'NONE', #6229, 1000.000000000000000 ) ;
#4252 = MECHANICAL_DESIGN_GEOMETRIC_PRESENTATION_REPRESENTATION (  '', ( #4042 ), #1578 ) ;
#4253 = CARTESIAN_POINT ( 'NONE',  ( 0.5636941495006183578, 7.776210410959375707, 1.497641917545280199 ) ) ;
#4254 = CARTESIAN_POINT ( 'NONE',  ( -1.398992713610916816, 7.892055766054891563, 0.7768005547221857876 ) ) ;
#4255 = CARTESIAN_POINT ( 'NONE',  ( -1.011201431216011581, 1.239961424152996816, 7.826248300017749848 ) ) ;
#4256 = EDGE_CURVE ( 'NONE', #2245, #1429, #2819, .T. ) ;
#4257 = ORIENTED_EDGE ( 'NONE', *, *, #6283, .F. ) ;
#4258 = VECTOR ( 'NONE', #5869, 1000.000000000000227 ) ;
#4259 = CARTESIAN_POINT ( 'NONE',  ( 0.6606570456027711646, -1.457473761405810864, 7.784657228873293811 ) ) ;
#4260 = CARTESIAN_POINT ( 'NONE',  ( 1.456943186769124043, -0.6618226820049764036, 7.903653173866835857 ) ) ;
#4261 = ORIENTED_EDGE ( 'NONE', *, *, #4590, .T. ) ;
#4262 = CARTESIAN_POINT ( 'NONE',  ( 1.602306833520109386, 0.5208593967159907967, 7.983070082940833423 ) ) ;
#4263 = FACE_OUTER_BOUND ( 'NONE', #1895, .T. ) ;
#4264 = PRESENTATION_LAYER_ASSIGNMENT (  '', '', ( #1921 ) ) ;
#4265 = VERTEX_POINT ( 'NONE', #3354 ) ;
#4266 = DIRECTION ( 'NONE',  ( -0.0000000000000000000, 0.5877852522924721379, -0.8090169943749481174 ) ) ;
#4267 = CYLINDRICAL_SURFACE ( 'NONE', #2291, 8.000000000000000000 ) ;
#4268 = CARTESIAN_POINT ( 'NONE',  ( -1.429326331673726802, 0.8969045773148013323, 7.949599384196685214 ) ) ;
#4269 = CARTESIAN_POINT ( 'NONE',  ( -3.736410698672603652E-15, 0.0000000000000000000, 0.0000000000000000000 ) ) ;
#4270 = ORIENTED_EDGE ( 'NONE', *, *, #5517, .F. ) ;
#4271 = ORIENTED_EDGE ( 'NONE', *, *, #1700, .T. ) ;
#4272 = DIRECTION ( 'NONE',  ( 0.0000000000000000000, 0.0000000000000000000, 1.000000000000000000 ) ) ;
#4273 = EDGE_CURVE ( 'NONE', #4676, #5533, #819, .T. ) ;
#4274 = CARTESIAN_POINT ( 'NONE',  ( 1.557914008850123988, 7.924945368472626761, 0.3654942649656842679 ) ) ;
#4275 = ORIENTED_EDGE ( 'NONE', *, *, #2679, .F. ) ;
#4276 = EDGE_CURVE ( 'NONE', #1614, #5678, #3899, .T. ) ;
#4277 = CARTESIAN_POINT ( 'NONE',  ( 3.750000000000000000, 9.797174393178825657E-16, -8.000000000000000000 ) ) ;
#4278 = CARTESIAN_POINT ( 'NONE',  ( 0.8185820659518893150, -1.483307661384071885, 7.861296115740213253 ) ) ;
#4279 = VECTOR ( 'NONE', #3080, 1000.000000000000114 ) ;
#4280 = DIRECTION ( 'NONE',  ( 1.000000000000000000, -0.0000000000000000000, -0.0000000000000000000 ) ) ;
#4281 = CARTESIAN_POINT ( 'NONE',  ( -3.750000000000000000, 0.0000000000000000000, 0.0000000000000000000 ) ) ;
#4282 = ORIENTED_EDGE ( 'NONE', *, *, #925, .T. ) ;
#4283 = CARTESIAN_POINT ( 'NONE',  ( 1.538164308008210357, 7.920673076858219197, 0.4412829662846945999 ) ) ;
#4284 = CARTESIAN_POINT ( 'NONE',  ( -1.336748144873748378, 7.880111823962653972, 0.8793421129834463335 ) ) ;
#4285 = CARTESIAN_POINT ( 'NONE',  ( -1.069287078405213309, 1.190225904032109261, 7.834789892587729732 ) ) ;
#4286 = CARTESIAN_POINT ( 'NONE',  ( -0.9773948810147045085, 3.793197455277816932, -1.270976475000187289 ) ) ;
#4287 = CARTESIAN_POINT ( 'NONE',  ( 1.557914008850123100, -0.3654942649656872655, 7.924945368472628537 ) ) ;
#4288 = CARTESIAN_POINT ( 'NONE',  ( 1.357923364782745113, 0.8465973048761753494, 7.884108757630730047 ) ) ;
#4289 = ORIENTED_EDGE ( 'NONE', *, *, #2500, .T. ) ;
#4290 = CARTESIAN_POINT ( 'NONE',  ( 1.024700973416305283, 1.346822161517425398, 7.885832138214573739 ) ) ;
#4291 = DIRECTION ( 'NONE',  ( -0.0000000000000000000, 0.9510565162951539753, 0.3090169943749458414 ) ) ;
#4292 = CARTESIAN_POINT ( 'NONE',  ( -0.8182734698154427999, 7.861263600548377362, -1.483479662445112091 ) ) ;
#4293 = VERTEX_POINT ( 'NONE', #1039 ) ;
#4294 =( GEOMETRIC_REPRESENTATION_CONTEXT ( 3 ) GLOBAL_UNCERTAINTY_ASSIGNED_CONTEXT ( ( #3503 ) ) GLOBAL_UNIT_ASSIGNED_CONTEXT ( ( #3008, #4927, #536 ) ) REPRESENTATION_CONTEXT ( 'NONE', 'WORKASPACE' ) );
#4295 = CARTESIAN_POINT ( 'NONE',  ( 1.270552685793375103, 3.879606553215324105, 0.9779894361004136671 ) ) ;
#4296 = CARTESIAN_POINT ( 'NONE',  ( -10.75000000000000000, -5.023108633883571983, -1.102531158620887464 ) ) ;
#4297 = CARTESIAN_POINT ( 'NONE',  ( -1.565088641669497127, 0.6254199493327391446, 7.975557245943150519 ) ) ;
#4298 = CARTESIAN_POINT ( 'NONE',  ( -1.510497563369184837, 0.5277990625348829568, 7.914780147717402237 ) ) ;
#4299 = ORIENTED_EDGE ( 'NONE', *, *, #3268, .T. ) ;
#4300 = CARTESIAN_POINT ( 'NONE',  ( 1.343803225795094702, 7.881428524097587207, 0.8688325529534989267 ) ) ;
#4301 = ORIENTED_EDGE ( 'NONE', *, *, #1215, .T. ) ;
#4302 = CARTESIAN_POINT ( 'NONE',  ( -3.750000000000000000, -3.803519532746777454, 4.793483870668506341 ) ) ;
#4303 = CARTESIAN_POINT ( 'NONE',  ( 1.589808193727218377, 7.931925802724451913, -0.2094701385656740078 ) ) ;
#4304 = CARTESIAN_POINT ( 'NONE',  ( -0.5430074722845659174, -1.606755406922850904, 7.836991025983914838 ) ) ;
#4305 = EDGE_CURVE ( 'NONE', #2242, #3589, #3075, .T. ) ;
#4306 = AXIS2_PLACEMENT_3D ( 'NONE', #4618, #6118, #5548 ) ;
#4307 = DIRECTION ( 'NONE',  ( 0.0000000000000000000, 0.8090169943749481174, 0.5877852522924720269 ) ) ;
#4308 = DIRECTION ( 'NONE',  ( 1.000000000000000000, 0.0000000000000000000, 0.0000000000000000000 ) ) ;
#4309 = AXIS2_PLACEMENT_3D ( 'NONE', #2726, #2237, #3157 ) ;
#4310 = CARTESIAN_POINT ( 'NONE',  ( -10.75000000000000000, 3.375345737512480682, 5.087376496814742133 ) ) ;
#4311 = EDGE_CURVE ( 'NONE', #3563, #2888, #1540, .T. ) ;
#4312 = ORIENTED_EDGE ( 'NONE', *, *, #6093, .F. ) ;
#4313 = CARTESIAN_POINT ( 'NONE',  ( 1.600001335168300898, 7.934223914779707343, -0.02620453326175250716 ) ) ;
#4314 = CARTESIAN_POINT ( 'NONE',  ( -1.629302057567401762, 7.988598069155258941, -0.4406675477446895250 ) ) ;
#4315 = CARTESIAN_POINT ( 'NONE',  ( -0.5148952333118465008, 1.515112051747671273, 7.772464238090714517 ) ) ;
#4316 = FACE_OUTER_BOUND ( 'NONE', #5996, .T. ) ;
#4317 = CARTESIAN_POINT ( 'NONE',  ( 1.594817593093106556, 0.1313444242470760970, 7.933068237866134353 ) ) ;
#4318 = CARTESIAN_POINT ( 'NONE',  ( 1.487694291782697631, -0.5894503071590073695, 7.909992799512984618 ) ) ;
#4319 = ORIENTED_EDGE ( 'NONE', *, *, #6173, .T. ) ;
#4320 = EDGE_LOOP ( 'NONE', ( #2098, #6222, #4174, #4849 ) ) ;
#4321 = CARTESIAN_POINT ( 'NONE',  ( 1.283495527733754971, 1.098469523233693623, 7.924255676918052771 ) ) ;
#4322 = LINE ( 'NONE', #6378, #733 ) ;
#4323 =( NAMED_UNIT ( * ) PLANE_ANGLE_UNIT ( ) SI_UNIT ( $, .RADIAN. ) );
#4324 = CARTESIAN_POINT ( 'NONE',  ( 1.209715140349558515, 7.912441833072661801, -1.180533719051749308 ) ) ;
#4325 = VERTEX_POINT ( 'NONE', #539 ) ;
#4326 = CARTESIAN_POINT ( 'NONE',  ( -10.75000000000000000, 5.075543847791331054, 3.387178386535892205 ) ) ;
#4327 = CARTESIAN_POINT ( 'NONE',  ( 3.750000000000000000, 0.0000000000000000000, -4.000000000000000000 ) ) ;
#4328 = CARTESIAN_POINT ( 'NONE',  ( -1.683296383926186746, -3.388131789017201356E-18, 8.000000000000000000 ) ) ;
#4329 = CARTESIAN_POINT ( 'NONE',  ( 0.8455089455859062797, -1.358600097391183592, 7.804430055731589988 ) ) ;
#4330 = CARTESIAN_POINT ( 'NONE',  ( 0.05156570203048431444, 1.599384963602288101, 7.753747322595961222 ) ) ;
#4331 = ORIENTED_EDGE ( 'NONE', *, *, #1771, .F. ) ;
#4332 = ORIENTED_EDGE ( 'NONE', *, *, #765, .T. ) ;
#4333 = DIRECTION ( 'NONE',  ( -1.000000000000000000, -0.0000000000000000000, -0.0000000000000000000 ) ) ;
#4334 = CARTESIAN_POINT ( 'NONE',  ( 1.599355302387440503, 7.934079635019332777, -0.05248855151298349730 ) ) ;
#4335 = PLANE ( 'NONE',  #5175 ) ;
#4336 = EDGE_CURVE ( 'NONE', #1614, #1342, #2575, .T. ) ;
#4337 = LINE ( 'NONE', #4277, #3238 ) ;
#4338 = CARTESIAN_POINT ( 'NONE',  ( -0.9594428845143186946, -1.394839535046311862, 7.877478623371840349 ) ) ;
#4339 = CARTESIAN_POINT ( 'NONE',  ( 1.436205245949798037, -0.7129591585879473392, 3.937166780186359016 ) ) ;
#4340 = EDGE_CURVE ( 'NONE', #2658, #786, #4409, .T. ) ;
#4341 = DIRECTION ( 'NONE',  ( -0.0000000000000000000, 0.6423029060310792016, -0.7664508966033183324 ) ) ;
#4342 = VECTOR ( 'NONE', #531, 1000.000000000000227 ) ;
#4343 = CARTESIAN_POINT ( 'NONE',  ( 3.750000000000000000, 0.0000000000000000000, 0.0000000000000000000 ) ) ;
#4344 = VERTEX_POINT ( 'NONE', #6326 ) ;
#4345 = CARTESIAN_POINT ( 'NONE',  ( 1.589618749007844833, 7.931913235941796536, -0.1838780100857489164 ) ) ;
#4346 = VECTOR ( 'NONE', #3407, 1000.000000000000000 ) ;
#4347 = EDGE_CURVE ( 'NONE', #5840, #2873, #1305, .T. ) ;
#4348 = CARTESIAN_POINT ( 'NONE',  ( -0.8485894016773893878, 7.861920837267555306, -1.482471201160808105 ) ) ;
#4349 = CARTESIAN_POINT ( 'NONE',  ( 0.4171778316578074741, 1.548312154527644369, 7.765245855179479406 ) ) ;
#4350 = PLANE ( 'NONE',  #5619 ) ;
#4351 = CARTESIAN_POINT ( 'NONE',  ( 0.8676816060677290388, 1.344546481937064053, 7.807125512625630925 ) ) ;
#4352 = LINE ( 'NONE', #2390, #735 ) ;
#4353 = VECTOR ( 'NONE', #1481, 1000.000000000000000 ) ;
#4354 = CIRCLE ( 'NONE', #6368, 2.000000000000000000 ) ;
#4355 = EDGE_LOOP ( 'NONE', ( #6285, #2052, #773, #1107 ) ) ;
#4356 = ORIENTED_EDGE ( 'NONE', *, *, #4845, .T. ) ;
#4357 = CARTESIAN_POINT ( 'NONE',  ( 0.1926409740671890525, 1.686334327763589602, 7.820248365590866335 ) ) ;
#4358 = DIRECTION ( 'NONE',  ( 1.000000000000000000, -0.0000000000000000000, -0.0000000000000000000 ) ) ;
#4359 = CARTESIAN_POINT ( 'NONE',  ( 0.5633498144431187127, 7.776183416266206905, 1.497771622955720305 ) ) ;
#4360 = CARTESIAN_POINT ( 'NONE',  ( 0.5934298912526557723, 7.840582719722424265, -1.589255662491068088 ) ) ;
#4361 = ORIENTED_EDGE ( 'NONE', *, *, #1450, .F. ) ;
#4362 = STYLED_ITEM ( 'NONE', ( #3044 ), #613 ) ;
#4363 = DIRECTION ( 'NONE',  ( 1.000000000000000000, 0.0000000000000000000, 0.0000000000000000000 ) ) ;
#4364 = AXIS2_PLACEMENT_3D ( 'NONE', #343, #1468, #4439 ) ;
#4365 = CARTESIAN_POINT ( 'NONE',  ( -1.516704839850087527, 0.5201784318469006019, 3.967239512856043149 ) ) ;
#4366 = CARTESIAN_POINT ( 'NONE',  ( -1.303076470366924866, -0.9288051504879831777, 7.873851531799981984 ) ) ;
#4367 = CARTESIAN_POINT ( 'NONE',  ( -0.3644708611602721082, -1.557990984729006767, 7.763070536220227247 ) ) ;
#4368 = CIRCLE ( 'NONE', #4780, 1.500000000000000000 ) ;
#4369 = CARTESIAN_POINT ( 'NONE',  ( 0.2614087918340601280, 1.578720264387469374, 7.758434355311357500 ) ) ;
#4370 = VERTEX_POINT ( 'NONE', #3747 ) ;
#4371 = CARTESIAN_POINT ( 'NONE',  ( -1.683296402612262099, 0.2235101974308212891, 8.000000000000001776 ) ) ;
#4372 = CARTESIAN_POINT ( 'NONE',  ( 1.335425771786959981, 7.932918413805056801, 1.034727644054010298 ) ) ;
#4373 = CARTESIAN_POINT ( 'NONE',  ( 1.149853491661845029, 7.847385357295125985, -1.112889994126661009 ) ) ;
#4374 = FACE_OUTER_BOUND ( 'NONE', #725, .T. ) ;
#4375 = CARTESIAN_POINT ( 'NONE',  ( 0.2632630907649155527, 7.758371362201750721, -1.579026854262445267 ) ) ;
#4376 = CARTESIAN_POINT ( 'NONE',  ( 0.4364812178626535366, -1.640132395060460935, 7.830085275467919992 ) ) ;
#4377 = EDGE_CURVE ( 'NONE', #2208, #6207, #764, .T. ) ;
#4378 = DIRECTION ( 'NONE',  ( -0.0000000000000000000, 0.8944271909999158554, 0.4472135954999581497 ) ) ;
#4379 = FACE_OUTER_BOUND ( 'NONE', #5446, .T. ) ;
#4380 = VECTOR ( 'NONE', #5073, 1000.000000000000114 ) ;
#4381 = FILL_AREA_STYLE_COLOUR ( '', #6469 ) ;
#4382 = ORIENTED_EDGE ( 'NONE', *, *, #2778, .T. ) ;
#4383 = CARTESIAN_POINT ( 'NONE',  ( 1.397795325331279148, 7.891819465132952516, -0.7790104296368290937 ) ) ;
#4384 = CARTESIAN_POINT ( 'NONE',  ( 0.8989315726950757313, 1.323615339048012540, 7.811069042116860039 ) ) ;
#4385 = CARTESIAN_POINT ( 'NONE',  ( -0.1051820436653503194, 3.666060555964672396, 1.600000000000000089 ) ) ;
#4386 = CARTESIAN_POINT ( 'NONE',  ( 0.7086740862954695741, 1.434739109215253938, 7.789330265015157906 ) ) ;
#4387 = CARTESIAN_POINT ( 'NONE',  ( -10.75000000000000000, 4.781651221645094374, -3.791686883723367263 ) ) ;
#4388 = EDGE_CURVE ( 'NONE', #448, #869, #4337, .T. ) ;
#4389 = ORIENTED_EDGE ( 'NONE', *, *, #4144, .F. ) ;
#4390 = CARTESIAN_POINT ( 'NONE',  ( -0.3833891030137930866, 1.652702091979520116, 7.827425229373599080 ) ) ;
#4391 = CARTESIAN_POINT ( 'NONE',  ( -12.24999999999999822, 0.0000000000000000000, 0.0000000000000000000 ) ) ;
#4392 = CARTESIAN_POINT ( 'NONE',  ( 0.5895971533360333527, 7.778340788594758415, 1.487619011354023524 ) ) ;
#4393 = CARTESIAN_POINT ( 'NONE',  ( 1.283495527733754304, 7.924255676918050995, -1.098469523233695178 ) ) ;
#4394 = ORIENTED_EDGE ( 'NONE', *, *, #4545, .F. ) ;
#4395 = CARTESIAN_POINT ( 'NONE',  ( -10.75000000000000000, 1.637479633046213134, 5.885078252561577905 ) ) ;
#4396 = LINE ( 'NONE', #6484, #1173 ) ;
#4397 = EDGE_CURVE ( 'NONE', #1798, #231, #666, .T. ) ;
#4398 = CARTESIAN_POINT ( 'NONE',  ( -0.9330075922266524158, 1.300069003686078917, 7.815461501113830423 ) ) ;
#4399 = ORIENTED_EDGE ( 'NONE', *, *, #874, .F. ) ;
#4400 = CARTESIAN_POINT ( 'NONE',  ( -10.75000000000000000, -2.608971534673094173, -4.425305815512913021 ) ) ;
#4401 = CARTESIAN_POINT ( 'NONE',  ( -0.5947203835382202097, 7.840806278307996813, 1.588032799756496471 ) ) ;
#4402 = CARTESIAN_POINT ( 'NONE',  ( -1.398245674291559437, 7.891907957819965347, -0.7781946908505600335 ) ) ;
#4403 = DIRECTION ( 'NONE',  ( 0.0000000000000000000, 0.9510565162951540863, 0.3090169943749460635 ) ) ;
#4404 = CARTESIAN_POINT ( 'NONE',  ( 1.010544867863765406, 7.826154387473522434, -1.240496828574135790 ) ) ;
#4405 = CARTESIAN_POINT ( 'NONE',  ( 1.509251224860728380, 0.7521164340533815773, 7.964606929160326310 ) ) ;
#4406 = CARTESIAN_POINT ( 'NONE',  ( 0.8424899871029454257, 7.863866068452397329, 1.469632540130978215 ) ) ;
#4407 = PLANE ( 'NONE',  #34 ) ;
#4408 = LINE ( 'NONE', #6433, #4879 ) ;
#4409 = CIRCLE ( 'NONE', #5247, 8.000000000000000000 ) ;
#4410 = CARTESIAN_POINT ( 'NONE',  ( -3.750000000000000000, 3.825687914197029027, 3.406155880024629656 ) ) ;
#4411 = EDGE_LOOP ( 'NONE', ( #580, #5314, #2327, #1126 ) ) ;
#4412 = CARTESIAN_POINT ( 'NONE',  ( 1.563714106961212158, 7.926210579705047721, -0.3398326876811331165 ) ) ;
#4413 = CARTESIAN_POINT ( 'NONE',  ( -0.9013295392009690321, 7.811367062457584609, 1.322043882885317823 ) ) ;
#4414 = CARTESIAN_POINT ( 'NONE',  ( -1.322465633281832531, 0.9007079521609663297, 7.877442950114455833 ) ) ;
#4415 = DIRECTION ( 'NONE',  ( 0.0000000000000000000, -0.1564344650402305359, 0.9876883405951378814 ) ) ;
#4416 = CARTESIAN_POINT ( 'NONE',  ( 0.9321915417492795397, 1.300652177235811946, 7.815353931567305068 ) ) ;
#4417 = CARTESIAN_POINT ( 'NONE',  ( 4.000000000000000000, 0.0000000000000000000, 0.0000000000000000000 ) ) ;
#4418 = VERTEX_POINT ( 'NONE', #1768 ) ;
#4419 = CARTESIAN_POINT ( 'NONE',  ( -1.683296388627751217, 0.05623693390391941438, 8.000000001264204741 ) ) ;
#4420 = LINE ( 'NONE', #1753, #1471 ) ;
#4421 = CARTESIAN_POINT ( 'NONE',  ( 1.010270647940899158, 7.826115227518706696, 1.240720063690401442 ) ) ;
#4422 = CARTESIAN_POINT ( 'NONE',  ( 1.496702964680016734, 7.962197310117966609, -0.7771915765360302153 ) ) ;
#4423 = CARTESIAN_POINT ( 'NONE',  ( 1.170649061140180747, 7.906465291162602327, -1.219919862007206257 ) ) ;
#4424 = ORIENTED_EDGE ( 'NONE', *, *, #3852, .T. ) ;
#4425 = EDGE_CURVE ( 'NONE', #4739, #5658, #5817, .T. ) ;
#4426 = DIRECTION ( 'NONE',  ( -0.0000000000000000000, 0.9701425001453318764, -0.2425356250363329691 ) ) ;
#4427 = EDGE_CURVE ( 'NONE', #5268, #1425, #6021, .T. ) ;
#4428 = CARTESIAN_POINT ( 'NONE',  ( -1.497017128688888032, -0.7765639415957712455, 7.962257623344747515 ) ) ;
#4429 = ORIENTED_EDGE ( 'NONE', *, *, #239, .F. ) ;
#4430 = FACE_OUTER_BOUND ( 'NONE', #6334, .T. ) ;
#4431 = CARTESIAN_POINT ( 'NONE',  ( 1.109241547861964605, 7.897456904821634538, 1.276922208954622384 ) ) ;
#4432 = CARTESIAN_POINT ( 'NONE',  ( 0.8676816060677273734, 7.807125512625630925, -1.344546481937065163 ) ) ;
#4433 = CARTESIAN_POINT ( 'NONE',  ( -10.75000000000000000, -0.2618326490234123005, -6.106707545196424114 ) ) ;
#4434 = CARTESIAN_POINT ( 'NONE',  ( 1.195336483298066410, 7.854921349539734976, -1.063661945968705114 ) ) ;
#4435 = UNCERTAINTY_MEASURE_WITH_UNIT (LENGTH_MEASURE( 1.000000000000000082E-05 ), #2804, 'distance_accuracy_value', 'NONE');
#4436 = CARTESIAN_POINT ( 'NONE',  ( 1.593617059771486266, -0.5472940739167887481, 7.981300138870790484 ) ) ;
#4437 = CARTESIAN_POINT ( 'NONE',  ( 1.593617059771487154, 7.981300138870790484, 0.5472940739167861945 ) ) ;
#4438 = CARTESIAN_POINT ( 'NONE',  ( -1.457007973527202571, 7.903666549730982815, 0.6616707282086508046 ) ) ;
#4439 = DIRECTION ( 'NONE',  ( 0.0000000000000000000, 0.8090169943749481174, -0.5877852522924720269 ) ) ;
#4440 = VERTEX_POINT ( 'NONE', #699 ) ;
#4441 = PRESENTATION_STYLE_ASSIGNMENT (( #3371 ) ) ;
#4442 = CARTESIAN_POINT ( 'NONE',  ( 0.6608972791050272688, 7.784709723743379328, -1.457185164608068018 ) ) ;
#4443 = CARTESIAN_POINT ( 'NONE',  ( -1.077535033054121349, 7.836040875748341072, 1.182760736526206280 ) ) ;
#4444 = CARTESIAN_POINT ( 'NONE',  ( -0.9238883454675108631, 7.814282022826109397, -1.306404795055331247 ) ) ;
#4445 = CARTESIAN_POINT ( 'NONE',  ( 0.1000000000000000472, 1.250000000000000000, 0.0000000000000000000 ) ) ;
#4446 = AXIS2_PLACEMENT_3D ( 'NONE', #1711, #4767, #214 ) ;
#4447 = ORIENTED_EDGE ( 'NONE', *, *, #5068, .F. ) ;
#4448 = CARTESIAN_POINT ( 'NONE',  ( -1.209340765239178994, 1.180918390331767043, 7.912384003525799514 ) ) ;
#4449 = EDGE_CURVE ( 'NONE', #6004, #4418, #226, .T. ) ;
#4450 = DIRECTION ( 'NONE',  ( 0.0000000000000000000, 0.06912543288578514022, -0.9976079763756667829 ) ) ;
#4451 = VECTOR ( 'NONE', #2995, 999.9999999999998863 ) ;
#4452 = CARTESIAN_POINT ( 'NONE',  ( 1.220957939957535654, 7.859287040244571365, 1.034069608864944811 ) ) ;
#4453 = CARTESIAN_POINT ( 'NONE',  ( 1.024700973416305949, 7.885832138214573739, -1.346822161517426952 ) ) ;
#4454 = CARTESIAN_POINT ( 'NONE',  ( -1.457524615964544523, 7.954802944831472544, -0.8495164934478270924 ) ) ;
#4455 = ORIENTED_EDGE ( 'NONE', *, *, #5964, .F. ) ;
#4456 = EDGE_CURVE ( 'NONE', #5402, #859, #3908, .T. ) ;
#4457 = CARTESIAN_POINT ( 'NONE',  ( 0.4181611631643874505, 1.547968152108741835, 3.688400940215633916 ) ) ;
#4458 = VECTOR ( 'NONE', #1044, 1000.000000000000000 ) ;
#4459 = VERTEX_POINT ( 'NONE', #899 ) ;
#4460 = CARTESIAN_POINT ( 'NONE',  ( -0.1108237061928517425, -1.694476199708680575, 7.818489731314600455 ) ) ;
#4461 = DIRECTION ( 'NONE',  ( 0.0000000000000000000, -0.8910065241883676768, 0.4539904997395471931 ) ) ;
#4462 = AXIS2_PLACEMENT_3D ( 'NONE', #3475, #2077, #3513 ) ;
#4463 = CARTESIAN_POINT ( 'NONE',  ( 1.413761944180749408, 7.946767224890924020, 0.9216419685544582352 ) ) ;
#4464 = CARTESIAN_POINT ( 'NONE',  ( 0.1303771475525161150, 7.754770334353031203, -1.594899209050381961 ) ) ;
#4465 = VECTOR ( 'NONE', #639, 1000.000000000000000 ) ;
#4466 = CARTESIAN_POINT ( 'NONE',  ( -10.75000000000000000, -3.803519532746777898, -4.793483870668505453 ) ) ;
#4467 = CARTESIAN_POINT ( 'NONE',  ( 0.1055823740203512412, 7.754210030358819949, -1.597363493139646318 ) ) ;
#4468 = CARTESIAN_POINT ( 'NONE',  ( 1.283249065052856075, -1.098762961633570345, 7.924215047282340940 ) ) ;
#4469 = VECTOR ( 'NONE', #541, 1000.000000000000114 ) ;
#4470 = EDGE_CURVE ( 'NONE', #6354, #5139, #4948, .T. ) ;
#4471 = CARTESIAN_POINT ( 'NONE',  ( 1.150079886621010461, 7.903393453610481068, 1.239648463694109415 ) ) ;
#4472 = EDGE_CURVE ( 'NONE', #4932, #2850, #1463, .T. ) ;
#4473 = CARTESIAN_POINT ( 'NONE',  ( -1.245040997190559606, 7.863464301497707254, 1.005010699271907004 ) ) ;
#4474 = LINE ( 'NONE', #6025, #6053 ) ;
#4475 = PLANE ( 'NONE',  #5607 ) ;
#4476 = CARTESIAN_POINT ( 'NONE',  ( -0.4410724914404892671, 7.767435384574722157, -1.538227075705415059 ) ) ;
#4477 = CARTESIAN_POINT ( 'NONE',  ( -1.024540780797140505, 7.828168206676400231, 1.228964390760074910 ) ) ;
#4478 = CARTESIAN_POINT ( 'NONE',  ( -1.087614571148675324, 1.173568694809648871, 7.837576790641322511 ) ) ;
#4479 = CARTESIAN_POINT ( 'NONE',  ( -0.4141113454988312736, 7.765649683018645888, -1.546415750475330197 ) ) ;
#4480 = COLOUR_RGB ( '',0.6078431372549019107, 0.6313725490196078205, 0.6627450980392156632 ) ;
#4481 = DIRECTION ( 'NONE',  ( 0.0000000000000000000, -0.3090169943749460635, 0.9510565162951540863 ) ) ;
#4482 = ORIENTED_EDGE ( 'NONE', *, *, #1834, .T. ) ;
#4483 = ORIENTED_EDGE ( 'NONE', *, *, #4276, .F. ) ;
#4484 = CARTESIAN_POINT ( 'NONE',  ( -1.509245038671524597, 0.7521193063134552492, 7.964605900246172432 ) ) ;
#4485 = PLANE ( 'NONE',  #1369 ) ;
#4486 = CARTESIAN_POINT ( 'NONE',  ( 1.467463696627556269, 7.905808496108996053, 0.6381745906001543567 ) ) ;
#4487 = CARTESIAN_POINT ( 'NONE',  ( 1.470564885374459729, 7.957244309013834282, -0.8263602732818867702 ) ) ;
#4488 = CARTESIAN_POINT ( 'NONE',  ( -10.75000000000000000, -5.118540194219835193, -0.4999999999999993339 ) ) ;
#4489 = ORIENTED_EDGE ( 'NONE', *, *, #4738, .T. ) ;
#4490 = CARTESIAN_POINT ( 'NONE',  ( -10.75000000000000000, 1.637479633046211358, -5.885078252561577017 ) ) ;
#4491 = ORIENTED_EDGE ( 'NONE', *, *, #4541, .T. ) ;
#4492 = CARTESIAN_POINT ( 'NONE',  ( -1.565180303961354769, -0.6251869916436492147, 7.975575534883176054 ) ) ;
#4493 = DIRECTION ( 'NONE',  ( -0.0000000000000000000, -0.8090169943749481174, 0.5877852522924721379 ) ) ;
#4495 = EDGE_LOOP ( 'NONE', ( #890, #4133, #5825 ) ) ;
#4494 = CARTESIAN_POINT ( 'NONE',  ( 1.682612497005434360, 7.999853620946111299, 0.05585563580270727635 ) ) ;
#4496 = CARTESIAN_POINT ( 'NONE',  ( -1.167463706300312154, 7.850265266115768803, -1.094399147283811713 ) ) ;
#4497 = CARTESIAN_POINT ( 'NONE',  ( -10.75000000000000000, -3.803519532746777898, -4.793483870668505453 ) ) ;
#4498 = CARTESIAN_POINT ( 'NONE',  ( 0.9391200324502285701, 7.816251113307626674, -1.295861459347170230 ) ) ;
#4499 = UNCERTAINTY_MEASURE_WITH_UNIT (LENGTH_MEASURE( 1.000000000000000082E-05 ), #2764, 'distance_accuracy_value', 'NONE');
#4500 = CARTESIAN_POINT ( 'NONE',  ( 1.672374682516373445, 0.1950544907796901983, 7.997670465618797131 ) ) ;
#4501 = CARTESIAN_POINT ( 'NONE',  ( 1.335425771786959981, 7.932918413805056801, 1.034727644054010298 ) ) ;
#4502 = DIRECTION ( 'NONE',  ( -0.0000000000000000000, 0.7071067811865474617, -0.7071067811865474617 ) ) ;
#4503 = FACE_OUTER_BOUND ( 'NONE', #1385, .T. ) ;
#4504 = EDGE_CURVE ( 'NONE', #1429, #456, #970, .T. ) ;
#4505 = LINE ( 'NONE', #2045, #4146 ) ;
#4506 = CARTESIAN_POINT ( 'NONE',  ( 0.9321915417492790956, 7.815353931567305068, -1.300652177235812612 ) ) ;
#4507 = CARTESIAN_POINT ( 'NONE',  ( -1.201546180510463913, 7.855973614104665437, 1.056584426495055018 ) ) ;
#4508 = CARTESIAN_POINT ( 'NONE',  ( -1.254684337667543392, 0.9932799140959204243, 7.865142394476894339 ) ) ;
#4509 = CARTESIAN_POINT ( 'NONE',  ( -1.077302715588249526, 7.836005505007745953, -1.182972359716036648 ) ) ;
#4510 = LINE ( 'NONE', #12, #5564 ) ;
#4511 = ADVANCED_FACE ( 'NONE', ( #2345 ), #337, .F. ) ;
#4512 = DIRECTION ( 'NONE',  ( 0.0000000000000000000, 1.000000000000000000, 0.0000000000000000000 ) ) ;
#4513 = ORIENTED_EDGE ( 'NONE', *, *, #5467, .T. ) ;
#4514 = CARTESIAN_POINT ( 'NONE',  ( -1.575067952725210496, 0.5994180340328766343, 7.977555721648623255 ) ) ;
#4515 = CARTESIAN_POINT ( 'NONE',  ( -1.527163487294549649, 7.918319514066766374, 0.4774378674414508916 ) ) ;
#4516 = LINE ( 'NONE', #481, #4914 ) ;
#4517 = CARTESIAN_POINT ( 'NONE',  ( -0.2202431030227560149, 7.820844671262620729, -1.683573454047933460 ) ) ;
#4518 = CARTESIAN_POINT ( 'NONE',  ( -1.626696837030338738, 7.988071472258265082, -0.4399620097722690693 ) ) ;
#4519 = ORIENTED_EDGE ( 'NONE', *, *, #4746, .T. ) ;
#4520 = CARTESIAN_POINT ( 'NONE',  ( -1.527163487294549871, -0.4774378674414505030, 7.918319514066768150 ) ) ;
#4521 = ORIENTED_EDGE ( 'NONE', *, *, #2466, .F. ) ;
#4522 = CARTESIAN_POINT ( 'NONE',  ( -0.5430074722845659174, -1.606755406922850904, 7.836991025983914838 ) ) ;
#4523 = CARTESIAN_POINT ( 'NONE',  ( -3.750000000000000000, -1.114363807644298765, 5.011275984860160015 ) ) ;
#4524 = CARTESIAN_POINT ( 'NONE',  ( 1.625596105132052882, 7.987856621830137449, 0.4414411724870094256 ) ) ;
#4525 = CARTESIAN_POINT ( 'NONE',  ( -0.4410724914404892671, 7.767435384574722157, -1.538227075705415059 ) ) ;
#4526 = DIRECTION ( 'NONE',  ( 0.7071067811865474617, 0.0000000000000000000, -0.7071067811865474617 ) ) ;
#4527 = CARTESIAN_POINT ( 'NONE',  ( -3.750000000000000000, -1.661144931093034849, 5.885078252561577017 ) ) ;
#4528 = CARTESIAN_POINT ( 'NONE',  ( 1.625635347866214442, 0.4412942222552177496, 7.987864743072617735 ) ) ;
#4529 = CARTESIAN_POINT ( 'NONE',  ( 1.672347342270697590, 7.997664651176513928, 0.1952958012482532424 ) ) ;
#4530 = CARTESIAN_POINT ( 'NONE',  ( -1.487728786357318089, 7.909999970785090539, 0.5893642309659899992 ) ) ;
#4531 = EDGE_CURVE ( 'NONE', #5663, #1301, #3028, .T. ) ;
#4532 = DIRECTION ( 'NONE',  ( 1.000000000000000000, -0.0000000000000000000, -0.0000000000000000000 ) ) ;
#4533 = CARTESIAN_POINT ( 'NONE',  ( 1.112720561696657340, 1.150019339688744147, 7.841457954798947583 ) ) ;
#4534 = CARTESIAN_POINT ( 'NONE',  ( -1.300823314197023350, -0.9319573850486427835, 7.873440820102127091 ) ) ;
#4535 = ADVANCED_FACE ( 'NONE', ( #3092 ), #6553, .F. ) ;
#4536 = CARTESIAN_POINT ( 'NONE',  ( -1.094315414504172912, 7.838521115630400438, -1.168408963129159650 ) ) ;
#4537 = CARTESIAN_POINT ( 'NONE',  ( -1.600000000000000089, 0.1050053630535277283, 7.934223616779728872 ) ) ;
#4538 = CARTESIAN_POINT ( 'NONE',  ( -1.398839036558402693, 7.892025368165652921, -0.7770791524472078216 ) ) ;
#4539 = DIRECTION ( 'NONE',  ( 0.0000000000000000000, 0.2425356250363329136, -0.9701425001453318764 ) ) ;
#4540 = VERTEX_POINT ( 'NONE', #2502 ) ;
#4541 = EDGE_CURVE ( 'NONE', #738, #3096, #1621, .T. ) ;
#4542 = CARTESIAN_POINT ( 'NONE',  ( -0.6960792120446556153, 1.546324933895074194, 7.849162109843025092 ) ) ;
#4543 = CARTESIAN_POINT ( 'NONE',  ( -3.469446951953614189E-15, 0.0000000000000000000, 0.0000000000000000000 ) ) ;
#4544 = LINE ( 'NONE', #2054, #540 ) ;
#4545 = EDGE_CURVE ( 'NONE', #4228, #1093, #2593, .T. ) ;
#4546 = CARTESIAN_POINT ( 'NONE',  ( 1.109620438036253542, 7.897511008212841688, -1.276587691162081706 ) ) ;
#4547 = CARTESIAN_POINT ( 'NONE',  ( -3.750000000000000000, 2.041755025892630915, 4.702258990485212564 ) ) ;
#4548 = ORIENTED_EDGE ( 'NONE', *, *, #5095, .F. ) ;
#4549 = CARTESIAN_POINT ( 'NONE',  ( -1.094564072929151033, -1.168178044544551542, 7.838559426817888642 ) ) ;
#4550 = VECTOR ( 'NONE', #1006, 1000.000000000000000 ) ;
#4551 = ORIENTED_EDGE ( 'NONE', *, *, #2511, .T. ) ;
#4552 = CARTESIAN_POINT ( 'NONE',  ( -1.589231617439927469, -0.5595993279705154810, 7.980415017093303476 ) ) ;
#4553 = PLANE ( 'NONE',  #1503 ) ;
#4554 = CARTESIAN_POINT ( 'NONE',  ( -1.318529609186937623, 7.930115490955827795, 1.055173679684956234 ) ) ;
#4555 = VECTOR ( 'NONE', #4859, 1000.000000000000000 ) ;
#4556 = DIRECTION ( 'NONE',  ( 0.0000000000000000000, 0.5304556061348298934, -0.8477127166205130626 ) ) ;
#4557 = CARTESIAN_POINT ( 'NONE',  ( -10.75000000000000000, 3.825687914197029471, 3.406155880024629656 ) ) ;
#4558 = CARTESIAN_POINT ( 'NONE',  ( 1.024700973416305283, 1.346822161517425398, 7.885832138214573739 ) ) ;
#4559 = VECTOR ( 'NONE', #1092, 1000.000000000000000 ) ;
#4560 = ORIENTED_EDGE ( 'NONE', *, *, #3081, .T. ) ;
#4561 = VECTOR ( 'NONE', #2709, 1000.000000000000000 ) ;
#4562 = CARTESIAN_POINT ( 'NONE',  ( -3.750000000000000000, -2.065420323939452629, 4.702258990485213452 ) ) ;
#4563 = LINE ( 'NONE', #3031, #2380 ) ;
#4564 = LINE ( 'NONE', #2041, #609 ) ;
#4565 = VECTOR ( 'NONE', #2641, 1000.000000000000000 ) ;
#4566 = CARTESIAN_POINT ( 'NONE',  ( 0.7442121536258469172, -1.416438225204491363, 7.793029686715908788 ) ) ;
#4567 = CARTESIAN_POINT ( 'NONE',  ( -1.593765267146612707, -0.5463329991080092540, 7.981334326288997083 ) ) ;
#4568 = CARTESIAN_POINT ( 'NONE',  ( -3.750000000000000000, -3.399011035559304172, -5.087376496814739468 ) ) ;
#4569 =( GEOMETRIC_REPRESENTATION_CONTEXT ( 3 ) GLOBAL_UNCERTAINTY_ASSIGNED_CONTEXT ( ( #4499 ) ) GLOBAL_UNIT_ASSIGNED_CONTEXT ( ( #2764, #2795, #3742 ) ) REPRESENTATION_CONTEXT ( 'NONE', 'WORKASPACE' ) );
#4570 = CARTESIAN_POINT ( 'NONE',  ( -0.9115960673076093368, 7.812661663813931234, -1.315174022724697744 ) ) ;
#4571 = CARTESIAN_POINT ( 'NONE',  ( 0.0000000000000000000, 0.0000000000000000000, 0.0000000000000000000 ) ) ;
#4572 = DIRECTION ( 'NONE',  ( -1.000000000000000000, 0.0000000000000000000, 0.0000000000000000000 ) ) ;
#4573 = CARTESIAN_POINT ( 'NONE',  ( -0.1068143977525059102, 7.753606877751377802, -1.600000000000000089 ) ) ;
#4574 = LINE ( 'NONE', #1511, #2911 ) ;
#4575 = SURFACE_STYLE_FILL_AREA ( #4603 ) ;
#4576 = ORIENTED_EDGE ( 'NONE', *, *, #2096, .T. ) ;
#4577 = CARTESIAN_POINT ( 'NONE',  ( -1.558968291946353668, 7.925170625406853908, 0.3637907618964887346 ) ) ;
#4578 = CARTESIAN_POINT ( 'NONE',  ( -10.75000000000000000, 5.718737106350690880, -2.124840540217202367 ) ) ;
#4579 = CARTESIAN_POINT ( 'NONE',  ( -0.8895246950242113870, 7.869156800435193944, -1.440981957789551737 ) ) ;
#4580 = CARTESIAN_POINT ( 'NONE',  ( -1.680530498066350686, 7.999407010638174498, -0.1120049649573530703 ) ) ;
#4581 = VERTEX_POINT ( 'NONE', #1027 ) ;
#4582 = CARTESIAN_POINT ( 'NONE',  ( 1.270567846757545416, 0.9780069598759656424, 3.879609200226138199 ) ) ;
#4583 = VERTEX_POINT ( 'NONE', #2564 ) ;
#4584 = CARTESIAN_POINT ( 'NONE',  ( 0.02671586668717956109, -1.697264686373380238, 7.817882861154973995 ) ) ;
#4585 = LINE ( 'NONE', #1024, #1826 ) ;
#4586 = CARTESIAN_POINT ( 'NONE',  ( -1.587046869551079098, 7.931341862758381822, -0.2098220169970750892 ) ) ;
#4587 = DIRECTION ( 'NONE',  ( 0.0000000000000000000, 0.8477127166205130626, 0.5304556061348298934 ) ) ;
#4588 = LINE ( 'NONE', #3601, #2076 ) ;
#4589 = CARTESIAN_POINT ( 'NONE',  ( 0.3832511738804995072, 1.653608090458463575, 7.827241135370766933 ) ) ;
#4590 = EDGE_CURVE ( 'NONE', #2850, #6475, #4588, .T. ) ;
#4591 = CARTESIAN_POINT ( 'NONE',  ( 0.8775932909257035952, -1.337862737392025547, 7.808382146933182888 ) ) ;
#4592 = CARTESIAN_POINT ( 'NONE',  ( 0.5881126505378168057, 7.778213073447839854, 1.488224393912469967 ) ) ;
#4593 = CARTESIAN_POINT ( 'NONE',  ( -3.750000000000000000, 1.090698509597477273, 5.011275984860160015 ) ) ;
#4594 = CARTESIAN_POINT ( 'NONE',  ( 0.1050300473879899055, -1.597397433657670174, 7.754202987651792611 ) ) ;
#4595 = CARTESIAN_POINT ( 'NONE',  ( -0.8005636745830676526, 1.385563017085247539, 7.799181723109932740 ) ) ;
#4596 = FACE_OUTER_BOUND ( 'NONE', #1349, .T. ) ;
#4597 = CARTESIAN_POINT ( 'NONE',  ( -1.111042178520108559, 7.897627514659569137, 1.276221395836618422 ) ) ;
#4598 = AXIS2_PLACEMENT_3D ( 'NONE', #1674, #1714, #5795 ) ;
#4599 = PRESENTATION_STYLE_ASSIGNMENT (( #5592 ) ) ;
#4600 = PLANE ( 'NONE',  #5295 ) ;
#4601 = LINE ( 'NONE', #4118, #1584 ) ;
#4602 = CARTESIAN_POINT ( 'NONE',  ( 1.899999999999999911, 0.7499999999999997780, 1.000000000000000000 ) ) ;
#4603 = FILL_AREA_STYLE ('',( #477 ) ) ;
#4604 = ORIENTED_EDGE ( 'NONE', *, *, #1215, .F. ) ;
#4605 = CARTESIAN_POINT ( 'NONE',  ( 0.8674928526793699302, 7.807102328353878740, 1.344668026595006838 ) ) ;
#4606 = DIRECTION ( 'NONE',  ( -0.0000000000000000000, 0.0000000000000000000, -1.000000000000000000 ) ) ;
#4607 = FACE_OUTER_BOUND ( 'NONE', #2836, .T. ) ;
#4608 = LINE ( 'NONE', #4675, #1272 ) ;
#4609 = EDGE_CURVE ( 'NONE', #6043, #4739, #5610, .T. ) ;
#4610 = ORIENTED_EDGE ( 'NONE', *, *, #3944, .F. ) ;
#4611 = CARTESIAN_POINT ( 'NONE',  ( -1.245040997190560494, -1.005010699271906116, 7.863464301497709030 ) ) ;
#4612 = VECTOR ( 'NONE', #5245, 1000.000000000000227 ) ;
#4613 = ORIENTED_EDGE ( 'NONE', *, *, #3206, .F. ) ;
#4614 = CARTESIAN_POINT ( 'NONE',  ( 1.283249065052856075, -1.098762961633570345, 7.924215047282340940 ) ) ;
#4615 = CARTESIAN_POINT ( 'NONE',  ( -3.750000000000000000, -5.742402404397513926, 2.124840540217201035 ) ) ;
#4616 = EDGE_CURVE ( 'NONE', #3087, #4370, #5374, .T. ) ;
#4617 = CARTESIAN_POINT ( 'NONE',  ( -1.047613776748221870, 7.888894687341792000, 1.328779939344300276 ) ) ;
#4618 = CARTESIAN_POINT ( 'NONE',  ( -10.75000000000000000, -3.399011035559304172, -5.087376496814741245 ) ) ;
#4619 = CIRCLE ( 'NONE', #685, 4.000000000000000000 ) ;
#4620 = CARTESIAN_POINT ( 'NONE',  ( 0.8476045144454471547, -1.483075296725452574, 7.861805984687537219 ) ) ;
#4621 = CARTESIAN_POINT ( 'NONE',  ( 0.9807216570957109081, 1.379708470817823551, 7.880144860085834146 ) ) ;
#4622 = CARTESIAN_POINT ( 'NONE',  ( 0.1000000000000000472, 1.250000000000000000, 0.0000000000000000000 ) ) ;
#4623 = CARTESIAN_POINT ( 'NONE',  ( 1.172800517200001336, -1.088390368615039128, 7.851164683852576154 ) ) ;
#4624 = CARTESIAN_POINT ( 'NONE',  ( 0.1041603994711894077, 7.754331844173234956, 1.596822586541947642 ) ) ;
#4625 = CARTESIAN_POINT ( 'NONE',  ( -3.750000000000000000, -4.805316519691916533, 3.791686883723366819 ) ) ;
#4626 = CARTESIAN_POINT ( 'NONE',  ( -0.7311400653548577599, -1.423436385305395069, 7.791627719278606534 ) ) ;
#4627 = CARTESIAN_POINT ( 'NONE',  ( -1.600000004468910886, 0.05301459842477213025, 7.934223618033540149 ) ) ;
#4628 = CARTESIAN_POINT ( 'NONE',  ( 1.357774478543271046, -0.8468354339975511236, 7.884080387683994218 ) ) ;
#4629 = CARTESIAN_POINT ( 'NONE',  ( -1.593765267146612707, 7.981334326289002412, 0.5463329991080055903 ) ) ;
#4630 = LINE ( 'NONE', #2184, #1692 ) ;
#4631 = CARTESIAN_POINT ( 'NONE',  ( 1.600000000000000089, 4.898747658070734754E-16, 4.000000000000000000 ) ) ;
#4632 = SURFACE_SIDE_STYLE ('',( #2609 ) ) ;
#4633 = ORIENTED_EDGE ( 'NONE', *, *, #5926, .T. ) ;
#4634 = CARTESIAN_POINT ( 'NONE',  ( 0.9741153562602757887, 7.820928755762436957, 1.270360058901108813 ) ) ;
#4635 = DIRECTION ( 'NONE',  ( -1.000000000000000000, 0.0000000000000000000, 0.0000000000000000000 ) ) ;
#4636 = CARTESIAN_POINT ( 'NONE',  ( -1.429326331673728800, 7.949599384196685214, -0.8969045773148001111 ) ) ;
#4637 = CARTESIAN_POINT ( 'NONE',  ( 1.344585639361618012, 0.8673353909123581174, 7.881586553435213638 ) ) ;
#4638 = VERTEX_POINT ( 'NONE', #4527 ) ;
#4639 = CARTESIAN_POINT ( 'NONE',  ( -3.750000000000000000, -2.608971534673093728, -4.425305815512912133 ) ) ;
#4640 = ADVANCED_FACE ( 'NONE', ( #6055 ), #4039, .F. ) ;
#4641 = EDGE_LOOP ( 'NONE', ( #3696, #3673, #3575, #4671 ) ) ;
#4642 = CARTESIAN_POINT ( 'NONE',  ( 0.6950510099240613249, -1.546061990900535754, 7.849193675267603254 ) ) ;
#4643 = DIRECTION ( 'NONE',  ( 0.0000000000000000000, -0.4539904997395473596, -0.8910065241883675657 ) ) ;
#4644 = ADVANCED_FACE ( 'NONE', ( #3057 ), #5254, .F. ) ;
#4645 = CARTESIAN_POINT ( 'NONE',  ( -1.600000004468910664, 7.934223618033538372, -0.05301459842477172779 ) ) ;
#4646 = ORIENTED_EDGE ( 'NONE', *, *, #801, .F. ) ;
#4647 = CARTESIAN_POINT ( 'NONE',  ( -10.75000000000000000, 5.094874896173013035, -0.5000000000000000000 ) ) ;
#4648 = CARTESIAN_POINT ( 'NONE',  ( 0.2205822786938338720, -1.686324292249133494, 7.820281948712126230 ) ) ;
#4649 = VECTOR ( 'NONE', #4142, 1000.000000000000114 ) ;
#4650 = CARTESIAN_POINT ( 'NONE',  ( -1.025713050334458698, 1.346040987452116200, 7.885965689962798564 ) ) ;
#4651 = CARTESIAN_POINT ( 'NONE',  ( -10.75000000000000000, 4.413473166489501942, -2.597138885649683537 ) ) ;
#4652 = ORIENTED_EDGE ( 'NONE', *, *, #3476, .T. ) ;
#4653 = CARTESIAN_POINT ( 'NONE',  ( 1.385693537653517771, -0.8000088471736184204, 7.889463731496858756 ) ) ;
#4654 = CIRCLE ( 'NONE', #6254, 1.900000000000003908 ) ;
#4655 = CARTESIAN_POINT ( 'NONE',  ( -0.8009385168616974804, 7.799224208402173453, 1.385347208336149549 ) ) ;
#4656 = VECTOR ( 'NONE', #1026, 1000.000000000000114 ) ;
#4657 = LINE ( 'NONE', #1532, #2224 ) ;
#4658 = CARTESIAN_POINT ( 'NONE',  ( 0.4890782857842216891, -1.523629613162029939, 7.770618746755293849 ) ) ;
#4659 = CARTESIAN_POINT ( 'NONE',  ( -1.467534564690162080, 0.6379883496569248580, 7.905823467886834877 ) ) ;
#4660 = STYLED_ITEM ( 'NONE', ( #3136 ), #1473 ) ;
#4661 = CARTESIAN_POINT ( 'NONE',  ( 1.054351743119391172, -1.203755493545050514, 7.832523635841996068 ) ) ;
#4662 = DIRECTION ( 'NONE',  ( 1.000000000000000000, -0.0000000000000000000, -0.0000000000000000000 ) ) ;
#4663 = CARTESIAN_POINT ( 'NONE',  ( -1.358597423790489866, 7.884237397253867741, -0.8455125962702675357 ) ) ;
#4664 = VECTOR ( 'NONE', #1414, 1000.000000000000000 ) ;
#4665 = DIRECTION ( 'NONE',  ( 0.0000000000000000000, 0.0000000000000000000, -1.000000000000000000 ) ) ;
#4666 = CARTESIAN_POINT ( 'NONE',  ( -10.75000000000000000, 2.113007891193789956, 5.730569755374102847 ) ) ;
#4667 = VECTOR ( 'NONE', #2114, 1000.000000000000114 ) ;
#4668 = STYLED_ITEM ( 'NONE', ( #950 ), #714 ) ;
#4669 = AXIS2_PLACEMENT_3D ( 'NONE', #1831, #2429, #3871 ) ;
#4670 = ADVANCED_FACE ( 'NONE', ( #4075, #5580 ), #5310, .F. ) ;
#4671 = ORIENTED_EDGE ( 'NONE', *, *, #2592, .T. ) ;
#4672 = CARTESIAN_POINT ( 'NONE',  ( -0.4411265486374388312, 7.767438757014402562, 1.538211706794047728 ) ) ;
#4673 = CARTESIAN_POINT ( 'NONE',  ( -10.75000000000000000, -2.065420323939452629, 4.702258990485212564 ) ) ;
#4674 = CARTESIAN_POINT ( 'NONE',  ( -0.6201765672167179888, 7.842812921663663062, -1.578100810490134620 ) ) ;
#4675 = CARTESIAN_POINT ( 'NONE',  ( -10.75000000000000000, 3.779854234699954851, 4.793483870668506341 ) ) ;
#4676 = VERTEX_POINT ( 'NONE', #4296 ) ;
#4677 = CARTESIAN_POINT ( 'NONE',  ( 1.384683646564820680, -0.8020804013405088417, 7.889258813223873013 ) ) ;
#4678 = CARTESIAN_POINT ( 'NONE',  ( 0.8676816060677290388, 1.344546481937064053, 7.807125512625630925 ) ) ;
#4679 = ORIENTED_EDGE ( 'NONE', *, *, #753, .T. ) ;
#4680 = CARTESIAN_POINT ( 'NONE',  ( 1.593617059771486266, -0.5472940739167887481, 7.981300138870790484 ) ) ;
#4681 = CARTESIAN_POINT ( 'NONE',  ( -10.75000000000000000, -5.896910901584988096, 1.649312282069624436 ) ) ;
#4682 = CARTESIAN_POINT ( 'NONE',  ( -1.626749064341823869, 7.988082325934399819, 0.4397597097738233929 ) ) ;
#4683 = ORIENTED_EDGE ( 'NONE', *, *, #3447, .T. ) ;
#4684 = CARTESIAN_POINT ( 'NONE',  ( -10.75000000000000000, 0.2381673509765876717, -6.106707545196424114 ) ) ;
#4685 = CARTESIAN_POINT ( 'NONE',  ( -10.75000000000000000, 3.375345737512480682, 5.087376496814742133 ) ) ;
#4686 = AXIS2_PLACEMENT_3D ( 'NONE', #6310, #3764, #4199 ) ;
#4687 = CARTESIAN_POINT ( 'NONE',  ( 1.283495527733754971, 1.098469523233693623, 7.924255676918052771 ) ) ;
#4688 = CARTESIAN_POINT ( 'NONE',  ( -10.75000000000000000, 1.637479633046213134, 5.885078252561577905 ) ) ;
#4689 = VERTEX_POINT ( 'NONE', #4234 ) ;
#4690 = CARTESIAN_POINT ( 'NONE',  ( 0.9284159636913812408, -1.303349613742263324, 7.814858272882688084 ) ) ;
#4691 = CARTESIAN_POINT ( 'NONE',  ( -0.3644708611602706649, 7.763070536220224582, 1.557990984729007433 ) ) ;
#4692 = VERTEX_POINT ( 'NONE', #1232 ) ;
#4693 = CARTESIAN_POINT ( 'NONE',  ( -10.75000000000000000, 3.375345737512480682, 5.087376496814742133 ) ) ;
#4694 = CARTESIAN_POINT ( 'NONE',  ( -0.8669539957880939562, -1.345054172239662504, 7.807030940291207699 ) ) ;
#4695 = CARTESIAN_POINT ( 'NONE',  ( -0.9115960673076097809, 1.315174022724696856, 7.812661663813934787 ) ) ;
#4696 = CARTESIAN_POINT ( 'NONE',  ( 0.2873019793695574253, -1.574211563614762888, 7.759449130183685206 ) ) ;
#4697 = FACE_OUTER_BOUND ( 'NONE', #4871, .T. ) ;
#4698 = CARTESIAN_POINT ( 'NONE',  ( -1.487641659890242662, 7.909981832217605202, -0.5895838403486497459 ) ) ;
#4699 = EDGE_CURVE ( 'NONE', #3520, #5132, #6349, .T. ) ;
#4700 = SHAPE_DEFINITION_REPRESENTATION ( #2515, #6115 ) ;
#4701 = DIRECTION ( 'NONE',  ( -0.0000000000000000000, -0.9510565162951539753, -0.3090169943749459525 ) ) ;
#4702 = LINE ( 'NONE', #3585, #4774 ) ;
#4703 = ORIENTED_EDGE ( 'NONE', *, *, #5027, .F. ) ;
#4704 = ADVANCED_FACE ( 'NONE', ( #1758 ), #5776, .F. ) ;
#4705 = CARTESIAN_POINT ( 'NONE',  ( -10.75000000000000000, -4.437138464536324101, 2.597138885649683093 ) ) ;
#4706 = ORIENTED_EDGE ( 'NONE', *, *, #1170, .T. ) ;
#4707 = CARTESIAN_POINT ( 'NONE',  ( -0.3386864150724238631, 7.761777973133167308, 1.563798541309065593 ) ) ;
#4708 = CARTESIAN_POINT ( 'NONE',  ( -1.435704071447112984, -0.7140734150603204045, 3.936981265481859449 ) ) ;
#4709 = CARTESIAN_POINT ( 'NONE',  ( -1.683296388627750551, 8.000000001264204741, -0.05623693390391829722 ) ) ;
#4710 = CARTESIAN_POINT ( 'NONE',  ( 1.106384077210078809, 1.155892254080442827, 7.840484082584111114 ) ) ;
#4711 = EDGE_LOOP ( 'NONE', ( #2319, #2665, #2556, #3141 ) ) ;
#4712 = CARTESIAN_POINT ( 'NONE',  ( 1.456943186769124043, -0.6618226820049764036, 7.903653173866835857 ) ) ;
#4713 = CARTESIAN_POINT ( 'NONE',  ( 1.563714106961211936, 0.3398326876811325059, 7.926210579705051273 ) ) ;
#4714 = ORIENTED_EDGE ( 'NONE', *, *, #4531, .T. ) ;
#4715 = CARTESIAN_POINT ( 'NONE',  ( 0.4364812178626535366, -1.640132395060460935, 7.830085275467919992 ) ) ;
#4716 = CARTESIAN_POINT ( 'NONE',  ( -0.3834453016484692389, 7.827428024390398420, 1.652688856183484933 ) ) ;
#4717 = EDGE_LOOP ( 'NONE', ( #2622, #3792, #3719, #4483 ) ) ;
#4718 = CARTESIAN_POINT ( 'NONE',  ( -3.750000000000000000, 4.781651221645094374, 3.791686883723365931 ) ) ;
#4719 = DIRECTION ( 'NONE',  ( -1.000000000000000000, -0.0000000000000000000, -0.0000000000000000000 ) ) ;
#4720 = AXIS2_PLACEMENT_3D ( 'NONE', #1476, #6069, #3552 ) ;
#4721 = CARTESIAN_POINT ( 'NONE',  ( -1.384092555118456191, 0.9663449559052168514, 7.941455510226290038 ) ) ;
#4722 = CARTESIAN_POINT ( 'NONE',  ( -10.75000000000000000, -3.849353212243852074, -3.406155880024630100 ) ) ;
#4723 = ORIENTED_EDGE ( 'NONE', *, *, #1133, .F. ) ;
#4724 = CYLINDRICAL_SURFACE ( 'NONE', #1382, 2.000000000000000000 ) ;
#4725 = CARTESIAN_POINT ( 'NONE',  ( 0.9323442427894882423, 7.815274029343648010, 1.301321906058257483 ) ) ;
#4726 = VECTOR ( 'NONE', #657, 1000.000000000000000 ) ;
#4727 = ORIENTED_EDGE ( 'NONE', *, *, #2433, .T. ) ;
#4728 = CARTESIAN_POINT ( 'NONE',  ( 3.499999999999999556, 0.0000000000000000000, 0.0000000000000000000 ) ) ;
#4729 = CARTESIAN_POINT ( 'NONE',  ( 1.321935591027796786, 7.877344525397197650, -0.9014865295605203332 ) ) ;
#4730 = CARTESIAN_POINT ( 'NONE',  ( 0.7699730800689053023, -1.509538095738447661, 7.856301482941137948 ) ) ;
#4731 = ADVANCED_FACE ( 'NONE', ( #2660 ), #196, .F. ) ;
#4732 = PLANE ( 'NONE',  #3720 ) ;
#4733 = CARTESIAN_POINT ( 'NONE',  ( -1.640128555305603530, 7.990871957423816063, 0.3859027067945344780 ) ) ;
#4734 = DIRECTION ( 'NONE',  ( 0.0000000000000000000, 0.0000000000000000000, 1.000000000000000000 ) ) ;
#4735 = FACE_OUTER_BOUND ( 'NONE', #6286, .T. ) ;
#4736 = DIRECTION ( 'NONE',  ( 0.0000000000000000000, -0.1564344650402300918, -0.9876883405951377704 ) ) ;
#4737 = CARTESIAN_POINT ( 'NONE',  ( -3.750000000000000000, -2.136673189240612114, -5.730569755374101959 ) ) ;
#4738 = EDGE_CURVE ( 'NONE', #1191, #3387, #165, .T. ) ;
#4739 = VERTEX_POINT ( 'NONE', #5246 ) ;
#4740 = CARTESIAN_POINT ( 'NONE',  ( 0.4148823435072208632, 7.765705939252111278, 1.546153999711133542 ) ) ;
#4741 = CARTESIAN_POINT ( 'NONE',  ( -0.4423654959746708970, 7.827937798179348761, -1.652546502089422553 ) ) ;
#4742 = CARTESIAN_POINT ( 'NONE',  ( 1.245464200462093052, 1.004424215698798584, 7.863541772938596353 ) ) ;
#4743 = ORIENTED_EDGE ( 'NONE', *, *, #5389, .F. ) ;
#4744 = CARTESIAN_POINT ( 'NONE',  ( 1.434199961478555219, -0.7093972899129785681, 7.899053919478461694 ) ) ;
#4745 = CARTESIAN_POINT ( 'NONE',  ( 1.467604626266370449, -0.6378264770172469289, 7.905837875436645845 ) ) ;
#4746 = EDGE_CURVE ( 'NONE', #1789, #5677, #4619, .T. ) ;
#4747 = ORIENTED_EDGE ( 'NONE', *, *, #4340, .F. ) ;
#4748 = EDGE_CURVE ( 'NONE', #5454, #3863, #260, .T. ) ;
#4749 = CARTESIAN_POINT ( 'NONE',  ( 1.265591887591354991, 1.119392006327040834, 7.921325086865481424 ) ) ;
#4750 = SURFACE_STYLE_USAGE ( .BOTH. , #5243 ) ;
#4751 = ORIENTED_EDGE ( 'NONE', *, *, #2831, .T. ) ;
#4752 = CARTESIAN_POINT ( 'NONE',  ( 1.600054320551652198, 4.000021728218227324, 0.1048649574929110539 ) ) ;
#4753 = CARTESIAN_POINT ( 'NONE',  ( -3.750000000000000000, -1.661144931093034627, 5.885078252561577017 ) ) ;
#4754 = DIRECTION ( 'NONE',  ( 0.0000000000000000000, 0.0000000000000000000, 1.000000000000000000 ) ) ;
#4755 = FACE_OUTER_BOUND ( 'NONE', #5699, .T. ) ;
#4756 = ORIENTED_EDGE ( 'NONE', *, *, #4545, .T. ) ;
#4757 = VERTEX_POINT ( 'NONE', #5274 ) ;
#4758 = CARTESIAN_POINT ( 'NONE',  ( 1.594817593093107000, 7.933068237866134353, -0.1313444242470766243 ) ) ;
#4759 = EDGE_LOOP ( 'NONE', ( #1350, #484, #5104, #182 ) ) ;
#4760 = PLANE ( 'NONE',  #2003 ) ;
#4761 = CARTESIAN_POINT ( 'NONE',  ( 0.5425439700962799705, 7.836334714287301217, 1.610507579867367367 ) ) ;
#4762 = CARTESIAN_POINT ( 'NONE',  ( 0.7452778561835585736, -1.522090668353605736, 7.853877338375295558 ) ) ;
#4763 = CIRCLE ( 'NONE', #3820, 8.000000000000000000 ) ;
#4764 = SURFACE_SIDE_STYLE ('',( #1101 ) ) ;
#4765 = CARTESIAN_POINT ( 'NONE',  ( -3.750000000000000000, 2.585306236626269794, -4.425305815512913910 ) ) ;
#4766 = AXIS2_PLACEMENT_3D ( 'NONE', #6500, #1440, #5623 ) ;
#4767 = DIRECTION ( 'NONE',  ( 1.000000000000000000, 0.0000000000000000000, 0.0000000000000000000 ) ) ;
#4768 = ORIENTED_EDGE ( 'NONE', *, *, #3581, .F. ) ;
#4769 = PRODUCT_DEFINITION_FORMATION_WITH_SPECIFIED_SOURCE ( 'ANY', '', #973, .NOT_KNOWN. ) ;
#4770 = CARTESIAN_POINT ( 'NONE',  ( 1.202703007798978652, 7.856151050669283542, 1.055551606180936686 ) ) ;
#4771 = CARTESIAN_POINT ( 'NONE',  ( -1.035159452872262742, 7.885740346602580608, -1.356470177456009951 ) ) ;
#4772 = CARTESIAN_POINT ( 'NONE',  ( -0.5905113067184298847, 1.487252303542603515, 7.778418311378372252 ) ) ;
#4773 = CARTESIAN_POINT ( 'NONE',  ( -1.589197094196047599, 3.995645284781699669, 0.2133612414179836825 ) ) ;
#4774 = VECTOR ( 'NONE', #2185, 1000.000000000000114 ) ;
#4775 = CARTESIAN_POINT ( 'NONE',  ( 1.545154966794805018, -0.4161469138305934901, 7.922180082046878624 ) ) ;
#4776 = CARTESIAN_POINT ( 'NONE',  ( 1.384845266696922428, 0.8018019896429510185, 7.889290200699599076 ) ) ;
#4777 = ORIENTED_EDGE ( 'NONE', *, *, #3984, .F. ) ;
#4778 = CARTESIAN_POINT ( 'NONE',  ( 1.428617180992300728, 0.8980552167233458727, 7.949469678124003735 ) ) ;
#4779 = CYLINDRICAL_SURFACE ( 'NONE', #1717, 1.600000000000000089 ) ;
#4780 = AXIS2_PLACEMENT_3D ( 'NONE', #3800, #1694, #4754 ) ;
#4781 = CARTESIAN_POINT ( 'NONE',  ( -0.4373747886612951441, 7.830267225984439250, -1.639196109806128066 ) ) ;
#4782 = ORIENTED_EDGE ( 'NONE', *, *, #4699, .F. ) ;
#4783 = EDGE_CURVE ( 'NONE', #5678, #1230, #2695, .T. ) ;
#4784 = DIRECTION ( 'NONE',  ( -0.0000000000000000000, 0.9876883405951377704, 0.1564344650402304804 ) ) ;
#4785 = CARTESIAN_POINT ( 'NONE',  ( -10.75000000000000000, -5.023108633883571983, 1.102531158620888574 ) ) ;
#4786 = CARTESIAN_POINT ( 'NONE',  ( -1.640088738270711444, 0.3860790443614175449, 7.990863635255890607 ) ) ;
#4787 = EDGE_CURVE ( 'NONE', #4540, #4638, #721, .T. ) ;
#4788 = CARTESIAN_POINT ( 'NONE',  ( -1.467534564690162080, 0.6379883496569248580, 7.905823467886834877 ) ) ;
#4789 = ORIENTED_EDGE ( 'NONE', *, *, #3831, .T. ) ;
#4790 = ORIENTED_EDGE ( 'NONE', *, *, #5300, .T. ) ;
#4791 = FACE_OUTER_BOUND ( 'NONE', #321, .T. ) ;
#4792 = CARTESIAN_POINT ( 'NONE',  ( 0.9109290793184242618, 7.812576183597281343, -1.315630961360694462 ) ) ;
#4793 = FACE_OUTER_BOUND ( 'NONE', #4961, .T. ) ;
#4794 = CARTESIAN_POINT ( 'NONE',  ( 0.8476045143364667744, 7.861805984678436943, 1.483075296770974161 ) ) ;
#4795 = CARTESIAN_POINT ( 'NONE',  ( -0.8186422439382954330, -1.483272942091165447, 7.861302627719226166 ) ) ;
#4796 = CARTESIAN_POINT ( 'NONE',  ( -10.75000000000000000, 3.825687914197029471, 3.406155880024629656 ) ) ;
#4797 = CARTESIAN_POINT ( 'NONE',  ( -10.75000000000000000, 5.094874896173013035, 0.5000000000000000000 ) ) ;
#4798 = DIRECTION ( 'NONE',  ( 0.0000000000000000000, -0.3740200118118313100, -0.9274206331348670007 ) ) ;
#4799 = VERTEX_POINT ( 'NONE', #5747 ) ;
#4800 = CARTESIAN_POINT ( 'NONE',  ( 1.497122506061745018, 7.911963014130614091, 0.5650712869777763103 ) ) ;
#4801 = DIRECTION ( 'NONE',  ( 1.000000000000000000, -0.0000000000000000000, -0.0000000000000000000 ) ) ;
#4802 = CARTESIAN_POINT ( 'NONE',  ( 0.8662194769876915279, 1.345522837220615164, 7.806941323145795586 ) ) ;
#4803 = LINE ( 'NONE', #709, #2239 ) ;
#4804 = CARTESIAN_POINT ( 'NONE',  ( 1.563682411263667582, -0.3399776747911395502, 7.926203658408466524 ) ) ;
#4805 = CARTESIAN_POINT ( 'NONE',  ( 1.054711884259526666, 1.203440143379116201, 7.832577294392533140 ) ) ;
#4806 = ORIENTED_EDGE ( 'NONE', *, *, #4427, .F. ) ;
#4807 = CARTESIAN_POINT ( 'NONE',  ( 1.672374682516373445, 0.1950544907796901983, 7.997670465618797131 ) ) ;
#4808 = PRODUCT_RELATED_PRODUCT_CATEGORY ( 'part', '', ( #1501 ) ) ;
#4809 = LINE ( 'NONE', #255, #3825 ) ;
#4810 = CARTESIAN_POINT ( 'NONE',  ( 1.899999999999999911, 1.250000000000000000, 0.0000000000000000000 ) ) ;
#4811 = CARTESIAN_POINT ( 'NONE',  ( 0.2750177962629909989, 7.822753408566295086, -1.674678103761967574 ) ) ;
#4812 = ORIENTED_EDGE ( 'NONE', *, *, #2271, .T. ) ;
#4813 = CARTESIAN_POINT ( 'NONE',  ( 1.517215651874749494, 3.967431780382226325, 0.5188829171695477083 ) ) ;
#4814 = DIRECTION ( 'NONE',  ( 1.000000000000000000, 0.0000000000000000000, -0.0000000000000000000 ) ) ;
#4815 = CARTESIAN_POINT ( 'NONE',  ( -1.228242146987736927, 1.160918960803398070, 7.915345616943385565 ) ) ;
#4816 = CARTESIAN_POINT ( 'NONE',  ( -0.2612083955809161862, -1.579409820431404876, 7.758285761154578353 ) ) ;
#4817 = ADVANCED_FACE ( 'NONE', ( #2758 ), #4267, .T. ) ;
#4818 = CARTESIAN_POINT ( 'NONE',  ( 0.02534884981451661010, 1.600013227363143331, 7.753603722456265501 ) ) ;
#4819 = ORIENTED_EDGE ( 'NONE', *, *, #6058, .F. ) ;
#4820 = EDGE_LOOP ( 'NONE', ( #2965, #1742, #3339, #6516 ) ) ;
#4821 = CARTESIAN_POINT ( 'NONE',  ( 1.586317052438965147, 7.931181024438143545, 0.2104671552203548901 ) ) ;
#4822 = CARTESIAN_POINT ( 'NONE',  ( -10.75000000000000000, -4.805316519691918309, -3.791686883723365931 ) ) ;
#4823 = CARTESIAN_POINT ( 'NONE',  ( -10.75000000000000000, -6.118540194219835193, -0.2499999999999992506 ) ) ;
#4824 = CARTESIAN_POINT ( 'NONE',  ( -0.6203091578534386530, -1.578048312778255413, 7.842823501303402445 ) ) ;
#4825 = CIRCLE ( 'NONE', #5458, 4.000000000000000000 ) ;
#4826 = CARTESIAN_POINT ( 'NONE',  ( -0.8050648333821033287, -1.386603873878765159, 3.752478814714955480 ) ) ;
#4827 = ITEM_DEFINED_TRANSFORMATION ( 'NONE', 'NONE', #5724,  #5234 ) ;
#4828 = CARTESIAN_POINT ( 'NONE',  ( 1.899999999999999911, 0.7499999999999997780, 1.000000000000000000 ) ) ;
#4829 = CYLINDRICAL_SURFACE ( 'NONE', #612, 1.600000000000000089 ) ;
#4830 = ORIENTED_EDGE ( 'NONE', *, *, #2357, .F. ) ;
#4831 = CARTESIAN_POINT ( 'NONE',  ( 1.397624998179088696, 7.891786085771883563, 0.7793153327050453827 ) ) ;
#4832 = CARTESIAN_POINT ( 'NONE',  ( 1.459888910155275887, 7.955023484922072896, -0.8521826158246568195 ) ) ;
#4833 = CARTESIAN_POINT ( 'NONE',  ( 0.8434639446638108051, 1.359870749632817732, 7.804186193151299022 ) ) ;
#4834 = CARTESIAN_POINT ( 'NONE',  ( -1.205162436093915934, 3.858433293881666781, -1.057518879101718268 ) ) ;
#4835 = CARTESIAN_POINT ( 'NONE',  ( -0.2093445742537679011, 1.587105917560921897, 7.756541311737219502 ) ) ;
#4836 = CARTESIAN_POINT ( 'NONE',  ( -10.75000000000000000, 6.094874896173013035, -0.2500000000000000000 ) ) ;
#4837 = VERTEX_POINT ( 'NONE', #691 ) ;
#4838 = CARTESIAN_POINT ( 'NONE',  ( 0.1095064378385176562, 1.693885591169064897, 7.818615831568948238 ) ) ;
#4839 = LINE ( 'NONE', #3829, #5940 ) ;
#4840 = CARTESIAN_POINT ( 'NONE',  ( 0.3387306440256118156, 7.761746887745166745, 1.563942841799248473 ) ) ;
#4841 = CARTESIAN_POINT ( 'NONE',  ( 0.8188021714612004898, 7.861319479558216194, -1.483183782695140174 ) ) ;
#4842 = ORIENTED_EDGE ( 'NONE', *, *, #5493, .F. ) ;
#4843 = CARTESIAN_POINT ( 'NONE',  ( -3.750000000000000000, 2.585306236626271570, 4.425305815512913910 ) ) ;
#4844 = CARTESIAN_POINT ( 'NONE',  ( 1.058595136904983081, 1.204199870094723401, 3.815197659692346033 ) ) ;
#4845 = EDGE_CURVE ( 'NONE', #448, #1191, #367, .T. ) ;
#4846 = CARTESIAN_POINT ( 'NONE',  ( -1.468062150225128093, -0.6367276187011110533, 7.905932588230297320 ) ) ;
#4847 = CARTESIAN_POINT ( 'NONE',  ( -0.8460305699129780921, -1.358280468155080190, 7.804491922188484310 ) ) ;
#4848 = CARTESIAN_POINT ( 'NONE',  ( -1.344639851525536223, 0.8675402588909525425, 7.881586391505440048 ) ) ;
#4849 = ORIENTED_EDGE ( 'NONE', *, *, #2249, .T. ) ;
#4850 = FILL_AREA_STYLE ('',( #2309 ) ) ;
#4851 = CARTESIAN_POINT ( 'NONE',  ( 0.7452778561835591287, 7.853877338375293782, 1.522090668353601961 ) ) ;
#4852 = CARTESIAN_POINT ( 'NONE',  ( 1.538164308008210357, 7.920673076858219197, 0.4412829662846945999 ) ) ;
#4853 = CARTESIAN_POINT ( 'NONE',  ( -3.750000000000000000, 3.375345737512480682, 5.087376496814742133 ) ) ;
#4854 = CARTESIAN_POINT ( 'NONE',  ( 0.05430698566758596774, -1.696597164771920241, 7.818027884408378370 ) ) ;
#4855 = CARTESIAN_POINT ( 'NONE',  ( 1.547707178447628840, -0.4192654095077217313, 3.979325293774808703 ) ) ;
#4856 = CARTESIAN_POINT ( 'NONE',  ( -12.24999999999999822, 0.0000000000000000000, -8.000000000000000000 ) ) ;
#4857 = EDGE_CURVE ( 'NONE', #2888, #915, #6280, .T. ) ;
#4858 = VECTOR ( 'NONE', #2408, 1000.000000000000000 ) ;
#4859 = DIRECTION ( 'NONE',  ( 1.000000000000000000, -0.0000000000000000000, -0.0000000000000000000 ) ) ;
#4860 = VERTEX_POINT ( 'NONE', #1264 ) ;
#4861 = CARTESIAN_POINT ( 'NONE',  ( 1.599998660691316354, 7.934223317855614077, 0.02636731671060623533 ) ) ;
#4862 = CARTESIAN_POINT ( 'NONE',  ( -1.435103428252078928, 7.899234847135332416, 0.7075699897770658664 ) ) ;
#4863 = CARTESIAN_POINT ( 'NONE',  ( 0.9236957680008438532, 1.306540445775849157, 7.814256916396278285 ) ) ;
#4864 = CARTESIAN_POINT ( 'NONE',  ( -0.2117886231897523341, 3.670721338420603441, 1.589439503209412186 ) ) ;
#4865 = AXIS2_PLACEMENT_3D ( 'NONE', #4965, #6105, #5537 ) ;
#4866 = CARTESIAN_POINT ( 'NONE',  ( 0.6608972791050281570, 1.457185164608068018, 7.784709723743379328 ) ) ;
#4867 = EDGE_CURVE ( 'NONE', #786, #1320, #3799, .T. ) ;
#4868 = ADVANCED_FACE ( 'NONE', ( #3291 ), #755, .F. ) ;
#4869 = FACE_OUTER_BOUND ( 'NONE', #2399, .T. ) ;
#4870 = VECTOR ( 'NONE', #6328, 1000.000000000000114 ) ;
#4871 = EDGE_LOOP ( 'NONE', ( #2197, #3408, #5707, #5815 ) ) ;
#4872 = CARTESIAN_POINT ( 'NONE',  ( 1.335603266771006714, 1.034491550371123836, 7.932948994464962489 ) ) ;
#4873 = FACE_OUTER_BOUND ( 'NONE', #2135, .T. ) ;
#4874 = CARTESIAN_POINT ( 'NONE',  ( 0.8798777469070868662, 7.808662444292318483, 1.336393777996060628 ) ) ;
#4875 = CARTESIAN_POINT ( 'NONE',  ( -0.4640348311819285088, 7.831829058256158937, -1.631723656437097159 ) ) ;
#4876 = ORIENTED_EDGE ( 'NONE', *, *, #4923, .F. ) ;
#4877 = VECTOR ( 'NONE', #2420, 1000.000000000000227 ) ;
#4878 = CARTESIAN_POINT ( 'NONE',  ( -10.75000000000000000, -5.023108633883571983, -1.102531158620887464 ) ) ;
#4879 = VECTOR ( 'NONE', #2933, 1000.000000000000227 ) ;
#4880 = DIRECTION ( 'NONE',  ( -0.0000000000000000000, -0.0000000000000000000, -1.000000000000000000 ) ) ;
#4881 = CARTESIAN_POINT ( 'NONE',  ( -1.201795687651896483, -1.056300523252786672, 7.856015860567642228 ) ) ;
#4882 = CARTESIAN_POINT ( 'NONE',  ( 1.434199961478555219, -0.7093972899129785681, 7.899053919478461694 ) ) ;
#4883 = CARTESIAN_POINT ( 'NONE',  ( -0.3386388938367035917, 1.563808797859712385, 7.761775685362527710 ) ) ;
#4884 = VERTEX_POINT ( 'NONE', #4327 ) ;
#4885 = CARTESIAN_POINT ( 'NONE',  ( 1.683296381748221160, 7.999999999534100681, 8.633887953438801463E-05 ) ) ;
#4886 = CARTESIAN_POINT ( 'NONE',  ( 1.508864755614955477, 7.964538738508056603, 0.7525159048656977490 ) ) ;
#4887 = CARTESIAN_POINT ( 'NONE',  ( 1.434199961478555885, 7.899053919478456365, 0.7093972899129773468 ) ) ;
#4888 = CARTESIAN_POINT ( 'NONE',  ( 1.600000000000000533, -1.356531579270008804E-05, 7.934223617245786286 ) ) ;
#4889 = CARTESIAN_POINT ( 'NONE',  ( 0.5142914452495468414, 7.772420083300895399, -1.515317979014091376 ) ) ;
#4890 = CARTESIAN_POINT ( 'NONE',  ( 0.9126547387480826723, -1.426399693324538420, 7.871824849345546937 ) ) ;
#4891 = CARTESIAN_POINT ( 'NONE',  ( 1.683297788603669964, 8.000000300470457404, -0.02779729826916523677 ) ) ;
#4892 = CARTESIAN_POINT ( 'NONE',  ( -3.750000000000000000, -0.5118326490234121895, -5.106707545196424114 ) ) ;
#4893 = CARTESIAN_POINT ( 'NONE',  ( -3.750000000000000000, 4.781651221645094374, -3.791686883723367263 ) ) ;
#4894 = VECTOR ( 'NONE', #2528, 1000.000000000000114 ) ;
#4895 = DIRECTION ( 'NONE',  ( 0.0000000000000000000, 0.06912543288578471001, -0.9976079763756667829 ) ) ;
#4896 = EDGE_LOOP ( 'NONE', ( #572, #2494, #6212, #1991 ) ) ;
#4897 = ADVANCED_FACE ( 'NONE', ( #3699 ), #5709, .F. ) ;
#4898 = CARTESIAN_POINT ( 'NONE',  ( 1.202965229107839873, 7.856195572549728112, -1.055251657146542010 ) ) ;
#4899 = CARTESIAN_POINT ( 'NONE',  ( -1.153094011981928402, 7.847929114542169238, 1.109299420046149898 ) ) ;
#4900 = CARTESIAN_POINT ( 'NONE',  ( -1.004414368732255092, 1.245472632458670903, 7.825280293923665198 ) ) ;
#4901 = EDGE_CURVE ( 'NONE', #1320, #4105, #3085, .T. ) ;
#4902 = PLANE ( 'NONE',  #95 ) ;
#4903 = CARTESIAN_POINT ( 'NONE',  ( 1.434567306646679308, 0.7090207084882592659, 7.899121549463909986 ) ) ;
#4904 = LINE ( 'NONE', #4960, #412 ) ;
#4905 = CARTESIAN_POINT ( 'NONE',  ( -1.318186349959429071, 1.055885603882340318, 7.930042782435255511 ) ) ;
#4906 = CARTESIAN_POINT ( 'NONE',  ( 0.1000000000000004774, -1.250000000000000000, 0.0000000000000000000 ) ) ;
#4907 = CARTESIAN_POINT ( 'NONE',  ( 1.068709146605792526, 7.834702626181444529, 1.190744913508994252 ) ) ;
#4908 = CARTESIAN_POINT ( 'NONE',  ( 0.7455678292771004134, 7.853905451862340570, -1.521945480155076247 ) ) ;
#4909 = CARTESIAN_POINT ( 'NONE',  ( 1.228703193804534077, 7.915418370498350953, -1.160423044426827310 ) ) ;
#4910 = ORIENTED_EDGE ( 'NONE', *, *, #5143, .T. ) ;
#4911 = FACE_OUTER_BOUND ( 'NONE', #1512, .T. ) ;
#4912 = CARTESIAN_POINT ( 'NONE',  ( -0.1053441231687659851, 1.597383213165466609, 7.754205899653003442 ) ) ;
#4913 = FACE_OUTER_BOUND ( 'NONE', #2783, .T. ) ;
#4914 = VECTOR ( 'NONE', #1641, 1000.000000000000000 ) ;
#4915 = CARTESIAN_POINT ( 'NONE',  ( -0.6960129794967702122, 7.849281375442173747, 1.545615594093714851 ) ) ;
#4916 = CARTESIAN_POINT ( 'NONE',  ( -0.4157316967709587252, 7.765886393762752249, -1.545271362922096214 ) ) ;
#4917 = PLANE ( 'NONE',  #6465 ) ;
#4918 = CARTESIAN_POINT ( 'NONE',  ( -1.339635545641879380E-15, 7.753606753382308980, -1.599999999331841227 ) ) ;
#4919 = CARTESIAN_POINT ( 'NONE',  ( 1.456770609465178223, -0.8508324849448397620, 7.954662428761633208 ) ) ;
#4920 = CARTESIAN_POINT ( 'NONE',  ( 1.660723949432457047, 7.995201324763639761, -0.2784283759574986972 ) ) ;
#4921 = DIRECTION ( 'NONE',  ( 0.0000000000000000000, 0.9510565162951539753, 0.3090169943749458414 ) ) ;
#4922 = FACE_OUTER_BOUND ( 'NONE', #1319, .T. ) ;
#4923 = EDGE_CURVE ( 'NONE', #5040, #357, #3900, .T. ) ;
#4924 = CARTESIAN_POINT ( 'NONE',  ( -10.75000000000000000, -3.803519532746777454, 4.793483870668507230 ) ) ;
#4925 = ORIENTED_EDGE ( 'NONE', *, *, #4177, .T. ) ;
#4926 = CARTESIAN_POINT ( 'NONE',  ( 0.9945351660571215557, 7.823857231236556409, -1.253627078112971249 ) ) ;
#4927 =( NAMED_UNIT ( * ) PLANE_ANGLE_UNIT ( ) SI_UNIT ( $, .RADIAN. ) );
#4928 = PRESENTATION_STYLE_ASSIGNMENT (( #2977 ) ) ;
#4929 = VECTOR ( 'NONE', #3776, 1000.000000000000227 ) ;
#4930 = CARTESIAN_POINT ( 'NONE',  ( -0.8951211627929873682, 7.810583839032381626, -1.326200168591563422 ) ) ;
#4931 = DIRECTION ( 'NONE',  ( -1.000000000000000000, -0.0000000000000000000, -0.0000000000000000000 ) ) ;
#4932 = VERTEX_POINT ( 'NONE', #2369 ) ;
#4933 = CARTESIAN_POINT ( 'NONE',  ( -0.9245632881149448146, 1.418382161443458189, 7.873261989157496643 ) ) ;
#4934 = PLANE ( 'NONE',  #833 ) ;
#4935 = CARTESIAN_POINT ( 'NONE',  ( 0.2093584804831736534, 7.756542925962793156, 1.587097276982845528 ) ) ;
#4936 = CARTESIAN_POINT ( 'NONE',  ( 0.3022189309941804014, 7.823774955345879079, -1.669903053315906716 ) ) ;
#4937 = CARTESIAN_POINT ( 'NONE',  ( 1.600000000000751710, 2.896385244050262217E-14, 7.934223617059121381 ) ) ;
#4938 = ORIENTED_EDGE ( 'NONE', *, *, #2723, .T. ) ;
#4939 = EDGE_CURVE ( 'NONE', #6179, #5179, #1297, .T. ) ;
#4940 = CARTESIAN_POINT ( 'NONE',  ( -0.2111891756063832559, 1.589511720292457131, 3.670689609689546273 ) ) ;
#4941 = EDGE_CURVE ( 'NONE', #5071, #5033, #4396, .T. ) ;
#4942 = VERTEX_POINT ( 'NONE', #293 ) ;
#4943 = CARTESIAN_POINT ( 'NONE',  ( -1.265495030600772619, -1.119504145079706303, 7.921309299046720653 ) ) ;
#4944 = PLANE ( 'NONE',  #5836 ) ;
#4945 = CARTESIAN_POINT ( 'NONE',  ( -0.3427414805706512357, 7.825508025146713287, 1.661755731083271570 ) ) ;
#4946 = CARTESIAN_POINT ( 'NONE',  ( -0.1053441231687667345, 7.754205899653000778, -1.597383213165466609 ) ) ;
#4947 = FACE_OUTER_BOUND ( 'NONE', #2060, .T. ) ;
#4948 = LINE ( 'NONE', #5986, #6323 ) ;
#4949 = CARTESIAN_POINT ( 'NONE',  ( 1.024828035449903751, -1.347575135713429351, 7.885765900746539714 ) ) ;
#4950 = CARTESIAN_POINT ( 'NONE',  ( 0.4364812178626635286, 7.830085275467918215, 1.640132395060461379 ) ) ;
#4951 = CARTESIAN_POINT ( 'NONE',  ( -1.269460013801726461, 7.867784759150940666, 0.9739834756747676181 ) ) ;
#4952 = DIRECTION ( 'NONE',  ( 1.000000000000000000, -0.0000000000000000000, -0.0000000000000000000 ) ) ;
#4953 = ORIENTED_EDGE ( 'NONE', *, *, #1408, .F. ) ;
#4954 = LINE ( 'NONE', #4050, #517 ) ;
#4955 = ORIENTED_EDGE ( 'NONE', *, *, #4397, .T. ) ;
#4956 = CARTESIAN_POINT ( 'NONE',  ( 0.9109290793184242618, 7.812576183597281343, -1.315630961360694462 ) ) ;
#4957 = CARTESIAN_POINT ( 'NONE',  ( -1.144162713332480985, 7.846476305489839653, 1.118587990274299004 ) ) ;
#4958 = DIRECTION ( 'NONE',  ( -0.0000000000000000000, 0.9876883405951377704, -0.1564344650402304526 ) ) ;
#4959 = CARTESIAN_POINT ( 'NONE',  ( -1.117572078603731756, 7.842233538128882131, -1.145154087279813382 ) ) ;
#4960 = CARTESIAN_POINT ( 'NONE',  ( 0.1000000000000000472, 0.7500000000000000000, -1.000000000000000000 ) ) ;
#4961 = EDGE_LOOP ( 'NONE', ( #2292, #848, #6171, #2523 ) ) ;
#4962 = AXIS2_PLACEMENT_3D ( 'NONE', #805, #772, #4895 ) ;
#4963 = ORIENTED_EDGE ( 'NONE', *, *, #3241, .T. ) ;
#4964 = CARTESIAN_POINT ( 'NONE',  ( -1.532762966186904219, 0.7021044128302680321, 7.969170594191037793 ) ) ;
#4965 = CARTESIAN_POINT ( 'NONE',  ( -3.736410698672603652E-15, 1.500000000000000000, 0.0000000000000000000 ) ) ;
#4966 = VECTOR ( 'NONE', #3122, 1000.000000000000227 ) ;
#4967 = CARTESIAN_POINT ( 'NONE',  ( 1.423052881362594224, 7.896813460554580999, 0.7318918423549394259 ) ) ;
#4968 = CARTESIAN_POINT ( 'NONE',  ( 0.8897237674054556678, 7.869153130194182388, -1.441054604916178761 ) ) ;
#4969 = CARTESIAN_POINT ( 'NONE',  ( -10.75000000000000000, 6.094874896173013035, -0.2500000000000000000 ) ) ;
#4970 = EDGE_LOOP ( 'NONE', ( #6072, #2333, #3160, #6112 ) ) ;
#4971 = VECTOR ( 'NONE', #5178, 1000.000000000000000 ) ;
#4972 = CARTESIAN_POINT ( 'NONE',  ( -0.4182356154482890220, 1.547975241020017600, 3.688398347903719898 ) ) ;
#4973 = VECTOR ( 'NONE', #5843, 1000.000000000000000 ) ;
#4974 = VERTEX_POINT ( 'NONE', #4490 ) ;
#4975 = CARTESIAN_POINT ( 'NONE',  ( -1.026025122297459680, -1.345798585812993275, 7.886007036920076985 ) ) ;
#4976 = PLANE ( 'NONE',  #2974 ) ;
#4977 = VECTOR ( 'NONE', #2217, 1000.000000000000000 ) ;
#4978 = EDGE_CURVE ( 'NONE', #626, #560, #924, .T. ) ;
#4979 = CARTESIAN_POINT ( 'NONE',  ( 0.7699730800689067456, 7.856301482941139724, 1.509538095738446550 ) ) ;
#4980 = CARTESIAN_POINT ( 'NONE',  ( 0.1040876117923776045, 7.754330797670275999, -1.596827176712551255 ) ) ;
#4981 = VECTOR ( 'NONE', #3138, 1000.000000000000000 ) ;
#4982 = DIRECTION ( 'NONE',  ( 0.0000000000000000000, 0.0000000000000000000, -1.000000000000000000 ) ) ;
#4983 = CARTESIAN_POINT ( 'NONE',  ( 1.180879551176387210, 7.852505475341116536, -1.079617986379805661 ) ) ;
#4984 = CARTESIAN_POINT ( 'NONE',  ( 1.677844179672167035, 0.1393278063884164641, 7.998835042752104663 ) ) ;
#4985 = AXIS2_PLACEMENT_3D ( 'NONE', #5000, #4057, #1040 ) ;
#4986 = EDGE_CURVE ( 'NONE', #3560, #6482, #358, .T. ) ;
#4987 = CARTESIAN_POINT ( 'NONE',  ( 1.544008475267204528, 7.971378934888546652, 0.6765948719071216422 ) ) ;
#4988 = PLANE ( 'NONE',  #3007 ) ;
#4989 = CARTESIAN_POINT ( 'NONE',  ( -10.75000000000000000, 5.075543847791330165, -3.387178386535893537 ) ) ;
#4990 = ADVANCED_FACE ( 'NONE', ( #4911 ), #2335, .F. ) ;
#4991 = ORIENTED_EDGE ( 'NONE', *, *, #2998, .T. ) ;
#4992 = CARTESIAN_POINT ( 'NONE',  ( -1.523181213000977863, -0.4899924340495236397, 7.917470335056465913 ) ) ;
#4993 = CARTESIAN_POINT ( 'NONE',  ( 1.093586899702114534, 7.838475712906504356, -1.168228538125357430 ) ) ;
#4994 = CARTESIAN_POINT ( 'NONE',  ( -1.077237506833615299, 7.835995222387103887, 1.183035311570139969 ) ) ;
#4995 =( NAMED_UNIT ( * ) PLANE_ANGLE_UNIT ( ) SI_UNIT ( $, .RADIAN. ) );
#4996 = CARTESIAN_POINT ( 'NONE',  ( -0.5881871076721519875, 7.778217494302288593, -1.488205980611376322 ) ) ;
#4997 = PLANE ( 'NONE',  #4720 ) ;
#4998 = B_SPLINE_SURFACE_WITH_KNOTS ( 'NONE', 1, 3, ( 
 ( #2477, #5927, #5990, #905, #1371, #5486, #4011, #3509, #2412, #466, #1438, #1502, #4530, #2968, #4438, #3403, #6460, #1911, #3947, #5960, #1404, #3436, #4951, #2446, #4473, #6498, #1941, #562, #3129, #5182, #530, #1661, #6091, #2630, #1066, #2567, #3705, #4655, #4207, #5718, #3605, #2598, #1559, #4078, #2142, #2105, #1030, #3164, #2175, #5616, #4691, #6156, #5150, #592, #100, #3098, #3577, #171, #1169, #4624, #663, #5680, #3200, #1129, #3062, #67, #4176, #4141, #6187, #629, #4592, #5219, #1530, #1627, #5116, #37, #2701, #3671, #6224, #4725, #1593, #3640, #5649, #5584, #2667, #1095, #5082, #134, #2071, #4108, #6122, #4300, #1271, #5316, #2797, #5782, #1701, #4887, #5887, #5279, #5379, #3845, #6322, #2310, #2765, #4852, #1764, #4274, #3804, #827, #6391, #4821, #3299, #3363, #238, #2343, #762, #267, #4334, #1334, #4758, #3743, #5754, #1238, #5814, #697, #6356, #1801, #5855, #1839, #2275, #2860, #4240, #3878, #2827, #1303, #3332, #2209, #6255, #5350, #797, #729, #3262, #1203, #1730, #300, #4373, #3233, #5253, #2731, #203, #2244, #3773, #6288, #4792, #4432, #5920, #6521, #6455, #3429, #1363, #2498, #1430, #3397, #967, #862, #4005, #1901, #3466, #3026, #394, #3938, #335, #4464, #4980, #5984, #5415, #2471, #4946, #2994, #5480, #6491, #2894, #3969, #6052, #4916, #4525, #2435, #362, #931, #2407, #3499, #6424, #998, #5955, #1398, #1494, #3536, #5450, #1936, #5015, #2957, #5547, #2373, #896, #430, #4496, #4036, #6018, #2925, #1966, #1461, #5515, #461, #6551, #1997, #4402, #1871, #3906, #3631, #584, #5046, #1156, #4200, #89, #2529, #2621, #5641, #1552, #27, #4586, #5578, #4645, #6116 ),
 ( #1087, #2064, #3566, #2657, #3120, #5171, #4682, #4100, #3599, #2562, #490, #5138, #3090, #2030, #4166, #3154, #5606, #5670, #553, #4132, #1586, #2134, #1057, #4554, #3395, #2166, #5108, #1653, #6178, #2589, #1617, #4617, #1118, #58, #523, #2097, #3695, #125, #3662, #6144, #6216, #618, #5706, #4071, #6084, #1524, #1025, #3055, #5074, #3193, #4716, #2201, #655, #4231, #6245, #1687, #5744, #161, #5209, #2691, #3734, #3508, #2967, #5485, #2866, #1500, #4950, #399, #1403, #3946, #2377, #2411, #6497, #436, #6023, #2476, #4406, #5959, #6526, #5989, #3402, #6459, #2931, #4471, #936, #5522, #2999, #6060, #2445, #4501, #1437, #1940, #972, #1970, #3976, #340, #465, #3435, #3471, #4043, #4987, #5455, #4010, #4437, #5021, #1909, #3541, #6430, #1875, #1465, #2505, #904, #4529, #6555, #5552, #3910, #2001, #4891, #5925, #1370, #5420, #867, #2898, #4920, #368, #3018, #6512, #3928, #3995, #2462, #5038, #1893, #5406, #853, #2914, #2947, #4422, #4487, #1957, #5502, #3525, #3961, #2521, #1354, #5539, #6543, #6009, #1452, #5909, #4546, #1421, #3456, #4453, #382, #2886, #5440, #4968, #3488, #2490, #955, #4908, #2397, #6574, #888, #2985, #1484, #3421, #355, #5005, #4936, #2426, #6448, #989, #420, #5947, #1989, #1390, #452, #6480, #4517, #2021, #5975, #1928, #3385, #5471, #4026, #6041, #920, #482, #2087, #4674, #2614, #1575, #2554, #1080, #3182, #4579, #6205, #4125, #4092, #3111, #1642, #1110, #3048, #545, #6136, #6107, #5634, #2684, #3687, #81, #5130, #4062, #1145, #4636, #2055, #2124, #575, #5201, #19, #3558, #5571, #1046, #4159, #1545, #6169, #1610, #3655, #5696, #3623, #646, #6076, #4709, #116 ) ),
 .UNSPECIFIED., .F., .T., .F.,
 ( 2, 2 ),
 ( 4, 2, 2, 2, 2, 2, 2, 2, 2, 2, 2, 2, 2, 2, 2, 2, 2, 2, 2, 2, 2, 2, 2, 2, 2, 2, 2, 2, 2, 2, 2, 2, 2, 2, 2, 2, 2, 2, 2, 2, 2, 2, 2, 2, 2, 2, 2, 2, 2, 2, 2, 2, 2, 2, 2, 2, 2, 2, 2, 2, 2, 2, 2, 2, 2, 2, 2, 2, 2, 2, 2, 2, 2, 2, 2, 2, 2, 2, 2, 2, 2, 2, 2, 2, 2, 2, 2, 2, 2, 2, 2, 2, 2, 2, 2, 2, 2, 2, 2, 2, 2, 2, 2, 2, 2, 2, 2, 2, 2, 2, 2, 2, 2, 2, 2, 2, 4 ),
 ( 0.0000000000000000000, 1.000000000000000000 ),
 ( -1.981686742660859757E-06, 0.0001629531082206113696, 0.0003278879031838835990, 0.0004928226981471558283, 0.0005340563968879738586, 0.0005752900956287919972, 0.0006577574931104280577, 0.0007402248905920641182, 0.0008226922880737002871, 0.0009876270830369725164, 0.001070094480518608577, 0.001111328179259426716, 0.001152561878000244854, 0.001235029275481880915, 0.001317496672963516975, 0.001482431467926789096, 0.001564898865408425373, 0.001647366262890061434, 0.001729833660371697494, 0.001812301057853333772, 0.001894768455334969832, 0.001977235852816605893, 0.002059703250298241736, 0.002142170647779878014, 0.002224638045261514291, 0.002265871744002332430, 0.002307105442743150568, 0.002472040237706422689, 0.002636975032669694810, 0.002719442430151331087, 0.002801909827632966931, 0.002884377225114602775, 0.002966844622596239052, 0.003131779417559511607, 0.003214246815041147884, 0.003296714212522783728, 0.003379181610004419571, 0.003461649007486055848, 0.003544116404967692126, 0.003626583802449328403, 0.003791518597412600524, 0.003873985994894236368, 0.003956453392375872645, 0.004038920789857508922, 0.004121388187339144332, 0.004286322982302416887, 0.004368790379784053164, 0.004451257777265689441, 0.004492491476006508014, 0.004533725174747325719, 0.004616192572228961996, 0.004698659969710598273, 0.004781127367192234551, 0.004863594764673869961, 0.004946062162155506238, 0.005028529559637142515, 0.005110996957118777925, 0.005193464354600414203, 0.005275931752082050480, 0.005358399149563686757, 0.005440866547045323035, 0.005523333944526958444, 0.005605801342008594722, 0.005688268739490230999, 0.005770736136971866409, 0.005853203534453502686, 0.005935670931935138964, 0.006018138329416775241, 0.006100605726898411518, 0.006183073124380047796, 0.006265540521861684073, 0.006430475316824956628, 0.006512942714306592037, 0.006595410111788228315, 0.006677877509269864592, 0.006760344906751500002, 0.006842812304233136279, 0.006925279701714772557, 0.007007747099196408834, 0.007090214496678045111, 0.007172681894159681389, 0.007213915592900499094, 0.007255149291641317666, 0.007420084086604590221, 0.007585018881567861908, 0.007667486279049498185, 0.007749953676531133595, 0.007832421074012770740, 0.007914888471494406150, 0.008079823266457678704, 0.008244758061420949524, 0.008285991760161768097, 0.008327225458902586669, 0.008409692856384222079, 0.008492160253865857489, 0.008574627651347494633, 0.008739562446310767188, 0.008822029843792402598, 0.008863263542533221170, 0.008904497241274039743, 0.008986964638755676887, 0.009069432036237312297, 0.009234366831200584852, 0.009316834228682221997, 0.009399301626163857407, 0.009481769023645492817, 0.009564236421127129961, 0.009646703818608765371, 0.009729171216090400781, 0.009811638613572037926, 0.009894106011053673336, 0.009976573408535308746, 0.01001780710727612732, 0.01005904080601694589, 0.01022397560098021671, 0.01038891039594348926, 0.01055384519090676182 ),
 .UNSPECIFIED. ) ;
#4999 = AXIS2_PLACEMENT_3D ( 'NONE', #193, #6244, #124 ) ;
#5000 = CARTESIAN_POINT ( 'NONE',  ( -10.75000000000000000, -2.136673189240612558, -5.730569755374101959 ) ) ;
#5001 = VERTEX_POINT ( 'NONE', #1358 ) ;
#5002 = DIRECTION ( 'NONE',  ( 0.0000000000000000000, 0.7664508966033178883, -0.6423029060310797567 ) ) ;
#5003 = CARTESIAN_POINT ( 'NONE',  ( -10.75000000000000000, 3.375345737512479349, -5.087376496814743021 ) ) ;
#5004 = LINE ( 'NONE', #1483, #5748 ) ;
#5005 = CARTESIAN_POINT ( 'NONE',  ( 0.3832511738804988966, 7.827241135370768710, -1.653608090458460689 ) ) ;
#5006 = CARTESIAN_POINT ( 'NONE',  ( -1.575067952725212717, 7.977555721648623255, -0.5994180340328744139 ) ) ;
#5007 = VERTEX_POINT ( 'NONE', #3390 ) ;
#5008 = CARTESIAN_POINT ( 'NONE',  ( -0.4411265486374401079, -1.538211706794047506, 7.767438757014403450 ) ) ;
#5009 = ADVANCED_FACE ( 'NONE', ( #2890 ), #5978, .F. ) ;
#5010 = EDGE_LOOP ( 'NONE', ( #3755, #1147, #5347, #3297 ) ) ;
#5011 = CARTESIAN_POINT ( 'NONE',  ( -1.335548406732083748, -1.033184178940888653, 7.933010350262089005 ) ) ;
#5012 = DIRECTION ( 'NONE',  ( 0.0000000000000000000, -0.8944271909999158554, 0.4472135954999581497 ) ) ;
#5014 = ORIENTED_EDGE ( 'NONE', *, *, #5383, .F. ) ;
#5013 = CARTESIAN_POINT ( 'NONE',  ( 1.683297788603669964, 8.000000300470457404, -0.02779729826916523677 ) ) ;
#5015 = CARTESIAN_POINT ( 'NONE',  ( -0.9330075922266535260, 7.815461501113828646, -1.300069003686077806 ) ) ;
#5016 = DIRECTION ( 'NONE',  ( 0.0000000000000000000, -0.2425356250363328303, 0.9701425001453318764 ) ) ;
#5017 = CARTESIAN_POINT ( 'NONE',  ( -1.460499844971174799, -0.8510592673373686967, 7.955140218609428437 ) ) ;
#5018 = UNCERTAINTY_MEASURE_WITH_UNIT (LENGTH_MEASURE( 1.000000000000000082E-05 ), #3678, 'distance_accuracy_value', 'NONE');
#5019 = CARTESIAN_POINT ( 'NONE',  ( 1.109241547861962163, -1.276922208954622384, 7.897456904821632762 ) ) ;
#5020 = EDGE_CURVE ( 'NONE', #3060, #652, #1931, .T. ) ;
#5021 = CARTESIAN_POINT ( 'NONE',  ( 1.602251988686322903, 7.983058886024704037, 0.5210314965953072308 ) ) ;
#5022 = FACE_OUTER_BOUND ( 'NONE', #3113, .T. ) ;
#5023 = CARTESIAN_POINT ( 'NONE',  ( -10.75000000000000000, -5.118540194219835193, 0.5000000000000006661 ) ) ;
#5024 = CARTESIAN_POINT ( 'NONE',  ( 0.6729102106593671806, 1.451677028466551445, 7.785848917036072514 ) ) ;
#5025 = ADVANCED_FACE ( 'NONE', ( #5879 ), #1897, .F. ) ;
#5026 = LINE ( 'NONE', #2009, #1158 ) ;
#5027 = EDGE_CURVE ( 'NONE', #3594, #278, #5691, .T. ) ;
#5028 = CARTESIAN_POINT ( 'NONE',  ( 0.9739945817753165036, 7.820994448622832884, -1.269650229579828871 ) ) ;
#5029 = CARTESIAN_POINT ( 'NONE',  ( -1.231717792681384038, 1.021236329223316863, 7.861144913485078156 ) ) ;
#5030 = CARTESIAN_POINT ( 'NONE',  ( -1.076998207851063150, 7.835958798847238782, -1.183253185295279453 ) ) ;
#5031 = CARTESIAN_POINT ( 'NONE',  ( -3.750000000000000000, 1.637479633046213134, 5.885078252561577905 ) ) ;
#5032 = FILL_AREA_STYLE ('',( #1478 ) ) ;
#5033 = VERTEX_POINT ( 'NONE', #6110 ) ;
#5034 = EDGE_LOOP ( 'NONE', ( #892, #5566, #1645, #3759 ) ) ;
#5035 = CARTESIAN_POINT ( 'NONE',  ( -1.589134428967913681, 0.5598797666388434235, 7.980395340488050770 ) ) ;
#5036 = CARTESIAN_POINT ( 'NONE',  ( -1.487728786357318089, 7.909999970785090539, 0.5893642309659899992 ) ) ;
#5037 = DIRECTION ( 'NONE',  ( -0.0000000000000000000, 0.3740200118118306993, -0.9274206331348672228 ) ) ;
#5038 = CARTESIAN_POINT ( 'NONE',  ( 1.593679945387264318, 7.981312916941157631, -0.5471067301611425293 ) ) ;
#5039 = DIRECTION ( 'NONE',  ( 1.000000000000000000, -0.0000000000000000000, -0.0000000000000000000 ) ) ;
#5040 = VERTEX_POINT ( 'NONE', #5574 ) ;
#5041 = CARTESIAN_POINT ( 'NONE',  ( -1.514899248750717797, -0.5150285149473652346, 7.915711413132116014 ) ) ;
#5042 = VERTEX_POINT ( 'NONE', #4639 ) ;
#5043 = CARTESIAN_POINT ( 'NONE',  ( -0.4640917026095242037, -1.631707353371933955, 7.831832458654075069 ) ) ;
#5044 = DIRECTION ( 'NONE',  ( 0.0000000000000000000, 0.06912543288578525125, 0.9976079763756667829 ) ) ;
#5045 = CARTESIAN_POINT ( 'NONE',  ( 1.672347342270697590, 7.997664651176513928, 0.1952958012482532424 ) ) ;
#5046 = CARTESIAN_POINT ( 'NONE',  ( -1.487641659890242662, 7.909981832217605202, -0.5895838403486497459 ) ) ;
#5047 = LINE ( 'NONE', #5608, #4208 ) ;
#5048 = DIRECTION ( 'NONE',  ( 0.0000000000000000000, 0.0000000000000000000, -1.000000000000000000 ) ) ;
#5049 = CARTESIAN_POINT ( 'NONE',  ( 0.05425022485157771079, 1.696598845565652880, 7.818027519363493383 ) ) ;
#5050 = CARTESIAN_POINT ( 'NONE',  ( 1.321625157131982142, -0.9019413045659594452, 7.877286798577468829 ) ) ;
#5051 = PRODUCT_DEFINITION_SHAPE ( 'NONE', 'NONE',  #6587 ) ;
#5052 = LINE ( 'NONE', #5523, #2168 ) ;
#5053 = LINE ( 'NONE', #6189, #507 ) ;
#5054 = CARTESIAN_POINT ( 'NONE',  ( -0.3648100340589608970, -1.558755600089727800, 7.762907752795247696 ) ) ;
#5055 = CARTESIAN_POINT ( 'NONE',  ( -1.626749064341824091, -0.4397597097738258354, 7.988082325934403372 ) ) ;
#5056 = CARTESIAN_POINT ( 'NONE',  ( -1.587057577529513042, -0.2097352024730427811, 7.931344237243393103 ) ) ;
#5057 = CARTESIAN_POINT ( 'NONE',  ( 0.5148142139569855669, 7.772323662465276506, -1.515813472325679312 ) ) ;
#5058 = ADVANCED_FACE ( 'NONE', ( #2558 ), #3042, .T. ) ;
#5059 = CARTESIAN_POINT ( 'NONE',  ( -0.8660900346521900328, 7.806924933948452328, -1.345610859019328309 ) ) ;
#5060 = DIRECTION ( 'NONE',  ( -0.0000000000000000000, -0.8910065241883676768, 0.4539904997395471931 ) ) ;
#5061 = CARTESIAN_POINT ( 'NONE',  ( 0.0000000000000000000, 8.000000000000000000, 0.0000000000000000000 ) ) ;
#5062 = EDGE_LOOP ( 'NONE', ( #5596, #2583, #1254, #1639 ) ) ;
#5063 = CARTESIAN_POINT ( 'NONE',  ( -1.422938603548553615, 7.896791559753297385, 0.7320673915994764247 ) ) ;
#5064 = DIRECTION ( 'NONE',  ( 0.7071067811865473507, 0.0000000000000000000, 0.7071067811865477948 ) ) ;
#5065 = CARTESIAN_POINT ( 'NONE',  ( 1.683296381748220716, -8.633887954020760531E-05, 7.999999999534100681 ) ) ;
#5066 = CARTESIAN_POINT ( 'NONE',  ( -1.025713050334459364, 7.885965689962798564, -1.346040987452116422 ) ) ;
#5067 = ORIENTED_EDGE ( 'NONE', *, *, #317, .T. ) ;
#5068 = EDGE_CURVE ( 'NONE', #903, #2517, #262, .T. ) ;
#5069 = CARTESIAN_POINT ( 'NONE',  ( -1.202873164996966393, -1.055357370430108244, 7.856179914539173303 ) ) ;
#5070 = VECTOR ( 'NONE', #3912, 1000.000000000000000 ) ;
#5071 = VERTEX_POINT ( 'NONE', #5214 ) ;
#5072 = CARTESIAN_POINT ( 'NONE',  ( -0.8426355682377718592, -1.469551438746176997, 7.863881418121809297 ) ) ;
#5073 = DIRECTION ( 'NONE',  ( -0.0000000000000000000, 0.9701425001453318764, -0.2425356250363329691 ) ) ;
#5074 = CARTESIAN_POINT ( 'NONE',  ( -0.4374267556553692038, 7.830270188420975330, 1.639181958709689413 ) ) ;
#5075 = FACE_OUTER_BOUND ( 'NONE', #2902, .T. ) ;
#5076 = VECTOR ( 'NONE', #3016, 1000.000000000000000 ) ;
#5077 = CARTESIAN_POINT ( 'NONE',  ( -1.268067142616732035, -1.121699656515721122, 7.921368778851943127 ) ) ;
#5078 = CARTESIAN_POINT ( 'NONE',  ( -0.6201765672167174337, 1.578100810490133732, 7.842812921663663062 ) ) ;
#5079 = AXIS2_PLACEMENT_3D ( 'NONE', #4622, #1591, #63 ) ;
#5080 = PRODUCT_DEFINITION_FORMATION_WITH_SPECIFIED_SOURCE ( 'ANY', '', #1501, .NOT_KNOWN. ) ;
#5081 = FACE_OUTER_BOUND ( 'NONE', #1993, .T. ) ;
#5082 = CARTESIAN_POINT ( 'NONE',  ( 1.167569494914370676, 7.850282602622940864, 1.094287518702901307 ) ) ;
#5083 = CARTESIAN_POINT ( 'NONE',  ( -10.75000000000000000, 1.090698509597477273, 5.011275984860160015 ) ) ;
#5084 = MECHANICAL_DESIGN_GEOMETRIC_PRESENTATION_REPRESENTATION (  '', ( #4362 ), #3619 ) ;
#5085 = CARTESIAN_POINT ( 'NONE',  ( -0.5889013440752428608, -1.487923154163218520, 7.778277107840477989 ) ) ;
#5086 = CARTESIAN_POINT ( 'NONE',  ( -1.385400341741321872, 0.8008398152007473181, 7.889398173963853012 ) ) ;
#5087 = CARTESIAN_POINT ( 'NONE',  ( -1.277410732826160356, -0.9635320044993610500, 7.869209258804703566 ) ) ;
#5088 = VECTOR ( 'NONE', #2820, 1000.000000000000000 ) ;
#5089 = CARTESIAN_POINT ( 'NONE',  ( -0.9594428845143172513, 7.877478623371840349, 1.394839535046317636 ) ) ;
#5090 = SURFACE_STYLE_FILL_AREA ( #3038 ) ;
#5091 = DIRECTION ( 'NONE',  ( 0.0000000000000000000, -0.06912543288578477940, -0.9976079763756667829 ) ) ;
#5092 = CARTESIAN_POINT ( 'NONE',  ( -12.24999999999999822, 0.0000000000000000000, 0.0000000000000000000 ) ) ;
#5093 = CARTESIAN_POINT ( 'NONE',  ( -10.75000000000000000, -6.118540194219835193, 0.2500000000000007772 ) ) ;
#5094 = CARTESIAN_POINT ( 'NONE',  ( -3.750000000000000000, -3.849353212243851186, 3.406155880024630100 ) ) ;
#5095 = EDGE_CURVE ( 'NONE', #5681, #3730, #4368, .T. ) ;
#5096 = ORIENTED_EDGE ( 'NONE', *, *, #4504, .F. ) ;
#5097 = CARTESIAN_POINT ( 'NONE',  ( 0.8008001396763078095, 7.799208984938473144, 1.385423662670506539 ) ) ;
#5098 = EDGE_CURVE ( 'NONE', #1356, #5509, #2303, .T. ) ;
#5099 = CARTESIAN_POINT ( 'NONE',  ( -12.24999999999999822, 0.0000000000000000000, 0.0000000000000000000 ) ) ;
#5100 = CARTESIAN_POINT ( 'NONE',  ( 1.683296383515652694, -4.242080783963458673E-05, 7.999999999930428984 ) ) ;
#5101 = CARTESIAN_POINT ( 'NONE',  ( 1.899999999999999911, -0.7500000000000000000, -1.000000000000000000 ) ) ;
#5102 = ORIENTED_EDGE ( 'NONE', *, *, #4273, .T. ) ;
#5103 = CARTESIAN_POINT ( 'NONE',  ( -1.277410732826160356, -0.9635320044993610500, 7.869209258804703566 ) ) ;
#5104 = ORIENTED_EDGE ( 'NONE', *, *, #3213, .F. ) ;
#5105 = EDGE_CURVE ( 'NONE', #903, #2642, #198, .T. ) ;
#5106 = CARTESIAN_POINT ( 'NONE',  ( 0.3022589893546655526, -1.669895354955378775, 7.823776596135829209 ) ) ;
#5107 = LINE ( 'NONE', #1086, #4170 ) ;
#5108 = CARTESIAN_POINT ( 'NONE',  ( -1.265495030600773285, 7.921309299046720653, 1.119504145079710744 ) ) ;
#5109 = DIRECTION ( 'NONE',  ( 0.0000000000000000000, -0.5304556061348298934, 0.8477127166205130626 ) ) ;
#5110 = CARTESIAN_POINT ( 'NONE',  ( -10.75000000000000000, -4.437138464536324101, 2.597138885649683093 ) ) ;
#5111 = CARTESIAN_POINT ( 'NONE',  ( 0.1926409740671890525, 1.686334327763589602, 7.820248365590866335 ) ) ;
#5112 = CARTESIAN_POINT ( 'NONE',  ( 3.750000000000000000, 0.0000000000000000000, 0.0000000000000000000 ) ) ;
#5113 = ORIENTED_EDGE ( 'NONE', *, *, #5587, .T. ) ;
#5114 = ORIENTED_EDGE ( 'NONE', *, *, #6289, .T. ) ;
#5115 = CARTESIAN_POINT ( 'NONE',  ( 1.547916085427648136, -0.4186834105208756540, 7.922749468889811908 ) ) ;
#5116 = CARTESIAN_POINT ( 'NONE',  ( 0.7318716655451894537, 7.791706595811649372, 1.423042658916788161 ) ) ;
#5117 = CARTESIAN_POINT ( 'NONE',  ( -10.75000000000000000, -5.099209145838152324, 3.387178386535893093 ) ) ;
#5118 = CARTESIAN_POINT ( 'NONE',  ( -1.024848630887499779, -1.228707715672785916, 7.828212810568992985 ) ) ;
#5119 = CARTESIAN_POINT ( 'NONE',  ( -1.527090243568258510, 0.4776722103881848591, 7.918303877230153276 ) ) ;
#5120 = CARTESIAN_POINT ( 'NONE',  ( 1.300353803290167809, -0.9336965329383682954, 7.873314467102054515 ) ) ;
#5121 = CARTESIAN_POINT ( 'NONE',  ( -1.579351016090414728, 7.929636178643343136, -0.2614944172034331382 ) ) ;
#5122 = DIRECTION ( 'NONE',  ( -0.0000000000000000000, 0.8477127166205128406, -0.5304556061348302265 ) ) ;
#5123 = DIRECTION ( 'NONE',  ( 0.0000000000000000000, 0.3090169943749490056, 0.9510565162951529761 ) ) ;
#5124 = EDGE_CURVE ( 'NONE', #3741, #5932, #1759, .T. ) ;
#5125 = PLANE ( 'NONE',  #4985 ) ;
#5126 = EDGE_CURVE ( 'NONE', #4459, #3451, #3571, .T. ) ;
#5127 = ORIENTED_EDGE ( 'NONE', *, *, #4986, .F. ) ;
#5128 = CARTESIAN_POINT ( 'NONE',  ( 0.9323442427894882423, 7.815274029343648010, 1.301321906058257483 ) ) ;
#5129 = CARTESIAN_POINT ( 'NONE',  ( -3.750000000000000000, -3.399011035559303284, 5.087376496814743021 ) ) ;
#5130 = CARTESIAN_POINT ( 'NONE',  ( -1.368221772723385854, 7.938656711202082050, -0.9890583342557117685 ) ) ;
#5131 = CARTESIAN_POINT ( 'NONE',  ( 1.422875905628603110, 0.7318495585156479244, 7.896786566914610006 ) ) ;
#5132 = VERTEX_POINT ( 'NONE', #2174 ) ;
#5133 = CARTESIAN_POINT ( 'NONE',  ( -0.9957735659644172399, -1.252641813636885537, 7.824031817324425653 ) ) ;
#5134 = VECTOR ( 'NONE', #3798, 1000.000000000000000 ) ;
#5135 = ORIENTED_EDGE ( 'NONE', *, *, #5356, .F. ) ;
#5136 = CARTESIAN_POINT ( 'NONE',  ( 0.5412882003941859033, -1.607345250976961681, 7.836870042069945974 ) ) ;
#5137 = DIRECTION ( 'NONE',  ( 0.0000000000000000000, 0.9274206331348672228, 0.3740200118118306993 ) ) ;
#5138 = CARTESIAN_POINT ( 'NONE',  ( -1.575158046484175012, 7.977573796685552665, 0.5991790761322176584 ) ) ;
#5139 = VERTEX_POINT ( 'NONE', #4562 ) ;
#5140 = EDGE_CURVE ( 'NONE', #5658, #957, #4077, .T. ) ;
#5141 = LINE ( 'NONE', #1588, #1531 ) ;
#5142 = AXIS2_PLACEMENT_3D ( 'NONE', #4557, #2032, #1498 ) ;
#5143 = EDGE_CURVE ( 'NONE', #681, #585, #5583, .T. ) ;
#5144 = CARTESIAN_POINT ( 'NONE',  ( -0.4429462368661898908, -1.652313777712294263, 7.827985028422895120 ) ) ;
#5145 = CARTESIAN_POINT ( 'NONE',  ( -0.8777511660778428704, 1.448303133589671887, 7.867812356853236544 ) ) ;
#5146 = CARTESIAN_POINT ( 'NONE',  ( -10.75000000000000000, 4.690426341461801485, 2.053587674916041994 ) ) ;
#5147 = ORIENTED_EDGE ( 'NONE', *, *, #583, .F. ) ;
#5148 = ORIENTED_EDGE ( 'NONE', *, *, #6315, .F. ) ;
#5149 = CARTESIAN_POINT ( 'NONE',  ( 1.178326844633445170, -1.082382860210826525, 7.852082238690625715 ) ) ;
#5150 = CARTESIAN_POINT ( 'NONE',  ( -0.3257812314867936654, 7.761166323302284731, 1.566538334280461076 ) ) ;
#5151 = PLANE ( 'NONE',  #4244 ) ;
#5152 = CARTESIAN_POINT ( 'NONE',  ( -0.4148564271297930373, -1.546213671006726909, 7.765693589714517842 ) ) ;
#5153 = CARTESIAN_POINT ( 'NONE',  ( -1.434561426575444942, 0.7090234161698160120, 7.899120529009548974 ) ) ;
#5154 = CARTESIAN_POINT ( 'NONE',  ( 0.2094246098610224038, -1.586453096221275505, 7.756688283207010315 ) ) ;
#5155 = CARTESIAN_POINT ( 'NONE',  ( -10.75000000000000000, -3.399011035559303284, 5.087376496814743021 ) ) ;
#5156 = CARTESIAN_POINT ( 'NONE',  ( -1.544028726635236604, 7.971382911659224746, 0.6765488894976043888 ) ) ;
#5157 = CARTESIAN_POINT ( 'NONE',  ( -3.750000000000000000, 1.637479633046211358, -5.885078252561577017 ) ) ;
#5158 = CARTESIAN_POINT ( 'NONE',  ( -10.75000000000000000, -2.065420323939452629, 4.702258990485212564 ) ) ;
#5159 = CARTESIAN_POINT ( 'NONE',  ( -10.75000000000000000, 1.637479633046213134, 5.885078252561577905 ) ) ;
#5160 = ORIENTED_EDGE ( 'NONE', *, *, #3078, .T. ) ;
#5161 = CARTESIAN_POINT ( 'NONE',  ( -0.2612083955809126334, 7.758285761154579241, 1.579409820431405098 ) ) ;
#5162 = CARTESIAN_POINT ( 'NONE',  ( -1.057428431814695591, -1.205246766204695730, 3.814869748232615265 ) ) ;
#5163 = LINE ( 'NONE', #3592, #3439 ) ;
#5164 = CARTESIAN_POINT ( 'NONE',  ( 1.398573467443985807, 0.7775580858419010033, 7.891973338720048581 ) ) ;
#5165 = ORIENTED_EDGE ( 'NONE', *, *, #993, .F. ) ;
#5166 = CARTESIAN_POINT ( 'NONE',  ( 1.219748657271866321, -1.035804641735421416, 7.859061771573607302 ) ) ;
#5167 = CARTESIAN_POINT ( 'NONE',  ( 0.9321915417492795397, 1.300652177235811946, 7.815353931567305068 ) ) ;
#5168 = ORIENTED_EDGE ( 'NONE', *, *, #4347, .T. ) ;
#5169 = CARTESIAN_POINT ( 'NONE',  ( 0.5930402021842113847, -1.588671649541586905, 7.840676831455893669 ) ) ;
#5170 = DIRECTION ( 'NONE',  ( 0.0000000000000000000, -0.9510565162951530871, 0.3090169943749489501 ) ) ;
#5171 = CARTESIAN_POINT ( 'NONE',  ( -1.640128555305603530, 7.990871957423816063, 0.3859027067945344780 ) ) ;
#5172 = ORIENTED_EDGE ( 'NONE', *, *, #2713, .F. ) ;
#5173 = LINE ( 'NONE', #621, #5134 ) ;
#5174 = DIRECTION ( 'NONE',  ( 1.000000000000000000, -0.0000000000000000000, -0.0000000000000000000 ) ) ;
#5175 = AXIS2_PLACEMENT_3D ( 'NONE', #3202, #2703, #173 ) ;
#5176 = CARTESIAN_POINT ( 'NONE',  ( 1.209715140349559404, 1.180533719051746200, 7.912441833072663577 ) ) ;
#5177 = ADVANCED_FACE ( 'NONE', ( #5081 ), #3604, .F. ) ;
#5178 = DIRECTION ( 'NONE',  ( 1.000000000000000000, -0.0000000000000000000, -0.0000000000000000000 ) ) ;
#5179 = VERTEX_POINT ( 'NONE', #3772 ) ;
#5180 = ORIENTED_EDGE ( 'NONE', *, *, #2713, .T. ) ;
#5181 = CARTESIAN_POINT ( 'NONE',  ( 1.194787144841299664, -1.064279116285495430, 7.854828853169952829 ) ) ;
#5182 = CARTESIAN_POINT ( 'NONE',  ( -1.094564072929148812, 7.838559426817886866, 1.168178044544551764 ) ) ;
#5183 = ADVANCED_FACE ( 'NONE', ( #4791 ), #5854, .F. ) ;
#5184 = VERTEX_POINT ( 'NONE', #3803 ) ;
#5185 = LINE ( 'NONE', #3131, #1786 ) ;
#5186 = CARTESIAN_POINT ( 'NONE',  ( -0.8440299430382888213, -1.359523318885048182, 7.804253360077294310 ) ) ;
#5187 = CARTESIAN_POINT ( 'NONE',  ( -1.422826214774580933, 0.7322864896746391628, 7.896769128954737482 ) ) ;
#5188 = AXIS2_PLACEMENT_3D ( 'NONE', #5155, #108, #4307 ) ;
#5189 = CARTESIAN_POINT ( 'NONE',  ( 0.5881126505378152514, -1.488224393912470633, 7.778213073447840742 ) ) ;
#5190 = EDGE_CURVE ( 'NONE', #4325, #957, #6355, .T. ) ;
#5191 = CARTESIAN_POINT ( 'NONE',  ( -1.026025122297457015, 7.886007036920076985, 1.345798585812994608 ) ) ;
#5192 =( NAMED_UNIT ( * ) PLANE_ANGLE_UNIT ( ) SI_UNIT ( $, .RADIAN. ) );
#5193 = LINE ( 'NONE', #3584, #3939 ) ;
#5194 = PLANE ( 'NONE',  #4150 ) ;
#5195 = VECTOR ( 'NONE', #5992, 1000.000000000000114 ) ;
#5196 =( NAMED_UNIT ( * ) PLANE_ANGLE_UNIT ( ) SI_UNIT ( $, .RADIAN. ) );
#5197 = COLOUR_RGB ( '',0.4823529411764705954, 0.4901960784313725283, 0.4941176470588235503 ) ;
#5198 = ORIENTED_EDGE ( 'NONE', *, *, #642, .T. ) ;
#5199 = CARTESIAN_POINT ( 'NONE',  ( -1.094564072929148812, 7.838559426817886866, 1.168178044544551764 ) ) ;
#5200 = CARTESIAN_POINT ( 'NONE',  ( -10.75000000000000000, -0.2618326490234123005, -6.106707545196424114 ) ) ;
#5201 = CARTESIAN_POINT ( 'NONE',  ( -1.509245038671525929, 7.964605900246170656, -0.7521193063134552492 ) ) ;
#5202 = CARTESIAN_POINT ( 'NONE',  ( 1.187006635928584908, 1.072856442563301593, 7.853529304666698074 ) ) ;
#5203 = ORIENTED_EDGE ( 'NONE', *, *, #5839, .F. ) ;
#5204 = CARTESIAN_POINT ( 'NONE',  ( 1.269343447334858821, -0.9754385013575852525, 7.867693578599865845 ) ) ;
#5205 = CARTESIAN_POINT ( 'NONE',  ( 1.594802239168796154, -0.1315342989050245770, 7.933064820007176721 ) ) ;
#5206 = VERTEX_POINT ( 'NONE', #1799 ) ;
#5207 = CARTESIAN_POINT ( 'NONE',  ( 1.228353442982426769, -1.160800547209540401, 7.915363097173852225 ) ) ;
#5208 = CARTESIAN_POINT ( 'NONE',  ( -10.75000000000000000, 5.075543847791331054, 3.387178386535892205 ) ) ;
#5209 = CARTESIAN_POINT ( 'NONE',  ( 0.05430698566758940943, 7.818027884408380146, 1.696597164771922461 ) ) ;
#5210 = ORIENTED_EDGE ( 'NONE', *, *, #5880, .F. ) ;
#5211 = CARTESIAN_POINT ( 'NONE',  ( 1.589369709782818330, 3.995714313997928535, 0.2120711041838420630 ) ) ;
#5212 = DIRECTION ( 'NONE',  ( 0.0000000000000000000, 0.6423029060310794236, -0.7664508966033182213 ) ) ;
#5213 = EDGE_CURVE ( 'NONE', #4228, #5977, #236, .T. ) ;
#5214 = CARTESIAN_POINT ( 'NONE',  ( -3.750000000000000000, -3.803519532746777898, -4.793483870668505453 ) ) ;
#5215 = DIRECTION ( 'NONE',  ( 0.0000000000000000000, 0.0000000000000000000, -1.000000000000000000 ) ) ;
#5216 = ORIENTED_EDGE ( 'NONE', *, *, #2181, .F. ) ;
#5217 = VERTEX_POINT ( 'NONE', #1763 ) ;
#5218 = CARTESIAN_POINT ( 'NONE',  ( -1.267767856885452682, 1.122028240423806000, 7.921321692649712531 ) ) ;
#5219 = CARTESIAN_POINT ( 'NONE',  ( 0.6365906387046165182, 7.782436145915006875, 1.468141932055738952 ) ) ;
#5220 = ORIENTED_EDGE ( 'NONE', *, *, #2007, .F. ) ;
#5221 = CARTESIAN_POINT ( 'NONE',  ( -10.75000000000000000, -5.099209145838152324, 3.387178386535893093 ) ) ;
#5222 = CARTESIAN_POINT ( 'NONE',  ( -1.639705459171312940, 7.990346395466228380, 0.4442360899765255278 ) ) ;
#5223 = EDGE_CURVE ( 'NONE', #3663, #1798, #3844, .T. ) ;
#5224 = CARTESIAN_POINT ( 'NONE',  ( 0.6187299362447167272, -1.578681709603968475, 7.842696096437763664 ) ) ;
#5225 = FACE_OUTER_BOUND ( 'NONE', #3702, .T. ) ;
#5226 = CARTESIAN_POINT ( 'NONE',  ( -1.384380271320296618, 7.941506547954165995, 0.9659250414094396886 ) ) ;
#5227 = CARTESIAN_POINT ( 'NONE',  ( 3.750000000000000000, 0.0000000000000000000, 0.0000000000000000000 ) ) ;
#5228 = DIRECTION ( 'NONE',  ( -0.0000000000000000000, 0.1564344650402290093, -0.9876883405951379924 ) ) ;
#5229 = ADVANCED_FACE ( 'NONE', ( #170 ), #4724, .T. ) ;
#5230 = EDGE_CURVE ( 'NONE', #2873, #4799, #5348, .T. ) ;
#5231 = EDGE_CURVE ( 'NONE', #4370, #3387, #1413, .T. ) ;
#5232 = CARTESIAN_POINT ( 'NONE',  ( -3.750000000000000000, 9.797174393178825657E-16, -8.000000000000000000 ) ) ;
#5233 = ORIENTED_EDGE ( 'NONE', *, *, #375, .F. ) ;
#5234 = AXIS2_PLACEMENT_3D ( 'NONE', #4571, #6197, #6561 ) ;
#5235 = CARTESIAN_POINT ( 'NONE',  ( 0.3642782858315985473, 7.762884968679444775, 1.558858480113491485 ) ) ;
#5236 = CARTESIAN_POINT ( 'NONE',  ( 1.267910398384580972, 7.921344446453026045, -1.121866268830218338 ) ) ;
#5237 = CARTESIAN_POINT ( 'NONE',  ( 1.600000000000751710, 2.896385244050262217E-14, 7.934223617059121381 ) ) ;
#5238 = ORIENTED_EDGE ( 'NONE', *, *, #509, .T. ) ;
#5239 = CARTESIAN_POINT ( 'NONE',  ( -0.05315163775894769099, -1.599974113471565929, 7.753612685323951759 ) ) ;
#5240 = CARTESIAN_POINT ( 'NONE',  ( 1.599355302387440503, 0.05248855151298215116, 7.934079635019334553 ) ) ;
#5241 = ORIENTED_EDGE ( 'NONE', *, *, #1890, .T. ) ;
#5242 = CARTESIAN_POINT ( 'NONE',  ( 0.9126547387480826723, -1.426399693324538420, 7.871824849345546937 ) ) ;
#5243 = SURFACE_SIDE_STYLE ('',( #229 ) ) ;
#5244 = ORIENTED_EDGE ( 'NONE', *, *, #4114, .F. ) ;
#5245 = DIRECTION ( 'NONE',  ( -0.0000000000000000000, 0.9510565162951529761, -0.3090169943749490056 ) ) ;
#5246 = CARTESIAN_POINT ( 'NONE',  ( -3.750000000000000000, 4.690426341461801485, 2.053587674916041550 ) ) ;
#5247 = AXIS2_PLACEMENT_3D ( 'NONE', #2083, #3807, #3264 ) ;
#5248 = CARTESIAN_POINT ( 'NONE',  ( -1.452529735959855905, -0.6718300980213768314, 7.902746637531354423 ) ) ;
#5249 = FACE_OUTER_BOUND ( 'NONE', #3668, .T. ) ;
#5250 = ORIENTED_EDGE ( 'NONE', *, *, #682, .F. ) ;
#5251 = EDGE_LOOP ( 'NONE', ( #4301, #4723, #4394, #157 ) ) ;
#5252 = CARTESIAN_POINT ( 'NONE',  ( 0.2209611092645749342, 1.697442382561895835, 7.817844293424762725 ) ) ;
#5253 = CARTESIAN_POINT ( 'NONE',  ( 1.093586899702114534, 7.838475712906504356, -1.168228538125357430 ) ) ;
#5254 = CONICAL_SURFACE ( 'NONE', #6429, 2747.477419454644405, 1.221730476396033271 ) ;
#5255 = FILL_AREA_STYLE_COLOUR ( '', #3493 ) ;
#5256 = CARTESIAN_POINT ( 'NONE',  ( 1.469648493385842025, 7.956638335382872462, 0.8571558964250165502 ) ) ;
#5257 = CARTESIAN_POINT ( 'NONE',  ( 0.5152257423005456305, -1.616028935951843826, 7.835082489285964513 ) ) ;
#5258 = CONTEXT_DEPENDENT_SHAPE_REPRESENTATION ( #3532, #4120 ) ;
#5259 = CARTESIAN_POINT ( 'NONE',  ( -10.75000000000000000, -4.437138464536324101, 2.597138885649683093 ) ) ;
#5260 = DIRECTION ( 'NONE',  ( 1.000000000000000000, -0.0000000000000000000, -0.0000000000000000000 ) ) ;
#5261 = ORIENTED_EDGE ( 'NONE', *, *, #6417, .F. ) ;
#5262 = CARTESIAN_POINT ( 'NONE',  ( 1.586348811022864069, 7.931188055462352615, -0.2102304187838660021 ) ) ;
#5263 = CARTESIAN_POINT ( 'NONE',  ( -1.487224958273627440, 7.909895557459225124, 0.5905852888225491260 ) ) ;
#5264 = CARTESIAN_POINT ( 'NONE',  ( -1.056165846345246795, 1.201914077351597498, 7.832817117564264464 ) ) ;
#5265 = CARTESIAN_POINT ( 'NONE',  ( -10.75000000000000000, -4.805316519691916533, 3.791686883723366819 ) ) ;
#5266 = CARTESIAN_POINT ( 'NONE',  ( 1.167569494914369566, -1.094287518702902195, 7.850282602622942640 ) ) ;
#5267 = CARTESIAN_POINT ( 'NONE',  ( 1.523018143514644818, 0.4910145314762215385, 7.917432898309613165 ) ) ;
#5268 = VERTEX_POINT ( 'NONE', #3463 ) ;
#5269 = CARTESIAN_POINT ( 'NONE',  ( 0.8426981856268639381, 1.469511104961469972, 7.863888764127602293 ) ) ;
#5270 = ADVANCED_FACE ( 'NONE', ( #4913 ), #1459, .F. ) ;
#5271 = CARTESIAN_POINT ( 'NONE',  ( -0.3969495947865523400, 7.828112526794262394, -1.649444289891758730 ) ) ;
#5272 = ORIENTED_EDGE ( 'NONE', *, *, #642, .F. ) ;
#5273 = CARTESIAN_POINT ( 'NONE',  ( 1.956488939802080873E-16, 3.666060555964671952, 1.600000000000000089 ) ) ;
#5274 = CARTESIAN_POINT ( 'NONE',  ( -3.736410698672603652E-15, 0.8118033988749918661, -1.100000000000003642 ) ) ;
#5275 = CARTESIAN_POINT ( 'NONE',  ( -1.589134428967913681, 0.5598797666388434235, 7.980395340488050770 ) ) ;
#5276 = CARTESIAN_POINT ( 'NONE',  ( -0.5651831089314071077, 1.497080203141026189, 7.776330148357987859 ) ) ;
#5277 = ORIENTED_EDGE ( 'NONE', *, *, #836, .F. ) ;
#5278 = CARTESIAN_POINT ( 'NONE',  ( -0.2203186992005020106, 1.686363326583887323, 7.820273580997004537 ) ) ;
#5279 = CARTESIAN_POINT ( 'NONE',  ( 1.456943186769124710, 7.903653173866834081, 0.6618226820049754044 ) ) ;
#5280 = ORIENTED_EDGE ( 'NONE', *, *, #874, .T. ) ;
#5281 = DIRECTION ( 'NONE',  ( -1.000000000000000000, -0.0000000000000000000, -0.0000000000000000000 ) ) ;
#5282 = DIRECTION ( 'NONE',  ( 0.0000000000000000000, -0.2425356250363328581, 0.9701425001453318764 ) ) ;
#5283 = CARTESIAN_POINT ( 'NONE',  ( -0.5947203835382232073, -1.588032799756495805, 7.840806278307993260 ) ) ;
#5284 = VECTOR ( 'NONE', #3032, 1000.000000000000000 ) ;
#5285 = LINE ( 'NONE', #3172, #5824 ) ;
#5286 = CARTESIAN_POINT ( 'NONE',  ( -10.75000000000000000, -5.896910901584988096, -1.649312282069623103 ) ) ;
#5287 = VECTOR ( 'NONE', #353, 1000.000000000000000 ) ;
#5288 = VECTOR ( 'NONE', #4126, 1000.000000000000114 ) ;
#5289 = EDGE_CURVE ( 'NONE', #3059, #1837, #3361, .T. ) ;
#5290 = CARTESIAN_POINT ( 'NONE',  ( -10.75000000000000000, 3.779854234699954851, 4.793483870668506341 ) ) ;
#5291 = ORIENTED_EDGE ( 'NONE', *, *, #3153, .T. ) ;
#5292 = AXIS2_PLACEMENT_3D ( 'NONE', #2663, #167, #1696 ) ;
#5293 = AXIS2_PLACEMENT_3D ( 'NONE', #2512, #3174, #274 ) ;
#5294 = CARTESIAN_POINT ( 'NONE',  ( 1.219748657271866987, 7.859061771573605526, 1.035804641735420528 ) ) ;
#5295 = AXIS2_PLACEMENT_3D ( 'NONE', #537, #2573, #6231 ) ;
#5296 = CARTESIAN_POINT ( 'NONE',  ( -1.599999999999999867, 7.934223616779732424, 0.1049325306138378378 ) ) ;
#5297 = CARTESIAN_POINT ( 'NONE',  ( 0.8098949712497868214, 1.379942066160024572, 7.800275795557000791 ) ) ;
#5298 = LINE ( 'NONE', #250, #6050 ) ;
#5299 = CARTESIAN_POINT ( 'NONE',  ( 1.497122506061745240, -0.5650712869777771985, 7.911963014130615868 ) ) ;
#5300 = EDGE_CURVE ( 'NONE', #6004, #5268, #2604, .T. ) ;
#5301 = CARTESIAN_POINT ( 'NONE',  ( 1.497122506061745240, -0.5650712869777771985, 7.911963014130615868 ) ) ;
#5302 = VERTEX_POINT ( 'NONE', #3935 ) ;
#5303 = ORIENTED_EDGE ( 'NONE', *, *, #4425, .F. ) ;
#5304 = CARTESIAN_POINT ( 'NONE',  ( 0.7702315623831472724, 1.509403668207283111, 7.856327301964181054 ) ) ;
#5305 = DIRECTION ( 'NONE',  ( 1.000000000000000000, -0.0000000000000000000, -0.0000000000000000000 ) ) ;
#5306 = PLANE ( 'NONE',  #119 ) ;
#5307 = CARTESIAN_POINT ( 'NONE',  ( 1.496702964680016734, 7.962197310117966609, -0.7771915765360302153 ) ) ;
#5308 = VERTEX_POINT ( 'NONE', #1332 ) ;
#5309 = CARTESIAN_POINT ( 'NONE',  ( -3.750000000000000000, 4.413473166489501054, -2.597138885649683093 ) ) ;
#5310 = CYLINDRICAL_SURFACE ( 'NONE', #2919, 4.000000000000000000 ) ;
#5311 = CARTESIAN_POINT ( 'NONE',  ( -1.593673367128167984, 0.5466057979228468033, 7.981315666743567405 ) ) ;
#5312 = CARTESIAN_POINT ( 'NONE',  ( 0.7083984622555826727, -1.434875978235422123, 7.789302382678548575 ) ) ;
#5313 = CARTESIAN_POINT ( 'NONE',  ( -0.9115960673076097809, 1.315174022724696856, 7.812661663813934787 ) ) ;
#5314 = ORIENTED_EDGE ( 'NONE', *, *, #5213, .F. ) ;
#5315 = EDGE_LOOP ( 'NONE', ( #4610, #4163 ) ) ;
#5316 = CARTESIAN_POINT ( 'NONE',  ( 1.384683646564821125, 7.889258813223868572, 0.8020804013405076205 ) ) ;
#5317 = CARTESIAN_POINT ( 'NONE',  ( -3.750000000000000000, -5.099209145838154100, -3.387178386535892205 ) ) ;
#5318 = VECTOR ( 'NONE', #512, 1000.000000000000114 ) ;
#5319 = CARTESIAN_POINT ( 'NONE',  ( 1.547957616799422453, 7.922759783927440402, -0.4185630757551068726 ) ) ;
#5320 = CARTESIAN_POINT ( 'NONE',  ( -1.368544488071699483, -0.9886036567635760886, 7.938713301148650814 ) ) ;
#5321 = DIRECTION ( 'NONE',  ( 0.0000000000000000000, -0.3090169943749490611, -0.9510565162951530871 ) ) ;
#5322 = CARTESIAN_POINT ( 'NONE',  ( 0.9768420856373797312, -1.271405298444060916, 3.793053555584362080 ) ) ;
#5323 = ITEM_DEFINED_TRANSFORMATION ( 'NONE', 'NONE', #2449,  #5234 ) ;
#5324 = CARTESIAN_POINT ( 'NONE',  ( -10.75000000000000000, 5.873245603538165938, -1.649312282069625546 ) ) ;
#5325 = LINE ( 'NONE', #4310, #4555 ) ;
#5326 = ORIENTED_EDGE ( 'NONE', *, *, #5333, .F. ) ;
#5327 = CARTESIAN_POINT ( 'NONE',  ( 1.589592761669249343, 7.931907469306137770, 0.1841054936396855357 ) ) ;
#5328 = CARTESIAN_POINT ( 'NONE',  ( -1.683296393269366309, 8.000000000000003553, -0.1117568039888889864 ) ) ;
#5329 = CARTESIAN_POINT ( 'NONE',  ( -0.7439609032693724755, 1.416570818490874739, 7.793003078308594844 ) ) ;
#5330 = ADVANCED_FACE ( 'NONE', ( #4430 ), #3496, .F. ) ;
#5331 = LINE ( 'NONE', #777, #210 ) ;
#5332 = CARTESIAN_POINT ( 'NONE',  ( -0.1053441231687659851, 1.597383213165466609, 7.754205899653003442 ) ) ;
#5333 = EDGE_CURVE ( 'NONE', #3625, #4884, #5624, .T. ) ;
#5334 = PLANE ( 'NONE',  #3288 ) ;
#5335 = ORIENTED_EDGE ( 'NONE', *, *, #964, .T. ) ;
#5336 = ORIENTED_EDGE ( 'NONE', *, *, #1975, .F. ) ;
#5337 = CARTESIAN_POINT ( 'NONE',  ( 0.9128533186831704338, 1.426270760934220005, 7.871848225819795708 ) ) ;
#5338 = CARTESIAN_POINT ( 'NONE',  ( 0.1000000000000000472, -0.7499999999999997780, 1.000000000000000000 ) ) ;
#5339 = DIRECTION ( 'NONE',  ( 0.0000000000000000000, 0.0000000000000000000, -1.000000000000000000 ) ) ;
#5340 = CARTESIAN_POINT ( 'NONE',  ( 1.109620438036253542, 7.897511008212841688, -1.276587691162081706 ) ) ;
#5341 = EDGE_LOOP ( 'NONE', ( #3843, #194, #871, #1855 ) ) ;
#5342 = CARTESIAN_POINT ( 'NONE',  ( -3.750000000000000000, 0.2381673509765892260, 6.106707545196424114 ) ) ;
#5343 = CARTESIAN_POINT ( 'NONE',  ( 0.7135182934286961043, 1.435981059102769519, 3.733613836113251150 ) ) ;
#5344 = CARTESIAN_POINT ( 'NONE',  ( -1.545866127497767195, -0.4158397836897219646, 7.922320675802771106 ) ) ;
#5345 = CARTESIAN_POINT ( 'NONE',  ( -0.6377538391091501779, -1.467633926715669501, 7.782542133101514992 ) ) ;
#5346 = CARTESIAN_POINT ( 'NONE',  ( 0.2093480922250389453, 1.586463451625073517, 7.756685939553187303 ) ) ;
#5347 = ORIENTED_EDGE ( 'NONE', *, *, #3505, .F. ) ;
#5348 = LINE ( 'NONE', #795, #318 ) ;
#5349 = CARTESIAN_POINT ( 'NONE',  ( -0.1108237061928499800, 7.818489731314596902, 1.694476199708685682 ) ) ;
#5350 = CARTESIAN_POINT ( 'NONE',  ( 1.357923364782743780, 7.884108757630730047, -0.8465973048761782360 ) ) ;
#5351 = CARTESIAN_POINT ( 'NONE',  ( 1.457730696612002275, 7.903813336647074195, -0.6600846101285633427 ) ) ;
#5352 = CARTESIAN_POINT ( 'NONE',  ( 0.02671586668717956109, -1.697264686373380238, 7.817882861154973995 ) ) ;
#5353 = VECTOR ( 'NONE', #4055, 1000.000000000000000 ) ;
#5354 = CARTESIAN_POINT ( 'NONE',  ( -1.204291526282084357, -1.058516214132844580, 3.858159455990008091 ) ) ;
#5355 = LINE ( 'NONE', #673, #4561 ) ;
#5356 = EDGE_CURVE ( 'NONE', #2307, #2245, #2496, .T. ) ;
#5357 = DIRECTION ( 'NONE',  ( 0.0000000000000000000, -0.7664508966033178883, 0.6423029060310797567 ) ) ;
#5358 = ORIENTED_EDGE ( 'NONE', *, *, #3349, .F. ) ;
#5359 = CARTESIAN_POINT ( 'NONE',  ( 1.434567306646679086, 7.899121549463909098, -0.7090207084882605981 ) ) ;
#5360 = CARTESIAN_POINT ( 'NONE',  ( -10.75000000000000000, 0.2381673509765892260, 6.106707545196424114 ) ) ;
#5361 = CARTESIAN_POINT ( 'NONE',  ( 0.9705354205036794690, 1.272296575236667726, 7.820520348765445995 ) ) ;
#5362 = CARTESIAN_POINT ( 'NONE',  ( -0.8090730798184095907, 3.749433326208484019, 1.396163589235224434 ) ) ;
#5363 = CARTESIAN_POINT ( 'NONE',  ( 1.093586899702115867, 1.168228538125356541, 7.838475712906504356 ) ) ;
#5364 = DIRECTION ( 'NONE',  ( 0.0000000000000000000, -0.0000000000000000000, -1.000000000000000000 ) ) ;
#5365 = ORIENTED_EDGE ( 'NONE', *, *, #5633, .F. ) ;
#5366 = CARTESIAN_POINT ( 'NONE',  ( -0.3426928329185052191, 1.661765931564743504, 7.825505859028010214 ) ) ;
#5367 = CARTESIAN_POINT ( 'NONE',  ( -3.750000000000000000, -3.849353212243852518, -3.406155880024629656 ) ) ;
#5368 = CARTESIAN_POINT ( 'NONE',  ( 1.170948441820294006, 7.850859361955541793, 1.090372241351748039 ) ) ;
#5369 = CARTESIAN_POINT ( 'NONE',  ( -0.3833891030137925315, 7.827425229373597304, -1.652702091979522780 ) ) ;
#5370 = ORIENTED_EDGE ( 'NONE', *, *, #6496, .T. ) ;
#5371 = LINE ( 'NONE', #2514, #3130 ) ;
#5372 = DIRECTION ( 'NONE',  ( 0.0000000000000000000, -0.4539904997395457498, 0.8910065241883684539 ) ) ;
#5373 = CARTESIAN_POINT ( 'NONE',  ( -1.240421789234398497, -1.010637587972127216, 7.862660083481257445 ) ) ;
#5374 = B_SPLINE_CURVE_WITH_KNOTS ( 'NONE', 3,
 ( #3665, #1554, #6119, #1999, #2996, #31, #3123, #2067, #4620, #4135, #4103, #4648, #3634, #60, #5144, #3570, #3539, #6149, #1589, #5077, #5644, #5017, #92, #2137, #4169, #6181 ),
 .UNSPECIFIED., .F., .F.,
 ( 4, 2, 2, 2, 2, 2, 2, 2, 2, 2, 2, 2, 4 ),
 ( 0.5000000000000000000, 0.5312500000000000000, 0.5625000000000001110, 0.6250000000000001110, 0.6875000000000002220, 0.7187500000000002220, 0.7500000000000002220, 0.8125000000000002220, 0.8437500000000002220, 0.8750000000000002220, 0.9062500000000002220, 0.9375000000000001110, 1.000000000000000000 ),
 .UNSPECIFIED. ) ;
#5375 = CARTESIAN_POINT ( 'NONE',  ( 1.416238881571512120, -0.7446075835620863392, 7.895465972351307649 ) ) ;
#5376 = CARTESIAN_POINT ( 'NONE',  ( 0.2872639032604321629, 1.574218820864824009, 7.759447502884387227 ) ) ;
#5377 = CARTESIAN_POINT ( 'NONE',  ( -3.750000000000000000, -5.023108633883571983, 1.102531158620888574 ) ) ;
#5378 = CARTESIAN_POINT ( 'NONE',  ( 0.3022589893546666628, 7.823776596135829209, 1.669895354955379885 ) ) ;
#5379 = CARTESIAN_POINT ( 'NONE',  ( 1.467604626266371115, 7.905837875436644069, 0.6378264770172460407 ) ) ;
#5380 = LINE ( 'NONE', #1431, #4858 ) ;
#5381 = CARTESIAN_POINT ( 'NONE',  ( 1.069089546422583137, 7.834760063353101600, -1.190403395238424977 ) ) ;
#5382 = CARTESIAN_POINT ( 'NONE',  ( 1.544008475267202085, -0.6765948719071280815, 7.971378934888546652 ) ) ;
#5383 = EDGE_CURVE ( 'NONE', #3560, #4265, #5512, .T. ) ;
#5384 = ADVANCED_FACE ( 'NONE', ( #2371 ), #4944, .F. ) ;
#5385 = DIRECTION ( 'NONE',  ( 1.000000000000000000, -0.0000000000000000000, -0.0000000000000000000 ) ) ;
#5386 = DIRECTION ( 'NONE',  ( 0.0000000000000000000, 0.5877852522924720269, 0.8090169943749481174 ) ) ;
#5387 = VECTOR ( 'NONE', #3235, 1000.000000000000000 ) ;
#5388 = FILL_AREA_STYLE ('',( #4381 ) ) ;
#5389 = EDGE_CURVE ( 'NONE', #3194, #2850, #3427, .T. ) ;
#5390 = ORIENTED_EDGE ( 'NONE', *, *, #3324, .F. ) ;
#5391 = CARTESIAN_POINT ( 'NONE',  ( 1.594817593093107000, 7.933068237866134353, -0.1313444242470766243 ) ) ;
#5392 = VECTOR ( 'NONE', #404, 1000.000000000000114 ) ;
#5393 = LINE ( 'NONE', #946, #558 ) ;
#5394 = CARTESIAN_POINT ( 'NONE',  ( -0.9933333567482421911, 1.254328164672473100, 7.823715047634318687 ) ) ;
#5395 = DIRECTION ( 'NONE',  ( 0.0000000000000000000, -0.9876883405951377704, -0.1564344650402305081 ) ) ;
#5396 = VECTOR ( 'NONE', #2647, 1000.000000000000000 ) ;
#5397 = CARTESIAN_POINT ( 'NONE',  ( 1.586348811022864957, 0.2102304187838628935, 7.931188055462353503 ) ) ;
#5398 = PLANE ( 'NONE',  #4046 ) ;
#5399 = AXIS2_PLACEMENT_3D ( 'NONE', #3126, #2206, #3667 ) ;
#5400 = VECTOR ( 'NONE', #6164, 1000.000000000000000 ) ;
#5401 = VERTEX_POINT ( 'NONE', #1934 ) ;
#5402 = VERTEX_POINT ( 'NONE', #5478 ) ;
#5403 = CARTESIAN_POINT ( 'NONE',  ( -0.5946066772002501777, 1.588075792989544599, 7.840797561502735213 ) ) ;
#5404 = DIRECTION ( 'NONE',  ( 1.000000000000000000, -0.0000000000000000000, -0.0000000000000000000 ) ) ;
#5405 = CARTESIAN_POINT ( 'NONE',  ( 1.055513646264817140, 7.832719792302390793, 1.202487243246444404 ) ) ;
#5406 = CARTESIAN_POINT ( 'NONE',  ( 1.565242684570914866, 7.975588013440098045, -0.6250256213466773847 ) ) ;
#5407 = CARTESIAN_POINT ( 'NONE',  ( 0.02666851701852107973, 7.817882728748424270, -1.697265296479996133 ) ) ;
#5408 = ORIENTED_EDGE ( 'NONE', *, *, #6194, .T. ) ;
#5409 = DIRECTION ( 'NONE',  ( -0.0000000000000000000, 0.4472135954999580942, -0.8944271909999157444 ) ) ;
#5410 = CARTESIAN_POINT ( 'NONE',  ( -10.75000000000000000, -3.803519532746777454, 4.793483870668507230 ) ) ;
#5411 = VECTOR ( 'NONE', #2401, 1000.000000000000000 ) ;
#5412 = CARTESIAN_POINT ( 'NONE',  ( -1.398245674291557883, 0.7781946908505632532, 7.891907957819965347 ) ) ;
#5413 = CARTESIAN_POINT ( 'NONE',  ( -10.75000000000000000, -5.896910901584988096, -1.649312282069623103 ) ) ;
#5414 = CARTESIAN_POINT ( 'NONE',  ( 1.024828035449906860, 7.885765900746539714, 1.347575135713432459 ) ) ;
#5415 = CARTESIAN_POINT ( 'NONE',  ( 0.02534884981451666908, 7.753603722456262837, -1.600013227363143331 ) ) ;
#5416 = CARTESIAN_POINT ( 'NONE',  ( -3.750000000000000000, 0.2381673509765876717, -6.106707545196424114 ) ) ;
#5417 = EDGE_CURVE ( 'NONE', #118, #4194, #2954, .T. ) ;
#5418 = CARTESIAN_POINT ( 'NONE',  ( 1.072928915003017902, 7.835341281672070224, -1.186940216967472539 ) ) ;
#5419 = CARTESIAN_POINT ( 'NONE',  ( 1.655924503021281469, -0.3060981864305900024, 7.994188448239467171 ) ) ;
#5420 = CARTESIAN_POINT ( 'NONE',  ( 1.677844179672167479, 7.998835042752104663, -0.1393278063884168250 ) ) ;
#5421 = FACE_OUTER_BOUND ( 'NONE', #884, .T. ) ;
#5422 = EDGE_LOOP ( 'NONE', ( #5671, #818, #1697, #5168 ) ) ;
#5423 = LINE ( 'NONE', #370, #5195 ) ;
#5424 = AXIS2_PLACEMENT_3D ( 'NONE', #1515, #18, #3047 ) ;
#5425 = LINE ( 'NONE', #4924, #1681 ) ;
#5426 = VERTEX_POINT ( 'NONE', #5885 ) ;
#5427 = CARTESIAN_POINT ( 'NONE',  ( 0.2872639032604315523, 7.759447502884385450, -1.574218820864824453 ) ) ;
#5428 = ADVANCED_FACE ( 'NONE', ( #2992 ), #4976, .F. ) ;
#5429 = CARTESIAN_POINT ( 'NONE',  ( -0.7764433908326124900, 7.796509376488929277, 1.399034475861966387 ) ) ;
#5430 = CARTESIAN_POINT ( 'NONE',  ( -1.467223653284191354, 0.6387372709527677772, 7.905759030704802015 ) ) ;
#5431 = CARTESIAN_POINT ( 'NONE',  ( -0.5142971295694255263, 7.772420379759361175, -1.515315221207612195 ) ) ;
#5432 = EDGE_CURVE ( 'NONE', #5132, #4757, #5918, .T. ) ;
#5433 = CARTESIAN_POINT ( 'NONE',  ( 0.8009980356864521145, 1.385309185648039287, 7.799231494008751042 ) ) ;
#5434 = LINE ( 'NONE', #4445, #6365 ) ;
#5435 = ORIENTED_EDGE ( 'NONE', *, *, #6086, .T. ) ;
#5436 = VERTEX_POINT ( 'NONE', #458 ) ;
#5437 = LINE ( 'NONE', #885, #309 ) ;
#5438 = LINE ( 'NONE', #3418, #5287 ) ;
#5439 = CARTESIAN_POINT ( 'NONE',  ( 1.180589692699720139, 7.852457225241042948, 1.079934926686393792 ) ) ;
#5440 = CARTESIAN_POINT ( 'NONE',  ( 0.9128533186831689905, 7.871848225819793932, -1.426270760934221338 ) ) ;
#5441 = CARTESIAN_POINT ( 'NONE',  ( -1.047320365608279014, 7.888855049170666156, -1.329015276192036632 ) ) ;
#5442 = ORIENTED_EDGE ( 'NONE', *, *, #2869, .T. ) ;
#5443 = DIRECTION ( 'NONE',  ( 0.0000000000000000000, 0.0000000000000000000, -1.000000000000000000 ) ) ;
#5444 = ORIENTED_EDGE ( 'NONE', *, *, #925, .F. ) ;
#5445 = CARTESIAN_POINT ( 'NONE',  ( -1.111042178520112111, -1.276221395836621308, 7.897627514659563808 ) ) ;
#5446 = EDGE_LOOP ( 'NONE', ( #508, #1618, #2987, #2367, #3255, #5896 ) ) ;
#5447 = CARTESIAN_POINT ( 'NONE',  ( 1.677840016188661743, 0.1393919550359570270, 7.998834128928395515 ) ) ;
#5448 = AXIS2_PLACEMENT_3D ( 'NONE', #3, #6527, #400 ) ;
#5449 = CARTESIAN_POINT ( 'NONE',  ( 1.532791998671466649, 7.969176121683041458, 0.7020496152032449366 ) ) ;
#5450 = CARTESIAN_POINT ( 'NONE',  ( -0.8788121183588258889, 7.808527651933444780, -1.337109893469267341 ) ) ;
#5451 = CARTESIAN_POINT ( 'NONE',  ( 1.599999998619870967, -6.782646544064809728E-05, 7.934223616565240889 ) ) ;
#5452 = CARTESIAN_POINT ( 'NONE',  ( 0.8101848998563032644, 7.800256645228766494, -1.380145169619940271 ) ) ;
#5453 = CARTESIAN_POINT ( 'NONE',  ( 1.672347342270696036, -0.1952958012482560179, 7.997664651176513928 ) ) ;
#5454 = VERTEX_POINT ( 'NONE', #4523 ) ;
#5455 = CARTESIAN_POINT ( 'NONE',  ( 1.565144013590901828, 7.975568304159713406, 0.6252782997233267137 ) ) ;
#5456 = FACE_OUTER_BOUND ( 'NONE', #1761, .T. ) ;
#5457 = DIRECTION ( 'NONE',  ( 0.0000000000000000000, 0.4472135954999579277, -0.8944271909999158554 ) ) ;
#5458 = AXIS2_PLACEMENT_3D ( 'NONE', #1980, #4363, #5530 ) ;
#5459 = DIRECTION ( 'NONE',  ( 0.0000000000000000000, 0.0000000000000000000, -1.000000000000000000 ) ) ;
#5460 = CARTESIAN_POINT ( 'NONE',  ( 0.4149294172781409773, 7.765708418178481232, -1.546142892513264755 ) ) ;
#5461 = CARTESIAN_POINT ( 'NONE',  ( -0.6596629786406250640, 7.784565709662347288, 1.457918155254822823 ) ) ;
#5462 = CARTESIAN_POINT ( 'NONE',  ( -1.106536702837531250, 1.155744548802019711, 7.840508027434863081 ) ) ;
#5463 = CARTESIAN_POINT ( 'NONE',  ( -0.5634671162777697973, 7.776192908900567247, -1.497727133352547702 ) ) ;
#5464 = CARTESIAN_POINT ( 'NONE',  ( -10.75000000000000000, -3.417988529048041180, -3.837520563220440106 ) ) ;
#5465 = VERTEX_POINT ( 'NONE', #6518 ) ;
#5466 = ORIENTED_EDGE ( 'NONE', *, *, #5105, .F. ) ;
#5467 = EDGE_CURVE ( 'NONE', #2017, #681, #428, .T. ) ;
#5468 = CARTESIAN_POINT ( 'NONE',  ( -1.228242146987736927, 1.160918960803398070, 7.915345616943385565 ) ) ;
#5469 = LINE ( 'NONE', #3959, #4458 ) ;
#5470 = CARTESIAN_POINT ( 'NONE',  ( 1.003641304249531130, 7.825170511331927869, 1.246095463829814731 ) ) ;
#5471 = CARTESIAN_POINT ( 'NONE',  ( -0.3969495947865523400, 7.828112526794262394, -1.649444289891758730 ) ) ;
#5472 = CARTESIAN_POINT ( 'NONE',  ( -1.509245038671525929, 7.964605900246170656, -0.7521193063134552492 ) ) ;
#5473 = ORIENTED_EDGE ( 'NONE', *, *, #3327, .T. ) ;
#5474 = CARTESIAN_POINT ( 'NONE',  ( -10.75000000000000000, -2.065420323939453517, -4.702258990485212564 ) ) ;
#5475 = ORIENTED_EDGE ( 'NONE', *, *, #5383, .T. ) ;
#5476 = ADVANCED_FACE ( 'NONE', ( #6016 ), #521, .F. ) ;
#5477 = CARTESIAN_POINT ( 'NONE',  ( -1.575158046484172125, -0.5991790761322237646, 7.977573796685552665 ) ) ;
#5478 = CARTESIAN_POINT ( 'NONE',  ( -3.750000000000000000, -1.661144931093035959, -5.885078252561575241 ) ) ;
#5479 = CARTESIAN_POINT ( 'NONE',  ( 0.6697317001079652332, 7.846954179064261403, 1.557378594733169530 ) ) ;
#5480 = CARTESIAN_POINT ( 'NONE',  ( -0.2611758205752915951, 7.758284648223977342, -1.579414728068165630 ) ) ;
#5481 = DIRECTION ( 'NONE',  ( 0.0000000000000000000, 0.9701425001453319874, 0.2425356250363328581 ) ) ;
#5482 = CARTESIAN_POINT ( 'NONE',  ( 1.106760615744786236, 7.840542834285679774, -1.155532433903269096 ) ) ;
#5483 = CARTESIAN_POINT ( 'NONE',  ( 1.565144013590901606, -0.6252782997233302664, 7.975568304159713406 ) ) ;
#5484 = ORIENTED_EDGE ( 'NONE', *, *, #2025, .T. ) ;
#5485 = CARTESIAN_POINT ( 'NONE',  ( 0.2750748771916649016, 7.822755474321688496, 1.674668453474632335 ) ) ;
#5486 = CARTESIAN_POINT ( 'NONE',  ( -1.558968291946353668, 7.925170625406853908, 0.3637907618964887346 ) ) ;
#5487 = CARTESIAN_POINT ( 'NONE',  ( 4.000000000000000000, 1.836970198721029934E-16, -1.500000000000000000 ) ) ;
#5488 = FACE_OUTER_BOUND ( 'NONE', #1751, .T. ) ;
#5489 = CARTESIAN_POINT ( 'NONE',  ( -0.5651831089314077738, 7.776330148357985195, -1.497080203141025745 ) ) ;
#5490 = CARTESIAN_POINT ( 'NONE',  ( -0.5883358208437112769, 7.778229728126338394, 1.488146912078959216 ) ) ;
#5491 = CARTESIAN_POINT ( 'NONE',  ( -1.366926992020627285, 0.8322791653843252258, 7.885820712755897688 ) ) ;
#5492 = CARTESIAN_POINT ( 'NONE',  ( -0.8317010038480763257, 7.802762337874313836, -1.367284545267549056 ) ) ;
#5493 = EDGE_CURVE ( 'NONE', #2232, #738, #57, .T. ) ;
#5494 = SURFACE_STYLE_USAGE ( .BOTH. , #4632 ) ;
#5495 = ORIENTED_EDGE ( 'NONE', *, *, #4188, .T. ) ;
#5496 = PRESENTATION_LAYER_ASSIGNMENT (  '', '', ( #4037 ) ) ;
#5497 = ORIENTED_EDGE ( 'NONE', *, *, #5997, .T. ) ;
#5498 = CARTESIAN_POINT ( 'NONE',  ( -1.669668910397971828, 0.2225754273750426004, 7.997094355631471529 ) ) ;
#5499 = CARTESIAN_POINT ( 'NONE',  ( -1.514899248750716687, 7.915711413132116014, 0.5150285149473666779 ) ) ;
#5500 = MECHANICAL_DESIGN_GEOMETRIC_PRESENTATION_REPRESENTATION (  '', ( #614 ), #2236 ) ;
#5501 = CARTESIAN_POINT ( 'NONE',  ( 0.8099328887442460712, 7.800227587852974764, 1.380293277440681310 ) ) ;
#5502 = CARTESIAN_POINT ( 'NONE',  ( 1.428617180992299174, 7.949469678124005512, -0.8980552167233493144 ) ) ;
#5503 = CARTESIAN_POINT ( 'NONE',  ( -1.384092555118455525, 7.941455510226290038, -0.9663449559052191828 ) ) ;
#5504 = ORIENTED_EDGE ( 'NONE', *, *, #1808, .F. ) ;
#5505 = EDGE_CURVE ( 'NONE', #2353, #2818, #2620, .T. ) ;
#5506 = VECTOR ( 'NONE', #3555, 1000.000000000000114 ) ;
#5507 = CARTESIAN_POINT ( 'NONE',  ( -0.7087018717195435746, -1.434720064395202499, 7.789333942890293017 ) ) ;
#5508 = PRESENTATION_LAYER_ASSIGNMENT (  '', '', ( #614 ) ) ;
#5509 = VERTEX_POINT ( 'NONE', #6177 ) ;
#5510 = CARTESIAN_POINT ( 'NONE',  ( -1.602478392443030142, -0.5197751741219064359, 7.983107830046196618 ) ) ;
#5511 = ORIENTED_EDGE ( 'NONE', *, *, #2249, .F. ) ;
#5512 = LINE ( 'NONE', #3876, #2767 ) ;
#5513 = AXIS2_PLACEMENT_3D ( 'NONE', #5092, #4217, #180 ) ;
#5514 = CARTESIAN_POINT ( 'NONE',  ( 1.683294974892772133, 7.999999698597743070, 0.02796997602823401291 ) ) ;
#5515 = CARTESIAN_POINT ( 'NONE',  ( -1.315601999348580353, 7.876160482605366830, -0.9109740915875885747 ) ) ;
#5516 = VECTOR ( 'NONE', #3338, 1000.000000000000000 ) ;
#5517 = EDGE_CURVE ( 'NONE', #3765, #6179, #5669, .T. ) ;
#5518 = LINE ( 'NONE', #968, #2960 ) ;
#5519 = DIRECTION ( 'NONE',  ( 1.000000000000000000, -0.0000000000000000000, -0.0000000000000000000 ) ) ;
#5520 = CARTESIAN_POINT ( 'NONE',  ( 1.625596105132051328, -0.4414411724870130338, 7.987856621830137449 ) ) ;
#5521 = AXIS2_PLACEMENT_3D ( 'NONE', #2340, #1237, #761 ) ;
#5522 = CARTESIAN_POINT ( 'NONE',  ( 1.209335758838766761, 7.912382640775622811, 1.180931754659193755 ) ) ;
#5523 = CARTESIAN_POINT ( 'NONE',  ( 0.1000000000000000472, 0.7500000000000000000, -1.000000000000000000 ) ) ;
#5524 = DIRECTION ( 'NONE',  ( 0.0000000000000000000, 0.4539904997395471931, 0.8910065241883676768 ) ) ;
#5525 = CARTESIAN_POINT ( 'NONE',  ( -1.558968291946353890, -0.3637907618964862921, 7.925170625406853908 ) ) ;
#5526 = CARTESIAN_POINT ( 'NONE',  ( -0.9330075922266535260, 7.815461501113828646, -1.300069003686077806 ) ) ;
#5527 = CARTESIAN_POINT ( 'NONE',  ( -1.217025523171878065, 7.858603931421495936, 1.038823462560987343 ) ) ;
#5528 = FILL_AREA_STYLE_COLOUR ( '', #949 ) ;
#5529 = CARTESIAN_POINT ( 'NONE',  ( -0.9089279088113868532, 7.812349712066358975, -1.316770953227448304 ) ) ;
#5530 = DIRECTION ( 'NONE',  ( 0.0000000000000000000, 0.0000000000000000000, -1.000000000000000000 ) ) ;
#5531 = VECTOR ( 'NONE', #1754, 1000.000000000000000 ) ;
#5532 = SURFACE_STYLE_USAGE ( .BOTH. , #6071 ) ;
#5533 = VERTEX_POINT ( 'NONE', #6082 ) ;
#5534 = VERTEX_POINT ( 'NONE', #3630 ) ;
#5535 = CARTESIAN_POINT ( 'NONE',  ( -3.750000000000000000, -5.742402404397514815, -2.124840540217199703 ) ) ;
#5536 = EDGE_CURVE ( 'NONE', #838, #5132, #5107, .T. ) ;
#5537 = DIRECTION ( 'NONE',  ( 0.0000000000000000000, 0.0000000000000000000, -1.000000000000000000 ) ) ;
#5538 = LINE ( 'NONE', #3557, #3529 ) ;
#5539 = CARTESIAN_POINT ( 'NONE',  ( 1.265591887591354547, 7.921325086865479648, -1.119392006327042832 ) ) ;
#5540 = CARTESIAN_POINT ( 'NONE',  ( -1.151285737568465750, 7.903504104979414358, -1.239427244288163532 ) ) ;
#5541 = ORIENTED_EDGE ( 'NONE', *, *, #4020, .T. ) ;
#5542 = CARTESIAN_POINT ( 'NONE',  ( 1.556995508192956512, 0.4233137016510333805, 3.982298639556412390 ) ) ;
#5543 = ORIENTED_EDGE ( 'NONE', *, *, #4449, .F. ) ;
#5544 = CARTESIAN_POINT ( 'NONE',  ( -0.7455970612170181866, -1.521925277752000261, 7.853909160227829922 ) ) ;
#5545 = LINE ( 'NONE', #2095, #6070 ) ;
#5546 = CARTESIAN_POINT ( 'NONE',  ( 1.602251988686322903, 7.983058886024704037, 0.5210314965953072308 ) ) ;
#5547 = CARTESIAN_POINT ( 'NONE',  ( -0.9954946740067134314, 7.823992505060243907, -1.252863665854123676 ) ) ;
#5548 = DIRECTION ( 'NONE',  ( 0.0000000000000000000, -0.7664508966033184434, -0.6423029060310792016 ) ) ;
#5549 = CARTESIAN_POINT ( 'NONE',  ( 1003.454044648600643, 0.0000000000000000000, 0.0000000000000000000 ) ) ;
#5550 = CARTESIAN_POINT ( 'NONE',  ( 1.150519296111030432, 1.239235852684410943, 7.903458325857383393 ) ) ;
#5551 = EDGE_CURVE ( 'NONE', #4799, #3059, #3565, .T. ) ;
#5552 = CARTESIAN_POINT ( 'NONE',  ( 1.679879804189748915, 7.999269736952668630, 0.1116310166139457688 ) ) ;
#5553 = LINE ( 'NONE', #937, #3225 ) ;
#5554 = CARTESIAN_POINT ( 'NONE',  ( -10.75000000000000000, 2.041755025892630915, 4.702258990485212564 ) ) ;
#5555 = CARTESIAN_POINT ( 'NONE',  ( -1.106729416501544661, -1.155560059077687329, 7.840538153546310340 ) ) ;
#5556 = CARTESIAN_POINT ( 'NONE',  ( 0.5640645551625073084, 1.498192466976378423, 7.776117073017181802 ) ) ;
#5557 = FACE_OUTER_BOUND ( 'NONE', #5010, .T. ) ;
#5558 = EDGE_CURVE ( 'NONE', #940, #4000, #3152, .T. ) ;
#5559 = CARTESIAN_POINT ( 'NONE',  ( 0.7782844939536003315, 7.796683334220167794, -1.398198428875196075 ) ) ;
#5560 =( NAMED_UNIT ( * ) SI_UNIT ( $, .STERADIAN. ) SOLID_ANGLE_UNIT ( ) );
#5561 =( NAMED_UNIT ( * ) SI_UNIT ( $, .STERADIAN. ) SOLID_ANGLE_UNIT ( ) );
#5562 = CARTESIAN_POINT ( 'NONE',  ( -1.152811323660798193, 7.847883154942631556, -1.109593000318929157 ) ) ;
#5563 = FACE_OUTER_BOUND ( 'NONE', #1392, .T. ) ;
#5564 = VECTOR ( 'NONE', #6536, 1000.000000000000000 ) ;
#5565 =( NAMED_UNIT ( * ) SI_UNIT ( $, .STERADIAN. ) SOLID_ANGLE_UNIT ( ) );
#5566 = ORIENTED_EDGE ( 'NONE', *, *, #5630, .F. ) ;
#5567 = DIRECTION ( 'NONE',  ( 0.0000000000000000000, -0.9976079763756666718, 0.06912543288578525125 ) ) ;
#5568 = VECTOR ( 'NONE', #3768, 1000.000000000000000 ) ;
#5569 = DIRECTION ( 'NONE',  ( 0.0000000000000000000, -0.8090169943749481174, -0.5877852522924720269 ) ) ;
#5570 = LINE ( 'NONE', #988, #3766 ) ;
#5571 = CARTESIAN_POINT ( 'NONE',  ( -1.565088641669497349, 7.975557245943150519, -0.6254199493327414761 ) ) ;
#5572 = PLANE ( 'NONE',  #1793 ) ;
#5573 = ORIENTED_EDGE ( 'NONE', *, *, #577, .F. ) ;
#5574 = CARTESIAN_POINT ( 'NONE',  ( -10.75000000000000000, 5.094874896173013035, 0.5000000000000000000 ) ) ;
#5575 = VERTEX_POINT ( 'NONE', #4681 ) ;
#5576 = CARTESIAN_POINT ( 'NONE',  ( -1.600000000000000089, 0.0000000000000000000, 7.934223616779732424 ) ) ;
#5577 = CARTESIAN_POINT ( 'NONE',  ( -10.75000000000000000, -5.099209145838154100, -3.387178386535892205 ) ) ;
#5578 = CARTESIAN_POINT ( 'NONE',  ( -1.597370981475427776, 7.933635503004849099, -0.1055871617909596993 ) ) ;
#5579 = CARTESIAN_POINT ( 'NONE',  ( -3.750000000000000000, -5.896910901584988096, 1.649312282069624436 ) ) ;
#5580 = FACE_BOUND ( 'NONE', #5315, .T. ) ;
#5581 = CARTESIAN_POINT ( 'NONE',  ( 0.2202468041401592913, 1.682891937721446851, 7.820990498073606467 ) ) ;
#5582 = ORIENTED_EDGE ( 'NONE', *, *, #2092, .F. ) ;
#5583 = LINE ( 'NONE', #1029, #959 ) ;
#5584 = CARTESIAN_POINT ( 'NONE',  ( 1.093169233989344180, 7.838411374042324908, 1.168617506823783847 ) ) ;
#5585 = DIRECTION ( 'NONE',  ( 1.000000000000000000, -0.0000000000000000000, -0.0000000000000000000 ) ) ;
#5586 = CARTESIAN_POINT ( 'NONE',  ( -0.9246626234081471996, -1.305856905806756840, 7.814383514939642339 ) ) ;
#5587 = EDGE_CURVE ( 'NONE', #4265, #5042, #4585, .T. ) ;
#5588 = CARTESIAN_POINT ( 'NONE',  ( -0.5651831089314071077, 1.497080203141026189, 7.776330148357987859 ) ) ;
#5589 = ADVANCED_FACE ( 'NONE', ( #4099 ), #3054, .F. ) ;
#5590 = CARTESIAN_POINT ( 'NONE',  ( -1.434665364286685341, -0.7088128752599535121, 7.899141431177390871 ) ) ;
#5591 = CARTESIAN_POINT ( 'NONE',  ( -1.309858130256702280, 7.928654075105844967, 1.066097300505725043 ) ) ;
#5592 = SURFACE_STYLE_USAGE ( .BOTH. , #75 ) ;
#5593 = DIRECTION ( 'NONE',  ( -0.0000000000000000000, 0.9274206331348670007, 0.3740200118118313100 ) ) ;
#5594 = CARTESIAN_POINT ( 'NONE',  ( -10.75000000000000000, 4.999443335836748936, -1.102531158620889240 ) ) ;
#5595 = DIRECTION ( 'NONE',  ( -0.0000000000000000000, -0.06912543288578471001, 0.9976079763756667829 ) ) ;
#5596 = ORIENTED_EDGE ( 'NONE', *, *, #3813, .T. ) ;
#5597 = CARTESIAN_POINT ( 'NONE',  ( -3.750000000000000000, 0.2381673509765876717, -6.106707545196424114 ) ) ;
#5598 = DIRECTION ( 'NONE',  ( 0.0000000000000000000, -0.4472135954999579277, 0.8944271909999158554 ) ) ;
#5599 = CARTESIAN_POINT ( 'NONE',  ( -3.750000000000000000, -3.849353212243852074, -3.406155880024630100 ) ) ;
#5600 = CARTESIAN_POINT ( 'NONE',  ( 1.254212135124741501, 0.9934792397532343777, 7.865080145293554814 ) ) ;
#5601 = VERTEX_POINT ( 'NONE', #6114 ) ;
#5602 = CARTESIAN_POINT ( 'NONE',  ( -1.600000000000000089, 0.0000000000000000000, 7.934223616779732424 ) ) ;
#5603 = ORIENTED_EDGE ( 'NONE', *, *, #5095, .T. ) ;
#5604 = CARTESIAN_POINT ( 'NONE',  ( 1.679892269063330001, 0.1114380841655397553, 7.999272398761678282 ) ) ;
#5605 = CARTESIAN_POINT ( 'NONE',  ( -3.750000000000000000, 4.781651221645095262, 3.791686883723365931 ) ) ;
#5606 = CARTESIAN_POINT ( 'NONE',  ( -1.497017128688888699, 7.962257623344747515, 0.7765639415957729108 ) ) ;
#5607 = AXIS2_PLACEMENT_3D ( 'NONE', #6127, #7, #2479 ) ;
#5608 = CARTESIAN_POINT ( 'NONE',  ( -10.75000000000000000, -5.896910901584988096, -1.649312282069623103 ) ) ;
#5609 = VECTOR ( 'NONE', #2460, 1000.000000000000000 ) ;
#5610 = LINE ( 'NONE', #555, #2602 ) ;
#5611 = CARTESIAN_POINT ( 'NONE',  ( -0.9129337315084542492, 1.426020022774204588, 7.871881908730206767 ) ) ;
#5612 = VECTOR ( 'NONE', #5002, 1000.000000000000114 ) ;
#5613 = FACE_OUTER_BOUND ( 'NONE', #3483, .T. ) ;
#5614 = ORIENTED_EDGE ( 'NONE', *, *, #2610, .F. ) ;
#5615 = CARTESIAN_POINT ( 'NONE',  ( 1.301845792353690578, -0.9302417820891296651, 7.873639571610286936 ) ) ;
#5616 = CARTESIAN_POINT ( 'NONE',  ( -0.3773595581566469570, 7.763752243342310067, 1.554919552163734231 ) ) ;
#5617 = EDGE_CURVE ( 'NONE', #1142, #3360, #1551, .T. ) ;
#5618 = CARTESIAN_POINT ( 'NONE',  ( -10.75000000000000000, 5.718737106350692656, 2.124840540217201035 ) ) ;
#5619 = AXIS2_PLACEMENT_3D ( 'NONE', #5867, #4415, #5395 ) ;
#5620 = CARTESIAN_POINT ( 'NONE',  ( -1.086174060434653699, -1.174848337794987874, 7.837360009701902719 ) ) ;
#5621 = ADVANCED_FACE ( 'NONE', ( #3598 ), #3119, .F. ) ;
#5622 = CARTESIAN_POINT ( 'NONE',  ( -0.5160580229647261374, 1.514716206760541306, 7.772549138307007333 ) ) ;
#5623 = DIRECTION ( 'NONE',  ( 0.0000000000000000000, 0.0000000000000000000, -1.000000000000000000 ) ) ;
#5624 = CIRCLE ( 'NONE', #4051, 4.000000000000000000 ) ;
#5625 = CARTESIAN_POINT ( 'NONE',  ( -1.683296383926186746, 8.000000000000000000, 4.811147140404425926E-16 ) ) ;
#5626 = PLANE ( 'NONE',  #5831 ) ;
#5627 = DIRECTION ( 'NONE',  ( 0.0000000000000000000, 0.9510565162951530871, -0.3090169943749490611 ) ) ;
#5628 = CARTESIAN_POINT ( 'NONE',  ( -10.75000000000000000, 5.075543847791330165, -3.387178386535893537 ) ) ;
#5629 = ORIENTED_EDGE ( 'NONE', *, *, #1120, .F. ) ;
#5630 = EDGE_CURVE ( 'NONE', #5308, #2262, #5545, .T. ) ;
#5631 = CARTESIAN_POINT ( 'NONE',  ( 0.5881126505378168057, 7.778213073447839854, 1.488224393912469967 ) ) ;
#5632 = CARTESIAN_POINT ( 'NONE',  ( 1.589755244621281260, 7.931915471685705654, 0.2097877546662380299 ) ) ;
#5633 = EDGE_CURVE ( 'NONE', #2017, #1119, #2029, .T. ) ;
#5634 = CARTESIAN_POINT ( 'NONE',  ( -1.265136405037657674, 7.921251109497127629, -1.119915124371039683 ) ) ;
#5635 = LINE ( 'NONE', #5101, #5937 ) ;
#5636 = VERTEX_POINT ( 'NONE', #582 ) ;
#5637 = CARTESIAN_POINT ( 'NONE',  ( -0.8009385168616977024, -1.385347208336149327, 7.799224208402173453 ) ) ;
#5638 = ORIENTED_EDGE ( 'NONE', *, *, #5551, .F. ) ;
#5639 = CARTESIAN_POINT ( 'NONE',  ( 1.024828035449903751, -1.347575135713429351, 7.885765900746539714 ) ) ;
#5640 = CARTESIAN_POINT ( 'NONE',  ( -10.75000000000000000, 5.075543847791331054, 3.387178386535892205 ) ) ;
#5641 = CARTESIAN_POINT ( 'NONE',  ( -1.546201229981084113, 7.922393165964598083, -0.4147525060637510252 ) ) ;
#5642 = ORIENTED_EDGE ( 'NONE', *, *, #6026, .T. ) ;
#5643 = CARTESIAN_POINT ( 'NONE',  ( -1.929148837784154968E-14, 7.753606750688905258, 1.599999999354133173 ) ) ;
#5644 = CARTESIAN_POINT ( 'NONE',  ( -1.338745708985066285, -1.034786103992111128, 7.933333189350041614 ) ) ;
#5645 = CARTESIAN_POINT ( 'NONE',  ( 0.9128533186831704338, 1.426270760934220005, 7.871848225819795708 ) ) ;
#5646 = CARTESIAN_POINT ( 'NONE',  ( -3.750000000000000000, -5.742402404397513926, 2.124840540217201035 ) ) ;
#5647 = ORIENTED_EDGE ( 'NONE', *, *, #3305, .F. ) ;
#5648 = CARTESIAN_POINT ( 'NONE',  ( 1.398197048823097921, -0.7779497082158722820, 7.891905567906686514 ) ) ;
#5649 = CARTESIAN_POINT ( 'NONE',  ( 1.054351743119392504, 7.832523635841994292, 1.203755493545049404 ) ) ;
#5650 = DIRECTION ( 'NONE',  ( 1.000000000000000000, -0.0000000000000000000, -0.0000000000000000000 ) ) ;
#5651 = CARTESIAN_POINT ( 'NONE',  ( -0.8102131160789691755, -1.379756230777004378, 7.800312220691779430 ) ) ;
#5652 = CARTESIAN_POINT ( 'NONE',  ( -1.094315414504175799, 1.168408963129158096, 7.838521115630403990 ) ) ;
#5653 = CARTESIAN_POINT ( 'NONE',  ( -0.7087018717195435746, -1.434720064395202499, 7.789333942890293017 ) ) ;
#5654 = CARTESIAN_POINT ( 'NONE',  ( -1.575158046484175012, 7.977573796685552665, 0.5991790761322176584 ) ) ;
#5655 = CARTESIAN_POINT ( 'NONE',  ( 0.09999999999999245603, 0.0000000000000000000, 0.0000000000000000000 ) ) ;
#5656 = CARTESIAN_POINT ( 'NONE',  ( -3.750000000000000000, -4.805316519691916533, -3.791686883723365931 ) ) ;
#5657 = PLANE ( 'NONE',  #720 ) ;
#5658 = VERTEX_POINT ( 'NONE', #4131 ) ;
#5659 = CARTESIAN_POINT ( 'NONE',  ( -0.3773595581566469570, 7.763752243342310067, 1.554919552163734231 ) ) ;
#5660 = FACE_OUTER_BOUND ( 'NONE', #3121, .T. ) ;
#5661 = CARTESIAN_POINT ( 'NONE',  ( 1.683296382397405866, -7.269769834138203478E-05, 7.999999999681322471 ) ) ;
#5662 = CARTESIAN_POINT ( 'NONE',  ( 1.515112605104919075, 0.5148928059627698728, 7.915752102773100596 ) ) ;
#5663 = VERTEX_POINT ( 'NONE', #4034 ) ;
#5664 = CARTESIAN_POINT ( 'NONE',  ( 0.8674928526793673766, -1.344668026595008170, 7.807102328353878740 ) ) ;
#5665 = ADVANCED_FACE ( 'NONE', ( #6049 ), #6143, .F. ) ;
#5666 = EDGE_CURVE ( 'NONE', #5828, #200, #1583, .T. ) ;
#5667 = ORIENTED_EDGE ( 'NONE', *, *, #3581, .T. ) ;
#5668 = CARTESIAN_POINT ( 'NONE',  ( 1.532791998671465539, -0.7020496152032409398, 7.969176121683041458 ) ) ;
#5669 = LINE ( 'NONE', #1523, #4380 ) ;
#5670 = CARTESIAN_POINT ( 'NONE',  ( -1.458264479343798881, 7.954911940710239548, 0.8495700174348335132 ) ) ;
#5671 = ORIENTED_EDGE ( 'NONE', *, *, #5230, .T. ) ;
#5672 = DIRECTION ( 'NONE',  ( -0.0000000000000000000, -0.5877852522924721379, 0.8090169943749481174 ) ) ;
#5673 = CARTESIAN_POINT ( 'NONE',  ( -10.75000000000000000, -1.661144931093034627, 5.885078252561577017 ) ) ;
#5674 = CARTESIAN_POINT ( 'NONE',  ( 0.7455678292771014126, 1.521945480155074470, 7.853905451862344123 ) ) ;
#5675 = ADVANCED_FACE ( 'NONE', ( #996, #3024 ), #4553, .T. ) ;
#5676 = FACE_BOUND ( 'NONE', #1521, .T. ) ;
#5677 = VERTEX_POINT ( 'NONE', #1652 ) ;
#5678 = VERTEX_POINT ( 'NONE', #4810 ) ;
#5679 = CARTESIAN_POINT ( 'NONE',  ( 1.434993899323556699, -0.7081556548676097851, 7.899206706863271421 ) ) ;
#5680 = CARTESIAN_POINT ( 'NONE',  ( 0.1832074279808383332, 7.755952486005278423, 1.589697239105611448 ) ) ;
#5681 = VERTEX_POINT ( 'NONE', #716 ) ;
#5682 = CARTESIAN_POINT ( 'NONE',  ( 0.1000000000000000472, -0.7500000000000000000, -1.000000000000000000 ) ) ;
#5683 = CARTESIAN_POINT ( 'NONE',  ( 0.4139428128860840328, -1.545746566839083069, 7.765782176256127656 ) ) ;
#5684 = CARTESIAN_POINT ( 'NONE',  ( -0.4157316967709612787, 1.545271362922095548, 7.765886393762755802 ) ) ;
#5685 = CARTESIAN_POINT ( 'NONE',  ( -0.6615714129899007423, -1.457052942811896790, 7.784744207972824626 ) ) ;
#5686 = CARTESIAN_POINT ( 'NONE',  ( -10.75000000000000000, -5.099209145838152324, 3.387178386535893093 ) ) ;
#5687 = CARTESIAN_POINT ( 'NONE',  ( -1.626749064341823869, 7.988082325934399819, 0.4397597097738233929 ) ) ;
#5688 = SHAPE_REPRESENTATION_RELATIONSHIP ( 'NONE' , 'NONE' ,  #2300, #3102 ) ;
#5689 = LINE ( 'NONE', #1139, #4465 ) ;
#5690 = LINE ( 'NONE', #77, #3511 ) ;
#5691 = B_SPLINE_CURVE_WITH_KNOTS ( 'NONE', 3,
 ( #1393, #6418, #3424, #386, #4365, #2951, #3326, #2918, #329, #1327, #4972, #4940, #425, #6515, #1864, #4457, #3355, #5343, #3964, #1960, #4844, #789, #4582, #485, #23, #5542, #1489, #3086 ),
 .UNSPECIFIED., .F., .F.,
 ( 4, 2, 2, 2, 2, 2, 2, 2, 2, 2, 2, 2, 2, 4 ),
 ( 1.691873478596837822E-21, 0.0003159890529972230648, 0.0006319781059944461297, 0.001263956211988892476, 0.001895934317983339040, 0.002211923370980561996, 0.002527912423977784952, 0.002843901476975008343, 0.003159890529972231299, 0.003475879582969454255, 0.003791868635966677212, 0.004107857688963900168, 0.004423846741961123125, 0.005055824847955569037 ),
 .UNSPECIFIED. ) ;
#5692 = PLANE ( 'NONE',  #3610 ) ;
#5693 = VERTEX_POINT ( 'NONE', #2231 ) ;
#5694 = CARTESIAN_POINT ( 'NONE',  ( -0.05315163775894179293, 7.753612685323950870, 1.599974113471566595 ) ) ;
#5695 = CARTESIAN_POINT ( 'NONE',  ( -1.599999999999999645, -0.2137066816733145247, 4.000000000000000000 ) ) ;
#5696 = CARTESIAN_POINT ( 'NONE',  ( -1.640088738270712332, 7.990863635255892383, -0.3860790443614156020 ) ) ;
#5697 = CARTESIAN_POINT ( 'NONE',  ( 1.599999999999999423, 0.05243664104042698032, 7.934223975650705363 ) ) ;
#5698 = ADVANCED_FACE ( 'NONE', ( #1722 ), #3223, .F. ) ;
#5699 = EDGE_LOOP ( 'NONE', ( #994, #460, #4521, #6388 ) ) ;
#5700 = CARTESIAN_POINT ( 'NONE',  ( 1.034565572865999261, -1.220800218835495832, 7.829600627379444511 ) ) ;
#5701 = CARTESIAN_POINT ( 'NONE',  ( 0.7086740862954695741, 1.434739109215253938, 7.789330265015157906 ) ) ;
#5702 = ORIENTED_EDGE ( 'NONE', *, *, #4590, .F. ) ;
#5703 = CARTESIAN_POINT ( 'NONE',  ( 0.8895263441762480960, -1.441178583814944680, 7.869130423020953558 ) ) ;
#5704 = DIRECTION ( 'NONE',  ( 1.000000000000000000, 0.0000000000000000000, 0.0000000000000000000 ) ) ;
#5705 = ADVANCED_FACE ( 'NONE', ( #5743 ), #2816, .F. ) ;
#5706 = CARTESIAN_POINT ( 'NONE',  ( -0.6709554570046724065, 7.847061044906842753, 1.556839711791842662 ) ) ;
#5707 = ORIENTED_EDGE ( 'NONE', *, *, #509, .F. ) ;
#5708 = CARTESIAN_POINT ( 'NONE',  ( 1.589521170113704862, 3.995774339272713860, -0.2111460781270401987 ) ) ;
#5709 = PLANE ( 'NONE',  #103 ) ;
#5710 = VECTOR ( 'NONE', #6456, 1000.000000000000000 ) ;
#5711 = CARTESIAN_POINT ( 'NONE',  ( -1.380492666629167031, -0.8095896215983646726, 7.888435108041373489 ) ) ;
#5712 = PLANE ( 'NONE',  #5399 ) ;
#5713 = ORIENTED_EDGE ( 'NONE', *, *, #3125, .F. ) ;
#5714 = ORIENTED_EDGE ( 'NONE', *, *, #5140, .F. ) ;
#5715 = CARTESIAN_POINT ( 'NONE',  ( -1.511910478365232180, 0.7545090654380964823, 7.965016269904307222 ) ) ;
#5716 = VECTOR ( 'NONE', #2739, 999.9999999999998863 ) ;
#5717 = ADVANCED_FACE ( 'NONE', ( #4263 ), #750, .F. ) ;
#5718 = CARTESIAN_POINT ( 'NONE',  ( -0.7320147617686660890, 7.791721612902128946, 1.422968184170942951 ) ) ;
#5719 = ORIENTED_EDGE ( 'NONE', *, *, #6126, .F. ) ;
#5720 = ADVANCED_FACE ( 'NONE', ( #2753 ), #4779, .F. ) ;
#5721 = CARTESIAN_POINT ( 'NONE',  ( -3.750000000000000000, -4.714091639508624532, 2.053587674916042438 ) ) ;
#5722 = CARTESIAN_POINT ( 'NONE',  ( 0.4379248409222827321, 7.829580791771523884, 1.642608900835632824 ) ) ;
#5723 = CARTESIAN_POINT ( 'NONE',  ( -1.669680175836331992, -0.2224833360870739629, 7.997096749801462678 ) ) ;
#5724 = AXIS2_PLACEMENT_3D ( 'NONE', #2280, #2252, #768 ) ;
#5725 = AXIS2_PLACEMENT_3D ( 'NONE', #4828, #2803, #4308 ) ;
#5726 = DIRECTION ( 'NONE',  ( 0.0000000000000000000, -0.8910065241883682319, -0.4539904997395463604 ) ) ;
#5727 = CARTESIAN_POINT ( 'NONE',  ( -1.368544488071701037, 7.938713301148649037, 0.9886036567635907435 ) ) ;
#5728 = AXIS2_PLACEMENT_3D ( 'NONE', #411, #881, #3316 ) ;
#5729 = LINE ( 'NONE', #6099, #4667 ) ;
#5730 = CARTESIAN_POINT ( 'NONE',  ( -10.75000000000000000, 6.094874896173013035, 0.2500000000000000000 ) ) ;
#5731 = CARTESIAN_POINT ( 'NONE',  ( -3.750000000000000000, 5.718737106350690880, -2.124840540217202367 ) ) ;
#5732 = AXIS2_PLACEMENT_3D ( 'NONE', #3393, #2405, #1361 ) ;
#5733 = ORIENTED_EDGE ( 'NONE', *, *, #148, .F. ) ;
#5734 = CARTESIAN_POINT ( 'NONE',  ( -0.4913058454680405696, 7.770771654260750338, 1.522926942536087624 ) ) ;
#5735 = CARTESIAN_POINT ( 'NONE',  ( 0.2129189759495347389, -1.589252334731027005, 3.670801915370227597 ) ) ;
#5736 = DIRECTION ( 'NONE',  ( 0.0000000000000000000, -0.0000000000000000000, 1.000000000000000000 ) ) ;
#5737 = CARTESIAN_POINT ( 'NONE',  ( 1.153327837249844334, 1.109056504944280652, 7.847967132536035173 ) ) ;
#5738 = VERTEX_POINT ( 'NONE', #159 ) ;
#5739 = CARTESIAN_POINT ( 'NONE',  ( 0.1832074279808346695, -1.589697239105611670, 7.755952486005279312 ) ) ;
#5740 = CARTESIAN_POINT ( 'NONE',  ( 1.594817593093106556, 0.1313444242470760970, 7.933068237866134353 ) ) ;
#5741 = ORIENTED_EDGE ( 'NONE', *, *, #783, .T. ) ;
#5742 = CARTESIAN_POINT ( 'NONE',  ( 1.088425304837424612, -1.295002947431497908, 7.894509664003901861 ) ) ;
#5743 = FACE_OUTER_BOUND ( 'NONE', #78, .T. ) ;
#5744 = CARTESIAN_POINT ( 'NONE',  ( -0.05591872477482748988, 7.817891765920169433, 1.697223805166270694 ) ) ;
#5745 = ORIENTED_EDGE ( 'NONE', *, *, #4923, .T. ) ;
#5746 = DIRECTION ( 'NONE',  ( 1.000000000000000000, -0.0000000000000000000, -0.0000000000000000000 ) ) ;
#5747 = CARTESIAN_POINT ( 'NONE',  ( -3.750000000000000000, -6.118540194219835193, 0.2500000000000006661 ) ) ;
#5748 = VECTOR ( 'NONE', #2123, 1000.000000000000000 ) ;
#5749 = CARTESIAN_POINT ( 'NONE',  ( -1.345431813599283544, -0.8660212962972093642, 7.881746418419784739 ) ) ;
#5750 = DIRECTION ( 'NONE',  ( 0.0000000000000000000, -0.9274206331348670007, 0.3740200118118315875 ) ) ;
#5751 = ORIENTED_EDGE ( 'NONE', *, *, #5126, .F. ) ;
#5752 = ORIENTED_EDGE ( 'NONE', *, *, #4305, .T. ) ;
#5753 = CARTESIAN_POINT ( 'NONE',  ( -0.4379686558648019923, 1.642614057007949491, 7.829579759514978754 ) ) ;
#5754 = CARTESIAN_POINT ( 'NONE',  ( 1.586348811022864069, 7.931188055462352615, -0.2102304187838660021 ) ) ;
#5755 = PLANE ( 'NONE',  #197 ) ;
#5756 = CARTESIAN_POINT ( 'NONE',  ( -1.027802658427037885, 7.885743553958697305, 1.348691735714304674 ) ) ;
#5757 = CARTESIAN_POINT ( 'NONE',  ( 0.1927452506428503631, -1.686322281404267764, 7.820250964041460584 ) ) ;
#5758 = CARTESIAN_POINT ( 'NONE',  ( -0.2748069673320663875, 7.822603582532662081, 1.675409572429592986 ) ) ;
#5759 = PRODUCT_CONTEXT ( 'NONE', #670, 'mechanical' ) ;
#5760 = CARTESIAN_POINT ( 'NONE',  ( -3.750000000000000000, 4.999443335836748936, -1.102531158620888796 ) ) ;
#5761 = LINE ( 'NONE', #6264, #522 ) ;
#5762 = EDGE_CURVE ( 'NONE', #3982, #6133, #5844, .T. ) ;
#5763 = VERTEX_POINT ( 'NONE', #3795 ) ;
#5764 = AXIS2_PLACEMENT_3D ( 'NONE', #2257, #5865, #1284 ) ;
#5765 = CARTESIAN_POINT ( 'NONE',  ( 0.7083984622555814514, 7.789302382678546799, 1.434875978235422789 ) ) ;
#5766 = CARTESIAN_POINT ( 'NONE',  ( -1.452439742005176004, 7.902728306043969475, 0.6720253922615084807 ) ) ;
#5767 = CARTESIAN_POINT ( 'NONE',  ( -0.8666373914610090434, 1.344985856484574027, 7.807027847667141529 ) ) ;
#5768 = ORIENTED_EDGE ( 'NONE', *, *, #4901, .T. ) ;
#5769 = CARTESIAN_POINT ( 'NONE',  ( 1.538164308008209691, -0.4412829662846968759, 7.920673076858219197 ) ) ;
#5770 = CARTESIAN_POINT ( 'NONE',  ( 1.599349954598815016, -0.05265514842756277569, 7.934078441261434023 ) ) ;
#5771 = ORIENTED_EDGE ( 'NONE', *, *, #907, .F. ) ;
#5772 = CARTESIAN_POINT ( 'NONE',  ( 1.368207750825162439, 0.9902282260677370829, 7.938613455873586133 ) ) ;
#5773 =( LENGTH_UNIT ( ) NAMED_UNIT ( * ) SI_UNIT ( .MILLI., .METRE. ) );
#5774 = ORIENTED_EDGE ( 'NONE', *, *, #4065, .F. ) ;
#5775 = CARTESIAN_POINT ( 'NONE',  ( 1.203562000823097833, 3.857933849907989821, 1.059323409855366771 ) ) ;
#5776 = PLANE ( 'NONE',  #3999 ) ;
#5777 = VECTOR ( 'NONE', #3835, 1000.000000000000227 ) ;
#5778 = CARTESIAN_POINT ( 'NONE',  ( -1.523538382866186369, -0.4893740883971085531, 7.917544258099141530 ) ) ;
#5779 = CARTESIAN_POINT ( 'NONE',  ( 0.1831083114362690722, 1.589708595217294240, 7.755949908919270719 ) ) ;
#5780 = ORIENTED_EDGE ( 'NONE', *, *, #4074, .T. ) ;
#5781 = CARTESIAN_POINT ( 'NONE',  ( 1.469698501557687775, 0.8570813122608839096, 7.956650056204063404 ) ) ;
#5782 = CARTESIAN_POINT ( 'NONE',  ( 1.416238881571513231, 7.895465972351302320, 0.7446075835620847849 ) ) ;
#5783 = AXIS2_PLACEMENT_3D ( 'NONE', #5673, #525, #1059 ) ;
#5784 = ORIENTED_EDGE ( 'NONE', *, *, #4009, .F. ) ;
#5785 =( LENGTH_UNIT ( ) NAMED_UNIT ( * ) SI_UNIT ( .MILLI., .METRE. ) );
#5786 = EDGE_CURVE ( 'NONE', #4293, #859, #3694, .T. ) ;
#5787 = CARTESIAN_POINT ( 'NONE',  ( -0.8452022127662055517, 7.863666196369181627, 1.471962889771982530 ) ) ;
#5788 = CARTESIAN_POINT ( 'NONE',  ( -0.7455970612170181866, -1.521925277752000261, 7.853909160227829922 ) ) ;
#5789 = CARTESIAN_POINT ( 'NONE',  ( -10.75000000000000000, 9.797174393178825657E-16, 8.000000000000000000 ) ) ;
#5790 = FACE_OUTER_BOUND ( 'NONE', #4320, .T. ) ;
#5791 = ADVANCED_FACE ( 'NONE', ( #688 ), #5306, .F. ) ;
#5792 = CARTESIAN_POINT ( 'NONE',  ( -10.75000000000000000, 1.637479633046211358, -5.885078252561577017 ) ) ;
#5793 = ORIENTED_EDGE ( 'NONE', *, *, #5143, .F. ) ;
#5794 = CARTESIAN_POINT ( 'NONE',  ( 1.384683646564821125, 7.889258813223868572, 0.8020804013405076205 ) ) ;
#5795 = DIRECTION ( 'NONE',  ( 0.0000000000000000000, 0.4472135954999579277, 0.8944271909999158554 ) ) ;
#5796 = CARTESIAN_POINT ( 'NONE',  ( 1.076810619189223273, 1.183423958671341536, 7.835930279844674828 ) ) ;
#5797 = CARTESIAN_POINT ( 'NONE',  ( -1.270768912986844912, 3.879675815778850012, -0.9777374815668883334 ) ) ;
#5798 = CARTESIAN_POINT ( 'NONE',  ( 1.093169233989343070, -1.168617506823784513, 7.838411374042326685 ) ) ;
#5799 = CARTESIAN_POINT ( 'NONE',  ( 1.269512159141754637, 0.9752159356713022698, 7.867723907824121454 ) ) ;
#5800 = ORIENTED_EDGE ( 'NONE', *, *, #5822, .T. ) ;
#5801 = ORIENTED_EDGE ( 'NONE', *, *, #6406, .T. ) ;
#5802 = CARTESIAN_POINT ( 'NONE',  ( 1.668934510775232472, 0.2230086526562637395, 7.996939273240587731 ) ) ;
#5803 = CARTESIAN_POINT ( 'NONE',  ( -1.600000000000000089, -1.620621699734045094E-16, 7.934223616779732424 ) ) ;
#5804 = CARTESIAN_POINT ( 'NONE',  ( -10.75000000000000000, -2.136673189240612558, -5.730569755374101959 ) ) ;
#5805 = CARTESIAN_POINT ( 'NONE',  ( 0.7455678292771004134, 7.853905451862340570, -1.521945480155076247 ) ) ;
#5806 = ORIENTED_EDGE ( 'NONE', *, *, #6111, .T. ) ;
#5807 = CARTESIAN_POINT ( 'NONE',  ( 0.8096689299164849807, 3.749571939225591510, -1.395793821653038336 ) ) ;
#5808 = CARTESIAN_POINT ( 'NONE',  ( -12.24999999999999822, 9.797174393178825657E-16, 8.000000000000000000 ) ) ;
#5809 = DIRECTION ( 'NONE',  ( 1.000000000000000000, -0.0000000000000000000, -0.0000000000000000000 ) ) ;
#5810 = CARTESIAN_POINT ( 'NONE',  ( 0.9741153562602730132, -1.270360058901111033, 7.820928755762439621 ) ) ;
#5811 = CARTESIAN_POINT ( 'NONE',  ( -1.202532285692245129, 1.055744800906452063, 7.856122203426843420 ) ) ;
#5812 = VERTEX_POINT ( 'NONE', #1685 ) ;
#5813 = DIRECTION ( 'NONE',  ( -0.0000000000000000000, -0.9274206331348672228, -0.3740200118118306993 ) ) ;
#5814 = CARTESIAN_POINT ( 'NONE',  ( 1.574013370429887537, 7.928466611357314342, -0.2883920154506361966 ) ) ;
#5815 = ORIENTED_EDGE ( 'NONE', *, *, #4110, .T. ) ;
#5816 = DIRECTION ( 'NONE',  ( 0.0000000000000000000, 0.1564344650402305081, 0.9876883405951377704 ) ) ;
#5817 = LINE ( 'NONE', #2829, #4929 ) ;
#5818 = CARTESIAN_POINT ( 'NONE',  ( -0.05591872477483302711, -1.697223805166276689, 7.817891765920167657 ) ) ;
#5819 = EDGE_CURVE ( 'NONE', #5426, #3379, #256, .T. ) ;
#5820 = AXIS2_PLACEMENT_3D ( 'NONE', #1096, #3543, #1595 ) ;
#5821 = DIRECTION ( 'NONE',  ( 0.0000000000000000000, 0.9510565162951529761, -0.3090169943749490056 ) ) ;
#5822 = EDGE_CURVE ( 'NONE', #3893, #6004, #2391, .T. ) ;
#5823 = CARTESIAN_POINT ( 'NONE',  ( -3.750000000000000000, 5.075543847791330165, -3.387178386535893537 ) ) ;
#5824 = VECTOR ( 'NONE', #4182, 1000.000000000000114 ) ;
#5825 = ORIENTED_EDGE ( 'NONE', *, *, #6045, .F. ) ;
#5826 = VECTOR ( 'NONE', #3479, 1000.000000000000000 ) ;
#5827 = CARTESIAN_POINT ( 'NONE',  ( 0.0000000000000000000, 8.000000000000000000, -1.600000000000000089 ) ) ;
#5828 = VERTEX_POINT ( 'NONE', #2580 ) ;
#5829 = PRODUCT_DEFINITION_FORMATION_WITH_SPECIFIED_SOURCE ( 'ANY', '', #1981, .NOT_KNOWN. ) ;
#5830 = CARTESIAN_POINT ( 'NONE',  ( 1.093169233989344180, 7.838411374042324908, 1.168617506823783847 ) ) ;
#5831 = AXIS2_PLACEMENT_3D ( 'NONE', #1073, #568, #1603 ) ;
#5832 = CARTESIAN_POINT ( 'NONE',  ( -1.467983149311737234, 7.905916338251086195, 0.6369101453285228587 ) ) ;
#5833 = CARTESIAN_POINT ( 'NONE',  ( -0.8849460573051396439, 1.333005629223053656, 7.809301142491239744 ) ) ;
#5834 = CARTESIAN_POINT ( 'NONE',  ( -1.386037979390254415, 3.918948871099901421, 0.8059815449103372442 ) ) ;
#5835 = VECTOR ( 'NONE', #4088, 1000.000000000000000 ) ;
#5836 = AXIS2_PLACEMENT_3D ( 'NONE', #4400, #5953, #4461 ) ;
#5837 = CARTESIAN_POINT ( 'NONE',  ( 0.02534884981451661010, 1.600013227363143331, 7.753603722456265501 ) ) ;
#5838 = PLANE ( 'NONE',  #5728 ) ;
#5839 = EDGE_CURVE ( 'NONE', #838, #1943, #3622, .T. ) ;
#5840 = VERTEX_POINT ( 'NONE', #1987 ) ;
#5841 = ORIENTED_EDGE ( 'NONE', *, *, #5962, .T. ) ;
#5842 = CARTESIAN_POINT ( 'NONE',  ( 0.7079420776937001003, 1.539912920703793375, 7.850395242775996429 ) ) ;
#5843 = DIRECTION ( 'NONE',  ( 1.000000000000000000, -0.0000000000000000000, -0.0000000000000000000 ) ) ;
#5844 = LINE ( 'NONE', #4230, #5531 ) ;
#5845 = CARTESIAN_POINT ( 'NONE',  ( 1.368207750825155555, 7.938613455873586133, -0.9902282260677516268 ) ) ;
#5846 = EDGE_LOOP ( 'NONE', ( #2908, #5800, #2805, #1153, #3415 ) ) ;
#5847 = CARTESIAN_POINT ( 'NONE',  ( 0.8044655191933041127, 3.752348471330448909, 1.386956892877679648 ) ) ;
#5848 = DIRECTION ( 'NONE',  ( 0.0000000000000000000, -0.1564344650402304804, 0.9876883405951377704 ) ) ;
#5849 = CARTESIAN_POINT ( 'NONE',  ( -1.680530498066351131, 0.1120049649573522932, 7.999407010638174498 ) ) ;
#5850 = CARTESIAN_POINT ( 'NONE',  ( 1.149492883498568041, -1.113265222582807024, 7.847326651679991549 ) ) ;
#5851 = ADVANCED_FACE ( 'NONE', ( #6040 ), #2984, .F. ) ;
#5852 = CARTESIAN_POINT ( 'NONE',  ( -0.6616343680805193417, 1.457721637957742455, 7.784625922981133428 ) ) ;
#5853 = ORIENTED_EDGE ( 'NONE', *, *, #148, .T. ) ;
#5854 = PLANE ( 'NONE',  #5521 ) ;
#5855 = CARTESIAN_POINT ( 'NONE',  ( 1.538205200922952987, 7.920681872344125019, -0.4411397666259885830 ) ) ;
#5856 = AXIS2_PLACEMENT_3D ( 'NONE', #5099, #4635, #1079 ) ;
#5857 = CARTESIAN_POINT ( 'NONE',  ( 1.518884508271330036, 7.916444021748139548, -0.5142590899714675201 ) ) ;
#5858 = CARTESIAN_POINT ( 'NONE',  ( -0.4374267556553682601, -1.639181958709689857, 7.830270188420971778 ) ) ;
#5859 = CARTESIAN_POINT ( 'NONE',  ( 0.8050682049685755626, -1.386563045278754069, 3.752488458331365795 ) ) ;
#5860 = PRODUCT_CONTEXT ( 'NONE', #2078, 'mechanical' ) ;
#5861 = DIRECTION ( 'NONE',  ( 0.0000000000000000000, 0.0000000000000000000, 1.000000000000000000 ) ) ;
#5862 = CARTESIAN_POINT ( 'NONE',  ( -3.750000000000000000, 5.873245603538165938, 1.649312282069623548 ) ) ;
#5863 = ORIENTED_EDGE ( 'NONE', *, *, #3913, .T. ) ;
#5864 = CARTESIAN_POINT ( 'NONE',  ( 1.467731899879564317, 7.905864049682175043, -0.6375322215605681020 ) ) ;
#5865 = DIRECTION ( 'NONE',  ( 0.0000000000000000000, -0.06912543288578471001, 0.9976079763756667829 ) ) ;
#5866 = CARTESIAN_POINT ( 'NONE',  ( -0.9292196836068621346, 1.302779328827889938, 7.814963819746976625 ) ) ;
#5867 = CARTESIAN_POINT ( 'NONE',  ( -10.75000000000000000, 0.4881673509765878660, -5.106707545196424114 ) ) ;
#5868 = CARTESIAN_POINT ( 'NONE',  ( 0.9109290793184245949, 1.315630961360694684, 7.812576183597283119 ) ) ;
#5869 = DIRECTION ( 'NONE',  ( -0.0000000000000000000, -0.9510565162951529761, 0.3090169943749490056 ) ) ;
#5870 = PRESENTATION_LAYER_ASSIGNMENT (  '', '', ( #770 ) ) ;
#5871 = ORIENTED_EDGE ( 'NONE', *, *, #272, .F. ) ;
#5872 = CARTESIAN_POINT ( 'NONE',  ( -0.2747726964636985070, 1.675414778362552592, 7.822602460375619238 ) ) ;
#5873 = LINE ( 'NONE', #3320, #2341 ) ;
#5874 = CARTESIAN_POINT ( 'NONE',  ( 0.6715013853741300665, 7.785655448563396419, 1.452688661311425156 ) ) ;
#5875 = CARTESIAN_POINT ( 'NONE',  ( 0.6572449902683883405, 7.845911957903273226, -1.562592613648420059 ) ) ;
#5876 = ORIENTED_EDGE ( 'NONE', *, *, #4541, .F. ) ;
#5877 = EDGE_CURVE ( 'NONE', #4692, #4860, #5004, .T. ) ;
#5878 = DIRECTION ( 'NONE',  ( -0.0000000000000000000, -0.9876883405951377704, 0.1564344650402304804 ) ) ;
#5879 = FACE_OUTER_BOUND ( 'NONE', #414, .T. ) ;
#5880 = EDGE_CURVE ( 'NONE', #5509, #4689, #574, .T. ) ;
#5881 = CARTESIAN_POINT ( 'NONE',  ( -1.245782163245447771, -1.004030238135877662, 7.863597508143651993 ) ) ;
#5882 = CARTESIAN_POINT ( 'NONE',  ( 0.7780752801643592287, -1.398315209405202264, 7.796660162500596236 ) ) ;
#5883 = CARTESIAN_POINT ( 'NONE',  ( -0.4912375484625407518, 1.522948840424857009, 7.770766900489718410 ) ) ;
#5884 = EDGE_LOOP ( 'NONE', ( #2430, #726, #191, #5484 ) ) ;
#5885 = CARTESIAN_POINT ( 'NONE',  ( -10.75000000000000000, -5.742402404397514815, -2.124840540217199703 ) ) ;
#5886 = CARTESIAN_POINT ( 'NONE',  ( 0.8424899871029454257, 7.863866068452397329, 1.469632540130978215 ) ) ;
#5887 = CARTESIAN_POINT ( 'NONE',  ( 1.440009561689682638, 7.900223938755340569, 0.6975289733025622496 ) ) ;
#5888 = DIRECTION ( 'NONE',  ( -0.0000000000000000000, 0.8910065241883681209, -0.4539904997395463049 ) ) ;
#5889 = CARTESIAN_POINT ( 'NONE',  ( 0.8800448299518645046, 7.808683197683251365, -1.336283971258090064 ) ) ;
#5890 = CARTESIAN_POINT ( 'NONE',  ( -1.151547341210712672, -1.239182290000747644, 7.903542733774702178 ) ) ;
#5891 = VECTOR ( 'NONE', #6247, 1000.000000000000000 ) ;
#5892 = CARTESIAN_POINT ( 'NONE',  ( -10.75000000000000000, -3.849353212243851186, 3.406155880024630100 ) ) ;
#5893 = LINE ( 'NONE', #1709, #3507 ) ;
#5894 = DIRECTION ( 'NONE',  ( 0.0000000000000000000, 0.0000000000000000000, -1.000000000000000000 ) ) ;
#5895 = APPLICATION_CONTEXT ( 'automotive_design' ) ;
#5896 = ORIENTED_EDGE ( 'NONE', *, *, #4738, .F. ) ;
#5897 = CARTESIAN_POINT ( 'NONE',  ( 1.456943186769124710, 7.903653173866834081, 0.6618226820049754044 ) ) ;
#5898 = CARTESIAN_POINT ( 'NONE',  ( -0.5144177871287511916, 7.772429320815885667, 1.515274544332807949 ) ) ;
#5899 = CARTESIAN_POINT ( 'NONE',  ( -0.5640537399221214887, 1.497506263465420373, 7.776239997397963677 ) ) ;
#5900 = CARTESIAN_POINT ( 'NONE',  ( -0.5190861996708288073, 3.701400172568173108, 1.517075318304782039 ) ) ;
#5901 = CARTESIAN_POINT ( 'NONE',  ( 1.167901938636533243, 1.093931646555535764, 7.850337421487519229 ) ) ;
#5902 = DIRECTION ( 'NONE',  ( 0.0000000000000000000, 0.5877852522924720269, -0.8090169943749481174 ) ) ;
#5903 = ORIENTED_EDGE ( 'NONE', *, *, #3244, .F. ) ;
#5904 = ORIENTED_EDGE ( 'NONE', *, *, #3645, .T. ) ;
#5905 = CARTESIAN_POINT ( 'NONE',  ( 0.5934298912526516645, 1.589255662491071197, 7.840582719722422489 ) ) ;
#5906 = PRODUCT_DEFINITION ( 'UNKNOWN', '', #4769, #1842 ) ;
#5907 = LINE ( 'NONE', #2815, #1572 ) ;
#5908 = CARTESIAN_POINT ( 'NONE',  ( 0.5141388963585049598, 7.772408731905710688, 1.515369276188403447 ) ) ;
#5909 = CARTESIAN_POINT ( 'NONE',  ( 1.150519296111029988, 7.903458325857383393, -1.239235852684412276 ) ) ;
#5910 = CARTESIAN_POINT ( 'NONE',  ( -0.3426928329185052746, 7.825505859028008437, -1.661765931564744170 ) ) ;
#5911 = EDGE_LOOP ( 'NONE', ( #991, #883, #5719, #377 ) ) ;
#5912 = CARTESIAN_POINT ( 'NONE',  ( -3.750000000000000000, -5.099209145838152324, 3.387178386535893093 ) ) ;
#5913 = CARTESIAN_POINT ( 'NONE',  ( 1.899999999999999911, 0.0000000000000000000, 0.0000000000000000000 ) ) ;
#5914 = EDGE_CURVE ( 'NONE', #200, #4583, #4544, .T. ) ;
#5915 = CARTESIAN_POINT ( 'NONE',  ( -1.252957102548845736, 0.9953841254503887903, 7.864841590808931748 ) ) ;
#5916 = ORIENTED_EDGE ( 'NONE', *, *, #2448, .T. ) ;
#5917 = ORIENTED_EDGE ( 'NONE', *, *, #4748, .F. ) ;
#5918 = LINE ( 'NONE', #1427, #3841 ) ;
#5919 = CARTESIAN_POINT ( 'NONE',  ( 0.5152257423005471848, 7.835082489285964513, 1.616028935951841161 ) ) ;
#5920 = CARTESIAN_POINT ( 'NONE',  ( 0.8456965995069528619, 7.804452576205350489, -1.358483222393294554 ) ) ;
#5921 = CARTESIAN_POINT ( 'NONE',  ( 4.000000000000000000, 0.0000000000000000000, 1.500000000000000000 ) ) ;
#5922 = DIRECTION ( 'NONE',  ( -0.0000000000000000000, -0.9510565162951529761, 0.3090169943749490056 ) ) ;
#5923 = CARTESIAN_POINT ( 'NONE',  ( 1.170133612197319595, -1.220423602558858622, 7.906387616370166072 ) ) ;
#5924 = EDGE_CURVE ( 'NONE', #3318, #1581, #3591, .T. ) ;
#5925 = CARTESIAN_POINT ( 'NONE',  ( 1.682618123201219840, 7.999854824600516778, -0.05567891278768546254 ) ) ;
#5926 = EDGE_CURVE ( 'NONE', #855, #1650, #6106, .T. ) ;
#5927 = CARTESIAN_POINT ( 'NONE',  ( -1.599999995531089514, 7.934223615525922924, 0.05301459842477221351 ) ) ;
#5928 = ORIENTED_EDGE ( 'NONE', *, *, #3244, .T. ) ;
#5929 = FACE_OUTER_BOUND ( 'NONE', #6580, .T. ) ;
#5930 = AXIS2_PLACEMENT_3D ( 'NONE', #4728, #6325, #1766 ) ;
#5931 = DIRECTION ( 'NONE',  ( 1.000000000000000000, 0.0000000000000000000, 0.0000000000000000000 ) ) ;
#5932 = VERTEX_POINT ( 'NONE', #2613 ) ;
#5933 = CARTESIAN_POINT ( 'NONE',  ( -0.9954946740067134314, 7.823992505060243907, -1.252863665854123676 ) ) ;
#5934 = CARTESIAN_POINT ( 'NONE',  ( -0.3641429518257390807, 7.762872951499194762, 1.558911976682831213 ) ) ;
#5935 = CARTESIAN_POINT ( 'NONE',  ( -1.435277429115401793, 0.7075732613998438891, 7.899263825866261080 ) ) ;
#5936 = CARTESIAN_POINT ( 'NONE',  ( -1.336527339771989231, 7.880070429204570459, -0.8796780674912764164 ) ) ;
#5937 = VECTOR ( 'NONE', #546, 1000.000000000000000 ) ;
#5938 = CARTESIAN_POINT ( 'NONE',  ( 1.343949067598599667, 0.8686070619726082853, 7.881456051051390688 ) ) ;
#5939 = DIRECTION ( 'NONE',  ( 0.0000000000000000000, -0.8090169943749482284, -0.5877852522924721379 ) ) ;
#5940 = VECTOR ( 'NONE', #3895, 1000.000000000000000 ) ;
#5941 = VECTOR ( 'NONE', #2081, 1000.000000000000227 ) ;
#5942 = ORIENTED_EDGE ( 'NONE', *, *, #3971, .F. ) ;
#5943 = EDGE_LOOP ( 'NONE', ( #2428, #4167, #478, #1528 ) ) ;
#5944 = CARTESIAN_POINT ( 'NONE',  ( -0.9590539773126597334, 1.395112983710340204, 7.877430272866312144 ) ) ;
#5945 = PLANE ( 'NONE',  #4041 ) ;
#5946 = CARTESIAN_POINT ( 'NONE',  ( 1.106467815952648204, 7.840497071770569093, 1.155812661921268747 ) ) ;
#5947 = CARTESIAN_POINT ( 'NONE',  ( 0.1095064378385164766, 7.818615831568946462, -1.693885591169066229 ) ) ;
#5948 = CARTESIAN_POINT ( 'NONE',  ( -1.532762966186905551, 7.969170594191039569, -0.7021044128302682541 ) ) ;
#5949 = ORIENTED_EDGE ( 'NONE', *, *, #4136, .F. ) ;
#5950 = DIRECTION ( 'NONE',  ( -0.0000000000000000000, -0.3740200118118306993, 0.9274206331348672228 ) ) ;
#5951 = VECTOR ( 'NONE', #5950, 1000.000000000000114 ) ;
#5952 = CARTESIAN_POINT ( 'NONE',  ( -0.2748069673320692186, -1.675409572429580773, 7.822603582532660305 ) ) ;
#5953 = DIRECTION ( 'NONE',  ( 0.0000000000000000000, 0.4539904997395471931, 0.8910065241883676768 ) ) ;
#5954 = CARTESIAN_POINT ( 'NONE',  ( 1.470385690949840729, 7.957210652930835515, 0.8266837089808281025 ) ) ;
#5955 = CARTESIAN_POINT ( 'NONE',  ( -0.8005636745830677636, 7.799181723109929187, -1.385563017085247539 ) ) ;
#5956 = DIRECTION ( 'NONE',  ( 1.000000000000000000, -0.0000000000000000000, -0.0000000000000000000 ) ) ;
#5957 = CARTESIAN_POINT ( 'NONE',  ( 1.023929652294527815, 7.828075640661706025, -1.229512632641543091 ) ) ;
#5958 = CARTESIAN_POINT ( 'NONE',  ( 1.265316014978226322, -1.119710186875856328, 7.921280195889278453 ) ) ;
#5959 = CARTESIAN_POINT ( 'NONE',  ( 0.8895263441762498724, 7.869130423020950005, 1.441178583814946679 ) ) ;
#5960 = CARTESIAN_POINT ( 'NONE',  ( -1.315875478176986135, 7.876211100698600198, 0.9105782378875357796 ) ) ;
#5961 = CARTESIAN_POINT ( 'NONE',  ( -10.75000000000000000, -4.805316519691916533, 3.791686883723366819 ) ) ;
#5962 = EDGE_CURVE ( 'NONE', #786, #2658, #1600, .T. ) ;
#5963 = CARTESIAN_POINT ( 'NONE',  ( 3.454044648600700818, -1.325983418607308649E-18, 0.0000000000000000000 ) ) ;
#5964 = EDGE_CURVE ( 'NONE', #1446, #2293, #1609, .T. ) ;
#5965 = CARTESIAN_POINT ( 'NONE',  ( 1.112720561696657784, 7.841457954798944030, -1.150019339688744591 ) ) ;
#5966 = CARTESIAN_POINT ( 'NONE',  ( -1.189870351986093144, 7.854008712606081133, 1.069682681764750454 ) ) ;
#5967 = CARTESIAN_POINT ( 'NONE',  ( -10.75000000000000000, -5.099209145838154100, -3.387178386535892205 ) ) ;
#5968 = CARTESIAN_POINT ( 'NONE',  ( -1.239847843956404461, 7.862559903865177446, -1.011341700906809526 ) ) ;
#5969 = LINE ( 'NONE', #3921, #4258 ) ;
#5970 = ORIENTED_EDGE ( 'NONE', *, *, #1340, .F. ) ;
#5971 = ORIENTED_EDGE ( 'NONE', *, *, #188, .F. ) ;
#5972 = CARTESIAN_POINT ( 'NONE',  ( -1.626696837030337406, 0.4399620097722716783, 7.988071472258259753 ) ) ;
#5973 = LINE ( 'NONE', #1419, #6039 ) ;
#5974 = CARTESIAN_POINT ( 'NONE',  ( 1.321804874117732398, 7.877320187561569043, 0.9016777963198190360 ) ) ;
#5975 = CARTESIAN_POINT ( 'NONE',  ( -0.3426928329185052746, 7.825505859028008437, -1.661765931564744170 ) ) ;
#5976 = CARTESIAN_POINT ( 'NONE',  ( -1.683296388627750551, 8.000000001264204741, -0.05623693390391829722 ) ) ;
#5977 = VERTEX_POINT ( 'NONE', #5129 ) ;
#5978 = PLANE ( 'NONE',  #3514 ) ;
#5979 = VERTEX_POINT ( 'NONE', #4158 ) ;
#5980 = CARTESIAN_POINT ( 'NONE',  ( -1.309858130256702058, -1.066097300505725487, 7.928654075105844967 ) ) ;
#5981 = CARTESIAN_POINT ( 'NONE',  ( -3.750000000000000000, 4.781651221645094374, -3.791686883723367263 ) ) ;
#5983 = ORIENTED_EDGE ( 'NONE', *, *, #6126, .T. ) ;
#5982 = CARTESIAN_POINT ( 'NONE',  ( 1.565144013590901828, 7.975568304159713406, 0.6252782997233267137 ) ) ;
#5984 = CARTESIAN_POINT ( 'NONE',  ( 0.05156570203048437689, 7.753747322595959446, -1.599384963602287879 ) ) ;
#5985 = CARTESIAN_POINT ( 'NONE',  ( -1.600000000000000089, -1.743463064350768633E-18, 4.000000000000000000 ) ) ;
#5986 = CARTESIAN_POINT ( 'NONE',  ( -3.750000000000000000, -2.065420323939452629, 4.702258990485212564 ) ) ;
#5987 = CARTESIAN_POINT ( 'NONE',  ( 1.668901098831824026, -0.2232597784165447075, 7.996932183927702553 ) ) ;
#5988 = ORIENTED_EDGE ( 'NONE', *, *, #701, .F. ) ;
#5989 = CARTESIAN_POINT ( 'NONE',  ( 0.9808823077887894870, 7.880064295455939671, 1.380418907124768113 ) ) ;
#5990 = CARTESIAN_POINT ( 'NONE',  ( -1.597372869501477721, 7.933635926891771106, 0.1055467792861871507 ) ) ;
#5991 = ADVANCED_FACE ( 'NONE', ( #1017 ), #2553, .F. ) ;
#5992 = DIRECTION ( 'NONE',  ( -0.0000000000000000000, -0.9876883405951377704, -0.1564344650402305081 ) ) ;
#5993 = ORIENTED_EDGE ( 'NONE', *, *, #4472, .F. ) ;
#5994 = AXIS2_PLACEMENT_3D ( 'NONE', #2530, #1553, #4168 ) ;
#5995 = CARTESIAN_POINT ( 'NONE',  ( -3.750000000000000000, -5.896910901584988096, -1.649312282069623103 ) ) ;
#5996 = EDGE_LOOP ( 'NONE', ( #2990, #5165, #1200, #4633 ) ) ;
#5997 = EDGE_CURVE ( 'NONE', #494, #940, #3017, .T. ) ;
#5998 = CARTESIAN_POINT ( 'NONE',  ( 0.2093480922250383625, 7.756685939553184639, -1.586463451625073962 ) ) ;
#5999 = CARTESIAN_POINT ( 'NONE',  ( -0.2082643725496752529, 7.755933378052264793, 1.589922171920571614 ) ) ;
#6000 = CARTESIAN_POINT ( 'NONE',  ( -1.166534406768138910, 1.095098107272007182, 7.850131525976081548 ) ) ;
#6001 = VECTOR ( 'NONE', #2269, 1000.000000000000114 ) ;
#6002 = CARTESIAN_POINT ( 'NONE',  ( -1.188023125713190797, 7.853698907311176924, -1.071738649996044845 ) ) ;
#6003 = CARTESIAN_POINT ( 'NONE',  ( -10.75000000000000000, 0.0000000000000000000, 0.0000000000000000000 ) ) ;
#6004 = VERTEX_POINT ( 'NONE', #50 ) ;
#6005 = ORIENTED_EDGE ( 'NONE', *, *, #1834, .F. ) ;
#6006 = CARTESIAN_POINT ( 'NONE',  ( -0.8777511660778428704, 1.448303133589671887, 7.867812356853236544 ) ) ;
#6007 = CARTESIAN_POINT ( 'NONE',  ( -1.523181213000978085, 7.917470335056463249, 0.4899924340495246944 ) ) ;
#6008 = CARTESIAN_POINT ( 'NONE',  ( 0.9601939697656903805, 7.819130211321987822, 1.279920609317929392 ) ) ;
#6009 = CARTESIAN_POINT ( 'NONE',  ( 1.209715140349558515, 7.912441833072661801, -1.180533719051749308 ) ) ;
#6010 = CARTESIAN_POINT ( 'NONE',  ( -1.496898888928398508, 7.962235006590150377, -0.7767963568990117196 ) ) ;
#6011 = EDGE_LOOP ( 'NONE', ( #3050, #3762, #5903, #3117 ) ) ;
#6012 = CARTESIAN_POINT ( 'NONE',  ( -0.5161372435369083744, -1.514689488759075831, 7.772554910356550550 ) ) ;
#6013 = ORIENTED_EDGE ( 'NONE', *, *, #2475, .T. ) ;
#6014 = CARTESIAN_POINT ( 'NONE',  ( -1.626749064341824091, -0.4397597097738258354, 7.988082325934403372 ) ) ;
#6015 = ORIENTED_EDGE ( 'NONE', *, *, #3491, .T. ) ;
#6016 = FACE_OUTER_BOUND ( 'NONE', #2383, .T. ) ;
#6017 = CARTESIAN_POINT ( 'NONE',  ( 1.679879804189748915, 7.999269736952668630, 0.1116310166139457688 ) ) ;
#6018 = CARTESIAN_POINT ( 'NONE',  ( -1.219640146368209166, 7.859042885090952169, -1.035936342779071095 ) ) ;
#6019 = PLANE ( 'NONE',  #722 ) ;
#6020 = CARTESIAN_POINT ( 'NONE',  ( 0.2093406466875184779, 7.756542449106080817, -1.587102473239682565 ) ) ;
#6021 = B_SPLINE_CURVE_WITH_KNOTS ( 'NONE', 3,
 ( #6359, #731, #270, #1804, #6258, #5256, #4242, #138, #4794, #4761, #5722, #1274, #3846, #1705, #2799, #6292, #5787, #5756, #2734, #1206, #3301, #1733, #240, #5222, #2768, #2277 ),
 .UNSPECIFIED., .F., .F.,
 ( 4, 2, 2, 2, 2, 2, 2, 2, 2, 2, 2, 2, 4 ),
 ( 0.5000000000000000000, 0.5312500000000000000, 0.5625000000000000000, 0.6250000000000001110, 0.6875000000000002220, 0.7187500000000002220, 0.7500000000000002220, 0.8125000000000002220, 0.8437500000000002220, 0.8750000000000002220, 0.9062500000000002220, 0.9375000000000001110, 1.000000000000000000 ),
 .UNSPECIFIED. ) ;
#6022 = CARTESIAN_POINT ( 'NONE',  ( 1.368050534314413591, -0.9904485136110784405, 7.938585900655633409 ) ) ;
#6023 = CARTESIAN_POINT ( 'NONE',  ( 0.7699730800689067456, 7.856301482941139724, 1.509538095738446550 ) ) ;
#6024 = DIRECTION ( 'NONE',  ( 0.0000000000000000000, 0.2425356250363330801, 0.9701425001453318764 ) ) ;
#6025 = CARTESIAN_POINT ( 'NONE',  ( -3.736410698672603652E-15, 1.389442719099994950, -0.05527864045000258769 ) ) ;
#6026 = EDGE_CURVE ( 'NONE', #6109, #3318, #5538, .T. ) ;
#6027 = CARTESIAN_POINT ( 'NONE',  ( -1.514899248750717797, -0.5150285149473652346, 7.915711413132116014 ) ) ;
#6028 = CARTESIAN_POINT ( 'NONE',  ( -0.5894876962976781654, 7.778328938131140902, -1.487676779896043744 ) ) ;
#6029 = CARTESIAN_POINT ( 'NONE',  ( -1.106399050477171908, 7.840486605461372882, 1.155875759906012323 ) ) ;
#6030 = LINE ( 'NONE', #912, #1802 ) ;
#6031 = CARTESIAN_POINT ( 'NONE',  ( -1.254002025232540563, 7.865043116022761183, -0.9937449087140141080 ) ) ;
#6032 = CARTESIAN_POINT ( 'NONE',  ( -3.750000000000000000, -3.399011035559304172, -5.087376496814741245 ) ) ;
#6033 = PRESENTATION_LAYER_ASSIGNMENT (  '', '', ( #2330 ) ) ;
#6034 = CARTESIAN_POINT ( 'NONE',  ( -10.75000000000000000, 0.2381673509765892260, 6.106707545196424114 ) ) ;
#6035 = ORIENTED_EDGE ( 'NONE', *, *, #3914, .F. ) ;
#6036 = VECTOR ( 'NONE', #5357, 1000.000000000000114 ) ;
#6037 = CARTESIAN_POINT ( 'NONE',  ( -10.75000000000000000, 2.113007891193788179, -5.730569755374103735 ) ) ;
#6038 = FACE_OUTER_BOUND ( 'NONE', #4820, .T. ) ;
#6039 = VECTOR ( 'NONE', #1926, 999.9999999999998863 ) ;
#6040 = FACE_OUTER_BOUND ( 'NONE', #6432, .T. ) ;
#6041 = CARTESIAN_POINT ( 'NONE',  ( -0.4640348311819285088, 7.831829058256158937, -1.631723656437097159 ) ) ;
#6042 = LINE ( 'NONE', #4488, #2228 ) ;
#6043 = VERTEX_POINT ( 'NONE', #4124 ) ;
#6044 = VECTOR ( 'NONE', #96, 1000.000000000000000 ) ;
#6045 = EDGE_CURVE ( 'NONE', #3730, #5681, #1519, .T. ) ;
#6046 = CARTESIAN_POINT ( 'NONE',  ( -0.2612083955809161862, -1.579409820431404876, 7.758285761154578353 ) ) ;
#6047 = ORIENTED_EDGE ( 'NONE', *, *, #3933, .F. ) ;
#6048 = CARTESIAN_POINT ( 'NONE',  ( -1.384380271320295952, -0.9659250414094393555, 7.941506547954165995 ) ) ;
#6049 = FACE_OUTER_BOUND ( 'NONE', #676, .T. ) ;
#6050 = VECTOR ( 'NONE', #1316, 1000.000000000000000 ) ;
#6051 = CARTESIAN_POINT ( 'NONE',  ( 1.618284532781287366, 7.986345991653709397, -0.4679531418783975938 ) ) ;
#6052 = CARTESIAN_POINT ( 'NONE',  ( -0.3773069066881235001, 7.763749410612535762, -1.554932329729940221 ) ) ;
#6053 = VECTOR ( 'NONE', #3473, 1000.000000000000114 ) ;
#6054 = LINE ( 'NONE', #3226, #47 ) ;
#6055 = FACE_OUTER_BOUND ( 'NONE', #3684, .T. ) ;
#6056 = CARTESIAN_POINT ( 'NONE',  ( 0.6572449902683894507, 1.562592613648418061, 7.845911957903273226 ) ) ;
#6057 = MECHANICAL_DESIGN_GEOMETRIC_PRESENTATION_REPRESENTATION (  '', ( #1921 ), #4569 ) ;
#6058 = EDGE_CURVE ( 'NONE', #1650, #4692, #5570, .T. ) ;
#6059 = ORIENTED_EDGE ( 'NONE', *, *, #4107, .T. ) ;
#6060 = CARTESIAN_POINT ( 'NONE',  ( 1.265316014978228321, 7.921280195889278453, 1.119710186875853664 ) ) ;
#6061 = CARTESIAN_POINT ( 'NONE',  ( -3.750000000000000000, -2.608971534673093284, 4.425305815512913910 ) ) ;
#6062 = DIRECTION ( 'NONE',  ( 0.0000000000000000000, 0.0000000000000000000, -1.000000000000000000 ) ) ;
#6063 = CARTESIAN_POINT ( 'NONE',  ( -0.7990354951833561481, -1.386255431651701286, 7.799036046052500559 ) ) ;
#6064 = CARTESIAN_POINT ( 'NONE',  ( 1.599355302387440503, 0.05248855151298215116, 7.934079635019334553 ) ) ;
#6065 = DIRECTION ( 'NONE',  ( 0.0000000000000000000, -0.06912543288578477940, -0.9976079763756667829 ) ) ;
#6066 = CARTESIAN_POINT ( 'NONE',  ( 0.5640645551625115273, 7.776117073017177361, -1.498192466976376647 ) ) ;
#6067 = CARTESIAN_POINT ( 'NONE',  ( -1.271594303585363628, 0.9714611542790755339, 7.868152257777984104 ) ) ;
#6068 = CARTESIAN_POINT ( 'NONE',  ( -1.423006119827940896, 7.896812635767353150, -0.7315945451047064507 ) ) ;
#6069 = DIRECTION ( 'NONE',  ( 0.0000000000000000000, -0.3740200118118316430, -0.9274206331348668897 ) ) ;
#6070 = VECTOR ( 'NONE', #2655, 1000.000000000000000 ) ;
#6071 = SURFACE_SIDE_STYLE ('',( #4575 ) ) ;
#6072 = ORIENTED_EDGE ( 'NONE', *, *, #2389, .T. ) ;
#6073 = CARTESIAN_POINT ( 'NONE',  ( -1.471038679609632860, 0.8254949522275822904, 7.957333535323834361 ) ) ;
#6074 = DIRECTION ( 'NONE',  ( 0.0000000000000000000, 0.7664508966033178883, -0.6423029060310797567 ) ) ;
#6075 = CARTESIAN_POINT ( 'NONE',  ( -10.75000000000000000, 3.825687914197029471, 3.406155880024629656 ) ) ;
#6076 = CARTESIAN_POINT ( 'NONE',  ( -1.680530498066350686, 7.999407010638174498, -0.1120049649573530703 ) ) ;
#6077 = CARTESIAN_POINT ( 'NONE',  ( -1.368221772723385854, 7.938656711202082050, -0.9890583342557117685 ) ) ;
#6078 = ORIENTED_EDGE ( 'NONE', *, *, #5587, .F. ) ;
#6079 = CARTESIAN_POINT ( 'NONE',  ( -1.300823314197023350, -0.9319573850486427835, 7.873440820102127091 ) ) ;
#6080 = ORIENTED_EDGE ( 'NONE', *, *, #6210, .F. ) ;
#6081 = CARTESIAN_POINT ( 'NONE',  ( -0.3427414805706537893, -1.661755731083274013, 7.825508025146713287 ) ) ;
#6082 = CARTESIAN_POINT ( 'NONE',  ( -3.750000000000000000, -5.023108633883571983, -1.102531158620887464 ) ) ;
#6083 = ADVANCED_FACE ( 'NONE', ( #5660 ), #451, .F. ) ;
#6084 = CARTESIAN_POINT ( 'NONE',  ( -0.5947203835382202097, 7.840806278307996813, 1.588032799756496471 ) ) ;
#6085 = FACE_OUTER_BOUND ( 'NONE', #6434, .T. ) ;
#6086 = EDGE_CURVE ( 'NONE', #1731, #855, #4516, .T. ) ;
#6087 = CARTESIAN_POINT ( 'NONE',  ( -10.75000000000000000, -4.714091639508624532, -2.053587674916041106 ) ) ;
#6088 = CARTESIAN_POINT ( 'NONE',  ( -0.5168114931098523046, 1.615516778837787992, 7.835188193139070556 ) ) ;
#6089 = VECTOR ( 'NONE', #151, 999.9999999999998863 ) ;
#6090 = CARTESIAN_POINT ( 'NONE',  ( 1.228708000065872774, -1.024848766702390668, 7.860623871935638718 ) ) ;
#6091 = CARTESIAN_POINT ( 'NONE',  ( -0.9752532063586473177, 7.821167909302801924, 1.268685304020050086 ) ) ;
#6092 = DIRECTION ( 'NONE',  ( 1.000000000000000000, -0.0000000000000000000, -0.0000000000000000000 ) ) ;
#6093 = EDGE_CURVE ( 'NONE', #278, #3594, #398, .T. ) ;
#6094 = CARTESIAN_POINT ( 'NONE',  ( 0.8490063169572519275, -1.356284100228848377, 7.804870300226280477 ) ) ;
#6095 = CARTESIAN_POINT ( 'NONE',  ( -0.9749565769916701541, 1.268913816221255431, 7.821126902302188988 ) ) ;
#6096 = LINE ( 'NONE', #1010, #1906 ) ;
#6097 = CARTESIAN_POINT ( 'NONE',  ( -1.456915590930534021, 7.903647691822134114, -0.6618743397677778750 ) ) ;
#6098 =( LENGTH_UNIT ( ) NAMED_UNIT ( * ) SI_UNIT ( .MILLI., .METRE. ) );
#6099 = CARTESIAN_POINT ( 'NONE',  ( -3.750000000000000000, -5.896910901584988096, -1.649312282069623103 ) ) ;
#6100 = DIRECTION ( 'NONE',  ( 0.0000000000000000000, -0.06912543288578483491, -0.9976079763756667829 ) ) ;
#6101 = LINE ( 'NONE', #3041, #3453 ) ;
#6102 = VECTOR ( 'NONE', #5282, 1000.000000000000114 ) ;
#6103 = ORIENTED_EDGE ( 'NONE', *, *, #5536, .T. ) ;
#6104 = VECTOR ( 'NONE', #5519, 1000.000000000000000 ) ;
#6105 = DIRECTION ( 'NONE',  ( 1.000000000000000000, 0.0000000000000000000, 0.0000000000000000000 ) ) ;
#6106 = LINE ( 'NONE', #6573, #3635 ) ;
#6107 = CARTESIAN_POINT ( 'NONE',  ( -1.228242146987736927, 7.915345616943385565, -1.160918960803398292 ) ) ;
#6108 = CARTESIAN_POINT ( 'NONE',  ( 1.267068481523992096, 0.9771729036813616709, 7.867352628759952893 ) ) ;
#6109 = VERTEX_POINT ( 'NONE', #2378 ) ;
#6110 = CARTESIAN_POINT ( 'NONE',  ( -3.750000000000000000, -3.417988529048041180, -3.837520563220440106 ) ) ;
#6111 = EDGE_CURVE ( 'NONE', #5534, #5179, #306, .T. ) ;
#6112 = ORIENTED_EDGE ( 'NONE', *, *, #1767, .T. ) ;
#6113 = CARTESIAN_POINT ( 'NONE',  ( 1.679879804189748027, -0.1116310166139433818, 7.999269736952668630 ) ) ;
#6114 = CARTESIAN_POINT ( 'NONE',  ( 1.899999999999999911, -0.7499999999999997780, 1.000000000000000000 ) ) ;
#6115 = SHAPE_REPRESENTATION ( 'A189 Шкив GT2, O отверстия 8 мм(подробная модель)', ( #5234 ), #4294 ) ;
#6116 = CARTESIAN_POINT ( 'NONE',  ( -1.600000000000000089, 7.934223616779730648, 2.879912020664621153E-16 ) ) ;
#6117 = B_SPLINE_CURVE_WITH_KNOTS ( 'NONE', 3,
 ( #2776, #5328, #3857, #4314, #3216, #3312, #775, #4771, #4348, #4741, #2807, #3725, #2838, #2221, #1219, #1313, #3341, #5236, #218, #4832, #6302, #678, #280, #2715 ),
 .UNSPECIFIED., .F., .F.,
 ( 4, 2, 2, 2, 2, 2, 2, 2, 2, 2, 2, 4 ),
 ( 0.0000000000000000000, 0.03124999999999997224, 0.06249999999999994449, 0.1249999999999999167, 0.1874999999999998890, 0.2499999999999998890, 0.2812499999999998335, 0.3124999999999998335, 0.3749999999999998890, 0.4062499999999998890, 0.4374999999999999445, 0.5000000000000000000 ),
 .UNSPECIFIED. ) ;
#6118 = DIRECTION ( 'NONE',  ( 0.0000000000000000000, -0.6423029060310792016, 0.7664508966033184434 ) ) ;
#6119 = CARTESIAN_POINT ( 'NONE',  ( 1.672100932537846640, -0.2246592905387000405, 7.997585061911375526 ) ) ;
#6120 = CARTESIAN_POINT ( 'NONE',  ( -0.8895246950242106099, 1.440981957789551515, 7.869156800435192167 ) ) ;
#6121 = CARTESIAN_POINT ( 'NONE',  ( 1.467379554840443578, -0.6383684587813397426, 7.905791194446372572 ) ) ;
#6122 = CARTESIAN_POINT ( 'NONE',  ( 1.300353803290167587, 7.873314467102056291, 0.9336965329383682954 ) ) ;
#6123 = LINE ( 'NONE', #3674, #4649 ) ;
#6124 = CARTESIAN_POINT ( 'NONE',  ( -0.9401135049827709089, -1.294742076341298898, 7.816428980957331518 ) ) ;
#6125 = CARTESIAN_POINT ( 'NONE',  ( -1.487641659890242885, 0.5895838403486503010, 7.909981832217605202 ) ) ;
#6126 = EDGE_CURVE ( 'NONE', #5763, #2232, #6431, .T. ) ;
#6127 = CARTESIAN_POINT ( 'NONE',  ( 1.899999999999999911, -0.7500000000000000000, -1.000000000000000000 ) ) ;
#6128 = EDGE_CURVE ( 'NONE', #2642, #3982, #2190, .T. ) ;
#6129 = CARTESIAN_POINT ( 'NONE',  ( -1.565180303961356323, 7.975575534883176054, 0.6251869916436428865 ) ) ;
#6130 = DIRECTION ( 'NONE',  ( 0.0000000000000000000, 0.7664508966033178883, -0.6423029060310797567 ) ) ;
#6131 = CARTESIAN_POINT ( 'NONE',  ( -10.75000000000000000, 4.413473166489502830, 2.597138885649682649 ) ) ;
#6132 = LINE ( 'NONE', #447, #4469 ) ;
#6133 = VERTEX_POINT ( 'NONE', #5200 ) ;
#6134 = CARTESIAN_POINT ( 'NONE',  ( 0.2094246098610252627, 7.756688283207005874, 1.586453096221274839 ) ) ;
#6135 = CARTESIAN_POINT ( 'NONE',  ( 4.000000000000000000, 0.0000000000000000000, 0.0000000000000000000 ) ) ;
#6136 = CARTESIAN_POINT ( 'NONE',  ( -1.209340765239180548, 7.912384003525801290, -1.180918390331766821 ) ) ;
#6137 = CARTESIAN_POINT ( 'NONE',  ( 1.468050617967750160, 0.6367615311181848980, 7.905930127383680173 ) ) ;
#6138 = VERTEX_POINT ( 'NONE', #3143 ) ;
#6139 = CARTESIAN_POINT ( 'NONE',  ( -0.9752532063586498712, -1.268685304020047422, 7.821167909302801924 ) ) ;
#6140 = CIRCLE ( 'NONE', #3068, 8.000000000000000000 ) ;
#6141 = ORIENTED_EDGE ( 'NONE', *, *, #1988, .T. ) ;
#6142 = CARTESIAN_POINT ( 'NONE',  ( 1.470385690949838953, -0.8266837089808405370, 7.957210652930830186 ) ) ;
#6143 = PLANE ( 'NONE',  #3308 ) ;
#6144 = CARTESIAN_POINT ( 'NONE',  ( -0.7701236259161140518, 7.856316624526456849, 1.509459094265567014 ) ) ;
#6145 = EDGE_LOOP ( 'NONE', ( #1720, #4679 ) ) ;
#6146 = AXIS2_PLACEMENT_3D ( 'NONE', #3198, #693, #199 ) ;
#6147 = CARTESIAN_POINT ( 'NONE',  ( -3.469446951953614189E-15, 0.0000000000000000000, -1.900000000000004130 ) ) ;
#6148 = AXIS2_PLACEMENT_3D ( 'NONE', #3794, #2395, #6446 ) ;
#6149 = CARTESIAN_POINT ( 'NONE',  ( -1.027802658466143049, -1.348691735685939364, 7.885743553963776797 ) ) ;
#6150 = UNCERTAINTY_MEASURE_WITH_UNIT (LENGTH_MEASURE( 1.000000000000000082E-05 ), #5785, 'distance_accuracy_value', 'NONE');
#6151 = CARTESIAN_POINT ( 'NONE',  ( 0.6953037500400962578, 1.545755852600479541, 7.849246605331212656 ) ) ;
#6152 = DIRECTION ( 'NONE',  ( 0.0000000000000000000, 0.0000000000000000000, -1.000000000000000000 ) ) ;
#6153 = ORIENTED_EDGE ( 'NONE', *, *, #5505, .F. ) ;
#6154 = VECTOR ( 'NONE', #1308, 1000.000000000000114 ) ;
#6155 = CARTESIAN_POINT ( 'NONE',  ( 1.087003913095915486, -1.174135861687489291, 7.837482900880035075 ) ) ;
#6156 = CARTESIAN_POINT ( 'NONE',  ( -0.3386864150724238631, 7.761777973133167308, 1.563798541309065593 ) ) ;
#6157 = DIRECTION ( 'NONE',  ( -0.0000000000000000000, 0.9976079763756666718, 0.06912543288578512635 ) ) ;
#6158 = CLOSED_SHELL ( 'NONE', ( #2111, #1104, #3035, #5229, #2066, #714, #502, #4644, #5428, #2835, #1163, #6485, #6201, #2631, #4990, #1011, #424, #1207, #1607, #1862, #1737, #6083 ) ) ;
#6159 = CARTESIAN_POINT ( 'NONE',  ( -0.7768912736302981958, -1.398785828246714935, 7.796558773752395588 ) ) ;
#6160 = CARTESIAN_POINT ( 'NONE',  ( -0.8343164514194663095, 1.365316415636911751, 7.803122826767041609 ) ) ;
#6161 = CARTESIAN_POINT ( 'NONE',  ( -0.7320147617686647568, -1.422968184170943839, 7.791721612902131611 ) ) ;
#6162 = CARTESIAN_POINT ( 'NONE',  ( -1.527090243568258732, 7.918303877230151500, -0.4776722103881843595 ) ) ;
#6163 = CARTESIAN_POINT ( 'NONE',  ( -10.75000000000000000, 3.779854234699954851, 4.793483870668506341 ) ) ;
#6164 = DIRECTION ( 'NONE',  ( 1.000000000000000000, -0.0000000000000000000, -0.0000000000000000000 ) ) ;
#6165 = PLANE ( 'NONE',  #4962 ) ;
#6166 = ORIENTED_EDGE ( 'NONE', *, *, #4941, .F. ) ;
#6167 = CARTESIAN_POINT ( 'NONE',  ( -1.245040997190559606, 7.863464301497707254, 1.005010699271907004 ) ) ;
#6168 = CARTESIAN_POINT ( 'NONE',  ( 1.599999997929808515, 7.934223616317661154, 8.139172442686390819E-05 ) ) ;
#6169 = CARTESIAN_POINT ( 'NONE',  ( -1.602397040339150980, 7.983091226165476506, -0.5200302963652190247 ) ) ;
#6170 = CARTESIAN_POINT ( 'NONE',  ( 1.194856461007357318, 1.064110122134153347, 7.854846458694592748 ) ) ;
#6171 = ORIENTED_EDGE ( 'NONE', *, *, #6128, .F. ) ;
#6172 = VECTOR ( 'NONE', #1995, 1000.000000000000000 ) ;
#6173 = EDGE_CURVE ( 'NONE', #5601, #118, #605, .T. ) ;
#6174 = CARTESIAN_POINT ( 'NONE',  ( 1.594802239168796154, -0.1315342989050245770, 7.933064820007176721 ) ) ;
#6175 = ORIENTED_EDGE ( 'NONE', *, *, #6463, .F. ) ;
#6176 = CARTESIAN_POINT ( 'NONE',  ( 1.428460543699471508, -0.8983078198186693619, 7.949441072984440915 ) ) ;
#6177 = CARTESIAN_POINT ( 'NONE',  ( -10.75000000000000000, 5.718737106350690880, -2.124840540217202367 ) ) ;
#6178 = CARTESIAN_POINT ( 'NONE',  ( -1.209638767350081245, 7.912430285367463512, 1.180608609091976513 ) ) ;
#6179 = VERTEX_POINT ( 'NONE', #6236 ) ;
#6180 = FACE_OUTER_BOUND ( 'NONE', #2027, .T. ) ;
#6181 = CARTESIAN_POINT ( 'NONE',  ( -1.683296383926186746, 1.694065894508600678E-18, 8.000000000000000000 ) ) ;
#6182 = CARTESIAN_POINT ( 'NONE',  ( -0.6960792120446556153, 1.546324933895074194, 7.849162109843025092 ) ) ;
#6183 = DIRECTION ( 'NONE',  ( 0.0000000000000000000, 0.5304556061348298934, -0.8477127166205130626 ) ) ;
#6184 = ORIENTED_EDGE ( 'NONE', *, *, #2187, .F. ) ;
#6185 = VERTEX_POINT ( 'NONE', #3848 ) ;
#6186 = CARTESIAN_POINT ( 'NONE',  ( 1.055178460512487204, -1.202781314535385171, 7.832669814956422449 ) ) ;
#6187 = CARTESIAN_POINT ( 'NONE',  ( 0.5145030482455300591, 7.772434921178117406, 1.515245535177166092 ) ) ;
#6188 = ORIENTED_EDGE ( 'NONE', *, *, #6173, .F. ) ;
#6189 = CARTESIAN_POINT ( 'NONE',  ( -10.75000000000000000, -5.023108633883571983, 1.102531158620888574 ) ) ;
#6190 = CARTESIAN_POINT ( 'NONE',  ( -0.7073479331144836291, -1.435388263211011317, 7.789198409209847185 ) ) ;
#6191 = CARTESIAN_POINT ( 'NONE',  ( -0.8455073780406505701, 1.358414737894274138, 7.804456216269465507 ) ) ;
#6192 = AXIS2_PLACEMENT_3D ( 'NONE', #4061, #5064, #2489 ) ;
#6193 = CARTESIAN_POINT ( 'NONE',  ( -0.7781324802980786881, -1.398282479502564568, 7.796666620937805270 ) ) ;
#6194 = EDGE_CURVE ( 'NONE', #4344, #689, #1673, .T. ) ;
#6195 = CARTESIAN_POINT ( 'NONE',  ( -10.75000000000000000, 2.041755025892629138, -4.702258990485212564 ) ) ;
#6196 = CARTESIAN_POINT ( 'NONE',  ( -1.602478392443030142, 7.983107830046194842, 0.5197751741219041044 ) ) ;
#6197 = DIRECTION ( 'NONE',  ( 0.0000000000000000000, 0.0000000000000000000, 1.000000000000000000 ) ) ;
#6198 = CARTESIAN_POINT ( 'NONE',  ( -10.75000000000000000, 3.779854234699954851, 4.793483870668506341 ) ) ;
#6199 = PLANE ( 'NONE',  #3834 ) ;
#6200 = DIRECTION ( 'NONE',  ( 0.0000000000000000000, 0.5304556061348296714, 0.8477127166205131736 ) ) ;
#6201 = ADVANCED_FACE ( 'NONE', ( #1338 ), #3304, .F. ) ;
#6202 = ORIENTED_EDGE ( 'NONE', *, *, #5877, .F. ) ;
#6203 = CARTESIAN_POINT ( 'NONE',  ( -0.8460305699129772039, 7.804491922188480757, 1.358280468155081078 ) ) ;
#6204 = CARTESIAN_POINT ( 'NONE',  ( -0.7118934903851251716, -1.436696837455277320, 3.733332097803681915 ) ) ;
#6205 = CARTESIAN_POINT ( 'NONE',  ( -0.9129337315084552484, 7.871881908730204991, -1.426020022774206586 ) ) ;
#6206 = DIRECTION ( 'NONE',  ( 1.000000000000000000, -0.0000000000000000000, -0.0000000000000000000 ) ) ;
#6207 = VERTEX_POINT ( 'NONE', #4892 ) ;
#6208 = CARTESIAN_POINT ( 'NONE',  ( 0.9323442427894927942, -1.301321906058254818, 7.815274029343653339 ) ) ;
#6209 = CARTESIAN_POINT ( 'NONE',  ( 0.7782844939535997764, 1.398198428875196297, 7.796683334220170458 ) ) ;
#6210 = EDGE_CURVE ( 'NONE', #603, #4581, #2058, .T. ) ;
#6211 = VECTOR ( 'NONE', #4119, 1000.000000000000114 ) ;
#6212 = ORIENTED_EDGE ( 'NONE', *, *, #317, .F. ) ;
#6213 = ADVANCED_FACE ( 'NONE', ( #2867 ), #4407, .F. ) ;
#6214 = CARTESIAN_POINT ( 'NONE',  ( 1.645088092805693680, -0.3606422116596633143, 7.991913554486361093 ) ) ;
#6215 = DIRECTION ( 'NONE',  ( 0.0000000000000000000, 0.0000000000000000000, -1.000000000000000000 ) ) ;
#6216 = CARTESIAN_POINT ( 'NONE',  ( -0.7455970612170157441, 7.853909160227833475, 1.521925277751999817 ) ) ;
#6217 = ORIENTED_EDGE ( 'NONE', *, *, #3213, .T. ) ;
#6218 = CARTESIAN_POINT ( 'NONE',  ( 0.2118417079096485134, 3.670742137817196493, -1.589388882862369456 ) ) ;
#6219 = CARTESIAN_POINT ( 'NONE',  ( -10.75000000000000000, -0.2618326490234123005, -6.106707545196424114 ) ) ;
#6220 = CARTESIAN_POINT ( 'NONE',  ( -1.626696837030337406, 0.4399620097722716783, 7.988071472258259753 ) ) ;
#6221 = CARTESIAN_POINT ( 'NONE',  ( -10.75000000000000000, 4.781651221645095262, 3.791686883723365931 ) ) ;
#6222 = ORIENTED_EDGE ( 'NONE', *, *, #1702, .F. ) ;
#6223 = CARTESIAN_POINT ( 'NONE',  ( 1.003262851635795316, -1.246400174520561510, 7.825116809539889751 ) ) ;
#6224 = CARTESIAN_POINT ( 'NONE',  ( 0.8674928526793699302, 7.807102328353878740, 1.344668026595006838 ) ) ;
#6225 = LINE ( 'NONE', #4241, #1265 ) ;
#6226 = CARTESIAN_POINT ( 'NONE',  ( 1.403887421323614326, 7.893023879025415468, -0.7676500167958707488 ) ) ;
#6227 = CARTESIAN_POINT ( 'NONE',  ( -1.587046869551079098, 0.2098220169970737015, 7.931341862758385375 ) ) ;
#6228 = CARTESIAN_POINT ( 'NONE',  ( 0.4148823435072134247, -1.546153999711135985, 7.765705939252111278 ) ) ;
#6229 = DIRECTION ( 'NONE',  ( 0.0000000000000000000, -1.000000000000000000, 0.0000000000000000000 ) ) ;
#6230 = CARTESIAN_POINT ( 'NONE',  ( -0.7701236259161140518, 7.856316624526456849, 1.509459094265567014 ) ) ;
#6231 = DIRECTION ( 'NONE',  ( 0.0000000000000000000, 0.3090169943749458414, -0.9510565162951539753 ) ) ;
#6232 = PLANE ( 'NONE',  #1695 ) ;
#6233 = CARTESIAN_POINT ( 'NONE',  ( -3.736410698672603652E-15, 0.0000000000000000000, 0.0000000000000000000 ) ) ;
#6234 = ORIENTED_EDGE ( 'NONE', *, *, #1367, .T. ) ;
#6235 = CARTESIAN_POINT ( 'NONE',  ( 0.02539385642807406168, 7.753603853774161614, 1.600012652215191844 ) ) ;
#6236 = CARTESIAN_POINT ( 'NONE',  ( -3.750000000000000000, 6.094874896173013035, 0.2500000000000000000 ) ) ;
#6237 = LINE ( 'NONE', #6369, #6408 ) ;
#6238 = CARTESIAN_POINT ( 'NONE',  ( 1.080294497569388668, 1.180240959668801715, 7.836461576334413870 ) ) ;
#6239 = ORIENTED_EDGE ( 'NONE', *, *, #6406, .F. ) ;
#6240 = CARTESIAN_POINT ( 'NONE',  ( 0.4897302670834288163, -1.523431651308171597, 7.770662065738749291 ) ) ;
#6241 = CARTESIAN_POINT ( 'NONE',  ( 1.578514858800964316, -0.2626490816574603704, 7.929457857573281032 ) ) ;
#6242 = ORIENTED_EDGE ( 'NONE', *, *, #1497, .T. ) ;
#6243 = CARTESIAN_POINT ( 'NONE',  ( 0.9808823077887915964, -1.380418907124768335, 7.880064295455943224 ) ) ;
#6244 = DIRECTION ( 'NONE',  ( 0.0000000000000000000, -0.7071067811865471286, 0.7071067811865479058 ) ) ;
#6245 = CARTESIAN_POINT ( 'NONE',  ( -0.2202664969594861355, 7.820845241322555985, 1.683570812049504983 ) ) ;
#6246 = VERTEX_POINT ( 'NONE', #868 ) ;
#6247 = DIRECTION ( 'NONE',  ( 1.000000000000000000, -0.0000000000000000000, -0.0000000000000000000 ) ) ;
#6248 = CARTESIAN_POINT ( 'NONE',  ( -12.25000000000000000, 0.0000000000000000000, 0.0000000000000000000 ) ) ;
#6249 = MECHANICAL_DESIGN_GEOMETRIC_PRESENTATION_REPRESENTATION (  '', ( #2330 ), #3171 ) ;
#6250 = CARTESIAN_POINT ( 'NONE',  ( -1.559126418766998201, -0.3629970764731661470, 7.925205590668007005 ) ) ;
#6251 = PLANE ( 'NONE',  #6146 ) ;
#6252 = ORIENTED_EDGE ( 'NONE', *, *, #220, .F. ) ;
#6253 = ORIENTED_EDGE ( 'NONE', *, *, #5914, .T. ) ;
#6254 = AXIS2_PLACEMENT_3D ( 'NONE', #6233, #3270, #1605 ) ;
#6255 = CARTESIAN_POINT ( 'NONE',  ( 1.384845266696923094, 7.889290200699596411, -0.8018019896429497972 ) ) ;
#6256 = ORIENTED_EDGE ( 'NONE', *, *, #302, .T. ) ;
#6257 = DIRECTION ( 'NONE',  ( 0.0000000000000000000, -0.2425356250363331356, -0.9701425001453318764 ) ) ;
#6258 = CARTESIAN_POINT ( 'NONE',  ( 1.597040119950658754, 7.981891261594755704, 0.5478269305103281583 ) ) ;
#6259 = CARTESIAN_POINT ( 'NONE',  ( -0.2748069673320692186, -1.675409572429580773, 7.822603582532660305 ) ) ;
#6260 = LINE ( 'NONE', #4796, #5506 ) ;
#6261 = CARTESIAN_POINT ( 'NONE',  ( 0.5412882003941866804, 7.836870042069945974, 1.607345250976959461 ) ) ;
#6262 = VECTOR ( 'NONE', #674, 1000.000000000000114 ) ;
#6263 = FACE_OUTER_BOUND ( 'NONE', #4970, .T. ) ;
#6264 = CARTESIAN_POINT ( 'NONE',  ( -10.75000000000000000, 4.413473166489501942, -2.597138885649683537 ) ) ;
#6265 = CARTESIAN_POINT ( 'NONE',  ( -3.750000000000000000, -4.437138464536324101, 2.597138885649683093 ) ) ;
#6266 = AXIS2_PLACEMENT_3D ( 'NONE', #1424, #3459, #5372 ) ;
#6267 = ORIENTED_EDGE ( 'NONE', *, *, #30, .T. ) ;
#6268 = ADVANCED_BREP_SHAPE_REPRESENTATION ( '', ( #3406, #5234 ), #4294 ) ;
#6269 = CARTESIAN_POINT ( 'NONE',  ( 0.6606570456027724969, 7.784657228873292034, 1.457473761405810198 ) ) ;
#6270 = CARTESIAN_POINT ( 'NONE',  ( -1.380360385186724992, 7.888409447973437238, 0.8098159092983088225 ) ) ;
#6271 = CARTESIAN_POINT ( 'NONE',  ( -1.038493184591349650, 1.217305205443072413, 7.830192716438727274 ) ) ;
#6272 = ORIENTED_EDGE ( 'NONE', *, *, #2466, .T. ) ;
#6273 = CARTESIAN_POINT ( 'NONE',  ( 0.2094246098610224038, -1.586453096221275505, 7.756688283207010315 ) ) ;
#6274 = CARTESIAN_POINT ( 'NONE',  ( 1.599998660691316132, -0.02636731671060650595, 7.934223317855615853 ) ) ;
#6275 = ORIENTED_EDGE ( 'NONE', *, *, #1259, .F. ) ;
#6276 = CARTESIAN_POINT ( 'NONE',  ( 1.496702964680016734, 0.7771915765360291051, 7.962197310117966609 ) ) ;
#6277 = FILL_AREA_STYLE_COLOUR ( '', #4480 ) ;
#6278 = ORIENTED_EDGE ( 'NONE', *, *, #2007, .T. ) ;
#6279 = CARTESIAN_POINT ( 'NONE',  ( 0.1069406224284633194, 3.666060555964671508, -1.600000000000000311 ) ) ;
#6280 = LINE ( 'NONE', #4785, #6001 ) ;
#6281 = VECTOR ( 'NONE', #1258, 1000.000000000000000 ) ;
#6282 = DIRECTION ( 'NONE',  ( -0.0000000000000000000, -0.3090169943749489501, -0.9510565162951530871 ) ) ;
#6283 = EDGE_CURVE ( 'NONE', #5401, #5663, #437, .T. ) ;
#6284 = CARTESIAN_POINT ( 'NONE',  ( -1.456915590930533355, 0.6618743397677789853, 7.903647691822135890 ) ) ;
#6285 = ORIENTED_EDGE ( 'NONE', *, *, #6419, .T. ) ;
#6286 = EDGE_LOOP ( 'NONE', ( #5280, #5876, #4842, #6141 ) ) ;
#6287 = CARTESIAN_POINT ( 'NONE',  ( 1.033779684682469169, 1.357890009752015015, 7.885527939435934996 ) ) ;
#6288 = CARTESIAN_POINT ( 'NONE',  ( 0.9321915417492790956, 7.815353931567305068, -1.300652177235812612 ) ) ;
#6289 = EDGE_CURVE ( 'NONE', #1386, #122, #1466, .T. ) ;
#6290 = ORIENTED_EDGE ( 'NONE', *, *, #4867, .F. ) ;
#6291 = DIRECTION ( 'NONE',  ( 0.0000000000000000000, -0.9701425001453318764, 0.2425356250363331356 ) ) ;
#6292 = CARTESIAN_POINT ( 'NONE',  ( -0.7469753426484111447, 7.853420895440333283, 1.525009129600935376 ) ) ;
#6293 = CARTESIAN_POINT ( 'NONE',  ( -1.509354387404952869, -0.7518959682974356573, 7.964626975697386868 ) ) ;
#6294 =( NAMED_UNIT ( * ) SI_UNIT ( $, .STERADIAN. ) SOLID_ANGLE_UNIT ( ) );
#6295 = EDGE_CURVE ( 'NONE', #2262, #940, #5553, .T. ) ;
#6296 = DIRECTION ( 'NONE',  ( 1.000000000000000000, 0.0000000000000000000, 0.0000000000000000000 ) ) ;
#6297 = CARTESIAN_POINT ( 'NONE',  ( -10.75000000000000000, 0.4881673509765878660, -5.106707545196424114 ) ) ;
#6298 = DIRECTION ( 'NONE',  ( 1.000000000000000000, 0.0000000000000000000, 0.0000000000000000000 ) ) ;
#6299 = ORIENTED_EDGE ( 'NONE', *, *, #4427, .T. ) ;
#6300 = VECTOR ( 'NONE', #2349, 1000.000000000000000 ) ;
#6301 = CARTESIAN_POINT ( 'NONE',  ( 1.300353803290167587, 7.873314467102056291, 0.9336965329383682954 ) ) ;
#6302 = CARTESIAN_POINT ( 'NONE',  ( 1.512582814350100557, 7.965149993515486138, -0.7529392269015389161 ) ) ;
#6303 = CARTESIAN_POINT ( 'NONE',  ( 0.7672292362049486503, 1.404117862021479590, 7.795497696207180915 ) ) ;
#6304 = PLANE ( 'NONE',  #3943 ) ;
#6305 = CARTESIAN_POINT ( 'NONE',  ( 0.3642782858315946060, -1.558858480113492151, 7.762884968679444775 ) ) ;
#6306 = CARTESIAN_POINT ( 'NONE',  ( 1.545192267638114680, 0.4160083837403820151, 7.922188136516115975 ) ) ;
#6307 = VERTEX_POINT ( 'NONE', #2899 ) ;
#6308 = CARTESIAN_POINT ( 'NONE',  ( 0.3022189309941807345, 1.669903053315904495, 7.823774955345879079 ) ) ;
#6309 = LINE ( 'NONE', #2912, #3613 ) ;
#6310 = CARTESIAN_POINT ( 'NONE',  ( -10.75000000000000000, -0.5118326490234108572, 5.106707545196424114 ) ) ;
#6311 = CARTESIAN_POINT ( 'NONE',  ( 0.1926409740671886639, 7.820248365590868111, -1.686334327763592045 ) ) ;
#6312 = ORIENTED_EDGE ( 'NONE', *, *, #2950, .T. ) ;
#6313 = DIRECTION ( 'NONE',  ( 0.0000000000000000000, -1.000000000000000000, 0.0000000000000000000 ) ) ;
#6314 = CARTESIAN_POINT ( 'NONE',  ( -3.736410698672603652E-15, -0.7894427190999948607, -1.144721359549997430 ) ) ;
#6315 = EDGE_CURVE ( 'NONE', #4757, #2979, #5052, .T. ) ;
#6316 = VECTOR ( 'NONE', #4526, 1000.000000000000114 ) ;
#6317 = CARTESIAN_POINT ( 'NONE',  ( -1.151285737568467749, 1.239427244288161756, 7.903504104979414358 ) ) ;
#6318 = CARTESIAN_POINT ( 'NONE',  ( -1.523103886531648410, 0.4902329379735392845, 7.917453867693649450 ) ) ;
#6319 = VERTEX_POINT ( 'NONE', #3978 ) ;
#6320 = ORIENTED_EDGE ( 'NONE', *, *, #6581, .F. ) ;
#6321 = CARTESIAN_POINT ( 'NONE',  ( -10.75000000000000000, 5.873245603538165938, 1.649312282069624214 ) ) ;
#6322 = CARTESIAN_POINT ( 'NONE',  ( 1.497122506061745018, 7.911963014130614091, 0.5650712869777763103 ) ) ;
#6323 = VECTOR ( 'NONE', #933, 999.9999999999998863 ) ;
#6324 = ORIENTED_EDGE ( 'NONE', *, *, #3697, .F. ) ;
#6325 = DIRECTION ( 'NONE',  ( -1.000000000000000000, -0.0000000000000000000, -0.0000000000000000000 ) ) ;
#6326 = CARTESIAN_POINT ( 'NONE',  ( -10.75000000000000000, -3.849353212243851186, 3.406155880024630100 ) ) ;
#6327 = CARTESIAN_POINT ( 'NONE',  ( -1.228557451178042381, -1.160580718510366260, 7.915395314439870766 ) ) ;
#6328 = DIRECTION ( 'NONE',  ( 0.0000000000000000000, -0.9976079763756666718, 0.06912543288578525125 ) ) ;
#6329 = APPLICATION_PROTOCOL_DEFINITION ( 'draft international standard', 'automotive_design', 1998, #1234 ) ;
#6330 = CARTESIAN_POINT ( 'NONE',  ( -10.75000000000000000, 1.090698509597477273, 5.011275984860160015 ) ) ;
#6331 = ADVANCED_FACE ( 'NONE', ( #4044 ), #4988, .F. ) ;
#6332 = EDGE_CURVE ( 'NONE', #5738, #5402, #4563, .T. ) ;
#6333 = CARTESIAN_POINT ( 'NONE',  ( -10.75000000000000000, -2.608971534673093284, 4.425305815512913910 ) ) ;
#6334 = EDGE_LOOP ( 'NONE', ( #2699, #3013, #4064, #2167 ) ) ;
#6335 = CARTESIAN_POINT ( 'NONE',  ( 1.599355302387440503, 7.934079635019332777, -0.05248855151298349730 ) ) ;
#6336 = PLANE ( 'NONE',  #1735 ) ;
#6337 = CARTESIAN_POINT ( 'NONE',  ( 0.9391100180465304925, 1.295469709587008023, 7.816295407123447170 ) ) ;
#6338 = DIRECTION ( 'NONE',  ( -0.0000000000000000000, 0.7071067811865467956, 0.7071067811865483499 ) ) ;
#6339 = CARTESIAN_POINT ( 'NONE',  ( 1.149853491661847693, 1.112889994126658788, 7.847385357295125985 ) ) ;
#6340 = CARTESIAN_POINT ( 'NONE',  ( 1.578544541808049928, 0.2624746321799490412, 7.929464396481030519 ) ) ;
#6341 = ORIENTED_EDGE ( 'NONE', *, *, #1676, .T. ) ;
#6342 = ORIENTED_EDGE ( 'NONE', *, *, #3474, .F. ) ;
#6343 = CARTESIAN_POINT ( 'NONE',  ( 1.639053789074879752, 0.3875618533674285993, 7.990652009301602021 ) ) ;
#6344 = LINE ( 'NONE', #1785, #4973 ) ;
#6345 = DIRECTION ( 'NONE',  ( 0.0000000000000000000, -0.7664508966033182213, 0.6423029060310794236 ) ) ;
#6346 = CARTESIAN_POINT ( 'NONE',  ( 0.8426981856268628279, 7.863888764127600517, -1.469511104961471304 ) ) ;
#6347 = ORIENTED_EDGE ( 'NONE', *, *, #1197, .T. ) ;
#6348 = LINE ( 'NONE', #2694, #4612 ) ;
#6349 = LINE ( 'NONE', #6314, #5568 ) ;
#6350 = CARTESIAN_POINT ( 'NONE',  ( -1.414642124847484084, 0.9202711262215659271, 7.946926401052803790 ) ) ;
#6351 = CARTESIAN_POINT ( 'NONE',  ( -0.8683552062750986567, -1.344116921031247136, 7.807207732144770596 ) ) ;
#6352 = CARTESIAN_POINT ( 'NONE',  ( -0.4157316967709612787, 1.545271362922095548, 7.765886393762755802 ) ) ;
#6353 = EDGE_LOOP ( 'NONE', ( #2794, #916, #2057, #6015 ) ) ;
#6354 = VERTEX_POINT ( 'NONE', #6061 ) ;
#6355 = LINE ( 'NONE', #6321, #844 ) ;
#6356 = CARTESIAN_POINT ( 'NONE',  ( 1.557946709540846797, 7.924952485708647743, -0.3653548405751960160 ) ) ;
#6357 =( NAMED_UNIT ( * ) PLANE_ANGLE_UNIT ( ) SI_UNIT ( $, .RADIAN. ) );
#6358 = AXIS2_PLACEMENT_3D ( 'NONE', #3641, #5650, #6062 ) ;
#6359 = CARTESIAN_POINT ( 'NONE',  ( 1.683296381748221160, 7.999999999534100681, 8.633887953438801463E-05 ) ) ;
#6360 = CARTESIAN_POINT ( 'NONE',  ( -1.309858130256702058, -1.066097300505725487, 7.928654075105844967 ) ) ;
#6361 = CARTESIAN_POINT ( 'NONE',  ( -0.2106848109919058631, -1.600026593137878539, 3.666048949767896747 ) ) ;
#6362 = CARTESIAN_POINT ( 'NONE',  ( -3.750000000000000000, 5.075543847791330165, 3.387178386535892205 ) ) ;
#6363 = VECTOR ( 'NONE', #3307, 1000.000000000000114 ) ;
#6364 = VERTEX_POINT ( 'NONE', #2932 ) ;
#6365 = VECTOR ( 'NONE', #6473, 1000.000000000000114 ) ;
#6366 = ADVANCED_FACE ( 'NONE', ( #5421 ), #2506, .F. ) ;
#6367 = CARTESIAN_POINT ( 'NONE',  ( 1.514758375282169167, 7.915677506804497554, 0.5159345208674251948 ) ) ;
#6368 = AXIS2_PLACEMENT_3D ( 'NONE', #5655, #2640, #4665 ) ;
#6369 = CARTESIAN_POINT ( 'NONE',  ( -10.75000000000000000, -0.2618326490234108017, 6.106707545196424114 ) ) ;
#6370 = CARTESIAN_POINT ( 'NONE',  ( -0.3382051175269672472, 1.564060528884384293, 7.761720349101945082 ) ) ;
#6371 = CARTESIAN_POINT ( 'NONE',  ( -1.436818224613542805, 3.937392439656583143, -0.7116592002448826060 ) ) ;
#6372 = VECTOR ( 'NONE', #4493, 1000.000000000000000 ) ;
#6373 = CARTESIAN_POINT ( 'NONE',  ( 1.563714106961211936, 0.3398326876811325059, 7.926210579705051273 ) ) ;
#6374 = FACE_OUTER_BOUND ( 'NONE', #1518, .T. ) ;
#6375 = ORIENTED_EDGE ( 'NONE', *, *, #3614, .F. ) ;
#6376 = EDGE_LOOP ( 'NONE', ( #3997, #5841 ) ) ;
#6377 = CARTESIAN_POINT ( 'NONE',  ( 0.02666851701852082299, 1.697265296479995023, 7.817882728748424270 ) ) ;
#6378 = CARTESIAN_POINT ( 'NONE',  ( -10.75000000000000000, 1.637479633046211358, -5.885078252561577017 ) ) ;
#6379 = CARTESIAN_POINT ( 'NONE',  ( 0.7446572112740253990, 7.793076730369397964, 1.416204314395195452 ) ) ;
#6380 = ADVANCED_FACE ( 'NONE', ( #5022 ), #496, .F. ) ;
#6381 = CARTESIAN_POINT ( 'NONE',  ( 0.1371646131386006773, 7.819059012103283024, -1.691840437697974320 ) ) ;
#6382 = ORIENTED_EDGE ( 'NONE', *, *, #5020, .T. ) ;
#6383 = DIRECTION ( 'NONE',  ( -0.0000000000000000000, -0.6423029060310792016, 0.7664508966033183324 ) ) ;
#6384 = DIRECTION ( 'NONE',  ( 0.0000000000000000000, 0.9274206331348670007, 0.3740200118118313100 ) ) ;
#6385 = CARTESIAN_POINT ( 'NONE',  ( -1.279729990450996002, -0.9604493611531673691, 7.869624523521950188 ) ) ;
#6386 = CARTESIAN_POINT ( 'NONE',  ( 0.8008001396763057000, -1.385423662670506983, 7.799208984938472256 ) ) ;
#6387 = CARTESIAN_POINT ( 'NONE',  ( 0.1040876117923787147, 1.596827176712551033, 7.754330797670279551 ) ) ;
#6388 = ORIENTED_EDGE ( 'NONE', *, *, #1866, .F. ) ;
#6389 = CARTESIAN_POINT ( 'NONE',  ( -1.639725857289809019, 0.4442332613645885164, 7.990352260580981358 ) ) ;
#6390 = CARTESIAN_POINT ( 'NONE',  ( 0.2750748771916649016, 7.822755474321688496, 1.674668453474632335 ) ) ;
#6391 = CARTESIAN_POINT ( 'NONE',  ( 1.578514858800964760, 7.929457857573275703, 0.2626490816574588716 ) ) ;
#6392 = LINE ( 'NONE', #4497, #1903 ) ;
#6393 = VECTOR ( 'NONE', #80, 1000.000000000000000 ) ;
#6394 = CARTESIAN_POINT ( 'NONE',  ( -10.75000000000000000, 4.781651221645094374, -3.791686883723367263 ) ) ;
#6395 = CARTESIAN_POINT ( 'NONE',  ( 0.5412882003941859033, -1.607345250976961681, 7.836870042069945974 ) ) ;
#6396 = CARTESIAN_POINT ( 'NONE',  ( 3.499999999999999556, 0.0000000000000000000, 0.0000000000000000000 ) ) ;
#6397 = LINE ( 'NONE', #2737, #413 ) ;
#6398 = ADVANCED_FACE ( 'NONE', ( #5456 ), #4998, .T. ) ;
#6399 = CARTESIAN_POINT ( 'NONE',  ( -10.75000000000000000, 3.779854234699953519, -4.793483870668507230 ) ) ;
#6400 = ORIENTED_EDGE ( 'NONE', *, *, #2264, .F. ) ;
#6401 = CARTESIAN_POINT ( 'NONE',  ( 1.357923364782743780, 7.884108757630730047, -0.8465973048761782360 ) ) ;
#6402 = CARTESIAN_POINT ( 'NONE',  ( -1.085929322412778175, 7.837322473509664711, 1.175074346716576068 ) ) ;
#6403 = CARTESIAN_POINT ( 'NONE',  ( 1.047654203482220270, 1.209427214980559384, 7.831543544734405060 ) ) ;
#6404 = CARTESIAN_POINT ( 'NONE',  ( -3.750000000000000000, 3.779854234699954851, 4.793483870668506341 ) ) ;
#6405 = CARTESIAN_POINT ( 'NONE',  ( 0.6247218222950220445, 1.473057191473110539, 7.781402493946309562 ) ) ;
#6406 = EDGE_CURVE ( 'NONE', #5033, #1782, #606, .T. ) ;
#6407 = LINE ( 'NONE', #812, #1056 ) ;
#6408 = VECTOR ( 'NONE', #740, 1000.000000000000114 ) ;
#6409 = EDGE_LOOP ( 'NONE', ( #935, #4031, #2930, #6175 ) ) ;
#6410 = ORIENTED_EDGE ( 'NONE', *, *, #5822, .F. ) ;
#6411 = CARTESIAN_POINT ( 'NONE',  ( 1.509251224860728380, 0.7521164340533815773, 7.964606929160326310 ) ) ;
#6412 = DIRECTION ( 'NONE',  ( 1.000000000000000000, -0.0000000000000000000, -0.0000000000000000000 ) ) ;
#6413 = CARTESIAN_POINT ( 'NONE',  ( 0.8438007821501339878, 7.804252370070053679, 1.359478343448590865 ) ) ;
#6414 = CARTESIAN_POINT ( 'NONE',  ( -0.5946066772002508438, 7.840797561502729884, -1.588075792989545265 ) ) ;
#6415 = EDGE_LOOP ( 'NONE', ( #5928, #2202, #3826, #4289, #2712, #3689, #5541, #2486, #3252, #4271, #5435, #6436, #64, #3956, #4129, #297, #6013, #3465, #35, #3052, #4004, #3990, #5642, #4028, #6444, #643, #5475, #2458, #4513, #4910, #4332, #3797, #2159, #1659, #1924, #2526, #5180, #3827, #2241, #4127, #286, #1930, #806, #3108, #2843, #5983, #1916, #5473, #5114, #1372, #6278, #2188, #350, #4756, #2686, #5752, #3201, #4224, #3596, #1861, #390, #5067, #3014, #3703, #5238, #6347, #4683, #6217, #2119, #3855, #1236, #4727, #5863, #168, #6253, #813, #2392, #6256, #1187, #5745 ) ) ;
#6416 = DIRECTION ( 'NONE',  ( -0.0000000000000000000, 1.000000000000000000, -0.0000000000000000000 ) ) ;
#6417 = EDGE_CURVE ( 'NONE', #3387, #3087, #787, .T. ) ;
#6418 = CARTESIAN_POINT ( 'NONE',  ( -1.600000000000000089, 0.1069235124470949150, 3.999999999999999112 ) ) ;
#6419 = EDGE_CURVE ( 'NONE', #5139, #4540, #3144, .T. ) ;
#6420 = CARTESIAN_POINT ( 'NONE',  ( -0.7087231050491178408, 1.435421019782067376, 7.789226409200464829 ) ) ;
#6421 = ORIENTED_EDGE ( 'NONE', *, *, #1247, .F. ) ;
#6422 = CARTESIAN_POINT ( 'NONE',  ( 1.899999999999999911, -0.7499999999999997780, 1.000000000000000000 ) ) ;
#6423 = CARTESIAN_POINT ( 'NONE',  ( -0.5430074722845636970, 7.836991025983914838, 1.606755406922847351 ) ) ;
#6424 = CARTESIAN_POINT ( 'NONE',  ( -0.7087231050491175077, 7.789226409200463941, -1.435421019782067376 ) ) ;
#6425 = DIRECTION ( 'NONE',  ( -0.0000000000000000000, -0.0000000000000000000, 1.000000000000000000 ) ) ;
#6426 = VECTOR ( 'NONE', #3236, 1000.000000000000000 ) ;
#6427 = CARTESIAN_POINT ( 'NONE',  ( 0.05337461165175293870, 7.753606691294361752, -1.600000000000000089 ) ) ;
#6428 = CARTESIAN_POINT ( 'NONE',  ( 1.496702964680016734, 0.7771915765360291051, 7.962197310117966609 ) ) ;
#6429 = AXIS2_PLACEMENT_3D ( 'NONE', #5549, #1000, #5048 ) ;
#6430 = CARTESIAN_POINT ( 'NONE',  ( 1.639019385978350840, 7.990644833062197527, 0.3877097522568972443 ) ) ;
#6431 = LINE ( 'NONE', #3181, #2584 ) ;
#6432 = EDGE_LOOP ( 'NONE', ( #1063, #393, #426, #6242 ) ) ;
#6433 = CARTESIAN_POINT ( 'NONE',  ( -10.75000000000000000, 5.873245603538165938, 1.649312282069624214 ) ) ;
#6434 = EDGE_LOOP ( 'NONE', ( #1671, #2339, #5582, #216 ) ) ;
#6435 = LINE ( 'NONE', #3884, #2958 ) ;
#6436 = ORIENTED_EDGE ( 'NONE', *, *, #1823, .T. ) ;
#6437 = CARTESIAN_POINT ( 'NONE',  ( 1.219982923972134925, 7.859102067150505633, -1.035528017142799628 ) ) ;
#6438 = CARTESIAN_POINT ( 'NONE',  ( -0.9712399140936539554, 7.820617098512538945, 1.271760326681510955 ) ) ;
#6439 = CARTESIAN_POINT ( 'NONE',  ( -1.142829915906830029, 1.119916883242436878, 7.846263884495995100 ) ) ;
#6440 = DIRECTION ( 'NONE',  ( 0.0000000000000000000, -0.9274206331348672228, -0.3740200118118306993 ) ) ;
#6441 = CARTESIAN_POINT ( 'NONE',  ( 1.545192267638114680, 0.4160083837403820151, 7.922188136516115975 ) ) ;
#6442 = CARTESIAN_POINT ( 'NONE',  ( -10.75000000000000000, 1.637479633046211358, -5.885078252561577017 ) ) ;
#6443 = ORIENTED_EDGE ( 'NONE', *, *, #3476, .F. ) ;
#6444 = ORIENTED_EDGE ( 'NONE', *, *, #513, .T. ) ;
#6445 = CARTESIAN_POINT ( 'NONE',  ( -1.110784253352214535, 1.276450551232426456, 7.897590500495521582 ) ) ;
#6446 = DIRECTION ( 'NONE',  ( 0.0000000000000000000, 0.0000000000000000000, 1.000000000000000000 ) ) ;
#6447 = CARTESIAN_POINT ( 'NONE',  ( 1.119446661992314906, 7.842531799534008030, 1.143291798685480032 ) ) ;
#6448 = CARTESIAN_POINT ( 'NONE',  ( 0.2202468041401588195, 7.820990498073608244, -1.682891937721448405 ) ) ;
#6449 = CARTESIAN_POINT ( 'NONE',  ( 0.6699679332017925981, 7.847006221393907133, -1.557089164399844794 ) ) ;
#6450 = ORIENTED_EDGE ( 'NONE', *, *, #4311, .F. ) ;
#6451 = CARTESIAN_POINT ( 'NONE',  ( -10.75000000000000000, -0.2618326490234108017, 6.106707545196424114 ) ) ;
#6452 = CARTESIAN_POINT ( 'NONE',  ( -0.6203091578534386530, -1.578048312778255413, 7.842823501303402445 ) ) ;
#6453 = DIRECTION ( 'NONE',  ( 0.0000000000000000000, 0.5304556061348298934, -0.8477127166205130626 ) ) ;
#6454 = CARTESIAN_POINT ( 'NONE',  ( 1.283249065052857629, 7.924215047282342717, 1.098762961633564794 ) ) ;
#6455 = CARTESIAN_POINT ( 'NONE',  ( 0.7782844939536003315, 7.796683334220167794, -1.398198428875196075 ) ) ;
#6456 = DIRECTION ( 'NONE',  ( 1.000000000000000000, -0.0000000000000000000, -0.0000000000000000000 ) ) ;
#6457 = CARTESIAN_POINT ( 'NONE',  ( 1.038094976088177024, 7.830134135558235897, -1.217646569105707011 ) ) ;
#6458 = CARTESIAN_POINT ( 'NONE',  ( 0.9808823077887915964, -1.380418907124768335, 7.880064295455943224 ) ) ;
#6459 = CARTESIAN_POINT ( 'NONE',  ( 1.088425304837426388, 7.894509664003901861, 1.295002947431496576 ) ) ;
#6460 = CARTESIAN_POINT ( 'NONE',  ( -1.422938603548553615, 7.896791559753297385, 0.7320673915994764247 ) ) ;
#6461 = ORIENTED_EDGE ( 'NONE', *, *, #3266, .F. ) ;
#6462 = CARTESIAN_POINT ( 'NONE',  ( 0.1000000000000000472, 0.7499999999999997780, 1.000000000000000000 ) ) ;
#6463 = EDGE_CURVE ( 'NONE', #603, #5217, #5163, .T. ) ;
#6464 = ORIENTED_EDGE ( 'NONE', *, *, #5880, .T. ) ;
#6465 = AXIS2_PLACEMENT_3D ( 'NONE', #1872, #5481, #5016 ) ;
#6466 = LINE ( 'NONE', #6399, #1151 ) ;
#6467 = EDGE_LOOP ( 'NONE', ( #926, #718, #2414, #415 ) ) ;
#6468 = CARTESIAN_POINT ( 'NONE',  ( -1.252957102548846180, 7.864841590808933525, -0.9953841254503885683 ) ) ;
#6469 = COLOUR_RGB ( '',0.6078431372549019107, 0.6313725490196078205, 0.6627450980392156632 ) ;
#6470 = CARTESIAN_POINT ( 'NONE',  ( -1.021101652949003125, 7.827670085030172586, 1.231829588430752187 ) ) ;
#6471 = CARTESIAN_POINT ( 'NONE',  ( -1.153108599070273632, 1.109283600189194585, 7.847931523563679512 ) ) ;
#6472 = CARTESIAN_POINT ( 'NONE',  ( -1.033610986881234650, 7.829487934585810827, -1.221345792683732334 ) ) ;
#6473 = DIRECTION ( 'NONE',  ( 0.0000000000000000000, 0.4472135954999580942, -0.8944271909999157444 ) ) ;
#6474 = VECTOR ( 'NONE', #3303, 1000.000000000000000 ) ;
#6475 = VERTEX_POINT ( 'NONE', #4192 ) ;
#6476 = VERTEX_POINT ( 'NONE', #2581 ) ;
#6477 = CARTESIAN_POINT ( 'NONE',  ( -1.283134905045514973, 1.098902667735404348, 7.924196004226771173 ) ) ;
#6478 = CARTESIAN_POINT ( 'NONE',  ( -1.579368636829331152, 7.929640077085388761, 0.2613822713373606943 ) ) ;
#6479 = CARTESIAN_POINT ( 'NONE',  ( 1.231972569925629424, 7.861189151794048868, 1.020928462216560861 ) ) ;
#6480 = CARTESIAN_POINT ( 'NONE',  ( -0.1108283634983660004, 7.818489898120820847, -1.694475424652327478 ) ) ;
#6481 = CARTESIAN_POINT ( 'NONE',  ( -1.429326331673728800, 7.949599384196685214, -0.8969045773148001111 ) ) ;
#6482 = VERTEX_POINT ( 'NONE', #2646 ) ;
#6483 = COLOUR_RGB ( '',0.6078431372549019107, 0.6313725490196078205, 0.6627450980392156632 ) ;
#6484 = CARTESIAN_POINT ( 'NONE',  ( -3.750000000000000000, -3.803519532746777898, -4.793483870668505453 ) ) ;
#6485 = ADVANCED_FACE ( 'NONE', ( #4607 ), #51, .F. ) ;
#6486 = ORIENTED_EDGE ( 'NONE', *, *, #5124, .T. ) ;
#6487 = VECTOR ( 'NONE', #6489, 1000.000000000000000 ) ;
#6488 = CARTESIAN_POINT ( 'NONE',  ( -0.05591872477483302711, -1.697223805166276689, 7.817891765920167657 ) ) ;
#6489 = DIRECTION ( 'NONE',  ( -0.0000000000000000000, -0.5877852522924721379, -0.8090169943749481174 ) ) ;
#6490 = CARTESIAN_POINT ( 'NONE',  ( 0.4364812178626635286, 7.830085275467918215, 1.640132395060461379 ) ) ;
#6491 = CARTESIAN_POINT ( 'NONE',  ( -0.3257349911192449210, 7.761164174993512965, -1.566547950281757862 ) ) ;
#6492 = DIRECTION ( 'NONE',  ( 0.0000000000000000000, 0.5304556061348300045, 0.8477127166205129516 ) ) ;
#6493 = CARTESIAN_POINT ( 'NONE',  ( -3.750000000000000000, -2.136673189240612558, -5.730569755374101959 ) ) ;
#6494 = ADVANCED_FACE ( 'NONE', ( #3757 ), #1248, .F. ) ;
#6495 = CARTESIAN_POINT ( 'NONE',  ( 1.470385690949838953, -0.8266837089808405370, 7.957210652930830186 ) ) ;
#6496 = EDGE_CURVE ( 'NONE', #1425, #5268, #6117, .T. ) ;
#6497 = CARTESIAN_POINT ( 'NONE',  ( 0.6950510099240635453, 7.849193675267605030, 1.546061990900533534 ) ) ;
#6498 = CARTESIAN_POINT ( 'NONE',  ( -1.219995047523655618, 7.859103725419891440, 1.035520974028128149 ) ) ;
#6499 = LINE ( 'NONE', #3979, #3187 ) ;
#6500 = CARTESIAN_POINT ( 'NONE',  ( 1003.454044648600643, 0.0000000000000000000, 0.0000000000000000000 ) ) ;
#6501 = EDGE_LOOP ( 'NONE', ( #4068, #5713, #1728, #6547 ) ) ;
#6502 = CARTESIAN_POINT ( 'NONE',  ( -0.6616343680805211180, 7.784625922981127211, -1.457721637957742455 ) ) ;
#6503 = CARTESIAN_POINT ( 'NONE',  ( -0.7665484915299469737, 7.795423745228867496, 1.404488398317969011 ) ) ;
#6504 = LINE ( 'NONE', #2938, #2966 ) ;
#6505 = CARTESIAN_POINT ( 'NONE',  ( -1.295451636512829463, 7.872444857527249873, -0.9396957275610010596 ) ) ;
#6506 = CYLINDRICAL_SURFACE ( 'NONE', #958, 1.600000000000000089 ) ;
#6507 = ORIENTED_EDGE ( 'NONE', *, *, #2831, .F. ) ;
#6508 = ORIENTED_EDGE ( 'NONE', *, *, #1457, .F. ) ;
#6509 = CARTESIAN_POINT ( 'NONE',  ( -1.680530498066351131, 0.1120049649573522932, 7.999407010638174498 ) ) ;
#6510 = DIRECTION ( 'NONE',  ( -0.0000000000000000000, 0.6423029060310792016, -0.7664508966033183324 ) ) ;
#6511 = CARTESIAN_POINT ( 'NONE',  ( 1.518778397254165746, 7.916422518906255590, 0.5145642079992004403 ) ) ;
#6512 = CARTESIAN_POINT ( 'NONE',  ( 1.639053789074879974, 7.990652009301603798, -0.3875618533674297095 ) ) ;
#6513 = CARTESIAN_POINT ( 'NONE',  ( -3.750000000000000000, -0.2618326490234120785, -6.106707545196424114 ) ) ;
#6514 = ORIENTED_EDGE ( 'NONE', *, *, #3544, .T. ) ;
#6515 = CARTESIAN_POINT ( 'NONE',  ( 0.1046643032915144239, 1.600064080534463029, 3.666032588932797598 ) ) ;
#6516 = ORIENTED_EDGE ( 'NONE', *, *, #993, .T. ) ;
#6517 = CARTESIAN_POINT ( 'NONE',  ( -0.9819451559841614330, -1.378825121202480908, 7.880299621748251937 ) ) ;
#6518 = CARTESIAN_POINT ( 'NONE',  ( -10.75000000000000000, 1.090698509597477273, 5.011275984860160015 ) ) ;
#6520 = ORIENTED_EDGE ( 'NONE', *, *, #2661, .T. ) ;
#6519 = CARTESIAN_POINT ( 'NONE',  ( 1.668934510775232694, 7.996939273240587731, -0.2230086526562669869 ) ) ;
#6521 = CARTESIAN_POINT ( 'NONE',  ( 0.8009980356864515594, 7.799231494008749266, -1.385309185648039509 ) ) ;
#6522 = LINE ( 'NONE', #3879, #5710 ) ;
#6523 = EDGE_CURVE ( 'NONE', #4173, #3060, #6237, .T. ) ;
#6524 = CARTESIAN_POINT ( 'NONE',  ( 0.7448621404914906874, 7.793098302075983419, -1.416096663603716443 ) ) ;
#6525 = CARTESIAN_POINT ( 'NONE',  ( 1.668934510775232472, 0.2230086526562637395, 7.996939273240587731 ) ) ;
#6526 = CARTESIAN_POINT ( 'NONE',  ( 0.9126547387480851148, 7.871824849345547825, 1.426399693324534201 ) ) ;
#6527 = DIRECTION ( 'NONE',  ( 0.0000000000000000000, -0.8477127166205129516, 0.5304556061348300045 ) ) ;
#6528 = PLANE ( 'NONE',  #5820 ) ;
#6529 = VECTOR ( 'NONE', #4556, 1000.000000000000114 ) ;
#6530 = DIRECTION ( 'NONE',  ( 1.000000000000000000, -0.0000000000000000000, -0.0000000000000000000 ) ) ;
#6531 = CARTESIAN_POINT ( 'NONE',  ( 0.7086740862954703513, 7.789330265015155241, -1.434739109215254604 ) ) ;
#6532 = EDGE_CURVE ( 'NONE', #4440, #384, #184, .T. ) ;
#6533 = CARTESIAN_POINT ( 'NONE',  ( -0.8665142217084903509, 7.806976908234420698, 1.345337492832114457 ) ) ;
#6534 = LINE ( 'NONE', #3550, #5826 ) ;
#6535 = CARTESIAN_POINT ( 'NONE',  ( -1.203385406800158819, 7.856286289707643533, -1.054471848932441835 ) ) ;
#6536 = DIRECTION ( 'NONE',  ( -0.0000000000000000000, 0.8090169943749481174, 0.5877852522924721379 ) ) ;
#6537 = ADVANCED_FACE ( 'NONE', ( #3273 ), #6336, .F. ) ;
#6538 = CARTESIAN_POINT ( 'NONE',  ( -10.75000000000000000, -5.118540194219835193, -0.4999999999999993339 ) ) ;
#6539 = ORIENTED_EDGE ( 'NONE', *, *, #5633, .T. ) ;
#6540 = CARTESIAN_POINT ( 'NONE',  ( -1.661572408959411495, 0.2773885815147381084, 7.995374531036211430 ) ) ;
#6541 = CARTESIAN_POINT ( 'NONE',  ( -1.434665364286685785, 7.899141431177390871, 0.7088128752599521798 ) ) ;
#6542 = CARTESIAN_POINT ( 'NONE',  ( 0.1000000000000000472, -1.250000000000000000, 0.0000000000000000000 ) ) ;
#6543 = CARTESIAN_POINT ( 'NONE',  ( 1.228703193804534077, 7.915418370498350953, -1.160423044426827310 ) ) ;
#6544 = CARTESIAN_POINT ( 'NONE',  ( 1.899999999999999911, -1.250000000000000000, 0.0000000000000000000 ) ) ;
#6545 = ORIENTED_EDGE ( 'NONE', *, *, #4699, .T. ) ;
#6546 = CARTESIAN_POINT ( 'NONE',  ( -1.487728786357317423, -0.5893642309659901102, 7.909999970785095869 ) ) ;
#6547 = ORIENTED_EDGE ( 'NONE', *, *, #190, .T. ) ;
#6548 = CARTESIAN_POINT ( 'NONE',  ( -1.509354387404952869, -0.7518959682974356573, 7.964626975697386868 ) ) ;
#6549 = CARTESIAN_POINT ( 'NONE',  ( 0.4891957226704132800, -0.5094638151136048343, 0.6108042773295869754 ) ) ;
#6550 = CARTESIAN_POINT ( 'NONE',  ( 1.660692721120910820, 7.995194731646969366, 0.2786134288301821971 ) ) ;
#6551 = CARTESIAN_POINT ( 'NONE',  ( -1.358597423790489866, 7.884237397253867741, -0.8455125962702675357 ) ) ;
#6552 = CARTESIAN_POINT ( 'NONE',  ( -12.25000000000000000, 4.898587196589412829E-16, 4.000000000000000000 ) ) ;
#6553 = PLANE ( 'NONE',  #3781 ) ;
#6554 = CARTESIAN_POINT ( 'NONE',  ( 1.593679945387263874, 0.5471067301611419742, 7.981312916941157631 ) ) ;
#6555 = CARTESIAN_POINT ( 'NONE',  ( 1.677828026418871410, 7.998831596558373391, 0.1395292220155661123 ) ) ;
#6556 = DIRECTION ( 'NONE',  ( -0.0000000000000000000, -0.4539904997395457498, 0.8910065241883684539 ) ) ;
#6557 = DIRECTION ( 'NONE',  ( 0.0000000000000000000, 0.8090169943749482284, -0.5877852522924721379 ) ) ;
#6558 = CARTESIAN_POINT ( 'NONE',  ( 0.3642863396274317322, 1.558857547547506828, 7.762885183811060408 ) ) ;
#6559 = CARTESIAN_POINT ( 'NONE',  ( -1.219995047523656062, -1.035520974028127039, 7.859103725419891440 ) ) ;
#6560 = CARTESIAN_POINT ( 'NONE',  ( -0.05317119140274693956, 7.753612960569856938, -1.599972907965175883 ) ) ;
#6561 = DIRECTION ( 'NONE',  ( 1.000000000000000000, 0.0000000000000000000, 0.0000000000000000000 ) ) ;
#6562 = FILL_AREA_STYLE ('',( #5528 ) ) ;
#6563 = CARTESIAN_POINT ( 'NONE',  ( -1.194274251930738551, 7.854747416746859834, -1.064779943775173043 ) ) ;
#6564 = CARTESIAN_POINT ( 'NONE',  ( -3.736410698672603652E-15, -0.8118033988749921992, 1.100000000000003642 ) ) ;
#6565 = VECTOR ( 'NONE', #665, 1000.000000000000000 ) ;
#6566 = DIRECTION ( 'NONE',  ( 0.0000000000000000000, 0.0000000000000000000, 1.000000000000000000 ) ) ;
#6567 = ORIENTED_EDGE ( 'NONE', *, *, #846, .T. ) ;
#6568 = CONICAL_SURFACE ( 'NONE', #1368, 1.900000000000004130, 0.7853981633974482790 ) ;
#6569 = ORIENTED_EDGE ( 'NONE', *, *, #4787, .F. ) ;
#6570 = CARTESIAN_POINT ( 'NONE',  ( -3.750000000000000000, -3.399011035559303284, 5.087376496814743021 ) ) ;
#6571 = FACE_OUTER_BOUND ( 'NONE', #3234, .T. ) ;
#6572 = EDGE_CURVE ( 'NONE', #5184, #3893, #3904, .T. ) ;
#6573 = CARTESIAN_POINT ( 'NONE',  ( -10.75000000000000000, 3.394323231001217689, -3.837520563220440994 ) ) ;
#6574 = CARTESIAN_POINT ( 'NONE',  ( 0.6953037500400950366, 7.849246605331212656, -1.545755852600481983 ) ) ;
#6575 = CARTESIAN_POINT ( 'NONE',  ( -1.606590928079762781, 7.983948282459915724, -0.5067061021240244489 ) ) ;
#6576 = EDGE_LOOP ( 'NONE', ( #2421, #1932, #147, #3530 ) ) ;
#6577 = VECTOR ( 'NONE', #1199, 1000.000000000000000 ) ;
#6578 = CARTESIAN_POINT ( 'NONE',  ( -0.9333544969128571012, -1.299819442912039547, 7.815507420771921510 ) ) ;
#6579 = VECTOR ( 'NONE', #736, 1000.000000000000227 ) ;
#6580 = EDGE_LOOP ( 'NONE', ( #2934, #4991, #6080, #4768 ) ) ;
#6581 = EDGE_CURVE ( 'NONE', #1084, #5681, #5393, .T. ) ;
#6582 = CARTESIAN_POINT ( 'NONE',  ( -0.4374267556553682601, -1.639181958709689857, 7.830270188420971778 ) ) ;
#6583 = CARTESIAN_POINT ( 'NONE',  ( 3.750000000000000000, 0.0000000000000000000, 0.0000000000000000000 ) ) ;
#6584 = DIRECTION ( 'NONE',  ( 1.000000000000000000, -0.0000000000000000000, -0.0000000000000000000 ) ) ;
#6585 = NEXT_ASSEMBLY_USAGE_OCCURRENCE ( 'NAUO1', ' ', ' ', #1280, #5906, $ ) ;
#6586 = NEXT_ASSEMBLY_USAGE_OCCURRENCE ( 'NAUO2', ' ', ' ', #1280, #93, $ ) ;
#6587 = NEXT_ASSEMBLY_USAGE_OCCURRENCE ( 'NAUO3', ' ', ' ', #1280, #93, $ ) ;
ENDSEC;
END-ISO-10303-21;
