ISO-10303-21;
HEADER;
FILE_DESCRIPTION (( 'STEP AP214' ),
    '1' );
FILE_NAME ('A372 Внутренний угловой соединитель, паз 6.STEP',
    '2020-05-18T09:56:56',
    ( '' ),
    ( '' ),
    'SwSTEP 2.0',
    'SolidWorks 2020',
    '' );
FILE_SCHEMA (( 'AUTOMOTIVE_DESIGN' ));
ENDSEC;

DATA;
#1 = DIRECTION ( 'NONE',  ( -0.0000000000000000000, -0.0000000000000000000, -1.000000000000000000 ) ) ;
#2 = DIRECTION ( 'NONE',  ( 1.000000000000000000, 0.0000000000000000000, 0.0000000000000000000 ) ) ;
#3 = ORIENTED_EDGE ( 'NONE', *, *, #1828, .F. ) ;
#4 = DIRECTION ( 'NONE',  ( 0.9486832980505147672, 0.3162277660168351101, -0.0000000000000000000 ) ) ;
#5 = FACE_OUTER_BOUND ( 'NONE', #1308, .T. ) ;
#6 = VERTEX_POINT ( 'NONE', #1824 ) ;
#7 = LINE ( 'NONE', #2006, #294 ) ;
#8 = ORIENTED_EDGE ( 'NONE', *, *, #1237, .F. ) ;
#9 = CARTESIAN_POINT ( 'NONE',  ( -3.727924077994403174, 7.397688631897563848E-15, 33.31622776601683000 ) ) ;
#10 = EDGE_CURVE ( 'NONE', #1269, #1172, #2131, .T. ) ;
#11 = LINE ( 'NONE', #1195, #1786 ) ;
#12 = VERTEX_POINT ( 'NONE', #126 ) ;
#13 = SURFACE_STYLE_USAGE ( .BOTH. , #1516 ) ;
#14 = CARTESIAN_POINT ( 'NONE',  ( -3.500000000000000000, 2.000000000000000000, -1.600000000000000089 ) ) ;
#15 = ORIENTED_EDGE ( 'NONE', *, *, #1372, .T. ) ;
#16 = DIRECTION ( 'NONE',  ( 0.0000000000000000000, 0.0000000000000000000, 1.000000000000000000 ) ) ;
#17 = ORIENTED_EDGE ( 'NONE', *, *, #630, .T. ) ;
#18 = CARTESIAN_POINT ( 'NONE',  ( -5.000000000000000000, -1.599999999999993650, 29.50000000000000000 ) ) ;
#19 = EDGE_CURVE ( 'NONE', #71, #1285, #1882, .T. ) ;
#20 = CYLINDRICAL_SURFACE ( 'NONE', #851, 1.000000000000000000 ) ;
#21 = ORIENTED_EDGE ( 'NONE', *, *, #1551, .T. ) ;
#22 = TOROIDAL_SURFACE ( 'NONE', #1635, 3.600000000000000533, 1.500000000000000000 ) ;
#23 = CARTESIAN_POINT ( 'NONE',  ( 5.000000000000000000, 6.661338147750937270E-16, 3.000000000000000000 ) ) ;
#24 = AXIS2_PLACEMENT_3D ( 'NONE', #39, #225, #1703 ) ;
#25 = FACE_OUTER_BOUND ( 'NONE', #694, .T. ) ;
#26 = DIRECTION ( 'NONE',  ( 0.0000000000000000000, 0.0000000000000000000, 1.000000000000000000 ) ) ;
#27 = MECHANICAL_DESIGN_GEOMETRIC_PRESENTATION_REPRESENTATION (  '', ( #876 ), #101 ) ;
#28 = AXIS2_PLACEMENT_3D ( 'NONE', #1807, #318, #618 ) ;
#29 = VERTEX_POINT ( 'NONE', #118 ) ;
#30 = CARTESIAN_POINT ( 'NONE',  ( 2.100000000000000533, -1.499999999999994005, 26.99999999999999645 ) ) ;
#31 = ORIENTED_EDGE ( 'NONE', *, *, #799, .T. ) ;
#32 = AXIS2_PLACEMENT_3D ( 'NONE', #558, #1742, #234 ) ;
#33 = DIRECTION ( 'NONE',  ( 1.000000000000000000, 0.0000000000000000000, 0.0000000000000000000 ) ) ;
#34 = VERTEX_POINT ( 'NONE', #794 ) ;
#35 = EDGE_CURVE ( 'NONE', #365, #1792, #783, .T. ) ;
#36 = CIRCLE ( 'NONE', #607, 1.000000000000000000 ) ;
#37 = DIRECTION ( 'NONE',  ( -1.000000000000000000, 0.0000000000000000000, 0.0000000000000000000 ) ) ;
#38 = EDGE_CURVE ( 'NONE', #718, #1136, #1464, .T. ) ;
#39 = CARTESIAN_POINT ( 'NONE',  ( 0.0000000000000000000, 6.999999999999995559, -1.600000000000000089 ) ) ;
#40 = VECTOR ( 'NONE', #16, 1000.000000000000000 ) ;
#41 = VERTEX_POINT ( 'NONE', #1297 ) ;
#42 = AXIS2_PLACEMENT_3D ( 'NONE', #1263, #1909, #1254 ) ;
#43 = DIRECTION ( 'NONE',  ( 1.000000000000000000, 0.0000000000000000000, 0.0000000000000000000 ) ) ;
#44 = CIRCLE ( 'NONE', #1262, 3.450000000000000178 ) ;
#45 = ORIENTED_EDGE ( 'NONE', *, *, #1600, .T. ) ;
#46 = DIRECTION ( 'NONE',  ( 0.0000000000000000000, 1.000000000000000000, 0.0000000000000000000 ) ) ;
#47 = DIRECTION ( 'NONE',  ( 1.000000000000000000, 0.0000000000000000000, 0.0000000000000000000 ) ) ;
#48 = ORIENTED_EDGE ( 'NONE', *, *, #35, .T. ) ;
#49 =( NAMED_UNIT ( * ) SI_UNIT ( $, .STERADIAN. ) SOLID_ANGLE_UNIT ( ) );
#50 = CARTESIAN_POINT ( 'NONE',  ( 2.100000000000000089, -2.999999999999998224, 6.999999999999997335 ) ) ;
#51 = ADVANCED_FACE ( 'NONE', ( #474 ), #661, .T. ) ;
#52 = EDGE_LOOP ( 'NONE', ( #75, #1562, #1148, #741 ) ) ;
#53 = LINE ( 'NONE', #512, #40 ) ;
#54 = ORIENTED_EDGE ( 'NONE', *, *, #914, .F. ) ;
#55 =( NAMED_UNIT ( * ) SI_UNIT ( $, .STERADIAN. ) SOLID_ANGLE_UNIT ( ) );
#56 = CARTESIAN_POINT ( 'NONE',  ( -5.000000000000000000, 6.550315845288422011E-15, 29.50000000000000000 ) ) ;
#57 = ORIENTED_EDGE ( 'NONE', *, *, #1656, .T. ) ;
#58 =( NAMED_UNIT ( * ) PLANE_ANGLE_UNIT ( ) SI_UNIT ( $, .RADIAN. ) );
#59 = CARTESIAN_POINT ( 'NONE',  ( 2.100000000000000977, 26.99999999999999645, -3.000000000000000000 ) ) ;
#60 = AXIS2_PLACEMENT_3D ( 'NONE', #1584, #287, #952 ) ;
#61 = ORIENTED_EDGE ( 'NONE', *, *, #350, .F. ) ;
#62 = CARTESIAN_POINT ( 'NONE',  ( 3.727924077994404506, -1.599999999999992761, 33.31622776601682290 ) ) ;
#63 = STYLED_ITEM ( 'NONE', ( #114 ), #1481 ) ;
#64 = VECTOR ( 'NONE', #1182, 999.9999999999998863 ) ;
#65 = ADVANCED_FACE ( 'NONE', ( #107 ), #524, .F. ) ;
#66 = ORIENTED_EDGE ( 'NONE', *, *, #475, .F. ) ;
#67 = EDGE_CURVE ( 'NONE', #1106, #34, #190, .T. ) ;
#68 = VECTOR ( 'NONE', #1493, 1000.000000000000114 ) ;
#69 = AXIS2_PLACEMENT_3D ( 'NONE', #812, #1100, #104 ) ;
#70 = DIRECTION ( 'NONE',  ( 0.0000000000000000000, 0.0000000000000000000, -1.000000000000000000 ) ) ;
#71 = VERTEX_POINT ( 'NONE', #1660 ) ;
#72 = CARTESIAN_POINT ( 'NONE',  ( 0.0000000000000000000, 26.99999999999999645, -1.500000000000000000 ) ) ;
#73 = AXIS2_PLACEMENT_3D ( 'NONE', #844, #1501, #2 ) ;
#74 = CARTESIAN_POINT ( 'NONE',  ( 3.727924077994404506, -1.599999999999992761, 33.31622776601682290 ) ) ;
#75 = ORIENTED_EDGE ( 'NONE', *, *, #1056, .F. ) ;
#76 = DIRECTION ( 'NONE',  ( 1.000000000000000000, 0.0000000000000000000, 0.0000000000000000000 ) ) ;
#77 = DIRECTION ( 'NONE',  ( -0.0000000000000000000, -0.0000000000000000000, 1.000000000000000000 ) ) ;
#78 = VECTOR ( 'NONE', #1033, 1000.000000000000000 ) ;
#79 = VERTEX_POINT ( 'NONE', #1701 ) ;
#80 = EDGE_CURVE ( 'NONE', #1623, #460, #342, .T. ) ;
#81 = VECTOR ( 'NONE', #119, 1000.000000000000000 ) ;
#82 = EDGE_CURVE ( 'NONE', #1664, #1210, #1741, .T. ) ;
#83 = ORIENTED_EDGE ( 'NONE', *, *, #1333, .T. ) ;
#84 = DIRECTION ( 'NONE',  ( 1.000000000000000000, 0.0000000000000000000, 0.0000000000000000000 ) ) ;
#85 = PLANE ( 'NONE',  #1945 ) ;
#86 = ORIENTED_EDGE ( 'NONE', *, *, #197, .F. ) ;
#87 = CARTESIAN_POINT ( 'NONE',  ( -3.999999999999993339, 2.000000000000000000, -1.600000000000000089 ) ) ;
#88 = LINE ( 'NONE', #2074, #1370 ) ;
#89 = DIRECTION ( 'NONE',  ( 1.000000000000000000, 0.0000000000000000000, 0.0000000000000000000 ) ) ;
#90 = ORIENTED_EDGE ( 'NONE', *, *, #1617, .T. ) ;
#91 = APPLICATION_PROTOCOL_DEFINITION ( 'draft international standard', 'automotive_design', 1998, #245 ) ;
#92 = ORIENTED_EDGE ( 'NONE', *, *, #2149, .F. ) ;
#93 = EDGE_CURVE ( 'NONE', #635, #1016, #509, .T. ) ;
#94 = LINE ( 'NONE', #767, #1255 ) ;
#95 = FACE_OUTER_BOUND ( 'NONE', #857, .T. ) ;
#96 = ORIENTED_EDGE ( 'NONE', *, *, #1590, .T. ) ;
#97 = FACE_OUTER_BOUND ( 'NONE', #2151, .T. ) ;
#98 = AXIS2_PLACEMENT_3D ( 'NONE', #1526, #1727, #1188 ) ;
#99 = ORIENTED_EDGE ( 'NONE', *, *, #627, .F. ) ;
#100 = AXIS2_PLACEMENT_3D ( 'NONE', #1929, #262, #1101 ) ;
#101 =( GEOMETRIC_REPRESENTATION_CONTEXT ( 3 ) GLOBAL_UNCERTAINTY_ASSIGNED_CONTEXT ( ( #194 ) ) GLOBAL_UNIT_ASSIGNED_CONTEXT ( ( #755, #2089, #55 ) ) REPRESENTATION_CONTEXT ( 'NONE', 'WORKASPACE' ) );
#102 = DIRECTION ( 'NONE',  ( -0.0000000000000000000, -0.0000000000000000000, 1.000000000000000000 ) ) ;
#103 = VERTEX_POINT ( 'NONE', #1681 ) ;
#104 = DIRECTION ( 'NONE',  ( 1.000000000000000000, 0.0000000000000000000, 0.0000000000000000000 ) ) ;
#105 = EDGE_CURVE ( 'NONE', #1200, #1826, #1288, .T. ) ;
#106 = CIRCLE ( 'NONE', #673, 1.500000000000000000 ) ;
#107 = FACE_OUTER_BOUND ( 'NONE', #513, .T. ) ;
#108 = ADVANCED_FACE ( 'NONE', ( #25 ), #179, .T. ) ;
#109 = DIRECTION ( 'NONE',  ( 0.0000000000000000000, 0.0000000000000000000, -1.000000000000000000 ) ) ;
#110 = DIRECTION ( 'NONE',  ( 1.000000000000000000, 0.0000000000000000000, 0.0000000000000000000 ) ) ;
#111 = ORIENTED_EDGE ( 'NONE', *, *, #1413, .T. ) ;
#112 = MECHANICAL_DESIGN_GEOMETRIC_PRESENTATION_REPRESENTATION (  '', ( #1680 ), #532 ) ;
#113 = DIRECTION ( 'NONE',  ( 0.0000000000000000000, 0.0000000000000000000, 1.000000000000000000 ) ) ;
#114 = PRESENTATION_STYLE_ASSIGNMENT (( #283 ) ) ;
#115 = CIRCLE ( 'NONE', #1683, 1.000000000000000000 ) ;
#116 = FACE_OUTER_BOUND ( 'NONE', #263, .T. ) ;
#117 = DIRECTION ( 'NONE',  ( 1.000000000000000000, 0.0000000000000000000, 0.0000000000000000000 ) ) ;
#118 = CARTESIAN_POINT ( 'NONE',  ( 3.600000000000000977, 6.033368249447333497E-15, 26.99999999999999645 ) ) ;
#119 = DIRECTION ( 'NONE',  ( -1.000000000000000000, -0.0000000000000000000, -0.0000000000000000000 ) ) ;
#120 = CARTESIAN_POINT ( 'NONE',  ( 2.500000000000000444, 2.000000000000000000, 0.0000000000000000000 ) ) ;
#121 = EDGE_CURVE ( 'NONE', #424, #1740, #912, .T. ) ;
#122 = VERTEX_POINT ( 'NONE', #522 ) ;
#123 = CARTESIAN_POINT ( 'NONE',  ( -2.500000000000000000, 2.000000000000000000, -1.600000000000000089 ) ) ;
#124 = CARTESIAN_POINT ( 'NONE',  ( 2.779240779943883410, 7.549516567451061319E-15, 33.99999999999999289 ) ) ;
#125 = LINE ( 'NONE', #499, #1948 ) ;
#126 = CARTESIAN_POINT ( 'NONE',  ( -2.100000000000000533, -1.499999999999994005, 26.99999999999999645 ) ) ;
#127 = CARTESIAN_POINT ( 'NONE',  ( 0.0000000000000000000, -1.599999999999998535, 6.999999999999996447 ) ) ;
#128 = ORIENTED_EDGE ( 'NONE', *, *, #1187, .F. ) ;
#129 = DIRECTION ( 'NONE',  ( 1.000000000000000000, 0.0000000000000000000, 0.0000000000000000000 ) ) ;
#130 = EDGE_CURVE ( 'NONE', #862, #916, #1916, .T. ) ;
#131 = VECTOR ( 'NONE', #796, 1000.000000000000000 ) ;
#132 = CARTESIAN_POINT ( 'NONE',  ( 0.0000000000000000000, 0.0000000000000000000, 0.0000000000000000000 ) ) ;
#133 = CIRCLE ( 'NONE', #24, 4.450000000000001066 ) ;
#134 = LINE ( 'NONE', #1774, #1688 ) ;
#135 = AXIS2_PLACEMENT_3D ( 'NONE', #132, #267, #599 ) ;
#136 = EDGE_LOOP ( 'NONE', ( #2105, #580, #893, #1730 ) ) ;
#137 = DIRECTION ( 'NONE',  ( -0.0000000000000000000, -1.000000000000000000, 4.440892098500625176E-16 ) ) ;
#138 = CARTESIAN_POINT ( 'NONE',  ( -5.000000000000000000, 6.661338147750953048E-16, 3.000000000000007105 ) ) ;
#139 = CIRCLE ( 'NONE', #1714, 3.600000000000000977 ) ;
#140 =( LENGTH_UNIT ( ) NAMED_UNIT ( * ) SI_UNIT ( .MILLI., .METRE. ) );
#141 = ORIENTED_EDGE ( 'NONE', *, *, #1322, .F. ) ;
#142 = CARTESIAN_POINT ( 'NONE',  ( 0.0000000000000000000, -2.999999999999998224, 6.999999999999997335 ) ) ;
#143 = CIRCLE ( 'NONE', #715, 3.600000000000000533 ) ;
#144 = VERTEX_POINT ( 'NONE', #373 ) ;
#145 = VECTOR ( 'NONE', #1157, 1000.000000000000000 ) ;
#146 = EDGE_CURVE ( 'NONE', #216, #103, #1186, .T. ) ;
#147 = CARTESIAN_POINT ( 'NONE',  ( 0.0000000000000000000, 6.999999999999995559, -1.600000000000000089 ) ) ;
#148 = CARTESIAN_POINT ( 'NONE',  ( 5.000000000000000000, 29.50000000000000000, -1.600000000000000089 ) ) ;
#149 = ORIENTED_EDGE ( 'NONE', *, *, #1479, .T. ) ;
#150 = ORIENTED_EDGE ( 'NONE', *, *, #1828, .T. ) ;
#151 = CARTESIAN_POINT ( 'NONE',  ( 0.0000000000000000000, -1.600000000000000089, 0.0000000000000000000 ) ) ;
#152 = DIRECTION ( 'NONE',  ( -0.0000000000000000000, 1.000000000000000000, -4.440892098500625176E-16 ) ) ;
#153 = FACE_OUTER_BOUND ( 'NONE', #2090, .T. ) ;
#154 = CARTESIAN_POINT ( 'NONE',  ( -2.100000000000000089, 6.999999999999995559, -3.000000000000000000 ) ) ;
#155 = EDGE_CURVE ( 'NONE', #1832, #1475, #1918, .T. ) ;
#156 = SURFACE_STYLE_FILL_AREA ( #330 ) ;
#157 = DIRECTION ( 'NONE',  ( 1.000000000000000000, 0.0000000000000000000, 0.0000000000000000000 ) ) ;
#158 = CARTESIAN_POINT ( 'NONE',  ( 4.000000000000000000, 3.000000000000000000, 0.0000000000000000000 ) ) ;
#159 = ORIENTED_EDGE ( 'NONE', *, *, #1318, .T. ) ;
#160 = CARTESIAN_POINT ( 'NONE',  ( -2.100000000000000089, -2.999999999999998224, 6.999999999999997335 ) ) ;
#161 = AXIS2_PLACEMENT_3D ( 'NONE', #1392, #2022, #1667 ) ;
#162 = AXIS2_PLACEMENT_3D ( 'NONE', #1767, #1907, #414 ) ;
#163 = LINE ( 'NONE', #680, #1633 ) ;
#164 = DIRECTION ( 'NONE',  ( 1.000000000000000000, 0.0000000000000000000, 0.0000000000000000000 ) ) ;
#165 = ORIENTED_EDGE ( 'NONE', *, *, #38, .F. ) ;
#166 = LINE ( 'NONE', #683, #1531 ) ;
#167 = ADVANCED_FACE ( 'NONE', ( #500, #1873, #1164 ), #1835, .T. ) ;
#168 = DIRECTION ( 'NONE',  ( 1.000000000000000000, 0.0000000000000000000, 0.0000000000000000000 ) ) ;
#169 =( NAMED_UNIT ( * ) SI_UNIT ( $, .STERADIAN. ) SOLID_ANGLE_UNIT ( ) );
#170 = ADVANCED_FACE ( 'NONE', ( #5 ), #1854, .T. ) ;
#171 = EDGE_LOOP ( 'NONE', ( #1912, #2063, #1465, #1289 ) ) ;
#172 = LINE ( 'NONE', #1509, #2027 ) ;
#173 = MANIFOLD_SOLID_BREP ( 'Скругление2', #1534 ) ;
#174 = VERTEX_POINT ( 'NONE', #1382 ) ;
#175 = DIRECTION ( 'NONE',  ( 1.000000000000000000, 0.0000000000000000000, 0.0000000000000000000 ) ) ;
#176 = VECTOR ( 'NONE', #1969, 1000.000000000000000 ) ;
#177 = EDGE_LOOP ( 'NONE', ( #1416, #1066, #1762, #433 ) ) ;
#178 = CIRCLE ( 'NONE', #2104, 3.450000000000000178 ) ;
#179 = CYLINDRICAL_SURFACE ( 'NONE', #810, 1.600000000000000089 ) ;
#180 = DIRECTION ( 'NONE',  ( 0.0000000000000000000, 0.0000000000000000000, 1.000000000000000000 ) ) ;
#181 = ORIENTED_EDGE ( 'NONE', *, *, #244, .T. ) ;
#182 = CARTESIAN_POINT ( 'NONE',  ( -4.450000000000001066, -1.599999999999998312, 6.999999999999994671 ) ) ;
#183 = CARTESIAN_POINT ( 'NONE',  ( -2.779240779943886519, 33.00000000000000000, 0.0000000000000000000 ) ) ;
#184 = EDGE_CURVE ( 'NONE', #1649, #1750, #948, .T. ) ;
#185 = EDGE_LOOP ( 'NONE', ( #66, #1029, #1091, #218 ) ) ;
#186 = CARTESIAN_POINT ( 'NONE',  ( -2.500000000000000000, 0.0000000000000000000, -1.600000000000000089 ) ) ;
#187 = CARTESIAN_POINT ( 'NONE',  ( 0.0000000000000000000, 26.99999999999999645, 0.0000000000000000000 ) ) ;
#188 = DIRECTION ( 'NONE',  ( 0.0000000000000000000, 1.000000000000000000, -4.440892098500625176E-16 ) ) ;
#189 = ORIENTED_EDGE ( 'NONE', *, *, #1590, .F. ) ;
#190 = LINE ( 'NONE', #1373, #456 ) ;
#191 = CARTESIAN_POINT ( 'NONE',  ( 5.000000000000000000, -1.599999999999999423, 3.000000000000000888 ) ) ;
#192 = ORIENTED_EDGE ( 'NONE', *, *, #1375, .F. ) ;
#193 = DIRECTION ( 'NONE',  ( -0.0000000000000000000, -1.000000000000000000, 4.440892098500625176E-16 ) ) ;
#194 = UNCERTAINTY_MEASURE_WITH_UNIT (LENGTH_MEASURE( 1.000000000000000082E-05 ), #755, 'distance_accuracy_value', 'NONE');
#195 = ORIENTED_EDGE ( 'NONE', *, *, #1173, .T. ) ;
#196 = EDGE_CURVE ( 'NONE', #689, #1942, #1583, .T. ) ;
#197 = EDGE_CURVE ( 'NONE', #1232, #365, #1574, .T. ) ;
#198 = FACE_OUTER_BOUND ( 'NONE', #334, .T. ) ;
#199 = ORIENTED_EDGE ( 'NONE', *, *, #1468, .T. ) ;
#200 = COLOUR_RGB ( '',0.7960784313725489669, 0.8235294117647058432, 0.9372549019607843146 ) ;
#201 = TOROIDAL_SURFACE ( 'NONE', #1315, 3.600000000000000533, 1.500000000000000000 ) ;
#202 = DIRECTION ( 'NONE',  ( -0.0000000000000000000, -1.000000000000000000, -0.0000000000000000000 ) ) ;
#203 = CARTESIAN_POINT ( 'NONE',  ( -2.100000000000000977, -2.999999999999993783, 26.99999999999999645 ) ) ;
#204 = EDGE_LOOP ( 'NONE', ( #1118, #96, #1901, #1545 ) ) ;
#205 = CARTESIAN_POINT ( 'NONE',  ( -4.450000000000001066, -2.599999999999993872, 26.99999999999999645 ) ) ;
#206 = VECTOR ( 'NONE', #202, 1000.000000000000000 ) ;
#207 = ORIENTED_EDGE ( 'NONE', *, *, #1402, .F. ) ;
#208 = AXIS2_PLACEMENT_3D ( 'NONE', #1572, #605, #589 ) ;
#209 = DIRECTION ( 'NONE',  ( 0.0000000000000000000, 1.000000000000000000, -4.440892098500625176E-16 ) ) ;
#210 = EDGE_CURVE ( 'NONE', #752, #1849, #322, .T. ) ;
#211 = DIRECTION ( 'NONE',  ( -0.0000000000000000000, -1.000000000000000000, 4.440892098500625176E-16 ) ) ;
#212 = EDGE_LOOP ( 'NONE', ( #1597, #1707 ) ) ;
#213 = EDGE_CURVE ( 'NONE', #682, #1664, #1482, .T. ) ;
#214 = FACE_BOUND ( 'NONE', #1566, .T. ) ;
#215 = DIRECTION ( 'NONE',  ( -1.000000000000000000, 0.0000000000000000000, 0.0000000000000000000 ) ) ;
#216 = VERTEX_POINT ( 'NONE', #909 ) ;
#217 = CARTESIAN_POINT ( 'NONE',  ( -4.000000000000000000, -1.599999999999999423, 3.000000000000000888 ) ) ;
#218 = ORIENTED_EDGE ( 'NONE', *, *, #521, .T. ) ;
#219 = VECTOR ( 'NONE', #1619, 1000.000000000000000 ) ;
#220 = ORIENTED_EDGE ( 'NONE', *, *, #1056, .T. ) ;
#221 = CARTESIAN_POINT ( 'NONE',  ( 0.0000000000000000000, 6.999999999999995559, -1.600000000000000089 ) ) ;
#222 = ORIENTED_EDGE ( 'NONE', *, *, #2013, .T. ) ;
#223 = CARTESIAN_POINT ( 'NONE',  ( -3.600000000000000977, 6.033368249447333497E-15, 26.99999999999999645 ) ) ;
#224 = EDGE_CURVE ( 'NONE', #346, #990, #1905, .T. ) ;
#225 = DIRECTION ( 'NONE',  ( 0.0000000000000000000, 0.0000000000000000000, 1.000000000000000000 ) ) ;
#226 = ORIENTED_EDGE ( 'NONE', *, *, #809, .T. ) ;
#227 = ADVANCED_FACE ( 'NONE', ( #1713, #214 ), #1550, .T. ) ;
#228 = DIRECTION ( 'NONE',  ( -0.0000000000000000000, -0.0000000000000000000, 1.000000000000000000 ) ) ;
#229 = VERTEX_POINT ( 'NONE', #250 ) ;
#230 =( NAMED_UNIT ( * ) SI_UNIT ( $, .STERADIAN. ) SOLID_ANGLE_UNIT ( ) );
#231 = DIRECTION ( 'NONE',  ( 0.0000000000000000000, 0.0000000000000000000, 1.000000000000000000 ) ) ;
#232 = ORIENTED_EDGE ( 'NONE', *, *, #935, .T. ) ;
#233 = AXIS2_PLACEMENT_3D ( 'NONE', #240, #76, #1293 ) ;
#234 = DIRECTION ( 'NONE',  ( -1.000000000000000000, 0.0000000000000000000, 0.0000000000000000000 ) ) ;
#235 = MECHANICAL_DESIGN_GEOMETRIC_PRESENTATION_REPRESENTATION (  '', ( #634 ), #1246 ) ;
#236 = FACE_OUTER_BOUND ( 'NONE', #998, .T. ) ;
#237 = EDGE_CURVE ( 'NONE', #1740, #1732, #564, .T. ) ;
#238 = VECTOR ( 'NONE', #1758, 1000.000000000000000 ) ;
#239 = VERTEX_POINT ( 'NONE', #1757 ) ;
#240 = CARTESIAN_POINT ( 'NONE',  ( 2.500000000000000444, 0.0000000000000000000, 0.0000000000000000000 ) ) ;
#241 = CARTESIAN_POINT ( 'NONE',  ( 0.0000000000000000000, 6.999999999999995559, -3.000000000000000000 ) ) ;
#242 = MECHANICAL_DESIGN_GEOMETRIC_PRESENTATION_REPRESENTATION (  '', ( #63 ), #1075 ) ;
#243 = CIRCLE ( 'NONE', #1354, 1.600000000000000089 ) ;
#244 = EDGE_CURVE ( 'NONE', #291, #448, #1220, .T. ) ;
#245 = APPLICATION_CONTEXT ( 'automotive_design' ) ;
#246 = VERTEX_POINT ( 'NONE', #1888 ) ;
#247 = CARTESIAN_POINT ( 'NONE',  ( 0.0000000000000000000, 26.99999999999999645, -1.600000000000000089 ) ) ;
#248 = CIRCLE ( 'NONE', #2021, 4.450000000000001066 ) ;
#249 = ORIENTED_EDGE ( 'NONE', *, *, #472, .T. ) ;
#250 = CARTESIAN_POINT ( 'NONE',  ( 2.100000000000000089, 6.999999999999995559, -3.000000000000000000 ) ) ;
#251 = AXIS2_PLACEMENT_3D ( 'NONE', #992, #987, #175 ) ;
#252 = CARTESIAN_POINT ( 'NONE',  ( -2.779240779943879858, 34.00000000000000000, 0.0000000000000000000 ) ) ;
#253 = EDGE_LOOP ( 'NONE', ( #2083, #3, #1419, #895 ) ) ;
#254 = FACE_OUTER_BOUND ( 'NONE', #52, .T. ) ;
#255 = TOROIDAL_SURFACE ( 'NONE', #956, 4.450000000000001066, 1.000000000000000000 ) ;
#256 = FACE_OUTER_BOUND ( 'NONE', #974, .T. ) ;
#257 = VERTEX_POINT ( 'NONE', #1559 ) ;
#258 = ADVANCED_FACE ( 'NONE', ( #2059 ), #1782, .F. ) ;
#259 = AXIS2_PLACEMENT_3D ( 'NONE', #1921, #109, #2110 ) ;
#260 = ORIENTED_EDGE ( 'NONE', *, *, #1212, .F. ) ;
#261 = DIRECTION ( 'NONE',  ( 0.0000000000000000000, 0.0000000000000000000, 1.000000000000000000 ) ) ;
#262 = DIRECTION ( 'NONE',  ( 1.224646799147353207E-16, -4.440892098500625176E-16, -1.000000000000000000 ) ) ;
#263 = EDGE_LOOP ( 'NONE', ( #1412, #220, #1673, #1863 ) ) ;
#264 = CARTESIAN_POINT ( 'NONE',  ( -3.450000000000000622, 26.99999999999999645, -3.000000000000000000 ) ) ;
#265 = PLANE ( 'NONE',  #1420 ) ;
#266 = VERTEX_POINT ( 'NONE', #223 ) ;
#267 = DIRECTION ( 'NONE',  ( 0.0000000000000000000, 0.0000000000000000000, 1.000000000000000000 ) ) ;
#268 = EDGE_CURVE ( 'NONE', #346, #2128, #571, .T. ) ;
#269 = FACE_OUTER_BOUND ( 'NONE', #765, .T. ) ;
#270 = EDGE_LOOP ( 'NONE', ( #1026, #1236 ) ) ;
#271 = EDGE_CURVE ( 'NONE', #1789, #1433, #2071, .T. ) ;
#272 = DIRECTION ( 'NONE',  ( 1.224646799147353207E-16, -4.440892098500625176E-16, -1.000000000000000000 ) ) ;
#273 = DIRECTION ( 'NONE',  ( 0.0000000000000000000, 1.000000000000000000, -4.440892098500625176E-16 ) ) ;
#274 = VECTOR ( 'NONE', #302, 1000.000000000000000 ) ;
#275 = ORIENTED_EDGE ( 'NONE', *, *, #1496, .F. ) ;
#276 =( NAMED_UNIT ( * ) PLANE_ANGLE_UNIT ( ) SI_UNIT ( $, .RADIAN. ) );
#277 = DIRECTION ( 'NONE',  ( 1.000000000000000000, 0.0000000000000000000, 0.0000000000000000000 ) ) ;
#278 = LINE ( 'NONE', #463, #1772 ) ;
#279 = ORIENTED_EDGE ( 'NONE', *, *, #1160, .F. ) ;
#280 = AXIS2_PLACEMENT_3D ( 'NONE', #816, #662, #1307 ) ;
#281 = ORIENTED_EDGE ( 'NONE', *, *, #799, .F. ) ;
#282 = AXIS2_PLACEMENT_3D ( 'NONE', #1800, #1822, #1648 ) ;
#283 = SURFACE_STYLE_USAGE ( .BOTH. , #1611 ) ;
#284 = AXIS2_PLACEMENT_3D ( 'NONE', #285, #1798, #937 ) ;
#285 = CARTESIAN_POINT ( 'NONE',  ( -3.600000000000000977, 26.99999999999999645, -1.500000000000000000 ) ) ;
#286 = EDGE_CURVE ( 'NONE', #1750, #1740, #1593, .T. ) ;
#287 = DIRECTION ( 'NONE',  ( 0.0000000000000000000, 1.000000000000000000, -4.440892098500625176E-16 ) ) ;
#288 = EDGE_LOOP ( 'NONE', ( #339, #865, #368, #1599 ) ) ;
#289 = DIRECTION ( 'NONE',  ( 0.0000000000000000000, 0.0000000000000000000, 1.000000000000000000 ) ) ;
#290 = DIRECTION ( 'NONE',  ( 0.0000000000000000000, -1.000000000000000000, 0.0000000000000000000 ) ) ;
#291 = VERTEX_POINT ( 'NONE', #1733 ) ;
#292 = CIRCLE ( 'NONE', #2062, 3.450000000000000622 ) ;
#293 = DIRECTION ( 'NONE',  ( 1.000000000000000000, 0.0000000000000000000, -0.0000000000000000000 ) ) ;
#294 = VECTOR ( 'NONE', #2040, 1000.000000000000000 ) ;
#295 = CIRCLE ( 'NONE', #1995, 3.450000000000000178 ) ;
#296 = DIRECTION ( 'NONE',  ( 0.0000000000000000000, 1.000000000000000000, -4.440892098500625176E-16 ) ) ;
#297 = FACE_OUTER_BOUND ( 'NONE', #535, .T. ) ;
#298 = DIRECTION ( 'NONE',  ( 0.0000000000000000000, -1.000000000000000000, 4.440892098500625176E-16 ) ) ;
#299 = EDGE_CURVE ( 'NONE', #593, #689, #1539, .T. ) ;
#300 = ORIENTED_EDGE ( 'NONE', *, *, #1306, .T. ) ;
#301 = PRESENTATION_STYLE_ASSIGNMENT (( #609 ) ) ;
#302 = DIRECTION ( 'NONE',  ( 0.0000000000000000000, 1.000000000000000000, -4.440892098500625176E-16 ) ) ;
#303 = EDGE_LOOP ( 'NONE', ( #1114, #372, #1555, #149, #222, #1177, #1196, #981, #1409, #1328, #1219, #552, #664, #1448 ) ) ;
#304 = DIRECTION ( 'NONE',  ( 1.000000000000000000, 0.0000000000000000000, 0.0000000000000000000 ) ) ;
#305 = DIRECTION ( 'NONE',  ( 0.0000000000000000000, 1.000000000000000000, -4.440892098500625176E-16 ) ) ;
#306 = CARTESIAN_POINT ( 'NONE',  ( 0.0000000000000000000, -1.599999999999994094, 26.99999999999999645 ) ) ;
#307 = CARTESIAN_POINT ( 'NONE',  ( -2.779240779943886519, 33.00000000000000000, -1.600000000000000089 ) ) ;
#308 = DIRECTION ( 'NONE',  ( 1.000000000000000000, 0.0000000000000000000, 0.0000000000000000000 ) ) ;
#309 = EDGE_CURVE ( 'NONE', #1252, #1623, #94, .T. ) ;
#310 = AXIS2_PLACEMENT_3D ( 'NONE', #1369, #1513, #496 ) ;
#311 = ORIENTED_EDGE ( 'NONE', *, *, #271, .T. ) ;
#312 = DIRECTION ( 'NONE',  ( 0.0000000000000000000, 0.0000000000000000000, 1.000000000000000000 ) ) ;
#313 = COLOUR_RGB ( '',0.7960784313725489669, 0.8235294117647058432, 0.9372549019607843146 ) ;
#314 = ADVANCED_FACE ( 'NONE', ( #619 ), #1500, .F. ) ;
#315 = VECTOR ( 'NONE', #1383, 1000.000000000000000 ) ;
#316 = EDGE_LOOP ( 'NONE', ( #2004, #1609, #1376, #587 ) ) ;
#317 = COLOUR_RGB ( '',0.7960784313725489669, 0.8235294117647058432, 0.9372549019607843146 ) ;
#318 = DIRECTION ( 'NONE',  ( 0.0000000000000000000, 0.0000000000000000000, -1.000000000000000000 ) ) ;
#319 = CARTESIAN_POINT ( 'NONE',  ( -3.600000000000000977, -1.499999999999994005, 26.99999999999999645 ) ) ;
#320 = DIRECTION ( 'NONE',  ( 0.0000000000000000000, 1.000000000000000000, -4.440892098500625176E-16 ) ) ;
#321 = ORIENTED_EDGE ( 'NONE', *, *, #652, .F. ) ;
#322 = CIRCLE ( 'NONE', #208, 1.000000000000000000 ) ;
#323 = ORIENTED_EDGE ( 'NONE', *, *, #391, .F. ) ;
#324 = CARTESIAN_POINT ( 'NONE',  ( 4.000000000000000000, 0.4999999999999991673, 0.5000000000000000000 ) ) ;
#325 = VECTOR ( 'NONE', #1523, 1000.000000000000000 ) ;
#326 = VECTOR ( 'NONE', #1557, 1000.000000000000000 ) ;
#327 = EDGE_CURVE ( 'NONE', #777, #1789, #811, .T. ) ;
#328 = CIRCLE ( 'NONE', #984, 3.450000000000000178 ) ;
#329 = DIRECTION ( 'NONE',  ( -1.000000000000000000, 0.0000000000000000000, 0.0000000000000000000 ) ) ;
#330 = FILL_AREA_STYLE ('',( #488 ) ) ;
#331 = STYLED_ITEM ( 'NONE', ( #301 ), #1215 ) ;
#332 = DIRECTION ( 'NONE',  ( -0.0000000000000000000, 1.000000000000000000, -4.440892098500625176E-16 ) ) ;
#333 = CARTESIAN_POINT ( 'NONE',  ( -2.100000000000000977, 26.99999999999999645, -3.000000000000000000 ) ) ;
#334 = EDGE_LOOP ( 'NONE', ( #932, #1049, #2007, #150 ) ) ;
#335 = CARTESIAN_POINT ( 'NONE',  ( 2.500000000000000444, 0.0000000000000000000, -1.600000000000000089 ) ) ;
#336 = CARTESIAN_POINT ( 'NONE',  ( -4.450000000000001066, 26.99999999999999645, -2.600000000000000089 ) ) ;
#337 = EDGE_CURVE ( 'NONE', #1411, #1732, #847, .T. ) ;
#338 = CARTESIAN_POINT ( 'NONE',  ( 3.727924077994404506, 33.31622776601682290, 0.0000000000000000000 ) ) ;
#339 = ORIENTED_EDGE ( 'NONE', *, *, #80, .F. ) ;
#340 = DIRECTION ( 'NONE',  ( -1.000000000000000000, 0.0000000000000000000, 0.0000000000000000000 ) ) ;
#341 = EDGE_CURVE ( 'NONE', #401, #574, #1953, .T. ) ;
#342 = LINE ( 'NONE', #1864, #206 ) ;
#343 = SURFACE_STYLE_USAGE ( .BOTH. , #655 ) ;
#344 = ORIENTED_EDGE ( 'NONE', *, *, #1919, .T. ) ;
#345 = LINE ( 'NONE', #1476, #1472 ) ;
#346 = VERTEX_POINT ( 'NONE', #2145 ) ;
#347 = LINE ( 'NONE', #1324, #1716 ) ;
#348 = EDGE_LOOP ( 'NONE', ( #852, #128, #1866, #275 ) ) ;
#349 = SURFACE_STYLE_FILL_AREA ( #1174 ) ;
#350 = EDGE_CURVE ( 'NONE', #752, #1692, #458, .T. ) ;
#351 = FILL_AREA_STYLE ('',( #1814 ) ) ;
#352 = AXIS2_PLACEMENT_3D ( 'NONE', #1540, #720, #1030 ) ;
#353 = ORIENTED_EDGE ( 'NONE', *, *, #1538, .F. ) ;
#354 = CARTESIAN_POINT ( 'NONE',  ( -3.500000000000000000, -1.599999999999999645, 2.000000000000000888 ) ) ;
#355 = ORIENTED_EDGE ( 'NONE', *, *, #130, .T. ) ;
#356 = CIRCLE ( 'NONE', #1577, 3.450000000000000622 ) ;
#357 = CARTESIAN_POINT ( 'NONE',  ( 3.499999999999999556, -1.599999999999999645, 2.000000000000000888 ) ) ;
#358 = CARTESIAN_POINT ( 'NONE',  ( -3.600000000000000977, 26.99999999999999645, 0.0000000000000000000 ) ) ;
#359 = CARTESIAN_POINT ( 'NONE',  ( -3.450000000000000178, -2.999999999999998224, 6.999999999999997335 ) ) ;
#360 = ORIENTED_EDGE ( 'NONE', *, *, #977, .F. ) ;
#361 = CARTESIAN_POINT ( 'NONE',  ( 4.000000000000000000, 6.661338147750937270E-16, 3.000000000000000000 ) ) ;
#362 = TOROIDAL_SURFACE ( 'NONE', #470, 3.600000000000000533, 1.500000000000000000 ) ;
#363 = DIRECTION ( 'NONE',  ( -0.0000000000000000000, 1.000000000000000000, -4.440892098500625176E-16 ) ) ;
#364 = EDGE_CURVE ( 'NONE', #555, #886, #248, .T. ) ;
#365 = VERTEX_POINT ( 'NONE', #1636 ) ;
#366 = DIRECTION ( 'NONE',  ( -0.3162277660168351101, 2.106500081146022263E-16, 0.9486832980505147672 ) ) ;
#367 = ADVANCED_FACE ( 'NONE', ( #297 ), #390, .T. ) ;
#368 = ORIENTED_EDGE ( 'NONE', *, *, #213, .T. ) ;
#369 = DIRECTION ( 'NONE',  ( 0.0000000000000000000, -4.440892098500625176E-16, -1.000000000000000000 ) ) ;
#370 = SURFACE_STYLE_USAGE ( .BOTH. , #516 ) ;
#371 = DIRECTION ( 'NONE',  ( 1.000000000000000000, 0.0000000000000000000, 0.0000000000000000000 ) ) ;
#372 = ORIENTED_EDGE ( 'NONE', *, *, #1469, .T. ) ;
#373 = CARTESIAN_POINT ( 'NONE',  ( -2.100000000000000089, -1.499999999999998446, 6.999999999999997335 ) ) ;
#374 = LINE ( 'NONE', #1209, #1530 ) ;
#375 = VERTEX_POINT ( 'NONE', #2127 ) ;
#376 = LINE ( 'NONE', #1224, #78 ) ;
#377 = ORIENTED_EDGE ( 'NONE', *, *, #1051, .T. ) ;
#378 = CARTESIAN_POINT ( 'NONE',  ( 0.0000000000000000000, -2.999999999999998224, 6.999999999999997335 ) ) ;
#379 = ADVANCED_FACE ( 'NONE', ( #116 ), #479, .T. ) ;
#380 = AXIS2_PLACEMENT_3D ( 'NONE', #357, #369, #1027 ) ;
#381 =( LENGTH_UNIT ( ) NAMED_UNIT ( * ) SI_UNIT ( .MILLI., .METRE. ) );
#382 = VERTEX_POINT ( 'NONE', #1280 ) ;
#383 = AXIS2_PLACEMENT_3D ( 'NONE', #1802, #1671, #1165 ) ;
#384 = MECHANICAL_DESIGN_GEOMETRIC_PRESENTATION_REPRESENTATION (  '', ( #1812 ), #1217 ) ;
#385 = CARTESIAN_POINT ( 'NONE',  ( -2.500000000000000000, -1.600000000000000089, 0.0000000000000000000 ) ) ;
#386 = LINE ( 'NONE', #722, #315 ) ;
#387 = ORIENTED_EDGE ( 'NONE', *, *, #299, .F. ) ;
#388 = DIRECTION ( 'NONE',  ( 1.000000000000000000, 0.0000000000000000000, 0.0000000000000000000 ) ) ;
#389 = VERTEX_POINT ( 'NONE', #1478 ) ;
#390 = TOROIDAL_SURFACE ( 'NONE', #1045, 3.600000000000000533, 1.500000000000000000 ) ;
#391 = EDGE_CURVE ( 'NONE', #1692, #1184, #1467, .T. ) ;
#392 = CARTESIAN_POINT ( 'NONE',  ( 5.000000000000000000, 3.499999999999999556, -1.600000000000000089 ) ) ;
#393 = ORIENTED_EDGE ( 'NONE', *, *, #1202, .T. ) ;
#394 = CIRCLE ( 'NONE', #1123, 3.450000000000000178 ) ;
#395 = AXIS2_PLACEMENT_3D ( 'NONE', #1785, #231, #293 ) ;
#396 = DIRECTION ( 'NONE',  ( 0.0000000000000000000, 0.0000000000000000000, -1.000000000000000000 ) ) ;
#397 = CARTESIAN_POINT ( 'NONE',  ( 0.0000000000000000000, 26.99999999999999645, -1.600000000000000089 ) ) ;
#398 = ORIENTED_EDGE ( 'NONE', *, *, #1820, .F. ) ;
#399 = CARTESIAN_POINT ( 'NONE',  ( 3.600000000000000533, -1.499999999999998446, 6.999999999999996447 ) ) ;
#400 = UNCERTAINTY_MEASURE_WITH_UNIT (LENGTH_MEASURE( 1.000000000000000082E-05 ), #982, 'distance_accuracy_value', 'NONE');
#401 = VERTEX_POINT ( 'NONE', #651 ) ;
#402 = FACE_BOUND ( 'NONE', #1679, .T. ) ;
#403 = EDGE_LOOP ( 'NONE', ( #2164, #1207, #728, #1768 ) ) ;
#404 = DIRECTION ( 'NONE',  ( 0.0000000000000000000, 0.0000000000000000000, 1.000000000000000000 ) ) ;
#405 = EDGE_CURVE ( 'NONE', #365, #1232, #1007, .T. ) ;
#406 = LINE ( 'NONE', #2016, #1876 ) ;
#407 = ORIENTED_EDGE ( 'NONE', *, *, #1251, .T. ) ;
#408 = CARTESIAN_POINT ( 'NONE',  ( 3.727924077994404506, 33.31622776601682290, -1.600000000000000089 ) ) ;
#409 = ORIENTED_EDGE ( 'NONE', *, *, #1976, .T. ) ;
#410 = DIRECTION ( 'NONE',  ( 1.000000000000000000, 0.0000000000000000000, 0.0000000000000000000 ) ) ;
#411 = ORIENTED_EDGE ( 'NONE', *, *, #965, .F. ) ;
#412 = DIRECTION ( 'NONE',  ( -1.000000000000000000, 0.0000000000000000000, -0.0000000000000000000 ) ) ;
#413 = VECTOR ( 'NONE', #1775, 1000.000000000000000 ) ;
#414 = DIRECTION ( 'NONE',  ( 0.0000000000000000000, 0.0000000000000000000, -1.000000000000000000 ) ) ;
#415 = VECTOR ( 'NONE', #180, 1000.000000000000000 ) ;
#416 = EDGE_CURVE ( 'NONE', #1359, #375, #1608, .T. ) ;
#417 = ORIENTED_EDGE ( 'NONE', *, *, #1426, .T. ) ;
#418 = CARTESIAN_POINT ( 'NONE',  ( 4.000000000000000000, -1.599999999999999423, 3.000000000000000888 ) ) ;
#419 = DIRECTION ( 'NONE',  ( 1.000000000000000000, 0.0000000000000000000, 0.0000000000000000000 ) ) ;
#420 = AXIS2_PLACEMENT_3D ( 'NONE', #1163, #1313, #1137 ) ;
#421 = EDGE_LOOP ( 'NONE', ( #569, #1099, #1021, #1055 ) ) ;
#422 = CARTESIAN_POINT ( 'NONE',  ( 2.500000000000000444, 0.0000000000000000000, -1.600000000000000089 ) ) ;
#423 = AXIS2_PLACEMENT_3D ( 'NONE', #361, #1669, #168 ) ;
#424 = VERTEX_POINT ( 'NONE', #658 ) ;
#425 = DIRECTION ( 'NONE',  ( 0.0000000000000000000, 1.000000000000000000, -4.440892098500625176E-16 ) ) ;
#426 = CARTESIAN_POINT ( 'NONE',  ( 0.0000000000000000000, -2.999999999999998224, 6.999999999999997335 ) ) ;
#427 = AXIS2_PLACEMENT_3D ( 'NONE', #221, #113, #1403 ) ;
#428 = ORIENTED_EDGE ( 'NONE', *, *, #977, .T. ) ;
#429 = CARTESIAN_POINT ( 'NONE',  ( 0.0000000000000000000, 6.999999999999995559, -2.600000000000000089 ) ) ;
#430 = AXIS2_PLACEMENT_3D ( 'NONE', #985, #1796, #830 ) ;
#431 = CYLINDRICAL_SURFACE ( 'NONE', #768, 1.000000000000000444 ) ;
#432 = ADVANCED_FACE ( 'NONE', ( #1125 ), #1121, .F. ) ;
#433 = ORIENTED_EDGE ( 'NONE', *, *, #1919, .F. ) ;
#434 = EDGE_CURVE ( 'NONE', #1411, #424, #139, .T. ) ;
#435 = MECHANICAL_DESIGN_GEOMETRIC_PRESENTATION_REPRESENTATION (  '', ( #331 ), #1443 ) ;
#436 = ORIENTED_EDGE ( 'NONE', *, *, #416, .F. ) ;
#437 = DIRECTION ( 'NONE',  ( -0.0000000000000000000, 1.000000000000000000, -4.440892098500625176E-16 ) ) ;
#438 = CARTESIAN_POINT ( 'NONE',  ( 2.100000000000000089, 6.999999999999995559, -1.600000000000000089 ) ) ;
#439 = ORIENTED_EDGE ( 'NONE', *, *, #1187, .T. ) ;
#440 = DIRECTION ( 'NONE',  ( 1.000000000000000000, 0.0000000000000000000, 0.0000000000000000000 ) ) ;
#441 = DIRECTION ( 'NONE',  ( 0.0000000000000000000, 1.000000000000000000, 0.0000000000000000000 ) ) ;
#442 = VERTEX_POINT ( 'NONE', #1937 ) ;
#443 = ADVANCED_FACE ( 'NONE', ( #1778 ), #1303, .T. ) ;
#444 = CARTESIAN_POINT ( 'NONE',  ( 2.500000000000000444, -1.600000000000000089, 0.0000000000000000000 ) ) ;
#445 = DIRECTION ( 'NONE',  ( 1.000000000000000000, 0.0000000000000000000, 0.0000000000000000000 ) ) ;
#446 = CARTESIAN_POINT ( 'NONE',  ( -5.000000000000000000, -1.599999999999999423, 3.000000000000007994 ) ) ;
#447 = AXIS2_PLACEMENT_3D ( 'NONE', #957, #964, #1628 ) ;
#448 = VERTEX_POINT ( 'NONE', #124 ) ;
#449 = FACE_BOUND ( 'NONE', #2112, .T. ) ;
#450 = PRESENTATION_STYLE_ASSIGNMENT (( #1454 ) ) ;
#451 = CIRCLE ( 'NONE', #1073, 1.000000000000000000 ) ;
#452 = ORIENTED_EDGE ( 'NONE', *, *, #782, .T. ) ;
#453 = AXIS2_PLACEMENT_3D ( 'NONE', #653, #814, #298 ) ;
#454 = VECTOR ( 'NONE', #530, 1000.000000000000000 ) ;
#455 = PLANE ( 'NONE',  #1580 ) ;
#456 = VECTOR ( 'NONE', #1326, 1000.000000000000000 ) ;
#457 = EDGE_CURVE ( 'NONE', #266, #12, #106, .T. ) ;
#458 = CIRCLE ( 'NONE', #1991, 4.450000000000001066 ) ;
#459 = CARTESIAN_POINT ( 'NONE',  ( 0.0000000000000000000, -2.999999999999998224, 6.999999999999997335 ) ) ;
#460 = VERTEX_POINT ( 'NONE', #1831 ) ;
#461 = DIRECTION ( 'NONE',  ( 0.0000000000000000000, 0.0000000000000000000, -1.000000000000000000 ) ) ;
#462 = ORIENTED_EDGE ( 'NONE', *, *, #309, .F. ) ;
#463 = CARTESIAN_POINT ( 'NONE',  ( 5.000000000000000000, 3.000000000000000000, -1.600000000000000089 ) ) ;
#464 = CIRCLE ( 'NONE', #854, 3.450000000000000622 ) ;
#465 = ORIENTED_EDGE ( 'NONE', *, *, #416, .T. ) ;
#466 = CARTESIAN_POINT ( 'NONE',  ( 4.450000000000001066, 26.99999999999999645, -2.600000000000000089 ) ) ;
#467 = SHAPE_DEFINITION_REPRESENTATION ( #1102, #1481 ) ;
#468 = VECTOR ( 'NONE', #228, 1000.000000000000000 ) ;
#469 = CARTESIAN_POINT ( 'NONE',  ( 5.000000000000000000, 3.000000000000000000, 0.0000000000000000000 ) ) ;
#470 = AXIS2_PLACEMENT_3D ( 'NONE', #1654, #1356, #714 ) ;
#471 = DIRECTION ( 'NONE',  ( 1.000000000000000000, 0.0000000000000000000, 0.0000000000000000000 ) ) ;
#472 = EDGE_CURVE ( 'NONE', #144, #1433, #1957, .T. ) ;
#473 = SURFACE_STYLE_USAGE ( .BOTH. , #668 ) ;
#474 = FACE_OUTER_BOUND ( 'NONE', #1717, .T. ) ;
#475 = EDGE_CURVE ( 'NONE', #541, #674, #11, .T. ) ;
#476 = FACE_OUTER_BOUND ( 'NONE', #2087, .T. ) ;
#477 = ORIENTED_EDGE ( 'NONE', *, *, #1292, .T. ) ;
#478 = CARTESIAN_POINT ( 'NONE',  ( 4.450000000000001066, 6.999999999999995559, -1.599999999999999867 ) ) ;
#479 = CYLINDRICAL_SURFACE ( 'NONE', #670, 3.450000000000000622 ) ;
#480 = CARTESIAN_POINT ( 'NONE',  ( -2.500000000000000000, 4.440892098500625176E-16, 2.000000000000000000 ) ) ;
#481 = EDGE_LOOP ( 'NONE', ( #1155, #492, #615, #1528 ) ) ;
#482 = PRESENTATION_STYLE_ASSIGNMENT (( #343 ) ) ;
#483 = EDGE_CURVE ( 'NONE', #1849, #1184, #394, .T. ) ;
#484 = FACE_BOUND ( 'NONE', #1002, .T. ) ;
#485 = DIRECTION ( 'NONE',  ( -1.000000000000000000, 0.0000000000000000000, 0.0000000000000000000 ) ) ;
#486 = VECTOR ( 'NONE', #441, 1000.000000000000000 ) ;
#487 = DIRECTION ( 'NONE',  ( 0.0000000000000000000, 0.0000000000000000000, 1.000000000000000000 ) ) ;
#488 = FILL_AREA_STYLE_COLOUR ( '', #1569 ) ;
#489 = DIRECTION ( 'NONE',  ( 0.0000000000000000000, 0.0000000000000000000, 1.000000000000000000 ) ) ;
#490 = AXIS2_PLACEMENT_3D ( 'NONE', #1076, #261, #927 ) ;
#491 = FILL_AREA_STYLE_COLOUR ( '', #1000 ) ;
#492 = ORIENTED_EDGE ( 'NONE', *, *, #364, .T. ) ;
#493 = DIRECTION ( 'NONE',  ( 0.0000000000000000000, -1.000000000000000000, 0.0000000000000000000 ) ) ;
#494 = EDGE_CURVE ( 'NONE', #1232, #375, #1657, .T. ) ;
#495 = ADVANCED_FACE ( 'NONE', ( #1514, #693 ), #1663, .T. ) ;
#496 = DIRECTION ( 'NONE',  ( -1.000000000000000000, 0.0000000000000000000, 0.0000000000000000000 ) ) ;
#497 = DIRECTION ( 'NONE',  ( 0.0000000000000000000, -2.220446049250312588E-16, -1.000000000000000000 ) ) ;
#498 = CARTESIAN_POINT ( 'NONE',  ( -5.000000000000000000, 3.000000000000007105, -1.600000000000000089 ) ) ;
#499 = CARTESIAN_POINT ( 'NONE',  ( -2.779240779943879858, -1.599999999999992539, 34.00000000000000000 ) ) ;
#500 = FACE_BOUND ( 'NONE', #1851, .T. ) ;
#501 = PLANE ( 'NONE',  #383 ) ;
#502 = EDGE_LOOP ( 'NONE', ( #1032, #260, #829, #1455 ) ) ;
#503 = CARTESIAN_POINT ( 'NONE',  ( -3.500000000000000000, 2.000000000000000000, 0.0000000000000000000 ) ) ;
#504 = LINE ( 'NONE', #1003, #454 ) ;
#505 = EDGE_CURVE ( 'NONE', #621, #902, #1612, .T. ) ;
#506 = CARTESIAN_POINT ( 'NONE',  ( -2.779240779943879858, 34.00000000000000000, -1.600000000000000089 ) ) ;
#507 = EDGE_LOOP ( 'NONE', ( #961, #1720, #1915, #2019 ) ) ;
#508 = CARTESIAN_POINT ( 'NONE',  ( -3.727924077994404062, -1.599999999999992761, 33.31622776601683000 ) ) ;
#509 = LINE ( 'NONE', #1197, #68 ) ;
#510 = LINE ( 'NONE', #1175, #415 ) ;
#511 = EDGE_LOOP ( 'NONE', ( #436, #1189, #1156, #1388 ) ) ;
#512 = CARTESIAN_POINT ( 'NONE',  ( 5.000000000000000000, 29.50000000000000000, -1.600000000000000089 ) ) ;
#513 = EDGE_LOOP ( 'NONE', ( #726, #232, #647, #1096 ) ) ;
#514 = FACE_OUTER_BOUND ( 'NONE', #817, .T. ) ;
#515 = CIRCLE ( 'NONE', #100, 1.500000000000000000 ) ;
#516 = SURFACE_SIDE_STYLE ('',( #692 ) ) ;
#517 = CARTESIAN_POINT ( 'NONE',  ( -4.450000000000001066, -1.599999999999993872, 26.99999999999999645 ) ) ;
#518 = COLOUR_RGB ( '',0.7960784313725489669, 0.8235294117647058432, 0.9372549019607843146 ) ;
#519 = AXIS2_PLACEMENT_3D ( 'NONE', #378, #1038, #1205 ) ;
#520 = ORIENTED_EDGE ( 'NONE', *, *, #244, .F. ) ;
#521 = EDGE_CURVE ( 'NONE', #1745, #674, #951, .T. ) ;
#522 = CARTESIAN_POINT ( 'NONE',  ( 2.500000000000000444, 2.000000000000000000, -1.600000000000000089 ) ) ;
#523 = DIRECTION ( 'NONE',  ( -0.3162277660168349436, -0.9486832980505148782, 0.0000000000000000000 ) ) ;
#524 = TOROIDAL_SURFACE ( 'NONE', #2056, 4.450000000000001066, 1.000000000000000000 ) ;
#525 = MECHANICAL_DESIGN_GEOMETRIC_PRESENTATION_REPRESENTATION (  '', ( #2094 ), #1151 ) ;
#526 = ORIENTED_EDGE ( 'NONE', *, *, #581, .T. ) ;
#527 = CARTESIAN_POINT ( 'NONE',  ( 3.999999999999993339, -1.599999999999999645, 2.000000000000000888 ) ) ;
#528 = VERTEX_POINT ( 'NONE', #506 ) ;
#529 = AXIS2_PLACEMENT_3D ( 'NONE', #1312, #533, #329 ) ;
#530 = DIRECTION ( 'NONE',  ( 0.0000000000000000000, 1.000000000000000000, -4.440892098500625176E-16 ) ) ;
#531 = PLANE ( 'NONE',  #380 ) ;
#532 =( GEOMETRIC_REPRESENTATION_CONTEXT ( 3 ) GLOBAL_UNCERTAINTY_ASSIGNED_CONTEXT ( ( #944 ) ) GLOBAL_UNIT_ASSIGNED_CONTEXT ( ( #381, #1380, #746 ) ) REPRESENTATION_CONTEXT ( 'NONE', 'WORKASPACE' ) );
#533 = DIRECTION ( 'NONE',  ( 0.0000000000000000000, -1.000000000000000000, 4.440892098500625176E-16 ) ) ;
#534 = CIRCLE ( 'NONE', #679, 3.450000000000000178 ) ;
#535 = EDGE_LOOP ( 'NONE', ( #1858, #17, #924, #1880 ) ) ;
#536 = AXIS2_PLACEMENT_3D ( 'NONE', #1410, #1932, #1093 ) ;
#537 = CARTESIAN_POINT ( 'NONE',  ( 0.0000000000000000000, -2.599999999999993872, 26.99999999999999645 ) ) ;
#538 = CIRCLE ( 'NONE', #821, 1.000000000000000000 ) ;
#539 = FACE_OUTER_BOUND ( 'NONE', #654, .T. ) ;
#540 = EDGE_CURVE ( 'NONE', #1542, #1795, #1982, .T. ) ;
#541 = VERTEX_POINT ( 'NONE', #154 ) ;
#542 = DIRECTION ( 'NONE',  ( 0.0000000000000000000, 1.000000000000000000, 0.0000000000000000000 ) ) ;
#543 = ORIENTED_EDGE ( 'NONE', *, *, #2166, .F. ) ;
#544 = DIRECTION ( 'NONE',  ( -1.000000000000000000, 0.0000000000000000000, -0.0000000000000000000 ) ) ;
#545 = DIRECTION ( 'NONE',  ( 1.000000000000000000, 0.0000000000000000000, 0.0000000000000000000 ) ) ;
#546 = ORIENTED_EDGE ( 'NONE', *, *, #835, .T. ) ;
#547 = CARTESIAN_POINT ( 'NONE',  ( 3.999999999999993339, 2.000000000000000000, -1.600000000000000089 ) ) ;
#548 = CARTESIAN_POINT ( 'NONE',  ( 5.000000000000000000, 29.50000000000000000, 0.0000000000000000000 ) ) ;
#549 = EDGE_LOOP ( 'NONE', ( #189, #111, #731, #1700 ) ) ;
#550 = LINE ( 'NONE', #354, #1508 ) ;
#551 = EDGE_CURVE ( 'NONE', #1261, #718, #347, .T. ) ;
#552 = ORIENTED_EDGE ( 'NONE', *, *, #1446, .T. ) ;
#553 = AXIS2_PLACEMENT_3D ( 'NONE', #2111, #1622, #1922 ) ;
#554 = DIRECTION ( 'NONE',  ( -0.0000000000000000000, -0.0000000000000000000, -1.000000000000000000 ) ) ;
#555 = VERTEX_POINT ( 'NONE', #517 ) ;
#556 = AXIS2_PLACEMENT_3D ( 'NONE', #1198, #1394, #890 ) ;
#557 = AXIS2_PLACEMENT_3D ( 'NONE', #148, #4, #2129 ) ;
#558 = CARTESIAN_POINT ( 'NONE',  ( 0.0000000000000000000, -2.999999999999998224, 6.999999999999997335 ) ) ;
#559 = DIRECTION ( 'NONE',  ( -0.0000000000000000000, 4.440892098500625176E-16, 1.000000000000000000 ) ) ;
#560 = ORIENTED_EDGE ( 'NONE', *, *, #1803, .T. ) ;
#561 = DIRECTION ( 'NONE',  ( 0.0000000000000000000, -1.000000000000000000, 0.0000000000000000000 ) ) ;
#562 = DIRECTION ( 'NONE',  ( 0.0000000000000000000, 0.0000000000000000000, -1.000000000000000000 ) ) ;
#563 = VERTEX_POINT ( 'NONE', #1699 ) ;
#564 = CIRCLE ( 'NONE', #978, 2.100000000000000533 ) ;
#565 = ORIENTED_EDGE ( 'NONE', *, *, #1491, .T. ) ;
#566 = FILL_AREA_STYLE ('',( #1390 ) ) ;
#567 = ADVANCED_FACE ( 'NONE', ( #198 ), #20, .T. ) ;
#568 = LINE ( 'NONE', #1218, #326 ) ;
#569 = ORIENTED_EDGE ( 'NONE', *, *, #823, .F. ) ;
#570 = CIRCLE ( 'NONE', #1852, 4.450000000000001066 ) ;
#571 = LINE ( 'NONE', #1230, #1432 ) ;
#572 = PLANE ( 'NONE',  #556 ) ;
#573 = CIRCLE ( 'NONE', #1365, 2.100000000000000533 ) ;
#574 = VERTEX_POINT ( 'NONE', #875 ) ;
#575 = VECTOR ( 'NONE', #2084, 1000.000000000000114 ) ;
#576 = DIRECTION ( 'NONE',  ( 1.000000000000000000, 0.0000000000000000000, 0.0000000000000000000 ) ) ;
#577 = UNCERTAINTY_MEASURE_WITH_UNIT (LENGTH_MEASURE( 1.000000000000000082E-05 ), #1069, 'distance_accuracy_value', 'NONE');
#578 = ORIENTED_EDGE ( 'NONE', *, *, #1479, .F. ) ;
#579 = DIRECTION ( 'NONE',  ( 0.0000000000000000000, 0.0000000000000000000, 1.000000000000000000 ) ) ;
#580 = ORIENTED_EDGE ( 'NONE', *, *, #1629, .F. ) ;
#581 = EDGE_CURVE ( 'NONE', #838, #1305, #570, .T. ) ;
#582 = CARTESIAN_POINT ( 'NONE',  ( 0.0000000000000000000, 26.99999999999999645, -3.000000000000000000 ) ) ;
#583 = DIRECTION ( 'NONE',  ( 0.0000000000000000000, 2.220446049250312588E-16, 1.000000000000000000 ) ) ;
#584 = ORIENTED_EDGE ( 'NONE', *, *, #1990, .F. ) ;
#585 = DIRECTION ( 'NONE',  ( 1.000000000000000000, 0.0000000000000000000, 0.0000000000000000000 ) ) ;
#586 = CARTESIAN_POINT ( 'NONE',  ( 3.499999999999999556, 2.000000000000000000, -1.600000000000000089 ) ) ;
#587 = ORIENTED_EDGE ( 'NONE', *, *, #210, .F. ) ;
#588 = ORIENTED_EDGE ( 'NONE', *, *, #758, .F. ) ;
#589 = DIRECTION ( 'NONE',  ( 0.0000000000000000000, 0.0000000000000000000, -1.000000000000000000 ) ) ;
#590 = ADVANCED_FACE ( 'NONE', ( #1488 ), #2156, .T. ) ;
#591 = CARTESIAN_POINT ( 'NONE',  ( 0.0000000000000000000, -1.499999999999998446, 6.999999999999996447 ) ) ;
#592 = VECTOR ( 'NONE', #523, 999.9999999999998863 ) ;
#593 = VERTEX_POINT ( 'NONE', #338 ) ;
#594 = LINE ( 'NONE', #1115, #1194 ) ;
#595 = EDGE_CURVE ( 'NONE', #1192, #2032, #2060, .T. ) ;
#596 = CARTESIAN_POINT ( 'NONE',  ( -5.000000000000000000, 6.661338147750953048E-16, 3.000000000000007105 ) ) ;
#597 = SURFACE_SIDE_STYLE ('',( #1933 ) ) ;
#598 = ORIENTED_EDGE ( 'NONE', *, *, #769, .T. ) ;
#599 = DIRECTION ( 'NONE',  ( 1.000000000000000000, 0.0000000000000000000, 0.0000000000000000000 ) ) ;
#600 = VECTOR ( 'NONE', #1939, 1000.000000000000114 ) ;
#601 = AXIS2_PLACEMENT_3D ( 'NONE', #1057, #425, #1414 ) ;
#602 = DIRECTION ( 'NONE',  ( -0.0000000000000000000, 4.440892098500625176E-16, 1.000000000000000000 ) ) ;
#603 = ORIENTED_EDGE ( 'NONE', *, *, #1158, .T. ) ;
#604 = DIRECTION ( 'NONE',  ( 0.0000000000000000000, -2.220446049250312834E-16, -1.000000000000000000 ) ) ;
#605 = DIRECTION ( 'NONE',  ( 0.0000000000000000000, -1.000000000000000000, 0.0000000000000000000 ) ) ;
#606 = DIRECTION ( 'NONE',  ( -0.0000000000000000000, -1.000000000000000000, 4.440892098500625176E-16 ) ) ;
#607 = AXIS2_PLACEMENT_3D ( 'NONE', #946, #211, #545 ) ;
#608 = ORIENTED_EDGE ( 'NONE', *, *, #1333, .F. ) ;
#609 = SURFACE_STYLE_USAGE ( .BOTH. , #941 ) ;
#610 = DIRECTION ( 'NONE',  ( -0.0000000000000000000, 4.440892098500625176E-16, 1.000000000000000000 ) ) ;
#611 = CARTESIAN_POINT ( 'NONE',  ( 2.500000000000000444, 0.0000000000000000000, 0.0000000000000000000 ) ) ;
#612 = EDGE_CURVE ( 'NONE', #902, #621, #356, .T. ) ;
#613 =( NAMED_UNIT ( * ) PLANE_ANGLE_UNIT ( ) SI_UNIT ( $, .RADIAN. ) );
#614 = AXIS2_PLACEMENT_3D ( 'NONE', #183, #1201, #388 ) ;
#615 = ORIENTED_EDGE ( 'NONE', *, *, #1749, .T. ) ;
#616 = CIRCLE ( 'NONE', #259, 2.100000000000000977 ) ;
#617 = ORIENTED_EDGE ( 'NONE', *, *, #1726, .F. ) ;
#618 = DIRECTION ( 'NONE',  ( -1.000000000000000000, 0.0000000000000000000, 0.0000000000000000000 ) ) ;
#619 = FACE_OUTER_BOUND ( 'NONE', #1728, .T. ) ;
#620 = FACE_BOUND ( 'NONE', #1459, .T. ) ;
#621 = VERTEX_POINT ( 'NONE', #864 ) ;
#622 = CYLINDRICAL_SURFACE ( 'NONE', #1756, 2.100000000000000089 ) ;
#623 = DIRECTION ( 'NONE',  ( 0.0000000000000000000, 1.000000000000000000, -4.440892098500625176E-16 ) ) ;
#624 = DIRECTION ( 'NONE',  ( 0.0000000000000000000, 0.0000000000000000000, -1.000000000000000000 ) ) ;
#625 = EDGE_LOOP ( 'NONE', ( #806, #1223, #1258, #1384 ) ) ;
#626 = CARTESIAN_POINT ( 'NONE',  ( 2.779240779943883410, 33.99999999999999289, 0.0000000000000000000 ) ) ;
#627 = EDGE_CURVE ( 'NONE', #862, #674, #645, .T. ) ;
#628 = SURFACE_STYLE_FILL_AREA ( #1752 ) ;
#629 = CARTESIAN_POINT ( 'NONE',  ( -3.450000000000000178, -2.999999999999998224, 6.999999999999997335 ) ) ;
#630 = EDGE_CURVE ( 'NONE', #2032, #1192, #143, .T. ) ;
#631 = APPLICATION_CONTEXT ( 'automotive_design' ) ;
#632 = DIRECTION ( 'NONE',  ( 0.0000000000000000000, 1.000000000000000000, -4.440892098500625176E-16 ) ) ;
#633 = CARTESIAN_POINT ( 'NONE',  ( 5.000000000000000000, -1.599999999999999423, 3.000000000000007994 ) ) ;
#634 = STYLED_ITEM ( 'NONE', ( #482 ), #1659 ) ;
#635 = VERTEX_POINT ( 'NONE', #1678 ) ;
#636 = CARTESIAN_POINT ( 'NONE',  ( 4.000000000000000000, 3.000000000000000000, 0.0000000000000000000 ) ) ;
#637 = VECTOR ( 'NONE', #26, 1000.000000000000000 ) ;
#638 = ORIENTED_EDGE ( 'NONE', *, *, #2054, .F. ) ;
#639 = DIRECTION ( 'NONE',  ( 0.0000000000000000000, 1.000000000000000000, -4.440892098500625176E-16 ) ) ;
#640 = AXIS2_PLACEMENT_3D ( 'NONE', #878, #848, #157 ) ;
#641 = ADVANCED_FACE ( 'NONE', ( #2034 ), #455, .T. ) ;
#642 = VECTOR ( 'NONE', #1043, 1000.000000000000000 ) ;
#643 = DIRECTION ( 'NONE',  ( 0.0000000000000000000, 0.0000000000000000000, 1.000000000000000000 ) ) ;
#644 = CYLINDRICAL_SURFACE ( 'NONE', #1672, 3.450000000000000622 ) ;
#645 = CIRCLE ( 'NONE', #918, 1.500000000000000000 ) ;
#646 = DIRECTION ( 'NONE',  ( 0.0000000000000000000, 1.000000000000000000, -4.440892098500625176E-16 ) ) ;
#647 = ORIENTED_EDGE ( 'NONE', *, *, #612, .T. ) ;
#648 = CIRCLE ( 'NONE', #1088, 4.450000000000001066 ) ;
#649 = LINE ( 'NONE', #503, #1614 ) ;
#650 = COLOUR_RGB ( '',0.7960784313725489669, 0.8235294117647058432, 0.9372549019607843146 ) ;
#651 = CARTESIAN_POINT ( 'NONE',  ( 2.500000000000000444, 0.4999999999999991673, 0.0000000000000000000 ) ) ;
#652 = EDGE_CURVE ( 'NONE', #1826, #1200, #292, .T. ) ;
#653 = CARTESIAN_POINT ( 'NONE',  ( 5.000000000000000000, -1.599999999999999201, 3.500000000000000444 ) ) ;
#654 = EDGE_LOOP ( 'NONE', ( #1861, #1355, #1771, #1955 ) ) ;
#655 = SURFACE_SIDE_STYLE ('',( #2134 ) ) ;
#656 = ORIENTED_EDGE ( 'NONE', *, *, #1990, .T. ) ;
#657 = FACE_OUTER_BOUND ( 'NONE', #348, .T. ) ;
#658 = CARTESIAN_POINT ( 'NONE',  ( 3.600000000000000977, 26.99999999999999645, 0.0000000000000000000 ) ) ;
#659 = CARTESIAN_POINT ( 'NONE',  ( -2.500000000000000000, 0.4999999999999991673, 0.0000000000000000000 ) ) ;
#660 = EDGE_CURVE ( 'NONE', #2119, #2096, #464, .T. ) ;
#661 = CYLINDRICAL_SURFACE ( 'NONE', #2161, 1.000000000000000444 ) ;
#662 = DIRECTION ( 'NONE',  ( 0.0000000000000000000, 1.000000000000000000, -4.440892098500625176E-16 ) ) ;
#663 = EDGE_CURVE ( 'NONE', #1732, #1740, #1719, .T. ) ;
#664 = ORIENTED_EDGE ( 'NONE', *, *, #986, .T. ) ;
#665 = LINE ( 'NONE', #1466, #145 ) ;
#666 = STYLED_ITEM ( 'NONE', ( #1474 ), #1684 ) ;
#667 = CARTESIAN_POINT ( 'NONE',  ( 0.0000000000000000000, 6.999999999999995559, -1.500000000000000000 ) ) ;
#668 = SURFACE_SIDE_STYLE ('',( #156 ) ) ;
#669 = DIRECTION ( 'NONE',  ( 0.0000000000000000000, 1.000000000000000000, -4.440892098500625176E-16 ) ) ;
#670 = AXIS2_PLACEMENT_3D ( 'NONE', #969, #779, #1143 ) ;
#671 = SURFACE_STYLE_FILL_AREA ( #1682 ) ;
#672 = ADVANCED_FACE ( 'NONE', ( #1943 ), #1119, .F. ) ;
#673 = AXIS2_PLACEMENT_3D ( 'NONE', #319, #979, #1766 ) ;
#674 = VERTEX_POINT ( 'NONE', #2113 ) ;
#675 = FACE_OUTER_BOUND ( 'NONE', #204, .T. ) ;
#676 = EDGE_CURVE ( 'NONE', #216, #1106, #1751, .T. ) ;
#677 = TOROIDAL_SURFACE ( 'NONE', #1613, 3.600000000000000977, 1.500000000000000000 ) ;
#678 = LINE ( 'NONE', #1512, #2030 ) ;
#679 = AXIS2_PLACEMENT_3D ( 'NONE', #1867, #562, #1377 ) ;
#680 = CARTESIAN_POINT ( 'NONE',  ( -2.500000000000000000, 2.000000000000000000, -1.600000000000000089 ) ) ;
#681 = CARTESIAN_POINT ( 'NONE',  ( 0.0000000000000000000, -2.599999999999993872, 26.99999999999999645 ) ) ;
#682 = VERTEX_POINT ( 'NONE', #1903 ) ;
#683 = CARTESIAN_POINT ( 'NONE',  ( 3.450000000000000622, -2.999999999999993783, 26.99999999999999645 ) ) ;
#684 = AXIS2_PLACEMENT_3D ( 'NONE', #701, #1499, #691 ) ;
#685 = DIRECTION ( 'NONE',  ( -0.0000000000000000000, 1.000000000000000000, -4.440892098500625176E-16 ) ) ;
#686 = CARTESIAN_POINT ( 'NONE',  ( 0.0000000000000000000, 6.999999999999995559, -1.600000000000000089 ) ) ;
#687 = ORIENTED_EDGE ( 'NONE', *, *, #1292, .F. ) ;
#688 = DIRECTION ( 'NONE',  ( 1.000000000000000000, 0.0000000000000000000, 0.0000000000000000000 ) ) ;
#689 = VERTEX_POINT ( 'NONE', #626 ) ;
#690 = EDGE_CURVE ( 'NONE', #239, #1184, #568, .T. ) ;
#691 = DIRECTION ( 'NONE',  ( 1.000000000000000000, 0.0000000000000000000, 0.0000000000000000000 ) ) ;
#692 = SURFACE_STYLE_FILL_AREA ( #1487 ) ;
#693 = FACE_BOUND ( 'NONE', #797, .T. ) ;
#694 = EDGE_LOOP ( 'NONE', ( #1386, #608, #1755, #1626 ) ) ;
#695 = PRESENTATION_STYLE_ASSIGNMENT (( #13 ) ) ;
#696 = DIRECTION ( 'NONE',  ( -0.3162277660168349436, -2.106500081146022510E-16, -0.9486832980505148782 ) ) ;
#697 = ORIENTED_EDGE ( 'NONE', *, *, #925, .F. ) ;
#698 = DIRECTION ( 'NONE',  ( 1.000000000000000000, 0.0000000000000000000, 0.0000000000000000000 ) ) ;
#699 = ORIENTED_EDGE ( 'NONE', *, *, #1726, .T. ) ;
#700 = STYLED_ITEM ( 'NONE', ( #450 ), #1602 ) ;
#701 = CARTESIAN_POINT ( 'NONE',  ( 0.0000000000000000000, -1.499999999999994005, 26.99999999999999645 ) ) ;
#702 = AXIS2_PLACEMENT_3D ( 'NONE', #397, #1374, #898 ) ;
#703 = DIRECTION ( 'NONE',  ( 0.0000000000000000000, 1.000000000000000000, -4.440892098500625176E-16 ) ) ;
#704 = AXIS2_PLACEMENT_3D ( 'NONE', #1993, #1471, #988 ) ;
#705 = CIRCLE ( 'NONE', #28, 2.100000000000000089 ) ;
#706 = ORIENTED_EDGE ( 'NONE', *, *, #826, .T. ) ;
#707 = EDGE_CURVE ( 'NONE', #1795, #1553, #36, .T. ) ;
#708 = CARTESIAN_POINT ( 'NONE',  ( -2.500000000000000000, 2.000000000000000000, -1.600000000000000089 ) ) ;
#709 = CARTESIAN_POINT ( 'NONE',  ( -2.779240779943886519, -1.599999999999992761, 33.00000000000000000 ) ) ;
#710 = AXIS2_PLACEMENT_3D ( 'NONE', #582, #396, #412 ) ;
#711 = ORIENTED_EDGE ( 'NONE', *, *, #268, .T. ) ;
#712 = DIRECTION ( 'NONE',  ( 0.9486832980505147672, 7.021666937153339341E-17, 0.3162277660168351101 ) ) ;
#713 = ORIENTED_EDGE ( 'NONE', *, *, #676, .T. ) ;
#714 = DIRECTION ( 'NONE',  ( 1.000000000000000000, 0.0000000000000000000, 0.0000000000000000000 ) ) ;
#715 = AXIS2_PLACEMENT_3D ( 'NONE', #1839, #703, #1005 ) ;
#716 = CARTESIAN_POINT ( 'NONE',  ( 4.450000000000001066, -1.599999999999998312, 6.999999999999995559 ) ) ;
#717 = SURFACE_STYLE_FILL_AREA ( #1723 ) ;
#718 = VERTEX_POINT ( 'NONE', #56 ) ;
#719 = AXIS2_PLACEMENT_3D ( 'NONE', #1430, #77, #277 ) ;
#720 = DIRECTION ( 'NONE',  ( -0.0000000000000000000, -0.0000000000000000000, -1.000000000000000000 ) ) ;
#721 = ADVANCED_FACE ( 'NONE', ( #1885 ), #2069, .T. ) ;
#722 = CARTESIAN_POINT ( 'NONE',  ( -3.999999999999993339, -1.599999999999999645, 2.000000000000000888 ) ) ;
#723 = EDGE_LOOP ( 'NONE', ( #1661, #439, #881, #1234, #1524, #165, #141, #1103, #2024, #1225, #1886, #921, #1046, #737 ) ) ;
#724 = ADVANCED_FACE ( 'NONE', ( #1276, #402, #1061 ), #1731, .F. ) ;
#725 = FACE_OUTER_BOUND ( 'NONE', #316, .T. ) ;
#726 = ORIENTED_EDGE ( 'NONE', *, *, #1140, .T. ) ;
#727 =( NAMED_UNIT ( * ) PLANE_ANGLE_UNIT ( ) SI_UNIT ( $, .RADIAN. ) );
#728 = ORIENTED_EDGE ( 'NONE', *, *, #237, .F. ) ;
#729 = CARTESIAN_POINT ( 'NONE',  ( 3.450000000000000178, -2.599999999999998312, 6.999999999999996447 ) ) ;
#730 = ADVANCED_FACE ( 'NONE', ( #905 ), #677, .T. ) ;
#731 = ORIENTED_EDGE ( 'NONE', *, *, #2114, .T. ) ;
#732 = DIRECTION ( 'NONE',  ( 1.224646799147353207E-16, -4.440892098500625176E-16, -1.000000000000000000 ) ) ;
#733 = EDGE_CURVE ( 'NONE', #389, #239, #328, .T. ) ;
#734 = ORIENTED_EDGE ( 'NONE', *, *, #756, .T. ) ;
#735 = AXIS2_PLACEMENT_3D ( 'NONE', #127, #1910, #419 ) ;
#736 = CARTESIAN_POINT ( 'NONE',  ( 4.000000000000000000, 3.000000000000000000, -1.600000000000000089 ) ) ;
#737 = ORIENTED_EDGE ( 'NONE', *, *, #540, .F. ) ;
#738 = AXIS2_PLACEMENT_3D ( 'NONE', #980, #1964, #1480 ) ;
#739 = DIRECTION ( 'NONE',  ( 0.0000000000000000000, 0.0000000000000000000, -1.000000000000000000 ) ) ;
#740 = FACE_OUTER_BOUND ( 'NONE', #403, .T. ) ;
#741 = ORIENTED_EDGE ( 'NONE', *, *, #652, .T. ) ;
#742 = DIRECTION ( 'NONE',  ( -1.000000000000000000, 2.771879224406204696E-31, 1.248343424215180490E-15 ) ) ;
#743 = VERTEX_POINT ( 'NONE', #335 ) ;
#744 = EDGE_CURVE ( 'NONE', #460, #563, #1054, .T. ) ;
#745 = CYLINDRICAL_SURFACE ( 'NONE', #1879, 2.100000000000000533 ) ;
#746 =( NAMED_UNIT ( * ) SI_UNIT ( $, .STERADIAN. ) SOLID_ANGLE_UNIT ( ) );
#747 = VERTEX_POINT ( 'NONE', #1999 ) ;
#748 = PRESENTATION_LAYER_ASSIGNMENT (  '', '', ( #1680 ) ) ;
#749 = AXIS2_PLACEMENT_3D ( 'NONE', #1805, #312, #1816 ) ;
#750 = CARTESIAN_POINT ( 'NONE',  ( 0.0000000000000000000, 6.999999999999995559, -3.000000000000000000 ) ) ;
#751 = AXIS2_PLACEMENT_3D ( 'NONE', #399, #1024, #1695 ) ;
#752 = VERTEX_POINT ( 'NONE', #478 ) ;
#753 = DIRECTION ( 'NONE',  ( 1.248343424215180490E-15, 2.220446049250312588E-16, 1.000000000000000000 ) ) ;
#754 = ORIENTED_EDGE ( 'NONE', *, *, #1753, .F. ) ;
#755 =( LENGTH_UNIT ( ) NAMED_UNIT ( * ) SI_UNIT ( .MILLI., .METRE. ) );
#756 = EDGE_CURVE ( 'NONE', #838, #1826, #115, .T. ) ;
#757 = ORIENTED_EDGE ( 'NONE', *, *, #1551, .F. ) ;
#758 = EDGE_CURVE ( 'NONE', #777, #144, #665, .T. ) ;
#759 = DIRECTION ( 'NONE',  ( -1.000000000000000000, 0.0000000000000000000, 0.0000000000000000000 ) ) ;
#760 = EDGE_LOOP ( 'NONE', ( #699, #1381 ) ) ;
#761 = LINE ( 'NONE', #784, #219 ) ;
#762 = CARTESIAN_POINT ( 'NONE',  ( 0.0000000000000000000, -2.599999999999998312, 6.999999999999996447 ) ) ;
#763 = FACE_OUTER_BOUND ( 'NONE', #502, .T. ) ;
#764 = ORIENTED_EDGE ( 'NONE', *, *, #105, .F. ) ;
#765 = EDGE_LOOP ( 'NONE', ( #1371, #1042, #1319, #377 ) ) ;
#766 = CIRCLE ( 'NONE', #936, 3.600000000000000977 ) ;
#767 = CARTESIAN_POINT ( 'NONE',  ( -3.727924077994403174, 33.31622776601683000, 0.0000000000000000000 ) ) ;
#768 = AXIS2_PLACEMENT_3D ( 'NONE', #1587, #1445, #89 ) ;
#769 = EDGE_CURVE ( 'NONE', #563, #1696, #649, .T. ) ;
#770 = DIRECTION ( 'NONE',  ( 1.000000000000000000, 0.0000000000000000000, 0.0000000000000000000 ) ) ;
#771 = AXIS2_PLACEMENT_3D ( 'NONE', #1240, #910, #1427 ) ;
#772 = ORIENTED_EDGE ( 'NONE', *, *, #1082, .T. ) ;
#773 = FACE_OUTER_BOUND ( 'NONE', #1139, .T. ) ;
#774 = CYLINDRICAL_SURFACE ( 'NONE', #1349, 2.100000000000000533 ) ;
#775 = CIRCLE ( 'NONE', #420, 1.000000000000000000 ) ;
#776 = UNCERTAINTY_MEASURE_WITH_UNIT (LENGTH_MEASURE( 1.000000000000000082E-05 ), #1379, 'distance_accuracy_value', 'NONE');
#777 = VERTEX_POINT ( 'NONE', #160 ) ;
#778 = AXIS2_PLACEMENT_3D ( 'NONE', #1624, #2115, #1808 ) ;
#779 = DIRECTION ( 'NONE',  ( -0.0000000000000000000, -0.0000000000000000000, 1.000000000000000000 ) ) ;
#780 = FACE_OUTER_BOUND ( 'NONE', #1006, .T. ) ;
#781 = CARTESIAN_POINT ( 'NONE',  ( 3.999999999999993339, -1.599999999999999645, 2.000000000000000888 ) ) ;
#782 = EDGE_CURVE ( 'NONE', #1016, #448, #1131, .T. ) ;
#783 = LINE ( 'NONE', #1451, #1004 ) ;
#784 = CARTESIAN_POINT ( 'NONE',  ( 2.500000000000000444, 2.000000000000000000, -1.600000000000000089 ) ) ;
#785 = CYLINDRICAL_SURFACE ( 'NONE', #536, 1.000000000000000444 ) ;
#786 =( NAMED_UNIT ( * ) PLANE_ANGLE_UNIT ( ) SI_UNIT ( $, .RADIAN. ) );
#787 = EDGE_CURVE ( 'NONE', #382, #1252, #1653, .T. ) ;
#788 = ORIENTED_EDGE ( 'NONE', *, *, #1140, .F. ) ;
#789 = SURFACE_STYLE_USAGE ( .BOTH. , #1548 ) ;
#790 = VECTOR ( 'NONE', #1067, 1000.000000000000000 ) ;
#791 = CARTESIAN_POINT ( 'NONE',  ( -4.450000000000001066, 6.999999999999996447, -2.600000000000000089 ) ) ;
#792 = DIRECTION ( 'NONE',  ( 1.000000000000000000, 0.0000000000000000000, 0.0000000000000000000 ) ) ;
#793 = CARTESIAN_POINT ( 'NONE',  ( -2.779240779943886519, 7.327471962526031589E-15, 33.00000000000000000 ) ) ;
#794 = CARTESIAN_POINT ( 'NONE',  ( 5.000000000000000000, 29.50000000000000000, -1.600000000000000089 ) ) ;
#795 = CARTESIAN_POINT ( 'NONE',  ( 3.600000000000000533, 1.536097637977462090E-15, 6.999999999999995559 ) ) ;
#796 = DIRECTION ( 'NONE',  ( 0.0000000000000000000, 1.000000000000000000, -4.440892098500625176E-16 ) ) ;
#797 = EDGE_LOOP ( 'NONE', ( #706, #1892 ) ) ;
#798 = CARTESIAN_POINT ( 'NONE',  ( -3.600000000000000533, 6.999999999999996447, 0.0000000000000000000 ) ) ;
#799 = EDGE_CURVE ( 'NONE', #1404, #1359, #648, .T. ) ;
#800 = LINE ( 'NONE', #2125, #1213 ) ;
#801 = CARTESIAN_POINT ( 'NONE',  ( 0.0000000000000000000, 26.99999999999999645, -2.600000000000000089 ) ) ;
#803 = LINE ( 'NONE', #1811, #1806 ) ;
#802 = PLANE ( 'NONE',  #453 ) ;
#804 = ORIENTED_EDGE ( 'NONE', *, *, #1160, .T. ) ;
#805 = LINE ( 'NONE', #931, #131 ) ;
#806 = ORIENTED_EDGE ( 'NONE', *, *, #1226, .T. ) ;
#807 = CIRCLE ( 'NONE', #704, 1.000000000000000444 ) ;
#808 = DIRECTION ( 'NONE',  ( 0.0000000000000000000, 0.0000000000000000000, -1.000000000000000000 ) ) ;
#809 = EDGE_CURVE ( 'NONE', #528, #382, #1856, .T. ) ;
#810 = AXIS2_PLACEMENT_3D ( 'NONE', #1994, #1347, #1505 ) ;
#811 = CIRCLE ( 'NONE', #1222, 2.100000000000000089 ) ;
#812 = CARTESIAN_POINT ( 'NONE',  ( 0.0000000000000000000, -2.599999999999993872, 26.99999999999999645 ) ) ;
#813 = ORIENTED_EDGE ( 'NONE', *, *, #1008, .F. ) ;
#814 = DIRECTION ( 'NONE',  ( 1.000000000000000000, 0.0000000000000000000, 0.0000000000000000000 ) ) ;
#815 = ORIENTED_EDGE ( 'NONE', *, *, #1322, .T. ) ;
#816 = CARTESIAN_POINT ( 'NONE',  ( 0.0000000000000000000, -1.599999999999994094, 26.99999999999999645 ) ) ;
#817 = EDGE_LOOP ( 'NONE', ( #1350, #1952, #578, #2143 ) ) ;
#818 = AXIS2_PLACEMENT_3D ( 'NONE', #205, #732, #542 ) ;
#819 = DIRECTION ( 'NONE',  ( -1.000000000000000000, 0.0000000000000000000, 0.0000000000000000000 ) ) ;
#820 = VECTOR ( 'NONE', #1760, 1000.000000000000000 ) ;
#821 = AXIS2_PLACEMENT_3D ( 'NONE', #336, #1367, #1168 ) ;
#822 = DIRECTION ( 'NONE',  ( -1.000000000000000000, 1.248343424215180490E-15, 0.0000000000000000000 ) ) ;
#823 = EDGE_CURVE ( 'NONE', #1649, #1732, #1827, .T. ) ;
#824 = CARTESIAN_POINT ( 'NONE',  ( 2.500000000000000444, 0.4999999999999991673, 0.5000000000000000000 ) ) ;
#825 = LINE ( 'NONE', #508, #1495 ) ;
#826 = EDGE_CURVE ( 'NONE', #1789, #777, #1544, .T. ) ;
#827 = ORIENTED_EDGE ( 'NONE', *, *, #67, .F. ) ;
#828 = LINE ( 'NONE', #1836, #1279 ) ;
#829 = ORIENTED_EDGE ( 'NONE', *, *, #899, .T. ) ;
#830 = DIRECTION ( 'NONE',  ( 1.000000000000000000, 0.0000000000000000000, 0.0000000000000000000 ) ) ;
#831 = FILL_AREA_STYLE_COLOUR ( '', #313 ) ;
#832 = CARTESIAN_POINT ( 'NONE',  ( -4.000000000000000000, 3.000000000000000000, -1.600000000000000089 ) ) ;
#833 = PRODUCT_DEFINITION ( 'UNKNOWN', '', #1353, #1048 ) ;
#834 = DIRECTION ( 'NONE',  ( 0.0000000000000000000, -1.000000000000000000, 0.0000000000000000000 ) ) ;
#835 = EDGE_CURVE ( 'NONE', #442, #689, #345, .T. ) ;
#836 =( NAMED_UNIT ( * ) PLANE_ANGLE_UNIT ( ) SI_UNIT ( $, .RADIAN. ) );
#837 = CIRCLE ( 'NONE', #1702, 3.450000000000000622 ) ;
#838 = VERTEX_POINT ( 'NONE', #999 ) ;
#839 = DIRECTION ( 'NONE',  ( -1.000000000000000000, 0.0000000000000000000, 0.0000000000000000000 ) ) ;
#840 = TOROIDAL_SURFACE ( 'NONE', #1422, 4.450000000000001066, 1.000000000000000000 ) ;
#841 = VECTOR ( 'NONE', #46, 1000.000000000000000 ) ;
#842 = CARTESIAN_POINT ( 'NONE',  ( -4.450000000000001066, 26.99999999999999645, -1.599999999999999867 ) ) ;
#843 = CARTESIAN_POINT ( 'NONE',  ( 0.0000000000000000000, -1.599999999999998535, 6.999999999999996447 ) ) ;
#844 = CARTESIAN_POINT ( 'NONE',  ( 0.0000000000000000000, 1.554312234475217776E-15, 6.999999999999995559 ) ) ;
#845 = ORIENTED_EDGE ( 'NONE', *, *, #690, .T. ) ;
#846 = DIRECTION ( 'NONE',  ( 0.0000000000000000000, 1.000000000000000000, -4.440892098500625176E-16 ) ) ;
#847 = CIRCLE ( 'NONE', #284, 1.499999999999999556 ) ;
#848 = DIRECTION ( 'NONE',  ( -0.0000000000000000000, -0.0000000000000000000, -1.000000000000000000 ) ) ;
#849 = CARTESIAN_POINT ( 'NONE',  ( -2.500000000000000000, 2.000000000000000000, 0.0000000000000000000 ) ) ;
#850 = ADVANCED_FACE ( 'NONE', ( #657 ), #1978, .F. ) ;
#851 = AXIS2_PLACEMENT_3D ( 'NONE', #832, #487, #1345 ) ;
#852 = ORIENTED_EDGE ( 'NONE', *, *, #1522, .F. ) ;
#853 = DIRECTION ( 'NONE',  ( -0.0000000000000000000, -0.0000000000000000000, 1.000000000000000000 ) ) ;
#854 = AXIS2_PLACEMENT_3D ( 'NONE', #959, #1071, #885 ) ;
#855 = ORIENTED_EDGE ( 'NONE', *, *, #826, .F. ) ;
#856 = CARTESIAN_POINT ( 'NONE',  ( 0.0000000000000000000, 26.99999999999999645, -1.600000000000000089 ) ) ;
#857 = EDGE_LOOP ( 'NONE', ( #891, #1214, #1256, #1243 ) ) ;
#858 = DIRECTION ( 'NONE',  ( -1.000000000000000000, 0.0000000000000000000, 0.0000000000000000000 ) ) ;
#859 = CARTESIAN_POINT ( 'NONE',  ( -3.727924077994403174, -1.599999999999992761, 33.31622776601683000 ) ) ;
#860 = VERTEX_POINT ( 'NONE', #123 ) ;
#861 = EDGE_CURVE ( 'NONE', #12, #906, #1959, .T. ) ;
#862 = VERTEX_POINT ( 'NONE', #798 ) ;
#863 = EDGE_CURVE ( 'NONE', #174, #1542, #1485, .T. ) ;
#864 = CARTESIAN_POINT ( 'NONE',  ( 3.450000000000000622, -2.599999999999993872, 26.99999999999999645 ) ) ;
#865 = ORIENTED_EDGE ( 'NONE', *, *, #1656, .F. ) ;
#866 = CARTESIAN_POINT ( 'NONE',  ( -4.000000000000000000, 3.000000000000000000, -1.600000000000000089 ) ) ;
#867 = LINE ( 'NONE', #1552, #637 ) ;
#868 = EDGE_LOOP ( 'NONE', ( #1571, #86 ) ) ;
#869 = CARTESIAN_POINT ( 'NONE',  ( 0.0000000000000000000, 6.999999999999995559, -2.600000000000000089 ) ) ;
#870 = VECTOR ( 'NONE', #544, 1000.000000000000000 ) ;
#871 = ORIENTED_EDGE ( 'NONE', *, *, #1629, .T. ) ;
#872 = AXIS2_PLACEMENT_3D ( 'NONE', #1834, #1842, #1902 ) ;
#873 = CIRCLE ( 'NONE', #1981, 1.000000000000000000 ) ;
#874 = ADVANCED_FACE ( 'NONE', ( #675 ), #1330, .T. ) ;
#875 = CARTESIAN_POINT ( 'NONE',  ( 2.500000000000000444, 1.110223024625156787E-16, 0.5000000000000002220 ) ) ;
#876 = STYLED_ITEM ( 'NONE', ( #2043 ), #2146 ) ;
#877 = EDGE_LOOP ( 'NONE', ( #1141, #911 ) ) ;
#878 = CARTESIAN_POINT ( 'NONE',  ( 0.0000000000000000000, 26.99999999999999645, -2.600000000000000089 ) ) ;
#879 = DIRECTION ( 'NONE',  ( -0.0000000000000000000, -1.000000000000000000, 4.440892098500625176E-16 ) ) ;
#880 = VECTOR ( 'NONE', #1208, 1000.000000000000000 ) ;
#881 = ORIENTED_EDGE ( 'NONE', *, *, #1387, .F. ) ;
#882 = DIRECTION ( 'NONE',  ( -0.0000000000000000000, -1.000000000000000000, 4.440892098500625176E-16 ) ) ;
#883 = VERTEX_POINT ( 'NONE', #967 ) ;
#884 = SURFACE_SIDE_STYLE ('',( #1216 ) ) ;
#885 = DIRECTION ( 'NONE',  ( -1.000000000000000000, 0.0000000000000000000, 0.0000000000000000000 ) ) ;
#886 = VERTEX_POINT ( 'NONE', #1631 ) ;
#887 = ADVANCED_FACE ( 'NONE', ( #725 ), #255, .F. ) ;
#888 = CIRCLE ( 'NONE', #1926, 2.100000000000000089 ) ;
#889 = ADVANCED_FACE ( 'NONE', ( #1543 ), #1519, .T. ) ;
#890 = DIRECTION ( 'NONE',  ( 0.0000000000000000000, 1.000000000000000000, -4.440892098500625176E-16 ) ) ;
#891 = ORIENTED_EDGE ( 'NONE', *, *, #690, .F. ) ;
#892 = CARTESIAN_POINT ( 'NONE',  ( 0.0000000000000000000, -2.599999999999998312, 6.999999999999996447 ) ) ;
#893 = ORIENTED_EDGE ( 'NONE', *, *, #67, .T. ) ;
#894 = DIRECTION ( 'NONE',  ( 0.0000000000000000000, 0.0000000000000000000, 1.000000000000000000 ) ) ;
#895 = ORIENTED_EDGE ( 'NONE', *, *, #1709, .T. ) ;
#896 = EDGE_CURVE ( 'NONE', #239, #389, #534, .T. ) ;
#897 = DIRECTION ( 'NONE',  ( 0.0000000000000000000, 1.000000000000000000, -4.440892098500625176E-16 ) ) ;
#898 = DIRECTION ( 'NONE',  ( 1.000000000000000000, 0.0000000000000000000, 0.0000000000000000000 ) ) ;
#899 = EDGE_CURVE ( 'NONE', #122, #216, #7, .T. ) ;
#900 = ORIENTED_EDGE ( 'NONE', *, *, #1039, .F. ) ;
#901 = DIRECTION ( 'NONE',  ( -0.0000000000000000000, -1.000000000000000000, 4.440892098500625176E-16 ) ) ;
#902 = VERTEX_POINT ( 'NONE', #1364 ) ;
#903 = PRESENTATION_STYLE_ASSIGNMENT (( #1568 ) ) ;
#904 = STYLED_ITEM ( 'NONE', ( #1477 ), #1441 ) ;
#905 = FACE_OUTER_BOUND ( 'NONE', #2076, .T. ) ;
#906 = VERTEX_POINT ( 'NONE', #30 ) ;
#907 = CIRCLE ( 'NONE', #1668, 1.000000000000000444 ) ;
#908 = PRESENTATION_LAYER_ASSIGNMENT (  '', '', ( #63 ) ) ;
#909 = CARTESIAN_POINT ( 'NONE',  ( 3.999999999999993339, 2.000000000000000000, -1.600000000000000089 ) ) ;
#910 = DIRECTION ( 'NONE',  ( -0.0000000000000000000, -0.0000000000000000000, 1.000000000000000000 ) ) ;
#911 = ORIENTED_EDGE ( 'NONE', *, *, #896, .T. ) ;
#912 = CIRCLE ( 'NONE', #1079, 1.500000000000000000 ) ;
#913 = LINE ( 'NONE', #264, #468 ) ;
#914 = EDGE_CURVE ( 'NONE', #1696, #2122, #376, .T. ) ;
#915 = VECTOR ( 'NONE', #739, 1000.000000000000000 ) ;
#916 = VERTEX_POINT ( 'NONE', #1706 ) ;
#917 = CARTESIAN_POINT ( 'NONE',  ( 2.779240779943883410, 33.99999999999999289, -1.600000000000000089 ) ) ;
#918 = AXIS2_PLACEMENT_3D ( 'NONE', #1850, #1171, #1020 ) ;
#919 = EDGE_LOOP ( 'NONE', ( #1675, #92, #2066, #1532 ) ) ;
#920 = CYLINDRICAL_SURFACE ( 'NONE', #60, 1.000000000000000444 ) ;
#921 = ORIENTED_EDGE ( 'NONE', *, *, #1226, .F. ) ;
#922 = TOROIDAL_SURFACE ( 'NONE', #684, 3.600000000000000977, 1.500000000000000000 ) ;
#923 = PLANE ( 'NONE',  #42 ) ;
#924 = ORIENTED_EDGE ( 'NONE', *, *, #1025, .T. ) ;
#925 = EDGE_CURVE ( 'NONE', #257, #346, #550, .T. ) ;
#926 = ORIENTED_EDGE ( 'NONE', *, *, #595, .T. ) ;
#927 = DIRECTION ( 'NONE',  ( -1.000000000000000000, 0.0000000000000000000, 0.0000000000000000000 ) ) ;
#928 = DIRECTION ( 'NONE',  ( 1.000000000000000000, 0.0000000000000000000, 0.0000000000000000000 ) ) ;
#929 = ORIENTED_EDGE ( 'NONE', *, *, #1697, .F. ) ;
#930 = FACE_OUTER_BOUND ( 'NONE', #212, .T. ) ;
#931 = CARTESIAN_POINT ( 'NONE',  ( -3.450000000000000622, -2.999999999999993783, 26.99999999999999645 ) ) ;
#932 = ORIENTED_EDGE ( 'NONE', *, *, #744, .F. ) ;
#933 = CYLINDRICAL_SURFACE ( 'NONE', #1620, 1.000000000000000000 ) ;
#934 = ORIENTED_EDGE ( 'NONE', *, *, #1510, .T. ) ;
#935 = EDGE_CURVE ( 'NONE', #555, #902, #1754, .T. ) ;
#936 = AXIS2_PLACEMENT_3D ( 'NONE', #1124, #1074, #1819 ) ;
#937 = DIRECTION ( 'NONE',  ( -1.000000000000000000, 0.0000000000000000000, 0.0000000000000000000 ) ) ;
#938 = VECTOR ( 'NONE', #696, 999.9999999999998863 ) ;
#939 = FACE_OUTER_BOUND ( 'NONE', #511, .T. ) ;
#940 = ORIENTED_EDGE ( 'NONE', *, *, #1830, .F. ) ;
#941 = SURFACE_SIDE_STYLE ('',( #1286 ) ) ;
#942 = LINE ( 'NONE', #2064, #1960 ) ;
#943 = FACE_OUTER_BOUND ( 'NONE', #1980, .T. ) ;
#944 = UNCERTAINTY_MEASURE_WITH_UNIT (LENGTH_MEASURE( 1.000000000000000082E-05 ), #381, 'distance_accuracy_value', 'NONE');
#945 = ORIENTED_EDGE ( 'NONE', *, *, #1522, .T. ) ;
#946 = CARTESIAN_POINT ( 'NONE',  ( 4.000000000000000000, 6.661338147750937270E-16, 3.000000000000000000 ) ) ;
#947 =( NAMED_UNIT ( * ) PLANE_ANGLE_UNIT ( ) SI_UNIT ( $, .RADIAN. ) );
#948 = CIRCLE ( 'NONE', #1645, 2.100000000000000977 ) ;
#949 = AXIS2_PLACEMENT_3D ( 'NONE', #708, #858, #1339 ) ;
#950 = DIRECTION ( 'NONE',  ( 0.0000000000000000000, 0.0000000000000000000, -1.000000000000000000 ) ) ;
#951 = CIRCLE ( 'NONE', #1504, 2.100000000000000089 ) ;
#952 = DIRECTION ( 'NONE',  ( 1.000000000000000000, 0.0000000000000000000, 0.0000000000000000000 ) ) ;
#953 = ORIENTED_EDGE ( 'NONE', *, *, #224, .F. ) ;
#954 = EDGE_CURVE ( 'NONE', #1664, #460, #172, .T. ) ;
#955 = LINE ( 'NONE', #1621, #81 ) ;
#956 = AXIS2_PLACEMENT_3D ( 'NONE', #869, #1342, #2029 ) ;
#957 = CARTESIAN_POINT ( 'NONE',  ( -3.727924077994403174, -1.599999999999992761, 33.31622776601683000 ) ) ;
#958 = ORIENTED_EDGE ( 'NONE', *, *, #1077, .F. ) ;
#959 = CARTESIAN_POINT ( 'NONE',  ( 0.0000000000000000000, 26.99999999999999645, -3.000000000000000000 ) ) ;
#960 = DIRECTION ( 'NONE',  ( 0.0000000000000000000, 1.000000000000000000, -8.673617379884035472E-16 ) ) ;
#961 = ORIENTED_EDGE ( 'NONE', *, *, #1457, .T. ) ;
#962 = DIRECTION ( 'NONE',  ( 1.000000000000000000, 0.0000000000000000000, 0.0000000000000000000 ) ) ;
#963 = EDGE_LOOP ( 'NONE', ( #452, #520, #2011, #656 ) ) ;
#964 = DIRECTION ( 'NONE',  ( -0.9486832980505148782, 7.021666937153333178E-17, 0.3162277660168348881 ) ) ;
#965 = EDGE_CURVE ( 'NONE', #906, #12, #573, .T. ) ;
#966 = ORIENTED_EDGE ( 'NONE', *, *, #309, .T. ) ;
#967 = CARTESIAN_POINT ( 'NONE',  ( -2.500000000000000000, 0.0000000000000000000, -1.600000000000000089 ) ) ;
#968 = DIRECTION ( 'NONE',  ( -1.000000000000000000, 0.0000000000000000000, 0.0000000000000000000 ) ) ;
#969 = CARTESIAN_POINT ( 'NONE',  ( 0.0000000000000000000, 26.99999999999999645, -3.000000000000000000 ) ) ;
#970 = CARTESIAN_POINT ( 'NONE',  ( -3.500000000000000000, 2.000000000000000000, -1.600000000000000089 ) ) ;
#971 = CIRCLE ( 'NONE', #1070, 1.000000000000000444 ) ;
#972 = CARTESIAN_POINT ( 'NONE',  ( 0.0000000000000000000, -2.999999999999993783, 26.99999999999999645 ) ) ;
#973 = CIRCLE ( 'NONE', #702, 4.450000000000001066 ) ;
#974 = EDGE_LOOP ( 'NONE', ( #99, #757, #344, #360 ) ) ;
#975 = CARTESIAN_POINT ( 'NONE',  ( 0.0000000000000000000, 6.999999999999995559, -3.000000000000000000 ) ) ;
#976 = EDGE_CURVE ( 'NONE', #34, #1804, #53, .T. ) ;
#977 = EDGE_CURVE ( 'NONE', #674, #1745, #1129, .T. ) ;
#978 = AXIS2_PLACEMENT_3D ( 'NONE', #72, #1249, #84 ) ;
#979 = DIRECTION ( 'NONE',  ( 1.224646799147353207E-16, -4.440892098500625176E-16, -1.000000000000000000 ) ) ;
#980 = CARTESIAN_POINT ( 'NONE',  ( 0.0000000000000000000, 26.99999999999999645, -1.500000000000000000 ) ) ;
#981 = ORIENTED_EDGE ( 'NONE', *, *, #1935, .T. ) ;
#982 =( LENGTH_UNIT ( ) NAMED_UNIT ( * ) SI_UNIT ( .MILLI., .METRE. ) );
#983 = ORIENTED_EDGE ( 'NONE', *, *, #663, .F. ) ;
#984 = AXIS2_PLACEMENT_3D ( 'NONE', #975, #808, #839 ) ;
#985 = CARTESIAN_POINT ( 'NONE',  ( 0.0000000000000000000, -1.499999999999994005, 26.99999999999999645 ) ) ;
#986 = EDGE_CURVE ( 'NONE', #1899, #257, #1193, .T. ) ;
#987 = DIRECTION ( 'NONE',  ( -0.0000000000000000000, -1.000000000000000000, 4.440892098500625176E-16 ) ) ;
#988 = DIRECTION ( 'NONE',  ( -1.000000000000000000, 0.0000000000000000000, 0.0000000000000000000 ) ) ;
#989 = DIRECTION ( 'NONE',  ( 1.000000000000000000, 0.0000000000000000000, 0.0000000000000000000 ) ) ;
#990 = VERTEX_POINT ( 'NONE', #1878 ) ;
#991 = CARTESIAN_POINT ( 'NONE',  ( -2.100000000000000533, 26.99999999999999645, -1.600000000000000089 ) ) ;
#992 = CARTESIAN_POINT ( 'NONE',  ( 0.0000000000000000000, -1.499999999999998446, 6.999999999999996447 ) ) ;
#993 = ORIENTED_EDGE ( 'NONE', *, *, #1777, .F. ) ;
#994 = EDGE_CURVE ( 'NONE', #1558, #1795, #1385, .T. ) ;
#995 = FACE_OUTER_BOUND ( 'NONE', #253, .T. ) ;
#996 = CARTESIAN_POINT ( 'NONE',  ( 3.600000000000000977, 26.99999999999999645, -1.500000000000000000 ) ) ;
#997 = CYLINDRICAL_SURFACE ( 'NONE', #1248, 2.100000000000000089 ) ;
#998 = EDGE_LOOP ( 'NONE', ( #926, #1908, #249, #1895 ) ) ;
#999 = CARTESIAN_POINT ( 'NONE',  ( 4.450000000000001066, 26.99999999999999645, -1.599999999999999867 ) ) ;
#1000 = COLOUR_RGB ( '',0.7960784313725489669, 0.8235294117647058432, 0.9372549019607843146 ) ;
#1001 = AXIS2_PLACEMENT_3D ( 'NONE', #151, #561, #1397 ) ;
#1002 = EDGE_LOOP ( 'NONE', ( #788, #1162 ) ) ;
#1003 = CARTESIAN_POINT ( 'NONE',  ( 2.100000000000000533, -1.599999999999994094, 26.99999999999999645 ) ) ;
#1004 = VECTOR ( 'NONE', #646, 1000.000000000000000 ) ;
#1005 = DIRECTION ( 'NONE',  ( 1.000000000000000000, 0.0000000000000000000, 0.0000000000000000000 ) ) ;
#1006 = EDGE_LOOP ( 'NONE', ( #993, #477, #321, #1985 ) ) ;
#1007 = CIRCLE ( 'NONE', #2057, 3.450000000000000178 ) ;
#1008 = EDGE_CURVE ( 'NONE', #1942, #1252, #1405, .T. ) ;
#1009 = CARTESIAN_POINT ( 'NONE',  ( 0.0000000000000000000, -2.999999999999993783, 26.99999999999999645 ) ) ;
#1010 = SURFACE_SIDE_STYLE ('',( #671 ) ) ;
#1011 = VECTOR ( 'NONE', #164, 1000.000000000000000 ) ;
#1012 = ADVANCED_FACE ( 'NONE', ( #1047 ), #1190, .T. ) ;
#1013 = ORIENTED_EDGE ( 'NONE', *, *, #1402, .T. ) ;
#1014 = DIRECTION ( 'NONE',  ( -1.000000000000000000, 0.0000000000000000000, 0.0000000000000000000 ) ) ;
#1015 = VECTOR ( 'NONE', #1643, 1000.000000000000000 ) ;
#1016 = VERTEX_POINT ( 'NONE', #1718 ) ;
#1017 = LINE ( 'NONE', #186, #870 ) ;
#1018 = CIRCLE ( 'NONE', #1686, 1.000000000000000000 ) ;
#1019 = AXIS2_PLACEMENT_3D ( 'NONE', #1596, #901, #440 ) ;
#1020 = DIRECTION ( 'NONE',  ( -1.000000000000000000, 0.0000000000000000000, 0.0000000000000000000 ) ) ;
#1021 = ORIENTED_EDGE ( 'NONE', *, *, #286, .T. ) ;
#1022 = CARTESIAN_POINT ( 'NONE',  ( 4.450000000000001066, -2.599999999999993872, 26.99999999999999645 ) ) ;
#1023 = ORIENTED_EDGE ( 'NONE', *, *, #196, .T. ) ;
#1024 = DIRECTION ( 'NONE',  ( -0.0000000000000000000, 4.440892098500625176E-16, 1.000000000000000000 ) ) ;
#1025 = EDGE_CURVE ( 'NONE', #1192, #1433, #1229, .T. ) ;
#1026 = ORIENTED_EDGE ( 'NONE', *, *, #1457, .F. ) ;
#1027 = DIRECTION ( 'NONE',  ( 0.0000000000000000000, -1.000000000000000000, 4.440892098500625176E-16 ) ) ;
#1028 = CARTESIAN_POINT ( 'NONE',  ( 3.499999999999999556, 4.440892098500625176E-16, 2.000000000000000000 ) ) ;
#1029 = ORIENTED_EDGE ( 'NONE', *, *, #1375, .T. ) ;
#1030 = DIRECTION ( 'NONE',  ( 1.000000000000000000, 0.0000000000000000000, 0.0000000000000000000 ) ) ;
#1031 = DIRECTION ( 'NONE',  ( 0.0000000000000000000, 0.0000000000000000000, 1.000000000000000000 ) ) ;
#1032 = ORIENTED_EDGE ( 'NONE', *, *, #1202, .F. ) ;
#1033 = DIRECTION ( 'NONE',  ( 0.0000000000000000000, -1.000000000000000000, 0.0000000000000000000 ) ) ;
#1034 = CIRCLE ( 'NONE', #1911, 1.500000000000000000 ) ;
#1035 = ORIENTED_EDGE ( 'NONE', *, *, #184, .F. ) ;
#1036 = EDGE_CURVE ( 'NONE', #1792, #375, #295, .T. ) ;
#1037 = TOROIDAL_SURFACE ( 'NONE', #98, 3.600000000000000977, 1.500000000000000000 ) ;
#1038 = DIRECTION ( 'NONE',  ( 0.0000000000000000000, 1.000000000000000000, -4.440892098500625176E-16 ) ) ;
#1039 = EDGE_CURVE ( 'NONE', #1804, #593, #2051, .T. ) ;
#1040 = CARTESIAN_POINT ( 'NONE',  ( 4.000000000000000000, 3.000000000000000000, -1.600000000000000089 ) ) ;
#1041 = AXIS2_PLACEMENT_3D ( 'NONE', #1790, #1984, #1325 ) ;
#1042 = ORIENTED_EDGE ( 'NONE', *, *, #1735, .F. ) ;
#1043 = DIRECTION ( 'NONE',  ( -1.000000000000000000, 1.248343424215180490E-15, 0.0000000000000000000 ) ) ;
#1044 = CARTESIAN_POINT ( 'NONE',  ( 0.0000000000000000000, -1.499999999999998446, 6.999999999999996447 ) ) ;
#1045 = AXIS2_PLACEMENT_3D ( 'NONE', #1460, #632, #445 ) ;
#1046 = ORIENTED_EDGE ( 'NONE', *, *, #707, .F. ) ;
#1047 = FACE_OUTER_BOUND ( 'NONE', #1924, .T. ) ;
#1048 = PRODUCT_DEFINITION_CONTEXT ( 'detailed design', #631, 'design' ) ;
#1049 = ORIENTED_EDGE ( 'NONE', *, *, #954, .F. ) ;
#1050 = LINE ( 'NONE', #422, #841 ) ;
#1051 = EDGE_CURVE ( 'NONE', #1899, #1136, #1444, .T. ) ;
#1052 = AXIS2_PLACEMENT_3D ( 'NONE', #1449, #579, #1711 ) ;
#1053 = FILL_AREA_STYLE_COLOUR ( '', #1787 ) ;
#1054 = CIRCLE ( 'NONE', #1329, 1.000000000000000000 ) ;
#1055 = ORIENTED_EDGE ( 'NONE', *, *, #237, .T. ) ;
#1056 = EDGE_CURVE ( 'NONE', #2096, #1200, #913, .T. ) ;
#1057 = CARTESIAN_POINT ( 'NONE',  ( 0.0000000000000000000, -2.599999999999998312, 6.999999999999996447 ) ) ;
#1058 = ORIENTED_EDGE ( 'NONE', *, *, #1109, .F. ) ;
#1059 = DIRECTION ( 'NONE',  ( -1.000000000000000000, 2.771879224406204696E-31, 1.248343424215180490E-15 ) ) ;
#1060 = ORIENTED_EDGE ( 'NONE', *, *, #434, .T. ) ;
#1061 = FACE_OUTER_BOUND ( 'NONE', #1341, .T. ) ;
#1062 = EDGE_LOOP ( 'NONE', ( #1988, #1801, #428, #1497 ) ) ;
#1063 = DIRECTION ( 'NONE',  ( 0.0000000000000000000, -1.000000000000000000, 0.0000000000000000000 ) ) ;
#1064 = ADVANCED_FACE ( 'NONE', ( #97 ), #1747, .T. ) ;
#1065 = DIRECTION ( 'NONE',  ( -0.0000000000000000000, -0.0000000000000000000, 1.000000000000000000 ) ) ;
#1066 = ORIENTED_EDGE ( 'NONE', *, *, #627, .T. ) ;
#1067 = DIRECTION ( 'NONE',  ( 0.0000000000000000000, 0.0000000000000000000, 1.000000000000000000 ) ) ;
#1068 = EDGE_LOOP ( 'NONE', ( #2142, #617, #159, #1072 ) ) ;
#1069 =( LENGTH_UNIT ( ) NAMED_UNIT ( * ) SI_UNIT ( .MILLI., .METRE. ) );
#1070 = AXIS2_PLACEMENT_3D ( 'NONE', #793, #2118, #2117 ) ;
#1071 = DIRECTION ( 'NONE',  ( 0.0000000000000000000, 0.0000000000000000000, -1.000000000000000000 ) ) ;
#1072 = ORIENTED_EDGE ( 'NONE', *, *, #861, .F. ) ;
#1073 = AXIS2_PLACEMENT_3D ( 'NONE', #1022, #559, #1889 ) ;
#1074 = DIRECTION ( 'NONE',  ( 0.0000000000000000000, 1.000000000000000000, -4.440892098500625176E-16 ) ) ;
#1075 =( GEOMETRIC_REPRESENTATION_CONTEXT ( 3 ) GLOBAL_UNCERTAINTY_ASSIGNED_CONTEXT ( ( #2101 ) ) GLOBAL_UNIT_ASSIGNED_CONTEXT ( ( #1120, #947, #1644 ) ) REPRESENTATION_CONTEXT ( 'NONE', 'WORKASPACE' ) );
#1076 = CARTESIAN_POINT ( 'NONE',  ( 2.779240779943887851, 32.99999999999999289, 0.0000000000000000000 ) ) ;
#1077 = EDGE_CURVE ( 'NONE', #229, #541, #888, .T. ) ;
#1078 = ORIENTED_EDGE ( 'NONE', *, *, #1830, .T. ) ;
#1079 = AXIS2_PLACEMENT_3D ( 'NONE', #996, #834, #2036 ) ;
#1080 = DIRECTION ( 'NONE',  ( 0.0000000000000000000, 0.0000000000000000000, -1.000000000000000000 ) ) ;
#1081 = FILL_AREA_STYLE_COLOUR ( '', #200 ) ;
#1082 = EDGE_CURVE ( 'NONE', #1184, #1849, #178, .T. ) ;
#1083 = AXIS2_PLACEMENT_3D ( 'NONE', #791, #1928, #1971 ) ;
#1084 = ORIENTED_EDGE ( 'NONE', *, *, #210, .T. ) ;
#1085 = FILL_AREA_STYLE_COLOUR ( '', #518 ) ;
#1086 = AXIS2_PLACEMENT_3D ( 'NONE', #498, #1183, #1161 ) ;
#1087 = EDGE_LOOP ( 'NONE', ( #1247, #1473, #1549, #983 ) ) ;
#1088 = AXIS2_PLACEMENT_3D ( 'NONE', #2165, #1142, #1838 ) ;
#1089 = CARTESIAN_POINT ( 'NONE',  ( 2.100000000000000533, 26.99999999999999645, -1.600000000000000089 ) ) ;
#1090 = CARTESIAN_POINT ( 'NONE',  ( 5.000000000000000000, 3.499999999999999556, 0.0000000000000000000 ) ) ;
#1091 = ORIENTED_EDGE ( 'NONE', *, *, #1987, .T. ) ;
#1092 = FILL_AREA_STYLE ('',( #2097 ) ) ;
#1093 = DIRECTION ( 'NONE',  ( 1.000000000000000000, 0.0000000000000000000, 0.0000000000000000000 ) ) ;
#1094 = DIRECTION ( 'NONE',  ( 0.0000000000000000000, -0.0000000000000000000, -1.000000000000000000 ) ) ;
#1095 = UNCERTAINTY_MEASURE_WITH_UNIT (LENGTH_MEASURE( 1.000000000000000082E-05 ), #1525, 'distance_accuracy_value', 'NONE');
#1096 = ORIENTED_EDGE ( 'NONE', *, *, #1749, .F. ) ;
#1097 = ADVANCED_FACE ( 'NONE', ( #773 ), #785, .T. ) ;
#1098 = DIRECTION ( 'NONE',  ( 0.0000000000000000000, 1.000000000000000000, -4.440892098500625176E-16 ) ) ;
#1099 = ORIENTED_EDGE ( 'NONE', *, *, #184, .T. ) ;
#1100 = DIRECTION ( 'NONE',  ( 0.0000000000000000000, 1.000000000000000000, -4.440892098500625176E-16 ) ) ;
#1101 = DIRECTION ( 'NONE',  ( 0.0000000000000000000, 1.000000000000000000, -5.782411586589356653E-16 ) ) ;
#1102 = PRODUCT_DEFINITION_SHAPE ( 'NONE', 'NONE',  #833 ) ;
#1103 = ORIENTED_EDGE ( 'NONE', *, *, #1510, .F. ) ;
#1104 = DIRECTION ( 'NONE',  ( -1.000000000000000000, 0.0000000000000000000, 0.0000000000000000000 ) ) ;
#1105 =( NAMED_UNIT ( * ) SI_UNIT ( $, .STERADIAN. ) SOLID_ANGLE_UNIT ( ) );
#1106 = VERTEX_POINT ( 'NONE', #1769 ) ;
#1107 = ADVANCED_FACE ( 'NONE', ( #254 ), #1729, .T. ) ;
#1108 = MECHANICAL_DESIGN_GEOMETRIC_PRESENTATION_REPRESENTATION (  '', ( #904 ), #1527 ) ;
#1109 = EDGE_CURVE ( 'NONE', #291, #1813, #942, .T. ) ;
#1110 = DIRECTION ( 'NONE',  ( -1.000000000000000000, -0.0000000000000000000, -0.0000000000000000000 ) ) ;
#1111 = CIRCLE ( 'NONE', #162, 1.500000000000000000 ) ;
#1112 = CYLINDRICAL_SURFACE ( 'NONE', #771, 3.450000000000000178 ) ;
#1113 = AXIS2_PLACEMENT_3D ( 'NONE', #2158, #137, #340 ) ;
#1114 = ORIENTED_EDGE ( 'NONE', *, *, #224, .T. ) ;
#1115 = CARTESIAN_POINT ( 'NONE',  ( 3.499999999999999556, 2.000000000000000000, 0.0000000000000000000 ) ) ;
#1116 = DIRECTION ( 'NONE',  ( 1.000000000000000000, 0.0000000000000000000, -0.0000000000000000000 ) ) ;
#1117 = FACE_OUTER_BOUND ( 'NONE', #1920, .T. ) ;
#1118 = ORIENTED_EDGE ( 'NONE', *, *, #19, .T. ) ;
#1119 = CYLINDRICAL_SURFACE ( 'NONE', #427, 2.100000000000000089 ) ;
#1120 =( LENGTH_UNIT ( ) NAMED_UNIT ( * ) SI_UNIT ( .MILLI., .METRE. ) );
#1121 = TOROIDAL_SURFACE ( 'NONE', #69, 4.450000000000001066, 1.000000000000000000 ) ;
#1122 = CARTESIAN_POINT ( 'NONE',  ( 2.100000000000000977, -2.999999999999993783, 26.99999999999999645 ) ) ;
#1123 = AXIS2_PLACEMENT_3D ( 'NONE', #2023, #1358, #33 ) ;
#1124 = CARTESIAN_POINT ( 'NONE',  ( 0.0000000000000000000, 5.995204332975842952E-15, 26.99999999999999645 ) ) ;
#1125 = FACE_OUTER_BOUND ( 'NONE', #481, .T. ) ;
#1126 = ORIENTED_EDGE ( 'NONE', *, *, #2054, .T. ) ;
#1127 = ADVANCED_FACE ( 'NONE', ( #930, #1233 ), #923, .T. ) ;
#1128 = FACE_OUTER_BOUND ( 'NONE', #1300, .T. ) ;
#1129 = CIRCLE ( 'NONE', #1401, 2.100000000000000089 ) ;
#1130 = ORIENTED_EDGE ( 'NONE', *, *, #1150, .F. ) ;
#1131 = CIRCLE ( 'NONE', #1438, 1.000000000000000444 ) ;
#1132 = PLANE ( 'NONE',  #447 ) ;
#1133 = ORIENTED_EDGE ( 'NONE', *, *, #965, .T. ) ;
#1134 = DIRECTION ( 'NONE',  ( -1.000000000000000000, 0.0000000000000000000, 0.0000000000000000000 ) ) ;
#1135 = CARTESIAN_POINT ( 'NONE',  ( 0.0000000000000000000, -2.999999999999998224, 6.999999999999997335 ) ) ;
#1136 = VERTEX_POINT ( 'NONE', #596 ) ;
#1137 = DIRECTION ( 'NONE',  ( 1.000000000000000000, 0.0000000000000000000, 0.0000000000000000000 ) ) ;
#1138 = EDGE_CURVE ( 'NONE', #1404, #1792, #1018, .T. ) ;
#1139 = EDGE_LOOP ( 'NONE', ( #934, #1642, #1166, #1126 ) ) ;
#1140 = EDGE_CURVE ( 'NONE', #886, #555, #1331, .T. ) ;
#1141 = ORIENTED_EDGE ( 'NONE', *, *, #733, .T. ) ;
#1142 = DIRECTION ( 'NONE',  ( -0.0000000000000000000, -1.000000000000000000, 4.440892098500625176E-16 ) ) ;
#1143 = DIRECTION ( 'NONE',  ( 1.000000000000000000, 0.0000000000000000000, 0.0000000000000000000 ) ) ;
#1144 = FACE_OUTER_BOUND ( 'NONE', #1759, .T. ) ;
#1145 = MECHANICAL_DESIGN_GEOMETRIC_PRESENTATION_REPRESENTATION (  '', ( #700 ), #1874 ) ;
#1146 = ORIENTED_EDGE ( 'NONE', *, *, #80, .T. ) ;
#1147 = AXIS2_PLACEMENT_3D ( 'NONE', #750, #461, #1270 ) ;
#1148 = ORIENTED_EDGE ( 'NONE', *, *, #1817, .T. ) ;
#1149 = DIRECTION ( 'NONE',  ( 0.0000000000000000000, 0.0000000000000000000, 1.000000000000000000 ) ) ;
#1150 = EDGE_CURVE ( 'NONE', #1750, #1649, #616, .T. ) ;
#1151 =( GEOMETRIC_REPRESENTATION_CONTEXT ( 3 ) GLOBAL_UNCERTAINTY_ASSIGNED_CONTEXT ( ( #1095 ) ) GLOBAL_UNIT_ASSIGNED_CONTEXT ( ( #1525, #58, #49 ) ) REPRESENTATION_CONTEXT ( 'NONE', 'WORKASPACE' ) );
#1152 = CYLINDRICAL_SURFACE ( 'NONE', #1314, 2.100000000000000089 ) ;
#1153 = DIRECTION ( 'NONE',  ( 1.000000000000000000, 0.0000000000000000000, 0.0000000000000000000 ) ) ;
#1154 = CYLINDRICAL_SURFACE ( 'NONE', #1423, 2.100000000000000533 ) ;
#1155 = ORIENTED_EDGE ( 'NONE', *, *, #935, .F. ) ;
#1156 = ORIENTED_EDGE ( 'NONE', *, *, #1138, .T. ) ;
#1157 = DIRECTION ( 'NONE',  ( 0.0000000000000000000, 1.000000000000000000, -4.440892098500625176E-16 ) ) ;
#1158 = EDGE_CURVE ( 'NONE', #34, #747, #88, .T. ) ;
#1159 = CARTESIAN_POINT ( 'NONE',  ( 5.000000000000000000, -1.599999999999993650, 29.50000000000000000 ) ) ;
#1160 = EDGE_CURVE ( 'NONE', #375, #1792, #44, .T. ) ;
#1161 = DIRECTION ( 'NONE',  ( 0.0000000000000000000, 0.0000000000000000000, 1.000000000000000000 ) ) ;
#1162 = ORIENTED_EDGE ( 'NONE', *, *, #364, .F. ) ;
#1163 = CARTESIAN_POINT ( 'NONE',  ( 4.000000000000000000, -1.599999999999999423, 3.000000000000000888 ) ) ;
#1164 = FACE_OUTER_BOUND ( 'NONE', #723, .T. ) ;
#1165 = DIRECTION ( 'NONE',  ( 0.0000000000000000000, -1.000000000000000000, 4.440892098500625176E-16 ) ) ;
#1166 = ORIENTED_EDGE ( 'NONE', *, *, #1857, .F. ) ;
#1167 = CARTESIAN_POINT ( 'NONE',  ( 2.779240779943887851, 7.327471962526030011E-15, 32.99999999999999289 ) ) ;
#1168 = DIRECTION ( 'NONE',  ( -1.000000000000000000, 0.0000000000000000000, 0.0000000000000000000 ) ) ;
#1169 = ADVANCED_FACE ( 'NONE', ( #1272 ), #1417, .T. ) ;
#1170 = DIRECTION ( 'NONE',  ( 0.0000000000000000000, -1.000000000000000000, 0.0000000000000000000 ) ) ;
#1171 = DIRECTION ( 'NONE',  ( 1.224646799147353207E-16, 1.000000000000000000, -0.0000000000000000000 ) ) ;
#1172 = VERTEX_POINT ( 'NONE', #62 ) ;
#1173 = EDGE_CURVE ( 'NONE', #747, #593, #1900, .T. ) ;
#1174 = FILL_AREA_STYLE ('',( #2003 ) ) ;
#1175 = CARTESIAN_POINT ( 'NONE',  ( -2.500000000000000000, 2.000000000000000000, -1.600000000000000089 ) ) ;
#1176 = PRESENTATION_LAYER_ASSIGNMENT (  '', '', ( #634 ) ) ;
#1177 = ORIENTED_EDGE ( 'NONE', *, *, #1896, .T. ) ;
#1178 = CARTESIAN_POINT ( 'NONE',  ( 0.0000000000000000000, 6.999999999999995559, -1.500000000000000000 ) ) ;
#1179 = AXIS2_PLACEMENT_3D ( 'NONE', #426, #1573, #792 ) ;
#1180 = AXIS2_PLACEMENT_3D ( 'NONE', #970, #1665, #1638 ) ;
#1181 = ORIENTED_EDGE ( 'NONE', *, *, #899, .F. ) ;
#1182 = DIRECTION ( 'NONE',  ( -0.3162277660168349436, -2.106500081146022510E-16, -0.9486832980505148782 ) ) ;
#1183 = DIRECTION ( 'NONE',  ( -1.000000000000000000, 0.0000000000000000000, 0.0000000000000000000 ) ) ;
#1184 = VERTEX_POINT ( 'NONE', #1737 ) ;
#1185 = AXIS2_PLACEMENT_3D ( 'NONE', #824, #1110, #950 ) ;
#1186 = LINE ( 'NONE', #547, #880 ) ;
#1187 = EDGE_CURVE ( 'NONE', #574, #6, #955, .T. ) ;
#1188 = DIRECTION ( 'NONE',  ( 1.000000000000000000, 0.0000000000000000000, 0.0000000000000000000 ) ) ;
#1189 = ORIENTED_EDGE ( 'NONE', *, *, #1646, .T. ) ;
#1190 = PLANE ( 'NONE',  #1546 ) ;
#1191 = AXIS2_PLACEMENT_3D ( 'NONE', #2123, #639, #304 ) ;
#1192 = VERTEX_POINT ( 'NONE', #795 ) ;
#1193 = CIRCLE ( 'NONE', #1721, 1.000000000000000000 ) ;
#1194 = VECTOR ( 'NONE', #1253, 1000.000000000000000 ) ;
#1195 = CARTESIAN_POINT ( 'NONE',  ( -2.100000000000000089, 6.999999999999995559, -1.600000000000000089 ) ) ;
#1196 = ORIENTED_EDGE ( 'NONE', *, *, #10, .T. ) ;
#1197 = CARTESIAN_POINT ( 'NONE',  ( 5.000000000000000000, 6.550315845288422011E-15, 29.50000000000000000 ) ) ;
#1198 = CARTESIAN_POINT ( 'NONE',  ( -5.000000000000000000, -1.599999999999999423, 3.000000000000007994 ) ) ;
#1199 = ADVANCED_FACE ( 'NONE', ( #1453, #2120, #449 ), #1287, .T. ) ;
#1200 = VERTEX_POINT ( 'NONE', #1783 ) ;
#1201 = DIRECTION ( 'NONE',  ( 0.0000000000000000000, 0.0000000000000000000, 1.000000000000000000 ) ) ;
#1202 = EDGE_CURVE ( 'NONE', #1582, #103, #594, .T. ) ;
#1203 = UNCERTAINTY_MEASURE_WITH_UNIT (LENGTH_MEASURE( 1.000000000000000082E-05 ), #2121, 'distance_accuracy_value', 'NONE');
#1204 = VERTEX_POINT ( 'NONE', #1746 ) ;
#1205 = DIRECTION ( 'NONE',  ( 1.000000000000000000, 0.0000000000000000000, 0.0000000000000000000 ) ) ;
#1206 = CARTESIAN_POINT ( 'NONE',  ( 0.0000000000000000000, 26.99999999999999645, -2.600000000000000089 ) ) ;
#1207 = ORIENTED_EDGE ( 'NONE', *, *, #337, .T. ) ;
#1208 = DIRECTION ( 'NONE',  ( 0.0000000000000000000, 0.0000000000000000000, 1.000000000000000000 ) ) ;
#1209 = CARTESIAN_POINT ( 'NONE',  ( -3.999999999999993339, 2.000000000000000000, -1.600000000000000089 ) ) ;
#1210 = VERTEX_POINT ( 'NONE', #87 ) ;
#1211 = DIRECTION ( 'NONE',  ( 0.0000000000000000000, 0.0000000000000000000, 1.000000000000000000 ) ) ;
#1212 = EDGE_CURVE ( 'NONE', #122, #1582, #761, .T. ) ;
#1213 = VECTOR ( 'NONE', #2058, 1000.000000000000000 ) ;
#1214 = ORIENTED_EDGE ( 'NONE', *, *, #733, .F. ) ;
#1215 = ADVANCED_FACE ( 'NONE', ( #1452 ), #622, .F. ) ;
#1216 = SURFACE_STYLE_FILL_AREA ( #566 ) ;
#1217 =( GEOMETRIC_REPRESENTATION_CONTEXT ( 3 ) GLOBAL_UNCERTAINTY_ASSIGNED_CONTEXT ( ( #577 ) ) GLOBAL_UNIT_ASSIGNED_CONTEXT ( ( #1069, #727, #230 ) ) REPRESENTATION_CONTEXT ( 'NONE', 'WORKASPACE' ) );
#1218 = CARTESIAN_POINT ( 'NONE',  ( -3.450000000000000178, 6.999999999999995559, -3.000000000000000000 ) ) ;
#1219 = ORIENTED_EDGE ( 'NONE', *, *, #1820, .T. ) ;
#1220 = LINE ( 'NONE', #1725, #2133 ) ;
#1221 = CARTESIAN_POINT ( 'NONE',  ( -2.100000000000000533, 26.99999999999999645, -1.500000000000000000 ) ) ;
#1222 = AXIS2_PLACEMENT_3D ( 'NONE', #1135, #1950, #1601 ) ;
#1223 = ORIENTED_EDGE ( 'NONE', *, *, #1251, .F. ) ;
#1224 = CARTESIAN_POINT ( 'NONE',  ( -2.500000000000000000, 2.000000000000000000, 0.0000000000000000000 ) ) ;
#1225 = ORIENTED_EDGE ( 'NONE', *, *, #782, .F. ) ;
#1226 = EDGE_CURVE ( 'NONE', #1553, #635, #1434, .T. ) ;
#1227 = AXIS2_PLACEMENT_3D ( 'NONE', #1674, #853, #43 ) ;
#1228 = VERTEX_POINT ( 'NONE', #469 ) ;
#1229 = CIRCLE ( 'NONE', #751, 1.499999999999999778 ) ;
#1230 = CARTESIAN_POINT ( 'NONE',  ( -2.500000000000000000, -1.599999999999999645, 2.000000000000000888 ) ) ;
#1231 = CARTESIAN_POINT ( 'NONE',  ( -2.779240779943879858, -1.599999999999992539, 34.00000000000000000 ) ) ;
#1232 = VERTEX_POINT ( 'NONE', #629 ) ;
#1233 = FACE_BOUND ( 'NONE', #760, .T. ) ;
#1234 = ORIENTED_EDGE ( 'NONE', *, *, #1803, .F. ) ;
#1235 = PRESENTATION_STYLE_ASSIGNMENT (( #789 ) ) ;
#1236 = ORIENTED_EDGE ( 'NONE', *, *, #1923, .F. ) ;
#1237 = EDGE_CURVE ( 'NONE', #389, #1849, #1278, .T. ) ;
#1238 = DIRECTION ( 'NONE',  ( 0.0000000000000000000, 1.000000000000000000, -4.440892098500625176E-16 ) ) ;
#1239 = ADVANCED_FACE ( 'NONE', ( #269 ), #933, .T. ) ;
#1240 = CARTESIAN_POINT ( 'NONE',  ( 0.0000000000000000000, 6.999999999999995559, -3.000000000000000000 ) ) ;
#1241 = ORIENTED_EDGE ( 'NONE', *, *, #809, .F. ) ;
#1242 = DIRECTION ( 'NONE',  ( 0.0000000000000000000, 1.000000000000000000, -4.440892098500625176E-16 ) ) ;
#1243 = ORIENTED_EDGE ( 'NONE', *, *, #483, .T. ) ;
#1244 = CIRCLE ( 'NONE', #310, 3.450000000000000622 ) ;
#1245 =( NAMED_UNIT ( * ) PLANE_ANGLE_UNIT ( ) SI_UNIT ( $, .RADIAN. ) );
#1246 =( GEOMETRIC_REPRESENTATION_CONTEXT ( 3 ) GLOBAL_UNCERTAINTY_ASSIGNED_CONTEXT ( ( #400 ) ) GLOBAL_UNIT_ASSIGNED_CONTEXT ( ( #982, #1327, #1506 ) ) REPRESENTATION_CONTEXT ( 'NONE', 'WORKASPACE' ) );
#1247 = ORIENTED_EDGE ( 'NONE', *, *, #337, .F. ) ;
#1248 = AXIS2_PLACEMENT_3D ( 'NONE', #686, #1996, #308 ) ;
#1249 = DIRECTION ( 'NONE',  ( 0.0000000000000000000, 0.0000000000000000000, 1.000000000000000000 ) ) ;
#1250 = FACE_OUTER_BOUND ( 'NONE', #1934, .T. ) ;
#1251 = EDGE_CURVE ( 'NONE', #1269, #635, #134, .T. ) ;
#1252 = VERTEX_POINT ( 'NONE', #1970 ) ;
#1253 = DIRECTION ( 'NONE',  ( 1.000000000000000000, 0.0000000000000000000, 0.0000000000000000000 ) ) ;
#1254 = DIRECTION ( 'NONE',  ( -1.000000000000000000, 0.0000000000000000000, 0.0000000000000000000 ) ) ;
#1255 = VECTOR ( 'NONE', #1425, 999.9999999999998863 ) ;
#1256 = ORIENTED_EDGE ( 'NONE', *, *, #1237, .T. ) ;
#1257 = PRODUCT_CONTEXT ( 'NONE', #245, 'mechanical' ) ;
#1258 = ORIENTED_EDGE ( 'NONE', *, *, #1896, .F. ) ;
#1259 = DIRECTION ( 'NONE',  ( 0.0000000000000000000, 0.0000000000000000000, -1.000000000000000000 ) ) ;
#1260 = DIRECTION ( 'NONE',  ( 0.0000000000000000000, 1.000000000000000000, -4.440892098500625176E-16 ) ) ;
#1261 = VERTEX_POINT ( 'NONE', #18 ) ;
#1262 = AXIS2_PLACEMENT_3D ( 'NONE', #762, #623, #585 ) ;
#1263 = CARTESIAN_POINT ( 'NONE',  ( 0.0000000000000000000, -2.999999999999993783, 26.99999999999999645 ) ) ;
#1264 = DIRECTION ( 'NONE',  ( 1.000000000000000000, 0.0000000000000000000, 0.0000000000000000000 ) ) ;
#1265 = ADVANCED_FACE ( 'NONE', ( #1690 ), #922, .T. ) ;
#1266 = ORIENTED_EDGE ( 'NONE', *, *, #823, .T. ) ;
#1267 = ADVANCED_FACE ( 'NONE', ( #1533 ), #362, .T. ) ;
#1268 = DIRECTION ( 'NONE',  ( 1.000000000000000000, 0.0000000000000000000, 0.0000000000000000000 ) ) ;
#1269 = VERTEX_POINT ( 'NONE', #1159 ) ;
#1270 = DIRECTION ( 'NONE',  ( -1.000000000000000000, 0.0000000000000000000, -0.0000000000000000000 ) ) ;
#1271 = ORIENTED_EDGE ( 'NONE', *, *, #472, .F. ) ;
#1272 = FACE_OUTER_BOUND ( 'NONE', #919, .T. ) ;
#1273 = DIRECTION ( 'NONE',  ( 0.0000000000000000000, 0.0000000000000000000, 1.000000000000000000 ) ) ;
#1274 = ORIENTED_EDGE ( 'NONE', *, *, #1853, .F. ) ;
#1275 = PRODUCT_RELATED_PRODUCT_CATEGORY ( 'part', '', ( #1537 ) ) ;
#1276 = FACE_BOUND ( 'NONE', #1396, .T. ) ;
#1277 = EDGE_CURVE ( 'NONE', #528, #1942, #1829, .T. ) ;
#1278 = LINE ( 'NONE', #1765, #1997 ) ;
#1279 = VECTOR ( 'NONE', #1967, 1000.000000000000000 ) ;
#1280 = CARTESIAN_POINT ( 'NONE',  ( -3.727924077994404062, 33.31622776601683000, -1.600000000000000089 ) ) ;
#1281 = VECTOR ( 'NONE', #2116, 1000.000000000000000 ) ;
#1283 = CARTESIAN_POINT ( 'NONE',  ( -3.727924077994404062, 7.397688631897563848E-15, 33.31622776601683000 ) ) ;
#1282 = FACE_OUTER_BOUND ( 'NONE', #877, .T. ) ;
#1284 = PRESENTATION_LAYER_ASSIGNMENT (  '', '', ( #1812 ) ) ;
#1285 = VERTEX_POINT ( 'NONE', #2020 ) ;
#1286 = SURFACE_STYLE_FILL_AREA ( #1092 ) ;
#1287 = PLANE ( 'NONE',  #1965 ) ;
#1288 = CIRCLE ( 'NONE', #640, 3.450000000000000622 ) ;
#1289 = ORIENTED_EDGE ( 'NONE', *, *, #271, .F. ) ;
#1290 = DIRECTION ( 'NONE',  ( 1.000000000000000000, 0.0000000000000000000, 0.0000000000000000000 ) ) ;
#1291 = PRESENTATION_LAYER_ASSIGNMENT (  '', '', ( #2094 ) ) ;
#1292 = EDGE_CURVE ( 'NONE', #1305, #1200, #538, .T. ) ;
#1293 = DIRECTION ( 'NONE',  ( 0.0000000000000000000, 0.0000000000000000000, -1.000000000000000000 ) ) ;
#1294 = DIRECTION ( 'NONE',  ( -1.000000000000000000, 0.0000000000000000000, 0.0000000000000000000 ) ) ;
#1295 = ORIENTED_EDGE ( 'NONE', *, *, #1496, .T. ) ;
#1296 = FACE_OUTER_BOUND ( 'NONE', #421, .T. ) ;
#1297 = CARTESIAN_POINT ( 'NONE',  ( -3.999999999999993339, 4.440892098500625176E-16, 2.000000000000000000 ) ) ;
#1298 = CYLINDRICAL_SURFACE ( 'NONE', #280, 2.100000000000000533 ) ;
#1299 = VECTOR ( 'NONE', #2154, 1000.000000000000000 ) ;
#1300 = EDGE_LOOP ( 'NONE', ( #1274, #1998, #1962, #1685, #2035, #1630, #300, #1927 ) ) ;
#1301 = CARTESIAN_POINT ( 'NONE',  ( -3.727924077994404062, 33.31622776601683000, -1.600000000000000089 ) ) ;
#1302 = DIRECTION ( 'NONE',  ( 0.0000000000000000000, 1.000000000000000000, -4.440892098500625176E-16 ) ) ;
#1303 = PLANE ( 'NONE',  #778 ) ;
#1304 = CARTESIAN_POINT ( 'NONE',  ( 3.450000000000000622, 26.99999999999999645, -3.000000000000000000 ) ) ;
#1305 = VERTEX_POINT ( 'NONE', #842 ) ;
#1306 = EDGE_CURVE ( 'NONE', #574, #1542, #678, .T. ) ;
#1307 = DIRECTION ( 'NONE',  ( 1.000000000000000000, 0.0000000000000000000, 0.0000000000000000000 ) ) ;
#1308 = EDGE_LOOP ( 'NONE', ( #1013, #15, #953, #711, #1784, #945, #54, #1931 ) ) ;
#1309 = FACE_BOUND ( 'NONE', #1705, .T. ) ;
#1310 = CARTESIAN_POINT ( 'NONE',  ( 0.0000000000000000000, -1.499999999999994005, 26.99999999999999645 ) ) ;
#1311 = DIRECTION ( 'NONE',  ( 0.0000000000000000000, 0.0000000000000000000, 1.000000000000000000 ) ) ;
#1312 = CARTESIAN_POINT ( 'NONE',  ( 0.0000000000000000000, -2.999999999999998224, 6.999999999999997335 ) ) ;
#1313 = DIRECTION ( 'NONE',  ( -0.0000000000000000000, -1.000000000000000000, 4.440892098500625176E-16 ) ) ;
#1314 = AXIS2_PLACEMENT_3D ( 'NONE', #843, #296, #2126 ) ;
#1315 = AXIS2_PLACEMENT_3D ( 'NONE', #591, #1603, #1594 ) ;
#1316 = ORIENTED_EDGE ( 'NONE', *, *, #268, .F. ) ;
#1317 = CIRCLE ( 'NONE', #1113, 1.000000000000000000 ) ;
#1318 = EDGE_CURVE ( 'NONE', #1475, #906, #504, .T. ) ;
#1319 = ORIENTED_EDGE ( 'NONE', *, *, #986, .F. ) ;
#1320 = TOROIDAL_SURFACE ( 'NONE', #738, 3.600000000000000977, 1.500000000000000000 ) ;
#1321 = DIRECTION ( 'NONE',  ( -1.000000000000000000, 0.0000000000000000000, 0.0000000000000000000 ) ) ;
#1322 = EDGE_CURVE ( 'NONE', #1515, #718, #1676, .T. ) ;
#1323 = VECTOR ( 'NONE', #1063, 1000.000000000000000 ) ;
#1324 = CARTESIAN_POINT ( 'NONE',  ( -5.000000000000000000, -1.599999999999993650, 29.50000000000000000 ) ) ;
#1325 = DIRECTION ( 'NONE',  ( 1.000000000000000000, 0.0000000000000000000, 0.0000000000000000000 ) ) ;
#1326 = DIRECTION ( 'NONE',  ( 0.0000000000000000000, 1.000000000000000000, 0.0000000000000000000 ) ) ;
#1327 =( NAMED_UNIT ( * ) PLANE_ANGLE_UNIT ( ) SI_UNIT ( $, .RADIAN. ) );
#1328 = ORIENTED_EDGE ( 'NONE', *, *, #1857, .T. ) ;
#1329 = AXIS2_PLACEMENT_3D ( 'NONE', #1498, #2152, #1134 ) ;
#1330 = CYLINDRICAL_SURFACE ( 'NONE', #1191, 3.450000000000000622 ) ;
#1331 = CIRCLE ( 'NONE', #1019, 4.450000000000001066 ) ;
#1332 = DIRECTION ( 'NONE',  ( 0.0000000000000000000, 2.220446049250312588E-16, 1.000000000000000000 ) ) ;
#1333 = EDGE_CURVE ( 'NONE', #743, #883, #1017, .T. ) ;
#1334 = DIRECTION ( 'NONE',  ( 1.000000000000000000, 0.0000000000000000000, 0.0000000000000000000 ) ) ;
#1335 = DIRECTION ( 'NONE',  ( 0.0000000000000000000, 1.000000000000000000, -4.440892098500625176E-16 ) ) ;
#1336 = ORIENTED_EDGE ( 'NONE', *, *, #82, .F. ) ;
#1338 = DIRECTION ( 'NONE',  ( -1.000000000000000000, 2.771879224406204696E-31, 1.248343424215180490E-15 ) ) ;
#1337 = FACE_OUTER_BOUND ( 'NONE', #549, .T. ) ;
#1339 = DIRECTION ( 'NONE',  ( 0.0000000000000000000, 0.0000000000000000000, 1.000000000000000000 ) ) ;
#1340 = DIRECTION ( 'NONE',  ( 0.0000000000000000000, 0.0000000000000000000, 1.000000000000000000 ) ) ;
#1341 = EDGE_LOOP ( 'NONE', ( #543, #83, #207, #754, #1336, #1904, #940, #1241, #353, #1872, #1689, #827, #1393, #1181 ) ) ;
#1342 = DIRECTION ( 'NONE',  ( 0.0000000000000000000, 0.0000000000000000000, 1.000000000000000000 ) ) ;
#1343 = ORIENTED_EDGE ( 'NONE', *, *, #197, .T. ) ;
#1344 = ADVANCED_FACE ( 'NONE', ( #2033 ), #1870, .T. ) ;
#1345 = DIRECTION ( 'NONE',  ( 1.000000000000000000, 0.0000000000000000000, 0.0000000000000000000 ) ) ;
#1346 = EDGE_LOOP ( 'NONE', ( #2052, #45 ) ) ;
#1347 = DIRECTION ( 'NONE',  ( -1.000000000000000000, 0.0000000000000000000, 0.0000000000000000000 ) ) ;
#1348 = CARTESIAN_POINT ( 'NONE',  ( 3.450000000000000622, 26.99999999999999645, -2.600000000000000089 ) ) ;
#1349 = AXIS2_PLACEMENT_3D ( 'NONE', #1954, #1431, #110 ) ;
#1350 = ORIENTED_EDGE ( 'NONE', *, *, #540, .T. ) ;
#1351 = CARTESIAN_POINT ( 'NONE',  ( 0.0000000000000000000, -1.499999999999994005, 26.99999999999999645 ) ) ;
#1352 = PRESENTATION_LAYER_ASSIGNMENT (  '', '', ( #666 ) ) ;
#1353 = PRODUCT_DEFINITION_FORMATION_WITH_SPECIFIED_SOURCE ( 'ANY', '', #1537, .NOT_KNOWN. ) ;
#1354 = AXIS2_PLACEMENT_3D ( 'NONE', #1797, #968, #1311 ) ;
#1355 = ORIENTED_EDGE ( 'NONE', *, *, #1051, .F. ) ;
#1356 = DIRECTION ( 'NONE',  ( 0.0000000000000000000, 0.0000000000000000000, 1.000000000000000000 ) ) ;
#1357 = CARTESIAN_POINT ( 'NONE',  ( -2.500000000000000000, 4.440892098500625176E-16, 2.000000000000000000 ) ) ;
#1358 = DIRECTION ( 'NONE',  ( -0.0000000000000000000, -0.0000000000000000000, -1.000000000000000000 ) ) ;
#1359 = VERTEX_POINT ( 'NONE', #182 ) ;
#1360 = ADVANCED_FACE ( 'NONE', ( #2005, #1309, #484 ), #1652, .T. ) ;
#1361 = EDGE_CURVE ( 'NONE', #79, #743, #1570, .T. ) ;
#1362 = CARTESIAN_POINT ( 'NONE',  ( 0.0000000000000000000, -2.999999999999993783, 26.99999999999999645 ) ) ;
#1363 = ORIENTED_EDGE ( 'NONE', *, *, #744, .T. ) ;
#1364 = CARTESIAN_POINT ( 'NONE',  ( -3.450000000000000622, -2.599999999999993872, 26.99999999999999645 ) ) ;
#1365 = AXIS2_PLACEMENT_3D ( 'NONE', #1351, #882, #698 ) ;
#1366 = ORIENTED_EDGE ( 'NONE', *, *, #1538, .T. ) ;
#1367 = DIRECTION ( 'NONE',  ( 1.224646799147353207E-16, 1.000000000000000000, -0.0000000000000000000 ) ) ;
#1368 = CARTESIAN_POINT ( 'NONE',  ( 2.500000000000000444, 4.440892098500625176E-16, 2.000000000000000000 ) ) ;
#1369 = CARTESIAN_POINT ( 'NONE',  ( 0.0000000000000000000, -2.999999999999993783, 26.99999999999999645 ) ) ;
#1370 = VECTOR ( 'NONE', #1606, 1000.000000000000114 ) ;
#1371 = ORIENTED_EDGE ( 'NONE', *, *, #2025, .T. ) ;
#1372 = EDGE_CURVE ( 'NONE', #883, #990, #243, .T. ) ;
#1373 = CARTESIAN_POINT ( 'NONE',  ( 5.000000000000000000, 3.000000000000007105, -1.600000000000000089 ) ) ;
#1374 = DIRECTION ( 'NONE',  ( 0.0000000000000000000, 0.0000000000000000000, 1.000000000000000000 ) ) ;
#1375 = EDGE_CURVE ( 'NONE', #541, #229, #705, .T. ) ;
#1376 = ORIENTED_EDGE ( 'NONE', *, *, #483, .F. ) ;
#1377 = DIRECTION ( 'NONE',  ( -1.000000000000000000, 0.0000000000000000000, 0.0000000000000000000 ) ) ;
#1378 = ORIENTED_EDGE ( 'NONE', *, *, #1039, .T. ) ;
#1379 =( LENGTH_UNIT ( ) NAMED_UNIT ( * ) SI_UNIT ( .MILLI., .METRE. ) );
#1380 =( NAMED_UNIT ( * ) PLANE_ANGLE_UNIT ( ) SI_UNIT ( $, .RADIAN. ) );
#1381 = ORIENTED_EDGE ( 'NONE', *, *, #155, .T. ) ;
#1382 = CARTESIAN_POINT ( 'NONE',  ( 2.500000000000000444, -1.599999999999999645, 2.000000000000000888 ) ) ;
#1383 = DIRECTION ( 'NONE',  ( 0.0000000000000000000, 1.000000000000000000, -4.440892098500625176E-16 ) ) ;
#1384 = ORIENTED_EDGE ( 'NONE', *, *, #2149, .T. ) ;
#1385 = LINE ( 'NONE', #527, #1650 ) ;
#1386 = ORIENTED_EDGE ( 'NONE', *, *, #1372, .F. ) ;
#1387 = EDGE_CURVE ( 'NONE', #2128, #6, #1936, .T. ) ;
#1388 = ORIENTED_EDGE ( 'NONE', *, *, #1036, .T. ) ;
#1389 = AXIS2_PLACEMENT_3D ( 'NONE', #1779, #273, #1408 ) ;
#1390 = FILL_AREA_STYLE_COLOUR ( '', #317 ) ;
#1391 = LINE ( 'NONE', #917, #1979 ) ;
#1392 = CARTESIAN_POINT ( 'NONE',  ( 0.0000000000000000000, 6.999999999999995559, 0.0000000000000000000 ) ) ;
#1393 = ORIENTED_EDGE ( 'NONE', *, *, #676, .F. ) ;
#1394 = DIRECTION ( 'NONE',  ( -1.000000000000000000, 0.0000000000000000000, 0.0000000000000000000 ) ) ;
#1395 = AXIS2_PLACEMENT_3D ( 'NONE', #1961, #272, #960 ) ;
#1396 = EDGE_LOOP ( 'NONE', ( #2135, #1869 ) ) ;
#1397 = DIRECTION ( 'NONE',  ( 0.0000000000000000000, -0.0000000000000000000, -1.000000000000000000 ) ) ;
#1398 = CARTESIAN_POINT ( 'NONE',  ( 2.779240779943883410, -1.599999999999992539, 33.99999999999999289 ) ) ;
#1399 = EDGE_LOOP ( 'NONE', ( #900, #1975, #603, #195 ) ) ;
#1400 = DIRECTION ( 'NONE',  ( 0.0000000000000000000, 0.0000000000000000000, 1.000000000000000000 ) ) ;
#1401 = AXIS2_PLACEMENT_3D ( 'NONE', #1178, #1848, #2018 ) ;
#1402 = EDGE_CURVE ( 'NONE', #860, #883, #163, .T. ) ;
#1403 = DIRECTION ( 'NONE',  ( 1.000000000000000000, 0.0000000000000000000, 0.0000000000000000000 ) ) ;
#1404 = VERTEX_POINT ( 'NONE', #716 ) ;
#1405 = CIRCLE ( 'NONE', #614, 1.000000000000000444 ) ;
#1406 = LINE ( 'NONE', #2091, #2047 ) ;
#1407 = CARTESIAN_POINT ( 'NONE',  ( -5.000000000000000000, 29.50000000000000000, -1.600000000000000089 ) ) ;
#1408 = DIRECTION ( 'NONE',  ( 1.000000000000000000, 0.0000000000000000000, 0.0000000000000000000 ) ) ;
#1409 = ORIENTED_EDGE ( 'NONE', *, *, #1109, .T. ) ;
#1410 = CARTESIAN_POINT ( 'NONE',  ( -2.779240779943886519, -1.599999999999992761, 33.00000000000000000 ) ) ;
#1411 = VERTEX_POINT ( 'NONE', #358 ) ;
#1412 = ORIENTED_EDGE ( 'NONE', *, *, #1600, .F. ) ;
#1413 = EDGE_CURVE ( 'NONE', #1285, #71, #1244, .T. ) ;
#1414 = DIRECTION ( 'NONE',  ( 1.000000000000000000, 0.0000000000000000000, 0.0000000000000000000 ) ) ;
#1415 = FACE_OUTER_BOUND ( 'NONE', #963, .T. ) ;
#1416 = ORIENTED_EDGE ( 'NONE', *, *, #130, .F. ) ;
#1417 = CYLINDRICAL_SURFACE ( 'NONE', #1860, 1.000000000000000000 ) ;
#1418 = CARTESIAN_POINT ( 'NONE',  ( 0.0000000000000000000, 26.99999999999999645, -3.000000000000000000 ) ) ;
#1419 = ORIENTED_EDGE ( 'NONE', *, *, #1753, .T. ) ;
#1420 = AXIS2_PLACEMENT_3D ( 'NONE', #586, #290, #1094 ) ;
#1421 = ORIENTED_EDGE ( 'NONE', *, *, #299, .T. ) ;
#1422 = AXIS2_PLACEMENT_3D ( 'NONE', #1938, #2108, #770 ) ;
#1423 = AXIS2_PLACEMENT_3D ( 'NONE', #1589, #1556, #2077 ) ;
#1424 = CARTESIAN_POINT ( 'NONE',  ( -2.100000000000000533, -1.599999999999994094, 26.99999999999999645 ) ) ;
#1425 = DIRECTION ( 'NONE',  ( -0.3162277660168349436, -0.9486832980505148782, 0.0000000000000000000 ) ) ;
#1426 = EDGE_CURVE ( 'NONE', #424, #1411, #1704, .T. ) ;
#1427 = DIRECTION ( 'NONE',  ( 1.000000000000000000, 0.0000000000000000000, 0.0000000000000000000 ) ) ;
#1428 = ORIENTED_EDGE ( 'NONE', *, *, #630, .F. ) ;
#1429 = ADVANCED_FACE ( 'NONE', ( #514 ), #531, .T. ) ;
#1430 = CARTESIAN_POINT ( 'NONE',  ( 0.0000000000000000000, 26.99999999999999645, -3.000000000000000000 ) ) ;
#1431 = DIRECTION ( 'NONE',  ( 0.0000000000000000000, 1.000000000000000000, -4.440892098500625176E-16 ) ) ;
#1432 = VECTOR ( 'NONE', #2080, 1000.000000000000000 ) ;
#1433 = VERTEX_POINT ( 'NONE', #1698 ) ;
#1434 = LINE ( 'NONE', #1958, #1722 ) ;
#1435 = LINE ( 'NONE', #444, #413 ) ;
#1436 = ORIENTED_EDGE ( 'NONE', *, *, #1277, .T. ) ;
#1437 = AXIS2_PLACEMENT_3D ( 'NONE', #736, #1894, #410 ) ;
#1438 = AXIS2_PLACEMENT_3D ( 'NONE', #1167, #2136, #1321 ) ;
#1439 = DIRECTION ( 'NONE',  ( -0.0000000000000000000, -0.0000000000000000000, -1.000000000000000000 ) ) ;
#1440 = LINE ( 'NONE', #633, #2049 ) ;
#1441 = ADVANCED_FACE ( 'NONE', ( #1655 ), #1152, .F. ) ;
#1442 = CARTESIAN_POINT ( 'NONE',  ( 5.000000000000000000, -1.599999999999993650, 29.50000000000000000 ) ) ;
#1443 =( GEOMETRIC_REPRESENTATION_CONTEXT ( 3 ) GLOBAL_UNCERTAINTY_ASSIGNED_CONTEXT ( ( #2031 ) ) GLOBAL_UNIT_ASSIGNED_CONTEXT ( ( #1627, #276, #1605 ) ) REPRESENTATION_CONTEXT ( 'NONE', 'WORKASPACE' ) );
#1444 = LINE ( 'NONE', #1576, #820 ) ;
#1445 = DIRECTION ( 'NONE',  ( 0.0000000000000000000, 0.0000000000000000000, 1.000000000000000000 ) ) ;
#1446 = EDGE_CURVE ( 'NONE', #1261, #1899, #1406, .T. ) ;
#1447 =( NAMED_UNIT ( * ) SI_UNIT ( $, .STERADIAN. ) SOLID_ANGLE_UNIT ( ) );
#1448 = ORIENTED_EDGE ( 'NONE', *, *, #925, .T. ) ;
#1449 = CARTESIAN_POINT ( 'NONE',  ( 0.0000000000000000000, 26.99999999999999645, -1.500000000000000000 ) ) ;
#1450 = LINE ( 'NONE', #1090, #1281 ) ;
#1451 = CARTESIAN_POINT ( 'NONE',  ( 3.450000000000000178, -2.999999999999998224, 6.999999999999997335 ) ) ;
#1452 = FACE_OUTER_BOUND ( 'NONE', #1595, .T. ) ;
#1453 = FACE_OUTER_BOUND ( 'NONE', #1724, .T. ) ;
#1454 = SURFACE_STYLE_USAGE ( .BOTH. , #597 ) ;
#1455 = ORIENTED_EDGE ( 'NONE', *, *, #146, .T. ) ;
#1456 = CARTESIAN_POINT ( 'NONE',  ( 2.500000000000000444, -1.599999999999999645, 2.000000000000000888 ) ) ;
#1457 = EDGE_CURVE ( 'NONE', #29, #266, #766, .T. ) ;
#1458 = APPLICATION_PROTOCOL_DEFINITION ( 'draft international standard', 'automotive_design', 1998, #631 ) ;
#1459 = EDGE_LOOP ( 'NONE', ( #958, #192 ) ) ;
#1460 = CARTESIAN_POINT ( 'NONE',  ( 0.0000000000000000000, -1.499999999999998446, 6.999999999999996447 ) ) ;
#1461 = VECTOR ( 'NONE', #1260, 1000.000000000000000 ) ;
#1462 = ORIENTED_EDGE ( 'NONE', *, *, #93, .T. ) ;
#1463 = PLANE ( 'NONE',  #1180 ) ;
#1464 = LINE ( 'NONE', #138, #1884 ) ;
#1465 = ORIENTED_EDGE ( 'NONE', *, *, #1841, .F. ) ;
#1466 = CARTESIAN_POINT ( 'NONE',  ( -2.100000000000000089, -1.599999999999998535, 6.999999999999996447 ) ) ;
#1467 = CIRCLE ( 'NONE', #1083, 1.000000000000000000 ) ;
#1468 = EDGE_CURVE ( 'NONE', #29, #906, #1034, .T. ) ;
#1469 = EDGE_CURVE ( 'NONE', #990, #79, #1435, .T. ) ;
#1470 = CARTESIAN_POINT ( 'NONE',  ( 0.0000000000000000000, 26.99999999999999645, 0.0000000000000000000 ) ) ;
#1471 = DIRECTION ( 'NONE',  ( 0.0000000000000000000, 0.0000000000000000000, 1.000000000000000000 ) ) ;
#1472 = VECTOR ( 'NONE', #2144, 1000.000000000000000 ) ;
#1473 = ORIENTED_EDGE ( 'NONE', *, *, #1426, .F. ) ;
#1474 = PRESENTATION_STYLE_ASSIGNMENT (( #2150 ) ) ;
#1475 = VERTEX_POINT ( 'NONE', #1122 ) ;
#1476 = CARTESIAN_POINT ( 'NONE',  ( 2.779240779943883410, 33.99999999999999289, -1.600000000000000089 ) ) ;
#1477 = PRESENTATION_STYLE_ASSIGNMENT (( #370 ) ) ;
#1478 = CARTESIAN_POINT ( 'NONE',  ( 3.450000000000000178, 6.999999999999995559, -3.000000000000000000 ) ) ;
#1479 = EDGE_CURVE ( 'NONE', #174, #1558, #800, .T. ) ;
#1480 = DIRECTION ( 'NONE',  ( 1.000000000000000000, 0.0000000000000000000, 0.0000000000000000000 ) ) ;
#1481 = ADVANCED_BREP_SHAPE_REPRESENTATION ( 'A372 TэєЄЁхээшщ єуыютющ ёюхфшэшЄхы№, ярч 6', ( #173, #135 ), #1846 ) ;
#1482 = LINE ( 'NONE', #1407, #1323 ) ;
#1483 = CARTESIAN_POINT ( 'NONE',  ( -5.000000000000000000, 3.000000000000007105, -1.600000000000000089 ) ) ;
#1484 = ORIENTED_EDGE ( 'NONE', *, *, #914, .T. ) ;
#1485 = LINE ( 'NONE', #1456, #2137 ) ;
#1486 = CARTESIAN_POINT ( 'NONE',  ( -2.779240779943879858, 34.00000000000000000, -1.600000000000000089 ) ) ;
#1487 = FILL_AREA_STYLE ('',( #831 ) ) ;
#1488 = FACE_OUTER_BOUND ( 'NONE', #288, .T. ) ;
#1489 = PLANE ( 'NONE',  #557 ) ;
#1490 = CIRCLE ( 'NONE', #872, 0.5000000000000000000 ) ;
#1491 = EDGE_CURVE ( 'NONE', #1832, #12, #2079, .T. ) ;
#1492 =( GEOMETRIC_REPRESENTATION_CONTEXT ( 3 ) GLOBAL_UNCERTAINTY_ASSIGNED_CONTEXT ( ( #1941 ) ) GLOBAL_UNIT_ASSIGNED_CONTEXT ( ( #140, #836, #169 ) ) REPRESENTATION_CONTEXT ( 'NONE', 'WORKASPACE' ) );
#1493 = DIRECTION ( 'NONE',  ( -0.3162277660168351656, 2.106500081146022263E-16, 0.9486832980505147672 ) ) ;
#1494 = ORIENTED_EDGE ( 'NONE', *, *, #1150, .T. ) ;
#1495 = VECTOR ( 'NONE', #2140, 1000.000000000000000 ) ;
#1496 = EDGE_CURVE ( 'NONE', #2122, #401, #1780, .T. ) ;
#1497 = ORIENTED_EDGE ( 'NONE', *, *, #1987, .F. ) ;
#1498 = CARTESIAN_POINT ( 'NONE',  ( -4.000000000000000000, 3.000000000000000000, 0.0000000000000000000 ) ) ;
#1499 = DIRECTION ( 'NONE',  ( 0.0000000000000000000, 1.000000000000000000, -4.440892098500625176E-16 ) ) ;
#1500 = TOROIDAL_SURFACE ( 'NONE', #1818, 4.450000000000001066, 1.000000000000000000 ) ;
#1501 = DIRECTION ( 'NONE',  ( 0.0000000000000000000, 1.000000000000000000, -4.440892098500625176E-16 ) ) ;
#1502 = ORIENTED_EDGE ( 'NONE', *, *, #1082, .F. ) ;
#1503 = FACE_OUTER_BOUND ( 'NONE', #1399, .T. ) ;
#1504 = AXIS2_PLACEMENT_3D ( 'NONE', #667, #1691, #371 ) ;
#1505 = DIRECTION ( 'NONE',  ( 0.0000000000000000000, 0.0000000000000000000, 1.000000000000000000 ) ) ;
#1506 =( NAMED_UNIT ( * ) SI_UNIT ( $, .STERADIAN. ) SOLID_ANGLE_UNIT ( ) );
#1507 = ORIENTED_EDGE ( 'NONE', *, *, #663, .T. ) ;
#1508 = VECTOR ( 'NONE', #688, 1000.000000000000000 ) ;
#1509 = CARTESIAN_POINT ( 'NONE',  ( -5.000000000000000000, 3.000000000000007105, -1.600000000000000089 ) ) ;
#1510 = EDGE_CURVE ( 'NONE', #1204, #1515, #971, .T. ) ;
#1511 = EDGE_LOOP ( 'NONE', ( #1877, #1343, #48, #279 ) ) ;
#1512 = CARTESIAN_POINT ( 'NONE',  ( 2.500000000000000444, 0.0000000000000000000, 0.0000000000000000000 ) ) ;
#1513 = DIRECTION ( 'NONE',  ( -0.0000000000000000000, 1.000000000000000000, -4.440892098500625176E-16 ) ) ;
#1514 = FACE_OUTER_BOUND ( 'NONE', #868, .T. ) ;
#1515 = VERTEX_POINT ( 'NONE', #1283 ) ;
#1516 = SURFACE_SIDE_STYLE ('',( #349 ) ) ;
#1517 = CARTESIAN_POINT ( 'NONE',  ( 2.100000000000000089, 6.999999999999995559, -1.500000000000000000 ) ) ;
#1518 = ORIENTED_EDGE ( 'NONE', *, *, #1646, .F. ) ;
#1519 = CYLINDRICAL_SURFACE ( 'NONE', #1227, 3.450000000000000178 ) ;
#1520 = ORIENTED_EDGE ( 'NONE', *, *, #10, .F. ) ;
#1521 = EDGE_CURVE ( 'NONE', #448, #1204, #803, .T. ) ;
#1522 = EDGE_CURVE ( 'NONE', #6, #2122, #1490, .T. ) ;
#1523 = DIRECTION ( 'NONE',  ( 0.0000000000000000000, 1.000000000000000000, -4.440892098500625176E-16 ) ) ;
#1524 = ORIENTED_EDGE ( 'NONE', *, *, #2025, .F. ) ;
#1525 =( LENGTH_UNIT ( ) NAMED_UNIT ( * ) SI_UNIT ( .MILLI., .METRE. ) );
#1526 = CARTESIAN_POINT ( 'NONE',  ( 0.0000000000000000000, 26.99999999999999645, -1.500000000000000000 ) ) ;
#1527 =( GEOMETRIC_REPRESENTATION_CONTEXT ( 3 ) GLOBAL_UNCERTAINTY_ASSIGNED_CONTEXT ( ( #1578 ) ) GLOBAL_UNIT_ASSIGNED_CONTEXT ( ( #1547, #613, #1447 ) ) REPRESENTATION_CONTEXT ( 'NONE', 'WORKASPACE' ) );
#1528 = ORIENTED_EDGE ( 'NONE', *, *, #505, .T. ) ;
#1529 = DIRECTION ( 'NONE',  ( 0.0000000000000000000, 1.000000000000000000, -4.440892098500625176E-16 ) ) ;
#1530 = VECTOR ( 'NONE', #1031, 1000.000000000000000 ) ;
#1531 = VECTOR ( 'NONE', #846, 1000.000000000000000 ) ;
#1532 = ORIENTED_EDGE ( 'NONE', *, *, #994, .T. ) ;
#1533 = FACE_OUTER_BOUND ( 'NONE', #177, .T. ) ;
#1534 = CLOSED_SHELL ( 'NONE', ( #65, #258, #1265, #1881, #874, #1974, #1684, #1441, #1883, #887, #1763, #1267, #379, #889, #2162, #672, #724, #170, #2081, #567, #590, #1581, #51, #443, #1561, #2124, #641, #721, #1565, #1963, #1199, #1659, #2146, #1868, #1906, #227, #1107, #1592, #2141, #2038, #314, #1360, #1670, #1239, #1793, #1632, #1097, #1064, #1949, #1012, #2095, #1169, #1429, #167, #1215, #1602, #495, #1344, #1127, #2138, #367, #730, #2008, #432, #108, #850 ) ) ;
#1535 = DIRECTION ( 'NONE',  ( 0.0000000000000000000, 0.0000000000000000000, 1.000000000000000000 ) ) ;
#1536 = ORIENTED_EDGE ( 'NONE', *, *, #581, .F. ) ;
#1537 = PRODUCT ( 'A372 Внутренний угловой соединитель, паз 6', 'A372 Внутренний угловой соединитель, паз 6', '', ( #1257 ) ) ;
#1538 = EDGE_CURVE ( 'NONE', #442, #528, #1391, .T. ) ;
#1539 = CIRCLE ( 'NONE', #490, 1.000000000000000444 ) ;
#1540 = CARTESIAN_POINT ( 'NONE',  ( 0.0000000000000000000, 6.999999999999995559, 0.0000000000000000000 ) ) ;
#1541 = DIRECTION ( 'NONE',  ( -0.0000000000000000000, -1.000000000000000000, 4.440892098500625176E-16 ) ) ;
#1542 = VERTEX_POINT ( 'NONE', #1368 ) ;
#1543 = FACE_OUTER_BOUND ( 'NONE', #1738, .T. ) ;
#1544 = CIRCLE ( 'NONE', #1823, 2.100000000000000089 ) ;
#1545 = ORIENTED_EDGE ( 'NONE', *, *, #2114, .F. ) ;
#1546 = AXIS2_PLACEMENT_3D ( 'NONE', #1859, #712, #366 ) ;
#1547 =( LENGTH_UNIT ( ) NAMED_UNIT ( * ) SI_UNIT ( .MILLI., .METRE. ) );
#1548 = SURFACE_SIDE_STYLE ('',( #717 ) ) ;
#1549 = ORIENTED_EDGE ( 'NONE', *, *, #121, .T. ) ;
#1550 = PLANE ( 'NONE',  #710 ) ;
#1551 = EDGE_CURVE ( 'NONE', #916, #862, #2012, .T. ) ;
#1552 = CARTESIAN_POINT ( 'NONE',  ( 2.500000000000000444, -1.600000000000000089, -1.600000000000000089 ) ) ;
#1553 = VERTEX_POINT ( 'NONE', #23 ) ;
#1554 = DIRECTION ( 'NONE',  ( 1.000000000000000000, 0.0000000000000000000, 0.0000000000000000000 ) ) ;
#1555 = ORIENTED_EDGE ( 'NONE', *, *, #1853, .T. ) ;
#1556 = DIRECTION ( 'NONE',  ( 0.0000000000000000000, 0.0000000000000000000, 1.000000000000000000 ) ) ;
#1557 = DIRECTION ( 'NONE',  ( -0.0000000000000000000, -0.0000000000000000000, 1.000000000000000000 ) ) ;
#1558 = VERTEX_POINT ( 'NONE', #781 ) ;
#1559 = CARTESIAN_POINT ( 'NONE',  ( -3.999999999999993339, -1.599999999999999645, 2.000000000000000888 ) ) ;
#1560 = CARTESIAN_POINT ( 'NONE',  ( 2.100000000000000533, 26.99999999999999645, -1.500000000000000000 ) ) ;
#1561 = ADVANCED_FACE ( 'NONE', ( #153 ), #431, .T. ) ;
#1562 = ORIENTED_EDGE ( 'NONE', *, *, #660, .F. ) ;
#1563 = DIRECTION ( 'NONE',  ( 1.000000000000000000, 0.0000000000000000000, 0.0000000000000000000 ) ) ;
#1564 = COLOUR_RGB ( '',0.7960784313725489669, 0.8235294117647058432, 0.9372549019607843146 ) ;
#1565 = ADVANCED_FACE ( 'NONE', ( #763 ), #265, .T. ) ;
#1566 = EDGE_LOOP ( 'NONE', ( #1130, #1035 ) ) ;
#1567 = AXIS2_PLACEMENT_3D ( 'NONE', #1362, #363, #215 ) ;
#1568 = SURFACE_STYLE_USAGE ( .BOTH. , #884 ) ;
#1569 = COLOUR_RGB ( '',0.7960784313725489669, 0.8235294117647058432, 0.9372549019607843146 ) ;
#1570 = CIRCLE ( 'NONE', #233, 1.600000000000000089 ) ;
#1571 = ORIENTED_EDGE ( 'NONE', *, *, #405, .F. ) ;
#1572 = CARTESIAN_POINT ( 'NONE',  ( 4.450000000000001066, 6.999999999999995559, -2.600000000000000089 ) ) ;
#1573 = DIRECTION ( 'NONE',  ( 0.0000000000000000000, 1.000000000000000000, -4.440892098500625176E-16 ) ) ;
#1574 = CIRCLE ( 'NONE', #32, 3.450000000000000178 ) ;
#1575 = EDGE_LOOP ( 'NONE', ( #31, #465, #804, #2017 ) ) ;
#1576 = CARTESIAN_POINT ( 'NONE',  ( -5.000000000000000000, -1.599999999999999423, 3.000000000000007994 ) ) ;
#1577 = AXIS2_PLACEMENT_3D ( 'NONE', #681, #1335, #2010 ) ;
#1578 = UNCERTAINTY_MEASURE_WITH_UNIT (LENGTH_MEASURE( 1.000000000000000082E-05 ), #1547, 'distance_accuracy_value', 'NONE');
#1579 = ORIENTED_EDGE ( 'NONE', *, *, #494, .T. ) ;
#1580 = AXIS2_PLACEMENT_3D ( 'NONE', #392, #1610, #70 ) ;
#1581 = ADVANCED_FACE ( 'NONE', ( #943 ), #1761, .T. ) ;
#1582 = VERTEX_POINT ( 'NONE', #120 ) ;
#1583 = LINE ( 'NONE', #2092, #642 ) ;
#1584 = CARTESIAN_POINT ( 'NONE',  ( 2.779240779943887851, -1.599999999999992761, 32.99999999999999289 ) ) ;
#1585 = ORIENTED_EDGE ( 'NONE', *, *, #155, .F. ) ;
#1586 = DIRECTION ( 'NONE',  ( 0.0000000000000000000, -1.000000000000000000, 8.673617379884035472E-16 ) ) ;
#1587 = CARTESIAN_POINT ( 'NONE',  ( 2.779240779943887851, 32.99999999999999289, -1.600000000000000089 ) ) ;
#1588 = ORIENTED_EDGE ( 'NONE', *, *, #2041, .T. ) ;
#1589 = CARTESIAN_POINT ( 'NONE',  ( 0.0000000000000000000, 26.99999999999999645, -1.600000000000000089 ) ) ;
#1590 = EDGE_CURVE ( 'NONE', #1285, #902, #805, .T. ) ;
#1591 = ORIENTED_EDGE ( 'NONE', *, *, #896, .F. ) ;
#1592 = ADVANCED_FACE ( 'NONE', ( #256 ), #22, .T. ) ;
#1593 = LINE ( 'NONE', #1089, #1744 ) ;
#1594 = DIRECTION ( 'NONE',  ( 1.000000000000000000, 0.0000000000000000000, 0.0000000000000000000 ) ) ;
#1595 = EDGE_LOOP ( 'NONE', ( #588, #855, #311, #1271 ) ) ;
#1596 = CARTESIAN_POINT ( 'NONE',  ( 0.0000000000000000000, -1.599999999999994094, 26.99999999999999645 ) ) ;
#1597 = ORIENTED_EDGE ( 'NONE', *, *, #19, .F. ) ;
#1598 = DIRECTION ( 'NONE',  ( 1.000000000000000000, 0.0000000000000000000, 0.0000000000000000000 ) ) ;
#1599 = ORIENTED_EDGE ( 'NONE', *, *, #954, .T. ) ;
#1600 = EDGE_CURVE ( 'NONE', #2096, #2119, #837, .T. ) ;
#1601 = DIRECTION ( 'NONE',  ( -1.000000000000000000, 0.0000000000000000000, 0.0000000000000000000 ) ) ;
#1602 = ADVANCED_FACE ( 'NONE', ( #1794 ), #774, .F. ) ;
#1603 = DIRECTION ( 'NONE',  ( 0.0000000000000000000, 1.000000000000000000, -4.440892098500625176E-16 ) ) ;
#1604 = DIRECTION ( 'NONE',  ( 1.000000000000000000, 0.0000000000000000000, 0.0000000000000000000 ) ) ;
#1605 =( NAMED_UNIT ( * ) SI_UNIT ( $, .STERADIAN. ) SOLID_ANGLE_UNIT ( ) );
#1606 = DIRECTION ( 'NONE',  ( -0.3162277660168351656, 0.9486832980505147672, 0.0000000000000000000 ) ) ;
#1607 = FILL_AREA_STYLE ('',( #1081 ) ) ;
#1608 = CIRCLE ( 'NONE', #1395, 1.000000000000000000 ) ;
#1609 = ORIENTED_EDGE ( 'NONE', *, *, #391, .T. ) ;
#1610 = DIRECTION ( 'NONE',  ( 1.000000000000000000, 0.0000000000000000000, 0.0000000000000000000 ) ) ;
#1611 = SURFACE_SIDE_STYLE ('',( #628 ) ) ;
#1612 = CIRCLE ( 'NONE', #2100, 3.450000000000000622 ) ;
#1613 = AXIS2_PLACEMENT_3D ( 'NONE', #1310, #1956, #129 ) ;
#1614 = VECTOR ( 'NONE', #1290, 1000.000000000000000 ) ;
#1615 = DIRECTION ( 'NONE',  ( -0.0000000000000000000, -1.000000000000000000, 4.440892098500625176E-16 ) ) ;
#1616 = CARTESIAN_POINT ( 'NONE',  ( 2.500000000000000444, 0.0000000000000000000, -1.600000000000000089 ) ) ;
#1617 = EDGE_CURVE ( 'NONE', #401, #1582, #2099, .T. ) ;
#1618 = DIRECTION ( 'NONE',  ( -1.000000000000000000, 0.0000000000000000000, 0.0000000000000000000 ) ) ;
#1619 = DIRECTION ( 'NONE',  ( 0.0000000000000000000, 0.0000000000000000000, 1.000000000000000000 ) ) ;
#1620 = AXIS2_PLACEMENT_3D ( 'NONE', #2103, #305, #1268 ) ;
#1621 = CARTESIAN_POINT ( 'NONE',  ( -2.500000000000000444, -4.336808689942017736E-16, 0.5000000000000002220 ) ) ;
#1622 = DIRECTION ( 'NONE',  ( -0.9486832980505148782, 0.3162277660168348881, 0.0000000000000000000 ) ) ;
#1623 = VERTEX_POINT ( 'NONE', #1770 ) ;
#1624 = CARTESIAN_POINT ( 'NONE',  ( 2.779240779943883410, 33.99999999999999289, -1.600000000000000089 ) ) ;
#1625 = FACE_OUTER_BOUND ( 'NONE', #1087, .T. ) ;
#1626 = ORIENTED_EDGE ( 'NONE', *, *, #1469, .F. ) ;
#1627 =( LENGTH_UNIT ( ) NAMED_UNIT ( * ) SI_UNIT ( .MILLI., .METRE. ) );
#1628 = DIRECTION ( 'NONE',  ( -0.3162277660168348881, -2.106500081146022510E-16, -0.9486832980505148782 ) ) ;
#1629 = EDGE_CURVE ( 'NONE', #1106, #1228, #278, .T. ) ;
#1630 = ORIENTED_EDGE ( 'NONE', *, *, #341, .T. ) ;
#1631 = CARTESIAN_POINT ( 'NONE',  ( 4.450000000000001066, -1.599999999999993872, 26.99999999999999645 ) ) ;
#1632 = ADVANCED_FACE ( 'NONE', ( #1117 ), #1132, .T. ) ;
#1633 = VECTOR ( 'NONE', #1170, 1000.000000000000000 ) ;
#1634 = CARTESIAN_POINT ( 'NONE',  ( 3.600000000000000977, -1.499999999999994005, 26.99999999999999645 ) ) ;
#1635 = AXIS2_PLACEMENT_3D ( 'NONE', #1748, #2075, #1264 ) ;
#1636 = CARTESIAN_POINT ( 'NONE',  ( 3.450000000000000178, -2.999999999999998224, 6.999999999999997335 ) ) ;
#1637 = CIRCLE ( 'NONE', #1567, 2.100000000000000977 ) ;
#1638 = DIRECTION ( 'NONE',  ( 0.0000000000000000000, -0.0000000000000000000, -1.000000000000000000 ) ) ;
#1639 = TOROIDAL_SURFACE ( 'NONE', #282, 4.450000000000001066, 1.000000000000000000 ) ;
#1640 = EDGE_LOOP ( 'NONE', ( #1494, #1266, #1507, #1694 ) ) ;
#1641 = AXIS2_PLACEMENT_3D ( 'NONE', #972, #332, #1618 ) ;
#1642 = ORIENTED_EDGE ( 'NONE', *, *, #2068, .F. ) ;
#1643 = DIRECTION ( 'NONE',  ( 0.0000000000000000000, 0.0000000000000000000, 1.000000000000000000 ) ) ;
#1644 =( NAMED_UNIT ( * ) SI_UNIT ( $, .STERADIAN. ) SOLID_ANGLE_UNIT ( ) );
#1645 = AXIS2_PLACEMENT_3D ( 'NONE', #1844, #1259, #2046 ) ;
#1646 = EDGE_CURVE ( 'NONE', #1359, #1404, #1666, .T. ) ;
#1647 = DIRECTION ( 'NONE',  ( 1.000000000000000000, 0.0000000000000000000, 0.0000000000000000000 ) ) ;
#1648 = DIRECTION ( 'NONE',  ( 1.000000000000000000, 0.0000000000000000000, 0.0000000000000000000 ) ) ;
#1649 = VERTEX_POINT ( 'NONE', #333 ) ;
#1650 = VECTOR ( 'NONE', #1687, 1000.000000000000000 ) ;
#1651 = ORIENTED_EDGE ( 'NONE', *, *, #835, .F. ) ;
#1652 = PLANE ( 'NONE',  #1001 ) ;
#1653 = LINE ( 'NONE', #1301, #176 ) ;
#1654 = CARTESIAN_POINT ( 'NONE',  ( 0.0000000000000000000, 6.999999999999995559, -1.500000000000000000 ) ) ;
#1655 = FACE_OUTER_BOUND ( 'NONE', #171, .T. ) ;
#1656 = EDGE_CURVE ( 'NONE', #682, #1623, #828, .T. ) ;
#1657 = LINE ( 'NONE', #359, #325 ) ;
#1658 = CARTESIAN_POINT ( 'NONE',  ( -3.450000000000000622, 26.99999999999999645, -3.000000000000000000 ) ) ;
#1659 = ADVANCED_FACE ( 'NONE', ( #1845 ), #997, .F. ) ;
#1660 = CARTESIAN_POINT ( 'NONE',  ( 3.450000000000000622, -2.999999999999993783, 26.99999999999999645 ) ) ;
#1661 = ORIENTED_EDGE ( 'NONE', *, *, #1306, .F. ) ;
#1662 = DIRECTION ( 'NONE',  ( 0.0000000000000000000, 1.000000000000000000, -4.440892098500625176E-16 ) ) ;
#1663 = PLANE ( 'NONE',  #529 ) ;
#1664 = VERTEX_POINT ( 'NONE', #1483 ) ;
#1665 = DIRECTION ( 'NONE',  ( 0.0000000000000000000, -1.000000000000000000, 0.0000000000000000000 ) ) ;
#1666 = CIRCLE ( 'NONE', #735, 4.450000000000001066 ) ;
#1667 = DIRECTION ( 'NONE',  ( 1.000000000000000000, 0.0000000000000000000, 0.0000000000000000000 ) ) ;
#1668 = AXIS2_PLACEMENT_3D ( 'NONE', #1743, #606, #759 ) ;
#1669 = DIRECTION ( 'NONE',  ( 0.0000000000000000000, 1.000000000000000000, -4.440892098500625176E-16 ) ) ;
#1670 = ADVANCED_FACE ( 'NONE', ( #1986 ), #501, .T. ) ;
#1671 = DIRECTION ( 'NONE',  ( 0.0000000000000000000, -4.440892098500625176E-16, -1.000000000000000000 ) ) ;
#1672 = AXIS2_PLACEMENT_3D ( 'NONE', #1810, #320, #962 ) ;
#1673 = ORIENTED_EDGE ( 'NONE', *, *, #105, .T. ) ;
#1674 = CARTESIAN_POINT ( 'NONE',  ( 0.0000000000000000000, 6.999999999999995559, -3.000000000000000000 ) ) ;
#1675 = ORIENTED_EDGE ( 'NONE', *, *, #707, .T. ) ;
#1676 = LINE ( 'NONE', #9, #64 ) ;
#1677 = COLOUR_RGB ( '',0.7960784313725489669, 0.8235294117647058432, 0.9372549019607843146 ) ;
#1678 = CARTESIAN_POINT ( 'NONE',  ( 5.000000000000000000, 6.550315845288422011E-15, 29.50000000000000000 ) ) ;
#1679 = EDGE_LOOP ( 'NONE', ( #526, #1972 ) ) ;
#1680 = STYLED_ITEM ( 'NONE', ( #1235 ), #672 ) ;
#1681 = CARTESIAN_POINT ( 'NONE',  ( 3.999999999999993339, 2.000000000000000000, 0.0000000000000000000 ) ) ;
#1682 = FILL_AREA_STYLE ('',( #491 ) ) ;
#1683 = AXIS2_PLACEMENT_3D ( 'NONE', #466, #493, #1989 ) ;
#1684 = ADVANCED_FACE ( 'NONE', ( #476 ), #1298, .F. ) ;
#1685 = ORIENTED_EDGE ( 'NONE', *, *, #1212, .T. ) ;
#1686 = AXIS2_PLACEMENT_3D ( 'NONE', #2098, #610, #1586 ) ;
#1687 = DIRECTION ( 'NONE',  ( 0.0000000000000000000, 1.000000000000000000, -4.440892098500625176E-16 ) ) ;
#1688 = VECTOR ( 'NONE', #1302, 1000.000000000000000 ) ;
#1689 = ORIENTED_EDGE ( 'NONE', *, *, #1158, .F. ) ;
#1690 = FACE_OUTER_BOUND ( 'NONE', #507, .T. ) ;
#1691 = DIRECTION ( 'NONE',  ( 0.0000000000000000000, 0.0000000000000000000, 1.000000000000000000 ) ) ;
#1692 = VERTEX_POINT ( 'NONE', #1825 ) ;
#1693 = LINE ( 'NONE', #1875, #592 ) ;
#1694 = ORIENTED_EDGE ( 'NONE', *, *, #286, .F. ) ;
#1695 = DIRECTION ( 'NONE',  ( 0.0000000000000000000, -1.000000000000000000, 5.782411586589357639E-16 ) ) ;
#1696 = VERTEX_POINT ( 'NONE', #849 ) ;
#1697 = EDGE_CURVE ( 'NONE', #103, #1228, #873, .T. ) ;
#1698 = CARTESIAN_POINT ( 'NONE',  ( 2.100000000000000089, -1.499999999999998446, 6.999999999999996447 ) ) ;
#1699 = CARTESIAN_POINT ( 'NONE',  ( -3.999999999999993339, 2.000000000000000000, 0.0000000000000000000 ) ) ;
#1700 = ORIENTED_EDGE ( 'NONE', *, *, #612, .F. ) ;
#1701 = CARTESIAN_POINT ( 'NONE',  ( 2.500000000000000444, -1.600000000000000089, 0.0000000000000000000 ) ) ;
#1702 = AXIS2_PLACEMENT_3D ( 'NONE', #1418, #624, #2085 ) ;
#1703 = DIRECTION ( 'NONE',  ( 1.000000000000000000, 0.0000000000000000000, 0.0000000000000000000 ) ) ;
#1704 = CIRCLE ( 'NONE', #1944, 3.600000000000000977 ) ;
#1705 = EDGE_LOOP ( 'NONE', ( #281, #1518 ) ) ;
#1706 = CARTESIAN_POINT ( 'NONE',  ( 3.600000000000000533, 6.999999999999995559, 0.0000000000000000000 ) ) ;
#1707 = ORIENTED_EDGE ( 'NONE', *, *, #1413, .F. ) ;
#1708 = LINE ( 'NONE', #1893, #1776 ) ;
#1709 = EDGE_CURVE ( 'NONE', #860, #1696, #510, .T. ) ;
#1710 = AXIS2_PLACEMENT_3D ( 'NONE', #866, #2015, #37 ) ;
#1711 = DIRECTION ( 'NONE',  ( 1.000000000000000000, 0.0000000000000000000, 0.0000000000000000000 ) ) ;
#1712 = ORIENTED_EDGE ( 'NONE', *, *, #1173, .F. ) ;
#1713 = FACE_OUTER_BOUND ( 'NONE', #1346, .T. ) ;
#1714 = AXIS2_PLACEMENT_3D ( 'NONE', #1470, #1439, #1788 ) ;
#1715 = DIRECTION ( 'NONE',  ( 1.000000000000000000, 0.0000000000000000000, 0.0000000000000000000 ) ) ;
#1716 = VECTOR ( 'NONE', #1992, 1000.000000000000000 ) ;
#1717 = EDGE_LOOP ( 'NONE', ( #813, #2042, #226, #1847 ) ) ;
#1718 = CARTESIAN_POINT ( 'NONE',  ( 3.727924077994404506, 7.397688631897562271E-15, 33.31622776601682290 ) ) ;
#1719 = CIRCLE ( 'NONE', #1052, 2.100000000000000533 ) ;
#1720 = ORIENTED_EDGE ( 'NONE', *, *, #457, .T. ) ;
#1721 = AXIS2_PLACEMENT_3D ( 'NONE', #217, #193, #1014 ) ;
#1722 = VECTOR ( 'NONE', #1946, 1000.000000000000000 ) ;
#1723 = FILL_AREA_STYLE ('',( #1053 ) ) ;
#1724 = EDGE_LOOP ( 'NONE', ( #1484, #1295, #90, #393, #2050, #409, #1378, #1421, #1023, #1890, #966, #1146, #1363, #598 ) ) ;
#1725 = CARTESIAN_POINT ( 'NONE',  ( 2.779240779943883410, -1.599999999999992539, 33.99999999999999289 ) ) ;
#1726 = EDGE_CURVE ( 'NONE', #1475, #1832, #1637, .T. ) ;
#1727 = DIRECTION ( 'NONE',  ( 0.0000000000000000000, 0.0000000000000000000, 1.000000000000000000 ) ) ;
#1728 = EDGE_LOOP ( 'NONE', ( #687, #1536, #734, #764 ) ) ;
#1729 = CYLINDRICAL_SURFACE ( 'NONE', #719, 3.450000000000000622 ) ;
#1730 = ORIENTED_EDGE ( 'NONE', *, *, #976, .T. ) ;
#1731 = PLANE ( 'NONE',  #395 ) ;
#1732 = VERTEX_POINT ( 'NONE', #1221 ) ;
#1733 = CARTESIAN_POINT ( 'NONE',  ( 2.779240779943883410, -1.599999999999992539, 33.99999999999999289 ) ) ;
#1734 = LINE ( 'NONE', #859, #938 ) ;
#1735 = EDGE_CURVE ( 'NONE', #257, #41, #386, .T. ) ;
#1736 = VERTEX_POINT ( 'NONE', #191 ) ;
#1737 = CARTESIAN_POINT ( 'NONE',  ( -3.450000000000000178, 6.999999999999995559, -2.600000000000000089 ) ) ;
#1738 = EDGE_LOOP ( 'NONE', ( #1591, #845, #772, #8 ) ) ;
#1739 = VECTOR ( 'NONE', #2061, 1000.000000000000000 ) ;
#1740 = VERTEX_POINT ( 'NONE', #1560 ) ;
#1741 = CIRCLE ( 'NONE', #1710, 1.000000000000000000 ) ;
#1742 = DIRECTION ( 'NONE',  ( -0.0000000000000000000, 1.000000000000000000, -4.440892098500625176E-16 ) ) ;
#1743 = CARTESIAN_POINT ( 'NONE',  ( 2.779240779943887851, -1.599999999999992761, 32.99999999999999289 ) ) ;
#1744 = VECTOR ( 'NONE', #404, 1000.000000000000000 ) ;
#1745 = VERTEX_POINT ( 'NONE', #1517 ) ;
#1746 = CARTESIAN_POINT ( 'NONE',  ( -2.779240779943879858, 7.549516567451062897E-15, 34.00000000000000000 ) ) ;
#1747 = PLANE ( 'NONE',  #1791 ) ;
#1748 = CARTESIAN_POINT ( 'NONE',  ( 0.0000000000000000000, 6.999999999999995559, -1.500000000000000000 ) ) ;
#1749 = EDGE_CURVE ( 'NONE', #886, #621, #451, .T. ) ;
#1750 = VERTEX_POINT ( 'NONE', #59 ) ;
#1751 = CIRCLE ( 'NONE', #1925, 1.000000000000000000 ) ;
#1752 = FILL_AREA_STYLE ('',( #1085 ) ) ;
#1753 = EDGE_CURVE ( 'NONE', #1210, #860, #1898, .T. ) ;
#1754 = CIRCLE ( 'NONE', #818, 1.000000000000000000 ) ;
#1755 = ORIENTED_EDGE ( 'NONE', *, *, #1361, .F. ) ;
#1756 = AXIS2_PLACEMENT_3D ( 'NONE', #2132, #1098, #1598 ) ;
#1757 = CARTESIAN_POINT ( 'NONE',  ( -3.450000000000000178, 6.999999999999995559, -3.000000000000000000 ) ) ;
#1758 = DIRECTION ( 'NONE',  ( 0.0000000000000000000, 0.0000000000000000000, 1.000000000000000000 ) ) ;
#1759 = EDGE_LOOP ( 'NONE', ( #323, #61, #1084, #1502 ) ) ;
#1760 = DIRECTION ( 'NONE',  ( 0.0000000000000000000, 1.000000000000000000, -4.440892098500625176E-16 ) ) ;
#1761 = PLANE ( 'NONE',  #553 ) ;
#1762 = ORIENTED_EDGE ( 'NONE', *, *, #521, .F. ) ;
#1763 = ADVANCED_FACE ( 'NONE', ( #740 ), #1037, .T. ) ;
#1764 = EDGE_CURVE ( 'NONE', #1692, #752, #133, .T. ) ;
#1765 = CARTESIAN_POINT ( 'NONE',  ( 3.450000000000000178, 6.999999999999995559, -3.000000000000000000 ) ) ;
#1766 = DIRECTION ( 'NONE',  ( 0.0000000000000000000, 1.000000000000000000, 0.0000000000000000000 ) ) ;
#1767 = CARTESIAN_POINT ( 'NONE',  ( 3.600000000000000533, 6.999999999999995559, -1.500000000000000000 ) ) ;
#1768 = ORIENTED_EDGE ( 'NONE', *, *, #121, .F. ) ;
#1769 = CARTESIAN_POINT ( 'NONE',  ( 5.000000000000000000, 3.000000000000000000, -1.600000000000000089 ) ) ;
#1770 = CARTESIAN_POINT ( 'NONE',  ( -5.000000000000000000, 29.50000000000000000, 0.0000000000000000000 ) ) ;
#1771 = ORIENTED_EDGE ( 'NONE', *, *, #1446, .F. ) ;
#1772 = VECTOR ( 'NONE', #1273, 1000.000000000000000 ) ;
#1773 = AXIS2_PLACEMENT_3D ( 'NONE', #1044, #1541, #1715 ) ;
#1774 = CARTESIAN_POINT ( 'NONE',  ( 5.000000000000000000, -1.599999999999993650, 29.50000000000000000 ) ) ;
#1775 = DIRECTION ( 'NONE',  ( 1.000000000000000000, 0.0000000000000000000, -0.0000000000000000000 ) ) ;
#1776 = VECTOR ( 'NONE', #209, 1000.000000000000000 ) ;
#1777 = EDGE_CURVE ( 'NONE', #1305, #838, #973, .T. ) ;
#1778 = FACE_OUTER_BOUND ( 'NONE', #2109, .T. ) ;
#1779 = CARTESIAN_POINT ( 'NONE',  ( 0.0000000000000000000, 5.995204332975842952E-15, 26.99999999999999645 ) ) ;
#1780 = LINE ( 'NONE', #2130, #2153 ) ;
#1781 = ORIENTED_EDGE ( 'NONE', *, *, #405, .T. ) ;
#1782 = TOROIDAL_SURFACE ( 'NONE', #601, 4.450000000000001066, 1.000000000000000000 ) ;
#1783 = CARTESIAN_POINT ( 'NONE',  ( -3.450000000000000622, 26.99999999999999645, -2.600000000000000089 ) ) ;
#1784 = ORIENTED_EDGE ( 'NONE', *, *, #1387, .T. ) ;
#1785 = CARTESIAN_POINT ( 'NONE',  ( 4.000000000000000000, 3.000000000000000000, -1.600000000000000089 ) ) ;
#1786 = VECTOR ( 'NONE', #1821, 1000.000000000000000 ) ;
#1787 = COLOUR_RGB ( '',0.7960784313725489669, 0.8235294117647058432, 0.9372549019607843146 ) ;
#1788 = DIRECTION ( 'NONE',  ( 1.000000000000000000, 0.0000000000000000000, 0.0000000000000000000 ) ) ;
#1789 = VERTEX_POINT ( 'NONE', #50 ) ;
#1790 = CARTESIAN_POINT ( 'NONE',  ( 0.0000000000000000000, 6.999999999999995559, -2.600000000000000089 ) ) ;
#1791 = AXIS2_PLACEMENT_3D ( 'NONE', #1398, #753, #742 ) ;
#1792 = VERTEX_POINT ( 'NONE', #729 ) ;
#1793 = ADVANCED_FACE ( 'NONE', ( #539 ), #572, .T. ) ;
#1794 = FACE_OUTER_BOUND ( 'NONE', #1068, .T. ) ;
#1795 = VERTEX_POINT ( 'NONE', #2048 ) ;
#1796 = DIRECTION ( 'NONE',  ( -0.0000000000000000000, -1.000000000000000000, 4.440892098500625176E-16 ) ) ;
#1797 = CARTESIAN_POINT ( 'NONE',  ( -2.500000000000000000, 0.0000000000000000000, 0.0000000000000000000 ) ) ;
#1798 = DIRECTION ( 'NONE',  ( 1.224646799147353207E-16, 1.000000000000000000, -0.0000000000000000000 ) ) ;
#1799 = ORIENTED_EDGE ( 'NONE', *, *, #1036, .F. ) ;
#1800 = CARTESIAN_POINT ( 'NONE',  ( 0.0000000000000000000, -2.599999999999998312, 6.999999999999996447 ) ) ;
#1801 = ORIENTED_EDGE ( 'NONE', *, *, #475, .T. ) ;
#1802 = CARTESIAN_POINT ( 'NONE',  ( -3.500000000000000000, -1.599999999999999645, 2.000000000000000888 ) ) ;
#1803 = EDGE_CURVE ( 'NONE', #41, #2128, #2037, .T. ) ;
#1804 = VERTEX_POINT ( 'NONE', #548 ) ;
#1805 = CARTESIAN_POINT ( 'NONE',  ( -2.779240779943886519, 33.00000000000000000, -1.600000000000000089 ) ) ;
#1806 = VECTOR ( 'NONE', #1338, 1000.000000000000000 ) ;
#1807 = CARTESIAN_POINT ( 'NONE',  ( 0.0000000000000000000, 6.999999999999995559, -3.000000000000000000 ) ) ;
#1808 = DIRECTION ( 'NONE',  ( -1.000000000000000000, 1.248343424215180490E-15, 0.0000000000000000000 ) ) ;
#1809 = CIRCLE ( 'NONE', #2088, 1.000000000000000444 ) ;
#1811 = CARTESIAN_POINT ( 'NONE',  ( 2.779240779943883410, 7.549516567451061319E-15, 33.99999999999999289 ) ) ;
#1810 = CARTESIAN_POINT ( 'NONE',  ( 0.0000000000000000000, -2.999999999999993783, 26.99999999999999645 ) ) ;
#1812 = STYLED_ITEM ( 'NONE', ( #903 ), #2162 ) ;
#1813 = VERTEX_POINT ( 'NONE', #1231 ) ;
#1814 = FILL_AREA_STYLE_COLOUR ( '', #1564 ) ;
#1815 = ORIENTED_EDGE ( 'NONE', *, *, #2068, .T. ) ;
#1816 = DIRECTION ( 'NONE',  ( 1.000000000000000000, 0.0000000000000000000, 0.0000000000000000000 ) ) ;
#1817 = EDGE_CURVE ( 'NONE', #2119, #1826, #406, .T. ) ;
#1818 = AXIS2_PLACEMENT_3D ( 'NONE', #801, #643, #2107 ) ;
#1819 = DIRECTION ( 'NONE',  ( 1.000000000000000000, 0.0000000000000000000, 0.0000000000000000000 ) ) ;
#1820 = EDGE_CURVE ( 'NONE', #246, #1261, #1734, .T. ) ;
#1821 = DIRECTION ( 'NONE',  ( 0.0000000000000000000, 0.0000000000000000000, 1.000000000000000000 ) ) ;
#1822 = DIRECTION ( 'NONE',  ( 0.0000000000000000000, 1.000000000000000000, -4.440892098500625176E-16 ) ) ;
#1823 = AXIS2_PLACEMENT_3D ( 'NONE', #142, #152, #819 ) ;
#1824 = CARTESIAN_POINT ( 'NONE',  ( -2.500000000000000000, 1.110223024625157033E-16, 0.5000000000000002220 ) ) ;
#1825 = CARTESIAN_POINT ( 'NONE',  ( -4.450000000000001066, 6.999999999999996447, -1.599999999999999867 ) ) ;
#1826 = VERTEX_POINT ( 'NONE', #1348 ) ;
#1827 = LINE ( 'NONE', #991, #1015 ) ;
#1828 = EDGE_CURVE ( 'NONE', #1210, #563, #374, .T. ) ;
#1829 = LINE ( 'NONE', #1486, #1299 ) ;
#1830 = EDGE_CURVE ( 'NONE', #382, #682, #1693, .T. ) ;
#1831 = CARTESIAN_POINT ( 'NONE',  ( -5.000000000000000000, 3.000000000000007105, 0.0000000000000000000 ) ) ;
#1832 = VERTEX_POINT ( 'NONE', #203 ) ;
#1834 = CARTESIAN_POINT ( 'NONE',  ( -2.500000000000000444, 0.4999999999999991673, 0.5000000000000000000 ) ) ;
#1833 = CARTESIAN_POINT ( 'NONE',  ( -3.600000000000000533, 1.536097637977461893E-15, 6.999999999999994671 ) ) ;
#1835 = PLANE ( 'NONE',  #423 ) ;
#1836 = CARTESIAN_POINT ( 'NONE',  ( -5.000000000000000000, 29.50000000000000000, -1.600000000000000089 ) ) ;
#1837 = ORIENTED_EDGE ( 'NONE', *, *, #1923, .T. ) ;
#1838 = DIRECTION ( 'NONE',  ( 1.000000000000000000, 0.0000000000000000000, 0.0000000000000000000 ) ) ;
#1839 = CARTESIAN_POINT ( 'NONE',  ( 0.0000000000000000000, 1.554312234475217776E-15, 6.999999999999995559 ) ) ;
#1840 = ORIENTED_EDGE ( 'NONE', *, *, #146, .F. ) ;
#1841 = EDGE_CURVE ( 'NONE', #1433, #144, #2014, .T. ) ;
#1842 = DIRECTION ( 'NONE',  ( 1.000000000000000000, -0.0000000000000000000, -0.0000000000000000000 ) ) ;
#1843 = PRESENTATION_LAYER_ASSIGNMENT (  '', '', ( #904 ) ) ;
#1844 = CARTESIAN_POINT ( 'NONE',  ( 0.0000000000000000000, 26.99999999999999645, -3.000000000000000000 ) ) ;
#1845 = FACE_OUTER_BOUND ( 'NONE', #185, .T. ) ;
#1846 =( GEOMETRIC_REPRESENTATION_CONTEXT ( 3 ) GLOBAL_UNCERTAINTY_ASSIGNED_CONTEXT ( ( #776 ) ) GLOBAL_UNIT_ASSIGNED_CONTEXT ( ( #1379, #1245, #2067 ) ) REPRESENTATION_CONTEXT ( 'NONE', 'WORKASPACE' ) );
#1847 = ORIENTED_EDGE ( 'NONE', *, *, #787, .T. ) ;
#1848 = DIRECTION ( 'NONE',  ( 0.0000000000000000000, 0.0000000000000000000, 1.000000000000000000 ) ) ;
#1849 = VERTEX_POINT ( 'NONE', #1855 ) ;
#1850 = CARTESIAN_POINT ( 'NONE',  ( -3.600000000000000533, 6.999999999999996447, -1.500000000000000000 ) ) ;
#1851 = EDGE_LOOP ( 'NONE', ( #2073, #1428 ) ) ;
#1852 = AXIS2_PLACEMENT_3D ( 'NONE', #856, #1535, #1153 ) ;
#1853 = EDGE_CURVE ( 'NONE', #79, #174, #867, .T. ) ;
#1854 = PLANE ( 'NONE',  #949 ) ;
#1855 = CARTESIAN_POINT ( 'NONE',  ( 3.450000000000000178, 6.999999999999995559, -2.600000000000000089 ) ) ;
#1856 = CIRCLE ( 'NONE', #749, 1.000000000000000444 ) ;
#1857 = EDGE_CURVE ( 'NONE', #1813, #246, #1809, .T. ) ;
#1858 = ORIENTED_EDGE ( 'NONE', *, *, #2000, .F. ) ;
#1859 = CARTESIAN_POINT ( 'NONE',  ( 5.000000000000000000, -1.599999999999993650, 29.50000000000000000 ) ) ;
#1860 = AXIS2_PLACEMENT_3D ( 'NONE', #418, #1242, #1563 ) ;
#1861 = ORIENTED_EDGE ( 'NONE', *, *, #38, .T. ) ;
#1862 = CARTESIAN_POINT ( 'NONE',  ( 0.0000000000000000000, -2.599999999999993872, 26.99999999999999645 ) ) ;
#1863 = ORIENTED_EDGE ( 'NONE', *, *, #1817, .F. ) ;
#1864 = CARTESIAN_POINT ( 'NONE',  ( -5.000000000000000000, 3.000000000000007105, 0.0000000000000000000 ) ) ;
#1865 = CARTESIAN_POINT ( 'NONE',  ( -3.500000000000000000, 4.440892098500625176E-16, 2.000000000000000000 ) ) ;
#1866 = ORIENTED_EDGE ( 'NONE', *, *, #341, .F. ) ;
#1867 = CARTESIAN_POINT ( 'NONE',  ( 0.0000000000000000000, 6.999999999999995559, -3.000000000000000000 ) ) ;
#1868 = ADVANCED_FACE ( 'NONE', ( #1282, #620 ), #2072, .T. ) ;
#1869 = ORIENTED_EDGE ( 'NONE', *, *, #1764, .T. ) ;
#1870 = CYLINDRICAL_SURFACE ( 'NONE', #519, 3.450000000000000178 ) ;
#1871 = DIRECTION ( 'NONE',  ( 1.000000000000000000, 0.0000000000000000000, 0.0000000000000000000 ) ) ;
#1872 = ORIENTED_EDGE ( 'NONE', *, *, #2041, .F. ) ;
#1873 = FACE_BOUND ( 'NONE', #270, .T. ) ;
#1874 =( GEOMETRIC_REPRESENTATION_CONTEXT ( 3 ) GLOBAL_UNCERTAINTY_ASSIGNED_CONTEXT ( ( #1203 ) ) GLOBAL_UNIT_ASSIGNED_CONTEXT ( ( #2121, #786, #1105 ) ) REPRESENTATION_CONTEXT ( 'NONE', 'WORKASPACE' ) );
#1875 = CARTESIAN_POINT ( 'NONE',  ( -3.727924077994403174, 33.31622776601683000, -1.600000000000000089 ) ) ;
#1876 = VECTOR ( 'NONE', #1065, 1000.000000000000000 ) ;
#1877 = ORIENTED_EDGE ( 'NONE', *, *, #494, .F. ) ;
#1878 = CARTESIAN_POINT ( 'NONE',  ( -2.500000000000000000, -1.600000000000000089, 0.0000000000000000000 ) ) ;
#1879 = AXIS2_PLACEMENT_3D ( 'NONE', #247, #1400, #1871 ) ;
#1880 = ORIENTED_EDGE ( 'NONE', *, *, #1841, .T. ) ;
#1881 = ADVANCED_FACE ( 'NONE', ( #236 ), #201, .T. ) ;
#1882 = CIRCLE ( 'NONE', #1641, 3.450000000000000622 ) ;
#1883 = ADVANCED_FACE ( 'NONE', ( #780 ), #840, .F. ) ;
#1884 = VECTOR ( 'NONE', #2148, 1000.000000000000000 ) ;
#1885 = FACE_OUTER_BOUND ( 'NONE', #1968, .T. ) ;
#1886 = ORIENTED_EDGE ( 'NONE', *, *, #93, .F. ) ;
#1887 = AXIS2_PLACEMENT_3D ( 'NONE', #1009, #685, #2159 ) ;
#1888 = CARTESIAN_POINT ( 'NONE',  ( -3.727924077994404062, -1.599999999999992761, 33.31622776601683000 ) ) ;
#1889 = DIRECTION ( 'NONE',  ( 0.0000000000000000000, -1.000000000000000000, 0.0000000000000000000 ) ) ;
#1890 = ORIENTED_EDGE ( 'NONE', *, *, #1008, .T. ) ;
#1891 = CARTESIAN_POINT ( 'NONE',  ( 5.000000000000000000, 29.50000000000000000, 0.0000000000000000000 ) ) ;
#1892 = ORIENTED_EDGE ( 'NONE', *, *, #327, .T. ) ;
#1893 = CARTESIAN_POINT ( 'NONE',  ( 5.000000000000000000, -1.599999999999999423, 3.000000000000000888 ) ) ;
#1894 = DIRECTION ( 'NONE',  ( 0.0000000000000000000, 0.0000000000000000000, 1.000000000000000000 ) ) ;
#1895 = ORIENTED_EDGE ( 'NONE', *, *, #1025, .F. ) ;
#1896 = EDGE_CURVE ( 'NONE', #1736, #1269, #1440, .T. ) ;
#1897 = CARTESIAN_POINT ( 'NONE',  ( 2.100000000000000089, -1.599999999999998535, 6.999999999999996447 ) ) ;
#1898 = LINE ( 'NONE', #14, #1913 ) ;
#1899 = VERTEX_POINT ( 'NONE', #446 ) ;
#1900 = LINE ( 'NONE', #408, #790 ) ;
#1901 = ORIENTED_EDGE ( 'NONE', *, *, #505, .F. ) ;
#1902 = DIRECTION ( 'NONE',  ( 0.0000000000000000000, 0.0000000000000000000, 1.000000000000000000 ) ) ;
#1903 = CARTESIAN_POINT ( 'NONE',  ( -5.000000000000000000, 29.50000000000000000, -1.600000000000000089 ) ) ;
#1904 = ORIENTED_EDGE ( 'NONE', *, *, #213, .F. ) ;
#1905 = LINE ( 'NONE', #385, #915 ) ;
#1906 = ADVANCED_FACE ( 'NONE', ( #95 ), #1112, .T. ) ;
#1907 = DIRECTION ( 'NONE',  ( 0.0000000000000000000, -1.000000000000000000, 0.0000000000000000000 ) ) ;
#1908 = ORIENTED_EDGE ( 'NONE', *, *, #2000, .T. ) ;
#1909 = DIRECTION ( 'NONE',  ( 0.0000000000000000000, -1.000000000000000000, 4.440892098500625176E-16 ) ) ;
#1910 = DIRECTION ( 'NONE',  ( -0.0000000000000000000, -1.000000000000000000, 4.440892098500625176E-16 ) ) ;
#1911 = AXIS2_PLACEMENT_3D ( 'NONE', #1634, #602, #1947 ) ;
#1912 = ORIENTED_EDGE ( 'NONE', *, *, #327, .F. ) ;
#1913 = VECTOR ( 'NONE', #2026, 1000.000000000000000 ) ;
#1914 = PRESENTATION_LAYER_ASSIGNMENT (  '', '', ( #876 ) ) ;
#1915 = ORIENTED_EDGE ( 'NONE', *, *, #861, .T. ) ;
#1916 = CIRCLE ( 'NONE', #352, 3.600000000000000533 ) ;
#1917 = CYLINDRICAL_SURFACE ( 'NONE', #1179, 3.450000000000000178 ) ;
#1918 = CIRCLE ( 'NONE', #1887, 2.100000000000000977 ) ;
#1919 = EDGE_CURVE ( 'NONE', #916, #1745, #1111, .T. ) ;
#1920 = EDGE_LOOP ( 'NONE', ( #815, #2078, #398, #1815 ) ) ;
#1921 = CARTESIAN_POINT ( 'NONE',  ( 0.0000000000000000000, 26.99999999999999645, -3.000000000000000000 ) ) ;
#1922 = DIRECTION ( 'NONE',  ( -0.3162277660168348881, -0.9486832980505148782, 0.0000000000000000000 ) ) ;
#1923 = EDGE_CURVE ( 'NONE', #266, #29, #1983, .T. ) ;
#1924 = EDGE_LOOP ( 'NONE', ( #1462, #584, #1520, #407 ) ) ;
#1925 = AXIS2_PLACEMENT_3D ( 'NONE', #1040, #894, #2044 ) ;
#1926 = AXIS2_PLACEMENT_3D ( 'NONE', #241, #1080, #1104 ) ;
#1927 = ORIENTED_EDGE ( 'NONE', *, *, #863, .F. ) ;
#1928 = DIRECTION ( 'NONE',  ( 1.224646799147353207E-16, 1.000000000000000000, -0.0000000000000000000 ) ) ;
#1929 = CARTESIAN_POINT ( 'NONE',  ( -3.600000000000000533, -1.499999999999998446, 6.999999999999995559 ) ) ;
#1930 = DIRECTION ( 'NONE',  ( 1.000000000000000000, -0.0000000000000000000, 0.0000000000000000000 ) ) ;
#1931 = ORIENTED_EDGE ( 'NONE', *, *, #1709, .F. ) ;
#1932 = DIRECTION ( 'NONE',  ( 0.0000000000000000000, 1.000000000000000000, -4.440892098500625176E-16 ) ) ;
#1933 = SURFACE_STYLE_FILL_AREA ( #1607 ) ;
#1934 = EDGE_LOOP ( 'NONE', ( #1781, #1579, #1799, #2039 ) ) ;
#1935 = EDGE_CURVE ( 'NONE', #1172, #291, #907, .T. ) ;
#1936 = LINE ( 'NONE', #1357, #2009 ) ;
#1937 = CARTESIAN_POINT ( 'NONE',  ( 2.779240779943883410, 33.99999999999999289, -1.600000000000000089 ) ) ;
#1938 = CARTESIAN_POINT ( 'NONE',  ( 0.0000000000000000000, 26.99999999999999645, -2.600000000000000089 ) ) ;
#1939 = DIRECTION ( 'NONE',  ( -0.3162277660168351656, 2.106500081146022263E-16, 0.9486832980505147672 ) ) ;
#1940 = DIRECTION ( 'NONE',  ( -0.0000000000000000000, -0.0000000000000000000, -1.000000000000000000 ) ) ;
#1941 = UNCERTAINTY_MEASURE_WITH_UNIT (LENGTH_MEASURE( 1.000000000000000082E-05 ), #140, 'distance_accuracy_value', 'NONE');
#1942 = VERTEX_POINT ( 'NONE', #252 ) ;
#1943 = FACE_OUTER_BOUND ( 'NONE', #1062, .T. ) ;
#1944 = AXIS2_PLACEMENT_3D ( 'NONE', #187, #1, #1334 ) ;
#1945 = AXIS2_PLACEMENT_3D ( 'NONE', #1616, #117, #2082 ) ;
#1946 = DIRECTION ( 'NONE',  ( 0.0000000000000000000, 2.220446049250312834E-16, 1.000000000000000000 ) ) ;
#1947 = DIRECTION ( 'NONE',  ( 0.0000000000000000000, -1.000000000000000000, 0.0000000000000000000 ) ) ;
#1948 = VECTOR ( 'NONE', #1973, 1000.000000000000000 ) ;
#1949 = ADVANCED_FACE ( 'NONE', ( #1415 ), #920, .T. ) ;
#1950 = DIRECTION ( 'NONE',  ( -0.0000000000000000000, 1.000000000000000000, -4.440892098500625176E-16 ) ) ;
#1951 = LINE ( 'NONE', #438, #238 ) ;
#1952 = ORIENTED_EDGE ( 'NONE', *, *, #994, .F. ) ;
#1953 = CIRCLE ( 'NONE', #1185, 0.5000000000000000000 ) ;
#1954 = CARTESIAN_POINT ( 'NONE',  ( 0.0000000000000000000, -1.599999999999994094, 26.99999999999999645 ) ) ;
#1955 = ORIENTED_EDGE ( 'NONE', *, *, #551, .T. ) ;
#1956 = DIRECTION ( 'NONE',  ( 0.0000000000000000000, 1.000000000000000000, -4.440892098500625176E-16 ) ) ;
#1957 = CIRCLE ( 'NONE', #251, 2.100000000000000089 ) ;
#1958 = CARTESIAN_POINT ( 'NONE',  ( 5.000000000000000000, 7.771561172376092825E-16, 3.499999999999999556 ) ) ;
#1959 = CIRCLE ( 'NONE', #430, 2.100000000000000533 ) ;
#1960 = VECTOR ( 'NONE', #1059, 1000.000000000000000 ) ;
#1961 = CARTESIAN_POINT ( 'NONE',  ( -4.450000000000001066, -2.599999999999998312, 6.999999999999995559 ) ) ;
#1962 = ORIENTED_EDGE ( 'NONE', *, *, #2166, .T. ) ;
#1963 = ADVANCED_FACE ( 'NONE', ( #1128 ), #85, .T. ) ;
#1964 = DIRECTION ( 'NONE',  ( 0.0000000000000000000, 0.0000000000000000000, 1.000000000000000000 ) ) ;
#1965 = AXIS2_PLACEMENT_3D ( 'NONE', #636, #289, #1116 ) ;
#1966 = ORIENTED_EDGE ( 'NONE', *, *, #787, .F. ) ;
#1967 = DIRECTION ( 'NONE',  ( 0.0000000000000000000, 0.0000000000000000000, 1.000000000000000000 ) ) ;
#1968 = EDGE_LOOP ( 'NONE', ( #929, #1840, #713, #871 ) ) ;
#1969 = DIRECTION ( 'NONE',  ( 0.0000000000000000000, 0.0000000000000000000, 1.000000000000000000 ) ) ;
#1970 = CARTESIAN_POINT ( 'NONE',  ( -3.727924077994404062, 33.31622776601683000, 0.0000000000000000000 ) ) ;
#1971 = DIRECTION ( 'NONE',  ( -1.000000000000000000, 0.0000000000000000000, 0.0000000000000000000 ) ) ;
#1972 = ORIENTED_EDGE ( 'NONE', *, *, #1777, .T. ) ;
#1973 = DIRECTION ( 'NONE',  ( 0.0000000000000000000, 1.000000000000000000, -4.440892098500625176E-16 ) ) ;
#1974 = ADVANCED_FACE ( 'NONE', ( #1250 ), #1917, .T. ) ;
#1975 = ORIENTED_EDGE ( 'NONE', *, *, #976, .F. ) ;
#1976 = EDGE_CURVE ( 'NONE', #1228, #1804, #1450, .T. ) ;
#1977 = ORIENTED_EDGE ( 'NONE', *, *, #196, .F. ) ;
#1978 = CYLINDRICAL_SURFACE ( 'NONE', #2065, 0.5000000000000000000 ) ;
#1979 = VECTOR ( 'NONE', #822, 1000.000000000000000 ) ;
#1980 = EDGE_LOOP ( 'NONE', ( #462, #1966, #1078, #57 ) ) ;
#1981 = AXIS2_PLACEMENT_3D ( 'NONE', #158, #1340, #2160 ) ;
#1982 = LINE ( 'NONE', #1028, #1011 ) ;
#1983 = CIRCLE ( 'NONE', #1389, 3.600000000000000977 ) ;
#1984 = DIRECTION ( 'NONE',  ( 0.0000000000000000000, 0.0000000000000000000, 1.000000000000000000 ) ) ;
#1985 = ORIENTED_EDGE ( 'NONE', *, *, #756, .F. ) ;
#1986 = FACE_OUTER_BOUND ( 'NONE', #2102, .T. ) ;
#1987 = EDGE_CURVE ( 'NONE', #229, #1745, #1951, .T. ) ;
#1988 = ORIENTED_EDGE ( 'NONE', *, *, #1077, .T. ) ;
#1989 = DIRECTION ( 'NONE',  ( 0.0000000000000000000, 0.0000000000000000000, -1.000000000000000000 ) ) ;
#1990 = EDGE_CURVE ( 'NONE', #1172, #1016, #2093, .T. ) ;
#1991 = AXIS2_PLACEMENT_3D ( 'NONE', #147, #2139, #471 ) ;
#1992 = DIRECTION ( 'NONE',  ( 0.0000000000000000000, 1.000000000000000000, -4.440892098500625176E-16 ) ) ;
#1993 = CARTESIAN_POINT ( 'NONE',  ( 2.779240779943887851, 32.99999999999999289, -1.600000000000000089 ) ) ;
#1994 = CARTESIAN_POINT ( 'NONE',  ( 0.0000000000000000000, 0.0000000000000000000, 0.0000000000000000000 ) ) ;
#1995 = AXIS2_PLACEMENT_3D ( 'NONE', #892, #1529, #1554 ) ;
#1996 = DIRECTION ( 'NONE',  ( 0.0000000000000000000, 0.0000000000000000000, 1.000000000000000000 ) ) ;
#1997 = VECTOR ( 'NONE', #102, 1000.000000000000000 ) ;
#1998 = ORIENTED_EDGE ( 'NONE', *, *, #1361, .T. ) ;
#1999 = CARTESIAN_POINT ( 'NONE',  ( 3.727924077994404506, 33.31622776601682290, -1.600000000000000089 ) ) ;
#2000 = EDGE_CURVE ( 'NONE', #2032, #144, #515, .T. ) ;
#2001 = DIRECTION ( 'NONE',  ( 1.000000000000000000, 0.0000000000000000000, 0.0000000000000000000 ) ) ;
#2002 = ORIENTED_EDGE ( 'NONE', *, *, #1318, .F. ) ;
#2003 = FILL_AREA_STYLE_COLOUR ( '', #1677 ) ;
#2004 = ORIENTED_EDGE ( 'NONE', *, *, #1764, .F. ) ;
#2005 = FACE_OUTER_BOUND ( 'NONE', #303, .T. ) ;
#2006 = CARTESIAN_POINT ( 'NONE',  ( 2.500000000000000444, 2.000000000000000000, -1.600000000000000089 ) ) ;
#2007 = ORIENTED_EDGE ( 'NONE', *, *, #82, .T. ) ;
#2008 = ADVANCED_FACE ( 'NONE', ( #939 ), #1639, .F. ) ;
#2009 = VECTOR ( 'NONE', #497, 1000.000000000000000 ) ;
#2010 = DIRECTION ( 'NONE',  ( 1.000000000000000000, 0.0000000000000000000, 0.0000000000000000000 ) ) ;
#2011 = ORIENTED_EDGE ( 'NONE', *, *, #1935, .F. ) ;
#2012 = CIRCLE ( 'NONE', #161, 3.600000000000000533 ) ;
#2013 = EDGE_CURVE ( 'NONE', #1558, #1736, #775, .T. ) ;
#2014 = CIRCLE ( 'NONE', #1773, 2.100000000000000089 ) ;
#2015 = DIRECTION ( 'NONE',  ( 0.0000000000000000000, 0.0000000000000000000, 1.000000000000000000 ) ) ;
#2016 = CARTESIAN_POINT ( 'NONE',  ( 3.450000000000000622, 26.99999999999999645, -3.000000000000000000 ) ) ;
#2017 = ORIENTED_EDGE ( 'NONE', *, *, #1138, .F. ) ;
#2018 = DIRECTION ( 'NONE',  ( 1.000000000000000000, 0.0000000000000000000, 0.0000000000000000000 ) ) ;
#2019 = ORIENTED_EDGE ( 'NONE', *, *, #1468, .F. ) ;
#2020 = CARTESIAN_POINT ( 'NONE',  ( -3.450000000000000622, -2.999999999999993783, 26.99999999999999645 ) ) ;
#2021 = AXIS2_PLACEMENT_3D ( 'NONE', #306, #1615, #1647 ) ;
#2022 = DIRECTION ( 'NONE',  ( -0.0000000000000000000, -0.0000000000000000000, -1.000000000000000000 ) ) ;
#2023 = CARTESIAN_POINT ( 'NONE',  ( 0.0000000000000000000, 6.999999999999995559, -2.600000000000000089 ) ) ;
#2024 = ORIENTED_EDGE ( 'NONE', *, *, #1521, .F. ) ;
#2025 = EDGE_CURVE ( 'NONE', #1136, #41, #1317, .T. ) ;
#2026 = DIRECTION ( 'NONE',  ( 1.000000000000000000, -0.0000000000000000000, -0.0000000000000000000 ) ) ;
#2027 = VECTOR ( 'NONE', #1211, 1000.000000000000000 ) ;
#2028 = EDGE_LOOP ( 'NONE', ( #21, #355 ) ) ;
#2029 = DIRECTION ( 'NONE',  ( 1.000000000000000000, 0.0000000000000000000, 0.0000000000000000000 ) ) ;
#2030 = VECTOR ( 'NONE', #1332, 1000.000000000000000 ) ;
#2031 = UNCERTAINTY_MEASURE_WITH_UNIT (LENGTH_MEASURE( 1.000000000000000082E-05 ), #1627, 'distance_accuracy_value', 'NONE');
#2032 = VERTEX_POINT ( 'NONE', #1833 ) ;
#2033 = FACE_OUTER_BOUND ( 'NONE', #1511, .T. ) ;
#2034 = FACE_OUTER_BOUND ( 'NONE', #136, .T. ) ;
#2035 = ORIENTED_EDGE ( 'NONE', *, *, #1617, .F. ) ;
#2036 = DIRECTION ( 'NONE',  ( 0.0000000000000000000, 0.0000000000000000000, -1.000000000000000000 ) ) ;
#2037 = LINE ( 'NONE', #1865, #1739 ) ;
#2038 = ADVANCED_FACE ( 'NONE', ( #1144 ), #2157, .F. ) ;
#2039 = ORIENTED_EDGE ( 'NONE', *, *, #35, .F. ) ;
#2040 = DIRECTION ( 'NONE',  ( 1.000000000000000000, 0.0000000000000000000, 0.0000000000000000000 ) ) ;
#2041 = EDGE_CURVE ( 'NONE', #747, #442, #807, .T. ) ;
#2042 = ORIENTED_EDGE ( 'NONE', *, *, #1277, .F. ) ;
#2043 = PRESENTATION_STYLE_ASSIGNMENT (( #473 ) ) ;
#2044 = DIRECTION ( 'NONE',  ( 1.000000000000000000, 0.0000000000000000000, 0.0000000000000000000 ) ) ;
#2045 = ORIENTED_EDGE ( 'NONE', *, *, #1735, .T. ) ;
#2046 = DIRECTION ( 'NONE',  ( -1.000000000000000000, 0.0000000000000000000, 0.0000000000000000000 ) ) ;
#2047 = VECTOR ( 'NONE', #604, 1000.000000000000000 ) ;
#2048 = CARTESIAN_POINT ( 'NONE',  ( 3.999999999999993339, 4.440892098500625176E-16, 2.000000000000000000 ) ) ;
#2049 = VECTOR ( 'NONE', #583, 1000.000000000000000 ) ;
#2050 = ORIENTED_EDGE ( 'NONE', *, *, #1697, .T. ) ;
#2051 = LINE ( 'NONE', #1891, #575 ) ;
#2052 = ORIENTED_EDGE ( 'NONE', *, *, #660, .T. ) ;
#2053 = ORIENTED_EDGE ( 'NONE', *, *, #457, .F. ) ;
#2054 = EDGE_CURVE ( 'NONE', #1813, #1204, #125, .T. ) ;
#2055 = FACE_OUTER_BOUND ( 'NONE', #1640, .T. ) ;
#2056 = AXIS2_PLACEMENT_3D ( 'NONE', #537, #669, #989 ) ;
#2057 = AXIS2_PLACEMENT_3D ( 'NONE', #459, #437, #1294 ) ;
#2058 = DIRECTION ( 'NONE',  ( 1.000000000000000000, 0.0000000000000000000, 0.0000000000000000000 ) ) ;
#2059 = FACE_OUTER_BOUND ( 'NONE', #1575, .T. ) ;
#2060 = CIRCLE ( 'NONE', #73, 3.600000000000000533 ) ;
#2061 = DIRECTION ( 'NONE',  ( 1.000000000000000000, 0.0000000000000000000, 0.0000000000000000000 ) ) ;
#2062 = AXIS2_PLACEMENT_3D ( 'NONE', #1206, #554, #47 ) ;
#2063 = ORIENTED_EDGE ( 'NONE', *, *, #758, .T. ) ;
#2064 = CARTESIAN_POINT ( 'NONE',  ( 2.779240779943883410, -1.599999999999992539, 33.99999999999999289 ) ) ;
#2065 = AXIS2_PLACEMENT_3D ( 'NONE', #324, #485, #1149 ) ;
#2066 = ORIENTED_EDGE ( 'NONE', *, *, #2013, .F. ) ;
#2067 =( NAMED_UNIT ( * ) SI_UNIT ( $, .STERADIAN. ) SOLID_ANGLE_UNIT ( ) );
#2068 = EDGE_CURVE ( 'NONE', #246, #1515, #825, .T. ) ;
#2069 = CYLINDRICAL_SURFACE ( 'NONE', #1437, 1.000000000000000000 ) ;
#2070 = ORIENTED_EDGE ( 'NONE', *, *, #1521, .T. ) ;
#2071 = LINE ( 'NONE', #1897, #2163 ) ;
#2072 = PLANE ( 'NONE',  #1147 ) ;
#2073 = ORIENTED_EDGE ( 'NONE', *, *, #595, .F. ) ;
#2074 = CARTESIAN_POINT ( 'NONE',  ( 5.000000000000000000, 29.50000000000000000, -1.600000000000000089 ) ) ;
#2075 = DIRECTION ( 'NONE',  ( 0.0000000000000000000, 0.0000000000000000000, 1.000000000000000000 ) ) ;
#2076 = EDGE_LOOP ( 'NONE', ( #2053, #1837, #199, #1133 ) ) ;
#2077 = DIRECTION ( 'NONE',  ( 1.000000000000000000, 0.0000000000000000000, 0.0000000000000000000 ) ) ;
#2078 = ORIENTED_EDGE ( 'NONE', *, *, #551, .F. ) ;
#2079 = LINE ( 'NONE', #1424, #274 ) ;
#2080 = DIRECTION ( 'NONE',  ( 0.0000000000000000000, 1.000000000000000000, -4.440892098500625176E-16 ) ) ;
#2081 = ADVANCED_FACE ( 'NONE', ( #995 ), #1463, .T. ) ;
#2082 = DIRECTION ( 'NONE',  ( 0.0000000000000000000, 0.0000000000000000000, -1.000000000000000000 ) ) ;
#2083 = ORIENTED_EDGE ( 'NONE', *, *, #769, .F. ) ;
#2084 = DIRECTION ( 'NONE',  ( -0.3162277660168351656, 0.9486832980505147672, 0.0000000000000000000 ) ) ;
#2085 = DIRECTION ( 'NONE',  ( -1.000000000000000000, 0.0000000000000000000, 0.0000000000000000000 ) ) ;
#2086 = PRESENTATION_LAYER_ASSIGNMENT (  '', '', ( #700 ) ) ;
#2087 = EDGE_LOOP ( 'NONE', ( #1585, #565, #411, #2002 ) ) ;
#2088 = AXIS2_PLACEMENT_3D ( 'NONE', #709, #879, #928 ) ;
#2089 =( NAMED_UNIT ( * ) PLANE_ANGLE_UNIT ( ) SI_UNIT ( $, .RADIAN. ) );
#2090 = EDGE_LOOP ( 'NONE', ( #387, #1712, #1588, #546 ) ) ;
#2091 = CARTESIAN_POINT ( 'NONE',  ( -5.000000000000000000, -1.599999999999993650, 29.50000000000000000 ) ) ;
#2092 = CARTESIAN_POINT ( 'NONE',  ( 2.779240779943883410, 33.99999999999999289, 0.0000000000000000000 ) ) ;
#2093 = LINE ( 'NONE', #74, #1461 ) ;
#2094 = STYLED_ITEM ( 'NONE', ( #695 ), #173 ) ;
#2095 = ADVANCED_FACE ( 'NONE', ( #2147 ), #802, .T. ) ;
#2096 = VERTEX_POINT ( 'NONE', #1658 ) ;
#2097 = FILL_AREA_STYLE_COLOUR ( '', #650 ) ;
#2098 = CARTESIAN_POINT ( 'NONE',  ( 4.450000000000001066, -2.599999999999998312, 6.999999999999996447 ) ) ;
#2099 = LINE ( 'NONE', #611, #486 ) ;
#2100 = AXIS2_PLACEMENT_3D ( 'NONE', #1862, #188, #2001 ) ;
#2101 = UNCERTAINTY_MEASURE_WITH_UNIT (LENGTH_MEASURE( 1.000000000000000082E-05 ), #1120, 'distance_accuracy_value', 'NONE');
#2102 = EDGE_LOOP ( 'NONE', ( #560, #1316, #697, #2045 ) ) ;
#2103 = CARTESIAN_POINT ( 'NONE',  ( -4.000000000000000000, -1.599999999999999423, 3.000000000000000888 ) ) ;
#2104 = AXIS2_PLACEMENT_3D ( 'NONE', #429, #1940, #576 ) ;
#2105 = ORIENTED_EDGE ( 'NONE', *, *, #1976, .F. ) ;
#2106 = PRESENTATION_LAYER_ASSIGNMENT (  '', '', ( #331 ) ) ;
#2107 = DIRECTION ( 'NONE',  ( 1.000000000000000000, 0.0000000000000000000, 0.0000000000000000000 ) ) ;
#2108 = DIRECTION ( 'NONE',  ( 0.0000000000000000000, 0.0000000000000000000, 1.000000000000000000 ) ) ;
#2109 = EDGE_LOOP ( 'NONE', ( #1977, #1651, #1366, #1436 ) ) ;
#2110 = DIRECTION ( 'NONE',  ( -1.000000000000000000, 0.0000000000000000000, 0.0000000000000000000 ) ) ;
#2111 = CARTESIAN_POINT ( 'NONE',  ( -3.727924077994403174, 33.31622776601683000, -1.600000000000000089 ) ) ;
#2112 = EDGE_LOOP ( 'NONE', ( #417, #1060 ) ) ;
#2113 = CARTESIAN_POINT ( 'NONE',  ( -2.100000000000000089, 6.999999999999995559, -1.500000000000000000 ) ) ;
#2114 = EDGE_CURVE ( 'NONE', #71, #621, #166, .T. ) ;
#2115 = DIRECTION ( 'NONE',  ( 1.248343424215180490E-15, 1.000000000000000000, -0.0000000000000000000 ) ) ;
#2117 = DIRECTION ( 'NONE',  ( 1.000000000000000000, 0.0000000000000000000, 0.0000000000000000000 ) ) ;
#2116 = DIRECTION ( 'NONE',  ( 0.0000000000000000000, 1.000000000000000000, 0.0000000000000000000 ) ) ;
#2118 = DIRECTION ( 'NONE',  ( -0.0000000000000000000, -1.000000000000000000, 4.440892098500625176E-16 ) ) ;
#2119 = VERTEX_POINT ( 'NONE', #1304 ) ;
#2120 = FACE_BOUND ( 'NONE', #2028, .T. ) ;
#2121 =( LENGTH_UNIT ( ) NAMED_UNIT ( * ) SI_UNIT ( .MILLI., .METRE. ) );
#2122 = VERTEX_POINT ( 'NONE', #659 ) ;
#2123 = CARTESIAN_POINT ( 'NONE',  ( 0.0000000000000000000, -2.999999999999993783, 26.99999999999999645 ) ) ;
#2124 = ADVANCED_FACE ( 'NONE', ( #1503 ), #1489, .T. ) ;
#2125 = CARTESIAN_POINT ( 'NONE',  ( 2.500000000000000444, -1.599999999999999645, 2.000000000000000888 ) ) ;
#2126 = DIRECTION ( 'NONE',  ( 1.000000000000000000, 0.0000000000000000000, 0.0000000000000000000 ) ) ;
#2127 = CARTESIAN_POINT ( 'NONE',  ( -3.450000000000000178, -2.599999999999998312, 6.999999999999997335 ) ) ;
#2128 = VERTEX_POINT ( 'NONE', #480 ) ;
#2129 = DIRECTION ( 'NONE',  ( -0.3162277660168351101, 0.9486832980505147672, 0.0000000000000000000 ) ) ;
#2130 = CARTESIAN_POINT ( 'NONE',  ( 2.500000000000000444, 0.4999999999999991673, 0.0000000000000000000 ) ) ;
#2131 = LINE ( 'NONE', #1442, #600 ) ;
#2132 = CARTESIAN_POINT ( 'NONE',  ( 0.0000000000000000000, -1.599999999999998535, 6.999999999999996447 ) ) ;
#2133 = VECTOR ( 'NONE', #897, 1000.000000000000000 ) ;
#2134 = SURFACE_STYLE_FILL_AREA ( #351 ) ;
#2135 = ORIENTED_EDGE ( 'NONE', *, *, #350, .T. ) ;
#2136 = DIRECTION ( 'NONE',  ( -0.0000000000000000000, -1.000000000000000000, 4.440892098500625176E-16 ) ) ;
#2137 = VECTOR ( 'NONE', #1662, 1000.000000000000000 ) ;
#2138 = ADVANCED_FACE ( 'NONE', ( #1337 ), #644, .T. ) ;
#2139 = DIRECTION ( 'NONE',  ( 0.0000000000000000000, 0.0000000000000000000, 1.000000000000000000 ) ) ;
#2140 = DIRECTION ( 'NONE',  ( 0.0000000000000000000, 1.000000000000000000, -4.440892098500625176E-16 ) ) ;
#2141 = ADVANCED_FACE ( 'NONE', ( #1625 ), #1320, .T. ) ;
#2142 = ORIENTED_EDGE ( 'NONE', *, *, #1491, .F. ) ;
#2143 = ORIENTED_EDGE ( 'NONE', *, *, #863, .T. ) ;
#2144 = DIRECTION ( 'NONE',  ( 0.0000000000000000000, 0.0000000000000000000, 1.000000000000000000 ) ) ;
#2145 = CARTESIAN_POINT ( 'NONE',  ( -2.500000000000000000, -1.599999999999999645, 2.000000000000000888 ) ) ;
#2146 = ADVANCED_FACE ( 'NONE', ( #1296 ), #1154, .F. ) ;
#2147 = FACE_OUTER_BOUND ( 'NONE', #625, .T. ) ;
#2148 = DIRECTION ( 'NONE',  ( -0.0000000000000000000, -2.220446049250312588E-16, -1.000000000000000000 ) ) ;
#2149 = EDGE_CURVE ( 'NONE', #1736, #1553, #1708, .T. ) ;
#2150 = SURFACE_STYLE_USAGE ( .BOTH. , #1010 ) ;
#2151 = EDGE_LOOP ( 'NONE', ( #2070, #638, #1058, #181 ) ) ;
#2152 = DIRECTION ( 'NONE',  ( 0.0000000000000000000, 0.0000000000000000000, 1.000000000000000000 ) ) ;
#2153 = VECTOR ( 'NONE', #1930, 1000.000000000000000 ) ;
#2154 = DIRECTION ( 'NONE',  ( 0.0000000000000000000, 0.0000000000000000000, 1.000000000000000000 ) ) ;
#2155 = MECHANICAL_DESIGN_GEOMETRIC_PRESENTATION_REPRESENTATION (  '', ( #666 ), #1492 ) ;
#2156 = PLANE ( 'NONE',  #1086 ) ;
#2157 = TOROIDAL_SURFACE ( 'NONE', #1041, 4.450000000000001066, 1.000000000000000000 ) ;
#2158 = CARTESIAN_POINT ( 'NONE',  ( -4.000000000000000000, 6.661338147750937270E-16, 3.000000000000000000 ) ) ;
#2159 = DIRECTION ( 'NONE',  ( -1.000000000000000000, 0.0000000000000000000, 0.0000000000000000000 ) ) ;
#2160 = DIRECTION ( 'NONE',  ( 1.000000000000000000, 0.0000000000000000000, 0.0000000000000000000 ) ) ;
#2161 = AXIS2_PLACEMENT_3D ( 'NONE', #307, #489, #1604 ) ;
#2162 = ADVANCED_FACE ( 'NONE', ( #2055 ), #745, .F. ) ;
#2163 = VECTOR ( 'NONE', #1238, 1000.000000000000000 ) ;
#2164 = ORIENTED_EDGE ( 'NONE', *, *, #434, .F. ) ;
#2165 = CARTESIAN_POINT ( 'NONE',  ( 0.0000000000000000000, -1.599999999999998535, 6.999999999999996447 ) ) ;
#2166 = EDGE_CURVE ( 'NONE', #743, #122, #1050, .T. ) ;
ENDSEC;
END-ISO-10303-21;
