ISO-10303-21;
HEADER;
FILE_DESCRIPTION (( 'STEP AP214' ),
    '1' );
FILE_NAME ('Сборка1.STEP',
    '2024-06-17T06:47:54',
    ( '' ),
    ( '' ),
    'SwSTEP 2.0',
    'SolidWorks 2022',
    '' );
FILE_SCHEMA (( 'AUTOMOTIVE_DESIGN' ));
ENDSEC;

DATA;
#1 = FACE_OUTER_BOUND ( 'NONE', #1365, .T. ) ;
#2 = EDGE_CURVE ( 'NONE', #1495, #1609, #1269, .T. ) ;
#3 = DIRECTION ( 'NONE',  ( -1.000000000000000000, -0.000000000000000000, -0.000000000000000000 ) ) ;
#4 = ORIENTED_EDGE ( 'NONE', *, *, #36, .T. ) ;
#5 = DIRECTION ( 'NONE',  ( -0.000000000000000000, -0.000000000000000000, 1.000000000000000000 ) ) ;
#6 = EDGE_LOOP ( 'NONE', ( #1489, #1741, #2030, #539, #212 ) ) ;
#7 = ADVANCED_FACE ( 'NONE', ( #1462 ), #266, .T. ) ;
#8 = DIRECTION ( 'NONE',  ( -0.000000000000000000, -0.000000000000000000, 1.000000000000000000 ) ) ;
#9 = ORIENTED_EDGE ( 'NONE', *, *, #1629, .T. ) ;
#10 = DIRECTION ( 'NONE',  ( 1.000000000000000000, 0.000000000000000000, 0.000000000000000000 ) ) ;
#11 = ORIENTED_EDGE ( 'NONE', *, *, #2081, .T. ) ;
#12 = CARTESIAN_POINT ( 'NONE',  ( 0.000000000000000000, 20.00000000000000000, 0.000000000000000000 ) ) ;
#13 = DIRECTION ( 'NONE',  ( -0.7071067811865472397, 0.7071067811865477948, 0.000000000000000000 ) ) ;
#14 = EDGE_LOOP ( 'NONE', ( #1027, #1943, #589, #778 ) ) ;
#15 = DIRECTION ( 'NONE',  ( 0.000000000000000000, 0.000000000000000000, 1.000000000000000000 ) ) ;
#16 = ADVANCED_FACE ( 'NONE', ( #1875 ), #62, .F. ) ;
#17 = PLANE ( 'NONE',  #1460 ) ;
#18 = EDGE_CURVE ( 'NONE', #2269, #2300, #316, .T. ) ;
#19 = ORIENTED_EDGE ( 'NONE', *, *, #1987, .T. ) ;
#20 = AXIS2_PLACEMENT_3D ( 'NONE', #2591, #184, #2385 ) ;
#21 = DIRECTION ( 'NONE',  ( -1.000000000000000000, -0.000000000000000000, -0.000000000000000000 ) ) ;
#22 = VERTEX_POINT ( 'NONE', #2287 ) ;
#23 = FACE_OUTER_BOUND ( 'NONE', #912, .T. ) ;
#24 = CIRCLE ( 'NONE', #2361, 1.510000000000000009 ) ;
#25 = ORIENTED_EDGE ( 'NONE', *, *, #950, .T. ) ;
#26 = EDGE_CURVE ( 'NONE', #2533, #468, #2499, .T. ) ;
#27 = CIRCLE ( 'NONE', #409, 1.500000000000001332 ) ;
#28 = DIRECTION ( 'NONE',  ( -1.000000000000000000, -0.000000000000000000, -0.000000000000000000 ) ) ;
#29 = DIRECTION ( 'NONE',  ( 0.000000000000000000, 0.000000000000000000, 1.000000000000000000 ) ) ;
#30 = DIRECTION ( 'NONE',  ( 1.000000000000000000, 0.000000000000000000, 0.000000000000000000 ) ) ;
#31 = ORIENTED_EDGE ( 'NONE', *, *, #1078, .F. ) ;
#32 =( GEOMETRIC_REPRESENTATION_CONTEXT ( 3 ) GLOBAL_UNCERTAINTY_ASSIGNED_CONTEXT ( ( #93 ) ) GLOBAL_UNIT_ASSIGNED_CONTEXT ( ( #1713, #1745, #948 ) ) REPRESENTATION_CONTEXT ( 'NONE', 'WORKASPACE' ) );
#33 = ORIENTED_EDGE ( 'NONE', *, *, #1886, .T. ) ;
#34 = DIRECTION ( 'NONE',  ( 1.445602896647339410E-16, -1.000000000000000000, 0.000000000000000000 ) ) ;
#35 = PLANE ( 'NONE',  #282 ) ;
#36 = EDGE_CURVE ( 'NONE', #789, #1601, #971, .T. ) ;
#37 = ORIENTED_EDGE ( 'NONE', *, *, #1233, .F. ) ;
#38 = LINE ( 'NONE', #2224, #2120 ) ;
#39 = FILL_AREA_STYLE_COLOUR ( '', #2073 ) ;
#40 = DIRECTION ( 'NONE',  ( 8.659560562354913137E-17, 0.7071067811865489050, -0.7071067811865460184 ) ) ;
#41 = CONICAL_SURFACE ( 'NONE', #1645, 2.500000000000009326, 0.7853981633974438381 ) ;
#42 = ORIENTED_EDGE ( 'NONE', *, *, #455, .T. ) ;
#43 = CARTESIAN_POINT ( 'NONE',  ( 4.200000000000001954, 2.694222958124165667E-16, 2.199999999999990408 ) ) ;
#44 = CARTESIAN_POINT ( 'NONE',  ( 9.000000000000001776, 27.69999999999999574, 6.999999999999999112 ) ) ;
#45 = VECTOR ( 'NONE', #1237, 1000.000000000000227 ) ;
#46 = VERTEX_POINT ( 'NONE', #595 ) ;
#47 = LINE ( 'NONE', #648, #2387 ) ;
#48 = ORIENTED_EDGE ( 'NONE', *, *, #1508, .F. ) ;
#49 = ORIENTED_EDGE ( 'NONE', *, *, #2250, .T. ) ;
#50 = DIRECTION ( 'NONE',  ( -1.000000000000000000, -0.000000000000000000, -0.000000000000000000 ) ) ;
#51 = DIRECTION ( 'NONE',  ( 0.000000000000000000, 0.000000000000000000, 1.000000000000000000 ) ) ;
#52 = LINE ( 'NONE', #664, #2275 ) ;
#53 = ORIENTED_EDGE ( 'NONE', *, *, #2109, .T. ) ;
#54 = LINE ( 'NONE', #2473, #1769 ) ;
#55 = DIRECTION ( 'NONE',  ( 1.000000000000000000, 0.000000000000000000, 0.000000000000000000 ) ) ;
#56 = ADVANCED_FACE ( 'NONE', ( #1996 ), #2600, .F. ) ;
#57 = CARTESIAN_POINT ( 'NONE',  ( 0.3999999999999975797, 0.000000000000000000, 0.000000000000000000 ) ) ;
#58 = VERTEX_POINT ( 'NONE', #1371 ) ;
#59 = DIRECTION ( 'NONE',  ( 0.000000000000000000, 0.000000000000000000, 1.000000000000000000 ) ) ;
#60 = PRODUCT_DEFINITION_CONTEXT ( 'detailed design', #2310, 'design' ) ;
#61 = LINE ( 'NONE', #2285, #1938 ) ;
#62 = PLANE ( 'NONE',  #2566 ) ;
#63 = CARTESIAN_POINT ( 'NONE',  ( 0.3999999999999975797, 0.000000000000000000, 0.000000000000000000 ) ) ;
#64 =( NAMED_UNIT ( * ) SI_UNIT ( $, .STERADIAN. ) SOLID_ANGLE_UNIT ( ) );
#65 = VERTEX_POINT ( 'NONE', #974 ) ;
#66 = DIRECTION ( 'NONE',  ( 0.000000000000000000, 1.000000000000000000, 0.000000000000000000 ) ) ;
#67 = ORIENTED_EDGE ( 'NONE', *, *, #2371, .T. ) ;
#68 = EDGE_CURVE ( 'NONE', #585, #1951, #1786, .T. ) ;
#69 = DIRECTION ( 'NONE',  ( -1.000000000000000000, -0.000000000000000000, -0.000000000000000000 ) ) ;
#70 = AXIS2_PLACEMENT_3D ( 'NONE', #1440, #1827, #1667 ) ;
#71 = CARTESIAN_POINT ( 'NONE',  ( -0.9249999999999971578, 27.69999999999999574, 6.999999999999999112 ) ) ;
#72 = ORIENTED_EDGE ( 'NONE', *, *, #1120, .T. ) ;
#73 = ADVANCED_FACE ( 'NONE', ( #1760 ), #174, .F. ) ;
#74 = DIRECTION ( 'NONE',  ( -0.000000000000000000, -1.000000000000000000, -0.000000000000000000 ) ) ;
#75 = CONICAL_SURFACE ( 'NONE', #668, 5.000000000000001776, 0.7853981633974439491 ) ;
#76 = CARTESIAN_POINT ( 'NONE',  ( -21.00000000000000000, 5.499999999999995559, 0.000000000000000000 ) ) ;
#77 = ADVANCED_FACE ( 'NONE', ( #1405 ), #2378, .F. ) ;
#78 = VECTOR ( 'NONE', #2161, 1000.000000000000000 ) ;
#79 = DIRECTION ( 'NONE',  ( 0.000000000000000000, 0.000000000000000000, -1.000000000000000000 ) ) ;
#80 = DIRECTION ( 'NONE',  ( -1.000000000000000000, 1.445602896647339163E-16, -0.000000000000000000 ) ) ;
#81 = CARTESIAN_POINT ( 'NONE',  ( 0.000000000000000000, 0.000000000000000000, 0.000000000000000000 ) ) ;
#82 = CARTESIAN_POINT ( 'NONE',  ( -5.000000000000001776, 20.00000000000000000, 0.000000000000000000 ) ) ;
#83 = ORIENTED_EDGE ( 'NONE', *, *, #2009, .F. ) ;
#84 = CARTESIAN_POINT ( 'NONE',  ( -0.9249999999999988232, 25.42165795675087381, 14.00000000000000000 ) ) ;
#85 = EDGE_CURVE ( 'NONE', #2061, #1294, #787, .T. ) ;
#86 = ORIENTED_EDGE ( 'NONE', *, *, #2511, .T. ) ;
#87 = AXIS2_PLACEMENT_3D ( 'NONE', #81, #2289, #1449 ) ;
#88 = CARTESIAN_POINT ( 'NONE',  ( 8.499999999999998224, 32.29999999999999716, 14.00000000000000000 ) ) ;
#89 = ORIENTED_EDGE ( 'NONE', *, *, #2374, .T. ) ;
#90 = CARTESIAN_POINT ( 'NONE',  ( -5.438961030678932218, 27.69999999999999574, 6.999999999999999112 ) ) ;
#91 = DIRECTION ( 'NONE',  ( -1.000000000000000000, 0.000000000000000000, 0.000000000000000000 ) ) ;
#92 = VECTOR ( 'NONE', #2138, 1000.000000000000000 ) ;
#93 = UNCERTAINTY_MEASURE_WITH_UNIT (LENGTH_MEASURE( 1.000000000000000082E-05 ), #1713, 'distance_accuracy_value', 'NONE');
#94 = AXIS2_PLACEMENT_3D ( 'NONE', #942, #1537, #957 ) ;
#95 = EDGE_CURVE ( 'NONE', #2290, #896, #1300, .T. ) ;
#96 = EDGE_LOOP ( 'NONE', ( #329, #768, #37, #1534 ) ) ;
#97 = CARTESIAN_POINT ( 'NONE',  ( 4.000000000000003553, 0.000000000000000000, 0.000000000000000000 ) ) ;
#98 = ORIENTED_EDGE ( 'NONE', *, *, #2070, .F. ) ;
#99 = CARTESIAN_POINT ( 'NONE',  ( -8.499999999999998224, 32.79999999999999716, 14.00000000000000000 ) ) ;
#100 = ORIENTED_EDGE ( 'NONE', *, *, #2352, .F. ) ;
#101 = DIRECTION ( 'NONE',  ( -1.000000000000000000, -0.000000000000000000, -0.000000000000000000 ) ) ;
#102 = ORIENTED_EDGE ( 'NONE', *, *, #2250, .F. ) ;
#103 = FACE_OUTER_BOUND ( 'NONE', #2234, .T. ) ;
#104 = CARTESIAN_POINT ( 'NONE',  ( 0.000000000000000000, -0.8717989064763369544, 1.509999999999997566 ) ) ;
#105 = DIRECTION ( 'NONE',  ( 0.000000000000000000, 0.000000000000000000, 1.000000000000000000 ) ) ;
#106 = ADVANCED_FACE ( 'NONE', ( #801 ), #225, .F. ) ;
#107 = CARTESIAN_POINT ( 'NONE',  ( 9.000000000000001776, 27.69999999999999574, 6.999999999999999112 ) ) ;
#108 = ADVANCED_FACE ( 'NONE', ( #1591, #2395 ), #164, .F. ) ;
#109 = ORIENTED_EDGE ( 'NONE', *, *, #1287, .F. ) ;
#110 = FACE_OUTER_BOUND ( 'NONE', #740, .T. ) ;
#111 = ORIENTED_EDGE ( 'NONE', *, *, #2397, .T. ) ;
#112 = FILL_AREA_STYLE_COLOUR ( '', #2398 ) ;
#113 = DIRECTION ( 'NONE',  ( -0.000000000000000000, -1.000000000000000000, -0.000000000000000000 ) ) ;
#114 = ORIENTED_EDGE ( 'NONE', *, *, #1066, .T. ) ;
#115 = AXIS2_PLACEMENT_3D ( 'NONE', #1176, #372, #995 ) ;
#116 = DIRECTION ( 'NONE',  ( 0.000000000000000000, 0.000000000000000000, 1.000000000000000000 ) ) ;
#117 = AXIS2_PLACEMENT_3D ( 'NONE', #819, #1433, #428 ) ;
#118 = AXIS2_PLACEMENT_3D ( 'NONE', #2368, #2201, #554 ) ;
#119 = CARTESIAN_POINT ( 'NONE',  ( 0.000000000000000000, 20.00000000000000000, 0.000000000000000000 ) ) ;
#120 = EDGE_CURVE ( 'NONE', #2063, #1145, #1985, .T. ) ;
#121 = AXIS2_PLACEMENT_3D ( 'NONE', #1126, #1930, #2293 ) ;
#122 = VECTOR ( 'NONE', #2417, 1000.000000000000000 ) ;
#123 = CYLINDRICAL_SURFACE ( 'NONE', #2103, 0.5000000000000004441 ) ;
#124 = LINE ( 'NONE', #926, #853 ) ;
#125 = AXIS2_PLACEMENT_3D ( 'NONE', #256, #1092, #66 ) ;
#126 = VERTEX_POINT ( 'NONE', #985 ) ;
#127 = CARTESIAN_POINT ( 'NONE',  ( -7.999999999999983125, 27.69999999999999574, 6.999999999999999112 ) ) ;
#128 = EDGE_LOOP ( 'NONE', ( #1395, #524 ) ) ;
#129 = CARTESIAN_POINT ( 'NONE',  ( 16.00000000000000000, 0.5000000000000041078, 7.000000000000000000 ) ) ;
#130 = DIRECTION ( 'NONE',  ( 1.000000000000000000, 2.668805347656626678E-16, 0.000000000000000000 ) ) ;
#131 = FACE_OUTER_BOUND ( 'NONE', #729, .T. ) ;
#132 = DIRECTION ( 'NONE',  ( 0.000000000000000000, 0.000000000000000000, 1.000000000000000000 ) ) ;
#133 = EDGE_CURVE ( 'NONE', #425, #126, #2525, .T. ) ;
#134 = EDGE_LOOP ( 'NONE', ( #1302, #100, #845, #1582, #2035 ) ) ;
#135 = CARTESIAN_POINT ( 'NONE',  ( 9.000000000000000000, 5.999999999999996447, 14.00000000000000000 ) ) ;
#136 = ORIENTED_EDGE ( 'NONE', *, *, #997, .T. ) ;
#137 = CARTESIAN_POINT ( 'NONE',  ( -9.500000000000000000, 6.499999999999996447, 14.00000000000000000 ) ) ;
#138 = AXIS2_PLACEMENT_3D ( 'NONE', #394, #2577, #972 ) ;
#139 = DIRECTION ( 'NONE',  ( 0.000000000000000000, 0.000000000000000000, -1.000000000000000000 ) ) ;
#140 = VECTOR ( 'NONE', #1638, 1000.000000000000000 ) ;
#141 = EDGE_LOOP ( 'NONE', ( #432, #656, #2535, #31 ) ) ;
#142 = DIRECTION ( 'NONE',  ( 0.000000000000000000, 1.000000000000000000, 0.000000000000000000 ) ) ;
#143 = DIRECTION ( 'NONE',  ( 0.000000000000000000, 1.000000000000000000, -1.368001704148075613E-15 ) ) ;
#144 = EDGE_CURVE ( 'NONE', #1735, #783, #187, .T. ) ;
#145 = DIRECTION ( 'NONE',  ( 0.000000000000000000, -1.000000000000000000, 9.949103302895099492E-16 ) ) ;
#146 = VERTEX_POINT ( 'NONE', #2565 ) ;
#147 = EDGE_CURVE ( 'NONE', #1517, #1220, #788, .T. ) ;
#148 = CARTESIAN_POINT ( 'NONE',  ( 3.499999999999991118, 27.69999999999999574, 6.999999999999999112 ) ) ;
#149 = CARTESIAN_POINT ( 'NONE',  ( 0.000000000000000000, 20.00000000000000000, 14.00000000000000000 ) ) ;
#150 = ORIENTED_EDGE ( 'NONE', *, *, #2184, .T. ) ;
#151 = CARTESIAN_POINT ( 'NONE',  ( 20.50000000000000000, 5.999999999999994671, 14.00000000000000000 ) ) ;
#152 = DIRECTION ( 'NONE',  ( 0.000000000000000000, 0.000000000000000000, -1.000000000000000000 ) ) ;
#153 = ORIENTED_EDGE ( 'NONE', *, *, #290, .F. ) ;
#154 = DIRECTION ( 'NONE',  ( -1.000000000000000000, 0.000000000000000000, 0.000000000000000000 ) ) ;
#155 = DIRECTION ( 'NONE',  ( 0.000000000000000000, 1.000000000000000000, -9.949103302895099492E-16 ) ) ;
#156 = EDGE_CURVE ( 'NONE', #2300, #600, #1414, .T. ) ;
#157 = VECTOR ( 'NONE', #2594, 1000.000000000000000 ) ;
#158 = CIRCLE ( 'NONE', #2019, 0.2000000000000000944 ) ;
#159 = ORIENTED_EDGE ( 'NONE', *, *, #2360, .F. ) ;
#160 = FACE_OUTER_BOUND ( 'NONE', #134, .T. ) ;
#161 = CARTESIAN_POINT ( 'NONE',  ( -0.9249999999999993783, 32.79999999999999716, 14.00000000000000000 ) ) ;
#162 = AXIS2_PLACEMENT_3D ( 'NONE', #269, #1867, #298 ) ;
#163 = ORIENTED_EDGE ( 'NONE', *, *, #1629, .F. ) ;
#164 = PLANE ( 'NONE',  #1626 ) ;
#165 = VERTEX_POINT ( 'NONE', #1362 ) ;
#166 = EDGE_CURVE ( 'NONE', #2223, #880, #385, .T. ) ;
#167 = PRODUCT_RELATED_PRODUCT_CATEGORY ( 'part', '', ( #1832 ) ) ;
#168 = ORIENTED_EDGE ( 'NONE', *, *, #496, .F. ) ;
#169 = CARTESIAN_POINT ( 'NONE',  ( 9.000000000000001776, 23.94999999999999218, 7.000000000000000000 ) ) ;
#170 = CARTESIAN_POINT ( 'NONE',  ( -10.25000000000013856, -10.25000000000000355, 14.00000000000000000 ) ) ;
#171 = AXIS2_PLACEMENT_3D ( 'NONE', #1941, #1522, #506 ) ;
#172 = VERTEX_POINT ( 'NONE', #2167 ) ;
#173 = CARTESIAN_POINT ( 'NONE',  ( 5.000000000000000888, 27.69999999999999574, 6.999999999999999112 ) ) ;
#174 = PLANE ( 'NONE',  #1937 ) ;
#175 = ORIENTED_EDGE ( 'NONE', *, *, #1497, .T. ) ;
#176 = CARTESIAN_POINT ( 'NONE',  ( -0.9249999999999988232, 24.91369260332797353, 0.5000000000000065503 ) ) ;
#177 = LINE ( 'NONE', #535, #1113 ) ;
#178 = CARTESIAN_POINT ( 'NONE',  ( 0.000000000000000000, 20.00000000000000000, 0.000000000000000000 ) ) ;
#179 = ORIENTED_EDGE ( 'NONE', *, *, #2157, .F. ) ;
#180 = EDGE_CURVE ( 'NONE', #1711, #46, #1589, .T. ) ;
#181 = DIRECTION ( 'NONE',  ( 1.000000000000000000, 0.000000000000000000, 0.000000000000000000 ) ) ;
#182 = DIRECTION ( 'NONE',  ( -1.000000000000000000, 0.000000000000000000, -0.000000000000000000 ) ) ;
#183 = ORIENTED_EDGE ( 'NONE', *, *, #1134, .F. ) ;
#184 = DIRECTION ( 'NONE',  ( -1.000000000000000000, -0.000000000000000000, -0.000000000000000000 ) ) ;
#185 = ORIENTED_EDGE ( 'NONE', *, *, #1481, .T. ) ;
#186 = AXIS2_PLACEMENT_3D ( 'NONE', #1383, #375, #565 ) ;
#187 = CIRCLE ( 'NONE', #20, 1.510000000000000009 ) ;
#188 = PRESENTATION_STYLE_ASSIGNMENT (( #400 ) ) ;
#189 = AXIS2_PLACEMENT_3D ( 'NONE', #2325, #1884, #274 ) ;
#190 = DIRECTION ( 'NONE',  ( 0.000000000000000000, 0.000000000000000000, -1.000000000000000000 ) ) ;
#191 = DIRECTION ( 'NONE',  ( 0.000000000000000000, 0.000000000000000000, 1.000000000000000000 ) ) ;
#192 = ORIENTED_EDGE ( 'NONE', *, *, #1387, .F. ) ;
#193 = EDGE_CURVE ( 'NONE', #1668, #2245, #1804, .T. ) ;
#194 = CARTESIAN_POINT ( 'NONE',  ( 21.00000000000000000, 0.5000000000000088818, 14.00000000000000000 ) ) ;
#195 = ORIENTED_EDGE ( 'NONE', *, *, #156, .F. ) ;
#196 = LINE ( 'NONE', #483, #2451 ) ;
#197 = CARTESIAN_POINT ( 'NONE',  ( 21.00000000000000000, 5.499999999999995559, 0.000000000000000000 ) ) ;
#198 = ADVANCED_FACE ( 'NONE', ( #2029 ), #932, .F. ) ;
#199 = ORIENTED_EDGE ( 'NONE', *, *, #943, .T. ) ;
#200 = SURFACE_STYLE_FILL_AREA ( #1620 ) ;
#201 = DIRECTION ( 'NONE',  ( 1.000000000000000000, 0.000000000000000000, 0.000000000000000000 ) ) ;
#202 = SHAPE_DEFINITION_REPRESENTATION ( #842, #361 ) ;
#203 = AXIS2_PLACEMENT_3D ( 'NONE', #1295, #1533, #1688 ) ;
#204 = CARTESIAN_POINT ( 'NONE',  ( 0.000000000000000000, -0.8717989064763411733, -1.510000000000002229 ) ) ;
#205 = ORIENTED_EDGE ( 'NONE', *, *, #2037, .T. ) ;
#206 = EDGE_CURVE ( 'NONE', #1377, #1163, #411, .T. ) ;
#207 = VECTOR ( 'NONE', #2359, 1000.000000000000000 ) ;
#208 = LINE ( 'NONE', #1018, #1342 ) ;
#209 = ORIENTED_EDGE ( 'NONE', *, *, #1764, .F. ) ;
#210 = DIRECTION ( 'NONE',  ( 1.000000000000000000, -5.542247527082452823E-17, -0.000000000000000000 ) ) ;
#211 = CARTESIAN_POINT ( 'NONE',  ( 21.00000000000000000, 5.499999999999995559, 14.00000000000000000 ) ) ;
#212 = ORIENTED_EDGE ( 'NONE', *, *, #1975, .F. ) ;
#213 =( LENGTH_UNIT ( ) NAMED_UNIT ( * ) SI_UNIT ( .MILLI., .METRE. ) );
#214 = DIRECTION ( 'NONE',  ( 0.000000000000000000, 1.000000000000000000, 0.000000000000000000 ) ) ;
#215 = ORIENTED_EDGE ( 'NONE', *, *, #1184, .F. ) ;
#216 = APPLICATION_CONTEXT ( 'automotive_design' ) ;
#217 = CARTESIAN_POINT ( 'NONE',  ( 16.00000000000000000, 0.000000000000000000, 0.000000000000000000 ) ) ;
#218 = EDGE_LOOP ( 'NONE', ( #826, #509, #1076, #836 ) ) ;
#219 = FACE_OUTER_BOUND ( 'NONE', #1624, .T. ) ;
#220 = DIRECTION ( 'NONE',  ( 0.000000000000000000, -0.4999999999999986677, 0.8660254037844393737 ) ) ;
#221 = EDGE_CURVE ( 'NONE', #993, #1423, #208, .T. ) ;
#222 = ORIENTED_EDGE ( 'NONE', *, *, #1987, .F. ) ;
#223 = CARTESIAN_POINT ( 'NONE',  ( 5.000000000000000888, 27.69999999999999574, 3.249999999999989342 ) ) ;
#224 = VECTOR ( 'NONE', #1181, 1000.000000000000000 ) ;
#225 = CONICAL_SURFACE ( 'NONE', #2567, 3.250000000000009770, 0.7853981633974508325 ) ;
#226 = FACE_OUTER_BOUND ( 'NONE', #681, .T. ) ;
#227 = VERTEX_POINT ( 'NONE', #1817 ) ;
#228 = AXIS2_PLACEMENT_3D ( 'NONE', #88, #917, #1333 ) ;
#229 = DIRECTION ( 'NONE',  ( -0.7071067811865783259, 0.000000000000000000, 0.7071067811865167085 ) ) ;
#230 = EDGE_CURVE ( 'NONE', #2198, #1687, #251, .T. ) ;
#231 = DIRECTION ( 'NONE',  ( 1.000000000000000000, 0.000000000000000000, 0.000000000000000000 ) ) ;
#232 = AXIS2_PLACEMENT_3D ( 'NONE', #1216, #2045, #1823 ) ;
#233 = ORIENTED_EDGE ( 'NONE', *, *, #1243, .T. ) ;
#234 = DIRECTION ( 'NONE',  ( 0.000000000000000000, 0.000000000000000000, -1.000000000000000000 ) ) ;
#235 = AXIS2_PLACEMENT_3D ( 'NONE', #895, #2305, #2322 ) ;
#236 = CARTESIAN_POINT ( 'NONE',  ( -0.9249999999999971578, 27.69999999999999574, 5.499999999999998224 ) ) ;
#237 = VERTEX_POINT ( 'NONE', #1470 ) ;
#238 = PLANE ( 'NONE',  #2524 ) ;
#239 = ORIENTED_EDGE ( 'NONE', *, *, #254, .T. ) ;
#240 = AXIS2_PLACEMENT_3D ( 'NONE', #1230, #1864, #201 ) ;
#241 = CARTESIAN_POINT ( 'NONE',  ( 9.000000000000000000, 6.499999999999996447, 14.00000000000000000 ) ) ;
#242 = DIRECTION ( 'NONE',  ( 1.000000000000000000, 0.000000000000000000, 0.000000000000000000 ) ) ;
#243 = LINE ( 'NONE', #1289, #2229 ) ;
#244 = ORIENTED_EDGE ( 'NONE', *, *, #2222, .T. ) ;
#245 = DIRECTION ( 'NONE',  ( 0.000000000000000000, -0.000000000000000000, 1.000000000000000000 ) ) ;
#246 = LINE ( 'NONE', #1070, #1799 ) ;
#247 = AXIS2_PLACEMENT_3D ( 'NONE', #1737, #74, #279 ) ;
#248 = ORIENTED_EDGE ( 'NONE', *, *, #2397, .F. ) ;
#249 = AXIS2_PLACEMENT_3D ( 'NONE', #44, #827, #1432 ) ;
#250 = CYLINDRICAL_SURFACE ( 'NONE', #931, 2.749999999999999112 ) ;
#251 = LINE ( 'NONE', #628, #1888 ) ;
#252 = EDGE_CURVE ( 'NONE', #165, #1345, #1453, .T. ) ;
#253 = CARTESIAN_POINT ( 'NONE',  ( -0.9249999999999988232, 24.91369260332797353, 0.5000000000000065503 ) ) ;
#254 = EDGE_CURVE ( 'NONE', #2181, #2590, #615, .T. ) ;
#255 = ORIENTED_EDGE ( 'NONE', *, *, #1886, .F. ) ;
#256 = CARTESIAN_POINT ( 'NONE',  ( 5.000000000000000888, 27.69999999999999574, 6.999999999999999112 ) ) ;
#257 = ORIENTED_EDGE ( 'NONE', *, *, #1236, .T. ) ;
#258 = CONTEXT_DEPENDENT_SHAPE_REPRESENTATION ( #777, #1758 ) ;
#259 = DIRECTION ( 'NONE',  ( -7.939237876324060868E-17, 1.000000000000000000, -0.000000000000000000 ) ) ;
#260 = CARTESIAN_POINT ( 'NONE',  ( 9.500000000000000000, 5.999999999999996447, 14.00000000000000000 ) ) ;
#261 = EDGE_CURVE ( 'NONE', #2400, #1904, #2040, .T. ) ;
#262 = ORIENTED_EDGE ( 'NONE', *, *, #2384, .F. ) ;
#263 = DIRECTION ( 'NONE',  ( 0.000000000000000000, 0.000000000000000000, -1.000000000000000000 ) ) ;
#264 = CARTESIAN_POINT ( 'NONE',  ( 15.60999999999998522, 0.000000000000000000, 0.000000000000000000 ) ) ;
#265 = EDGE_CURVE ( 'NONE', #1329, #58, #301, .T. ) ;
#266 = CYLINDRICAL_SURFACE ( 'NONE', #2220, 1.999999999999990452 ) ;
#267 = DIRECTION ( 'NONE',  ( 1.000000000000000000, 0.000000000000000000, 0.000000000000000000 ) ) ;
#268 = VERTEX_POINT ( 'NONE', #607 ) ;
#269 = CARTESIAN_POINT ( 'NONE',  ( 0.9250000000000004885, 27.69999999999999574, 6.999999999999999112 ) ) ;
#270 = ORIENTED_EDGE ( 'NONE', *, *, #2176, .T. ) ;
#271 = FACE_OUTER_BOUND ( 'NONE', #1834, .T. ) ;
#272 = FACE_OUTER_BOUND ( 'NONE', #705, .T. ) ;
#273 = AXIS2_PLACEMENT_3D ( 'NONE', #1973, #1006, #345 ) ;
#274 = DIRECTION ( 'NONE',  ( 0.000000000000000000, 0.000000000000000000, -1.000000000000000000 ) ) ;
#275 = CIRCLE ( 'NONE', #1254, 2.749999999999998224 ) ;
#276 = ORIENTED_EDGE ( 'NONE', *, *, #1349, .F. ) ;
#277 = CYLINDRICAL_SURFACE ( 'NONE', #2240, 2.250000000000001776 ) ;
#278 = ADVANCED_FACE ( 'NONE', ( #854 ), #1135, .T. ) ;
#279 = DIRECTION ( 'NONE',  ( 0.000000000000000000, 0.000000000000000000, 1.000000000000000000 ) ) ;
#280 = AXIS2_PLACEMENT_3D ( 'NONE', #63, #267, #877 ) ;
#281 = DIRECTION ( 'NONE',  ( 0.000000000000000000, 0.000000000000000000, 1.000000000000000000 ) ) ;
#282 = AXIS2_PLACEMENT_3D ( 'NONE', #850, #2260, #1274 ) ;
#283 = CARTESIAN_POINT ( 'NONE',  ( 0.9249999999999993783, 32.79999999999999716, 0.000000000000000000 ) ) ;
#284 = DIRECTION ( 'NONE',  ( 0.000000000000000000, -0.000000000000000000, 1.000000000000000000 ) ) ;
#285 =( GEOMETRIC_REPRESENTATION_CONTEXT ( 3 ) GLOBAL_UNCERTAINTY_ASSIGNED_CONTEXT ( ( #1922 ) ) GLOBAL_UNIT_ASSIGNED_CONTEXT ( ( #1408, #807, #685 ) ) REPRESENTATION_CONTEXT ( 'NONE', 'WORKASPACE' ) );
#286 = DIRECTION ( 'NONE',  ( 8.659560562354925463E-17, -0.7071067811865482389, 0.7071067811865469066 ) ) ;
#287 = EDGE_LOOP ( 'NONE', ( #1164, #1961 ) ) ;
#288 = CARTESIAN_POINT ( 'NONE',  ( -16.00000000000000000, -5.134331705425279291E-15, 7.000000000000000000 ) ) ;
#289 = CARTESIAN_POINT ( 'NONE',  ( -20.49999999999999645, 5.999999999999994671, 0.000000000000000000 ) ) ;
#290 = EDGE_CURVE ( 'NONE', #1904, #2257, #1026, .T. ) ;
#291 = ORIENTED_EDGE ( 'NONE', *, *, #1236, .F. ) ;
#292 = CARTESIAN_POINT ( 'NONE',  ( -5.000000000000001776, 20.00000000000000000, 13.49999999999999289 ) ) ;
#293 = AXIS2_PLACEMENT_3D ( 'NONE', #148, #779, #1569 ) ;
#294 = EDGE_CURVE ( 'NONE', #1253, #878, #2313, .T. ) ;
#295 = CARTESIAN_POINT ( 'NONE',  ( 2.000000000000000000, 1.307698359714498437, -0.7550000000000006706 ) ) ;
#296 = CIRCLE ( 'NONE', #2166, 2.250000000000001776 ) ;
#297 = FACE_OUTER_BOUND ( 'NONE', #2342, .T. ) ;
#298 = DIRECTION ( 'NONE',  ( -1.927470528863117569E-16, 1.000000000000000000, 0.000000000000000000 ) ) ;
#299 = ORIENTED_EDGE ( 'NONE', *, *, #1057, .F. ) ;
#300 = CYLINDRICAL_SURFACE ( 'NONE', #121, 0.5000000000000004441 ) ;
#301 = B_SPLINE_CURVE_WITH_KNOTS ( 'NONE', 3,
 ( #2018, #1614, #2421, #1234 ),
 .UNSPECIFIED., .F., .F.,
 ( 4, 4 ),
 ( 0.000000000000000000, 0.0007127613908441311633 ),
 .UNSPECIFIED. ) ;
#302 = CARTESIAN_POINT ( 'NONE',  ( 4.000000000000000000, 0.000000000000000000, 0.000000000000000000 ) ) ;
#303 = ADVANCED_FACE ( 'NONE', ( #1222 ), #1457, .F. ) ;
#304 = ORIENTED_EDGE ( 'NONE', *, *, #1490, .T. ) ;
#305 = DIRECTION ( 'NONE',  ( 1.000000000000000000, 1.694065894508601171E-16, 0.000000000000000000 ) ) ;
#306 = CARTESIAN_POINT ( 'NONE',  ( 9.500000000000000000, 6.499999999999996447, 14.00000000000000000 ) ) ;
#307 = DIRECTION ( 'NONE',  ( 0.000000000000000000, 0.000000000000000000, 1.000000000000000000 ) ) ;
#308 = ADVANCED_FACE ( 'NONE', ( #23 ), #838, .F. ) ;
#309 = ORIENTED_EDGE ( 'NONE', *, *, #221, .F. ) ;
#310 = CARTESIAN_POINT ( 'NONE',  ( 0.000000000000000000, 4.041334437186265510E-16, -3.100000000000000089 ) ) ;
#311 = ORIENTED_EDGE ( 'NONE', *, *, #1860, .F. ) ;
#312 = DIRECTION ( 'NONE',  ( -1.000000000000000000, 0.000000000000000000, 0.000000000000000000 ) ) ;
#313 = LINE ( 'NONE', #1142, #2199 ) ;
#314 = CARTESIAN_POINT ( 'NONE',  ( -9.000000000000000000, 6.499999999999996447, 0.000000000000000000 ) ) ;
#315 = VERTEX_POINT ( 'NONE', #825 ) ;
#316 = CIRCLE ( 'NONE', #399, 2.250000000000002665 ) ;
#317 = EDGE_CURVE ( 'NONE', #1108, #1517, #1055, .T. ) ;
#318 = LINE ( 'NONE', #2343, #1320 ) ;
#319 = CIRCLE ( 'NONE', #1725, 1.510000000000000009 ) ;
#320 = DIRECTION ( 'NONE',  ( 0.000000000000000000, -0.5000000000000014433, -0.8660254037844379305 ) ) ;
#321 = AXIS2_PLACEMENT_3D ( 'NONE', #1400, #2207, #2024 ) ;
#322 = VECTOR ( 'NONE', #1928, 1000.000000000000000 ) ;
#323 = EDGE_CURVE ( 'NONE', #878, #1438, #360, .T. ) ;
#324 = CARTESIAN_POINT ( 'NONE',  ( -31.74999999999995737, 2.449293598294694581E-16, -1.999999999999990452 ) ) ;
#325 = CARTESIAN_POINT ( 'NONE',  ( 2.000000000000000000, 0.000000000000000000, 0.000000000000000000 ) ) ;
#326 = VECTOR ( 'NONE', #2232, 1000.000000000000000 ) ;
#327 = EDGE_LOOP ( 'NONE', ( #2134, #1048, #908, #67 ) ) ;
#328 = CARTESIAN_POINT ( 'NONE',  ( 8.499999999999998224, 32.79999999999999716, 0.000000000000000000 ) ) ;
#329 = ORIENTED_EDGE ( 'NONE', *, *, #1833, .T. ) ;
#330 = CARTESIAN_POINT ( 'NONE',  ( -8.499999999999998224, 32.29999999999999716, 14.00000000000000000 ) ) ;
#331 = CARTESIAN_POINT ( 'NONE',  ( 13.25000000000000178, 0.5000000000000041078, 7.000000000000000000 ) ) ;
#332 = COLOUR_RGB ( '',0.7764705882352941346, 0.7568627450980391913, 0.7372549019607843590 ) ;
#333 = ORIENTED_EDGE ( 'NONE', *, *, #586, .F. ) ;
#334 = DIRECTION ( 'NONE',  ( -1.000000000000000000, -1.694065894508601171E-16, -0.000000000000000000 ) ) ;
#335 = ORIENTED_EDGE ( 'NONE', *, *, #571, .T. ) ;
#336 = ORIENTED_EDGE ( 'NONE', *, *, #85, .F. ) ;
#337 = CONICAL_SURFACE ( 'NONE', #1818, 5.000000000000001776, 0.7853981633974439491 ) ;
#338 = AXIS2_PLACEMENT_3D ( 'NONE', #674, #28, #1265 ) ;
#339 = VERTEX_POINT ( 'NONE', #2460 ) ;
#340 = LINE ( 'NONE', #151, #2189 ) ;
#341 = DIRECTION ( 'NONE',  ( -1.000000000000000000, -0.000000000000000000, -0.000000000000000000 ) ) ;
#342 = EDGE_CURVE ( 'NONE', #545, #1125, #2266, .T. ) ;
#343 = VERTEX_POINT ( 'NONE', #2068 ) ;
#344 = EDGE_CURVE ( 'NONE', #851, #379, #246, .T. ) ;
#345 = DIRECTION ( 'NONE',  ( 1.000000000000000000, 0.000000000000000000, 0.000000000000000000 ) ) ;
#346 = DIRECTION ( 'NONE',  ( -1.000000000000000000, -0.000000000000000000, -0.000000000000000000 ) ) ;
#347 = CARTESIAN_POINT ( 'NONE',  ( 16.00000000000000000, 5.499999999999996447, 9.749999999999998224 ) ) ;
#348 = EDGE_CURVE ( 'NONE', #1983, #1633, #662, .T. ) ;
#349 = ORIENTED_EDGE ( 'NONE', *, *, #1965, .F. ) ;
#350 = LINE ( 'NONE', #1366, #224 ) ;
#351 = CARTESIAN_POINT ( 'NONE',  ( -9.000000000000000000, 5.999999999999996447, 14.00000000000000000 ) ) ;
#352 = VERTEX_POINT ( 'NONE', #314 ) ;
#353 = DIRECTION ( 'NONE',  ( -1.000000000000000000, 1.445602896647339163E-16, -0.000000000000000000 ) ) ;
#354 = DIRECTION ( 'NONE',  ( 0.000000000000000000, 0.000000000000000000, 1.000000000000000000 ) ) ;
#355 = APPLICATION_CONTEXT ( 'automotive_design' ) ;
#356 = CLOSED_SHELL ( 'NONE', ( #2420, #2192, #2172, #278, #2145, #1207, #1121, #1101, #1523, #7, #598, #886, #2344, #1803, #2592, #1334, #1020, #1393, #1826, #1202, #16, #2056, #489, #2467, #73, #832, #407 ) ) ;
#357 = DIRECTION ( 'NONE',  ( 0.000000000000000000, 1.000000000000000000, 0.000000000000000000 ) ) ;
#358 = EDGE_CURVE ( 'NONE', #617, #2044, #757, .T. ) ;
#359 = DIRECTION ( 'NONE',  ( 0.000000000000000000, 0.000000000000000000, -1.000000000000000000 ) ) ;
#360 = CIRCLE ( 'NONE', #575, 0.4000000000000001887 ) ;
#361 = SHAPE_REPRESENTATION ( 'B428 \X2\0414043504400436043004420435043b044c\X0\ \X2\043f043e043b04380440043e04320430043d043d044b0445\X0\ \X2\04320430043b043e0432\X0\ SK12_00', ( #240 ), #32 ) ;
#362 = CIRCLE ( 'NONE', #1047, 2.749999999999998224 ) ;
#363 = STYLED_ITEM ( 'NONE', ( #2196 ), #871 ) ;
#364 = ORIENTED_EDGE ( 'NONE', *, *, #206, .T. ) ;
#365 = DIRECTION ( 'NONE',  ( 1.000000000000000000, 0.000000000000000000, 0.000000000000000000 ) ) ;
#366 = CARTESIAN_POINT ( 'NONE',  ( -9.000000000000000000, 27.69999999999999574, 4.499999999999990230 ) ) ;
#367 = VECTOR ( 'NONE', #2348, 1000.000000000000000 ) ;
#368 = PRODUCT_CONTEXT ( 'NONE', #2532, 'mechanical' ) ;
#369 = EDGE_LOOP ( 'NONE', ( #1454, #209, #1392, #2506 ) ) ;
#370 = LINE ( 'NONE', #2165, #1747 ) ;
#371 = EDGE_CURVE ( 'NONE', #2590, #2181, #2474, .T. ) ;
#372 = DIRECTION ( 'NONE',  ( 1.000000000000000000, 0.000000000000000000, 0.000000000000000000 ) ) ;
#373 = PRESENTATION_LAYER_ASSIGNMENT (  '', '', ( #1520 ) ) ;
#374 = ORIENTED_EDGE ( 'NONE', *, *, #455, .F. ) ;
#375 = DIRECTION ( 'NONE',  ( 0.000000000000000000, 1.000000000000000000, 0.000000000000000000 ) ) ;
#376 = EDGE_CURVE ( 'NONE', #783, #1082, #319, .T. ) ;
#377 = PRODUCT_DEFINITION_CONTEXT ( 'detailed design', #355, 'design' ) ;
#378 = AXIS2_PLACEMENT_3D ( 'NONE', #687, #1278, #1439 ) ;
#379 = VERTEX_POINT ( 'NONE', #1128 ) ;
#380 = DIRECTION ( 'NONE',  ( -1.000000000000000000, 0.000000000000000000, 0.000000000000000000 ) ) ;
#381 = AXIS2_PLACEMENT_3D ( 'NONE', #413, #1887, #1628 ) ;
#382 = CYLINDRICAL_SURFACE ( 'NONE', #1052, 3.500000000000000000 ) ;
#383 = EDGE_LOOP ( 'NONE', ( #2519, #1880, #1810, #1478 ) ) ;
#384 = DIRECTION ( 'NONE',  ( -1.000000000000000000, -0.000000000000000000, -0.000000000000000000 ) ) ;
#385 = LINE ( 'NONE', #1196, #2053 ) ;
#386 = EDGE_LOOP ( 'NONE', ( #349, #185, #861, #492, #918 ) ) ;
#387 = PLANE ( 'NONE',  #1064 ) ;
#388 =( NAMED_UNIT ( * ) SI_UNIT ( $, .STERADIAN. ) SOLID_ANGLE_UNIT ( ) );
#389 = ADVANCED_FACE ( 'NONE', ( #742 ), #1748, .F. ) ;
#390 = APPLICATION_PROTOCOL_DEFINITION ( 'draft international standard', 'automotive_design', 1998, #634 ) ;
#391 = PRODUCT_DEFINITION_SHAPE ( 'NONE', 'NONE',  #2589 ) ;
#392 = CARTESIAN_POINT ( 'NONE',  ( -9.000000000000000000, 6.499999999999996447, 14.00000000000000000 ) ) ;
#393 = VERTEX_POINT ( 'NONE', #1919 ) ;
#394 = CARTESIAN_POINT ( 'NONE',  ( -8.499999999999998224, 32.29999999999999716, 14.00000000000000000 ) ) ;
#395 = DIRECTION ( 'NONE',  ( 8.659560562354956277E-17, -0.7071067811865457964, 0.7071067811865492381 ) ) ;
#396 = ORIENTED_EDGE ( 'NONE', *, *, #1965, .T. ) ;
#397 = CIRCLE ( 'NONE', #1003, 2.749999999999998224 ) ;
#398 = LINE ( 'NONE', #1820, #806 ) ;
#399 = AXIS2_PLACEMENT_3D ( 'NONE', #678, #1892, #79 ) ;
#400 = SURFACE_STYLE_USAGE ( .BOTH. , #599 ) ;
#401 = EDGE_CURVE ( 'NONE', #2123, #165, #792, .T. ) ;
#402 = AXIS2_PLACEMENT_3D ( 'NONE', #579, #784, #1990 ) ;
#403 = ORIENTED_EDGE ( 'NONE', *, *, #906, .F. ) ;
#404 = CYLINDRICAL_SURFACE ( 'NONE', #232, 0.5000000000000004441 ) ;
#405 = CIRCLE ( 'NONE', #321, 0.5000000000000004441 ) ;
#406 = DIRECTION ( 'NONE',  ( 0.000000000000000000, 0.000000000000000000, 1.000000000000000000 ) ) ;
#407 = ADVANCED_FACE ( 'NONE', ( #884 ), #2570, .F. ) ;
#408 = CARTESIAN_POINT ( 'NONE',  ( 0.9250000000000000444, 29.94999999999999574, 6.999999999999999112 ) ) ;
#409 = AXIS2_PLACEMENT_3D ( 'NONE', #127, #1780, #2585 ) ;
#410 = VERTEX_POINT ( 'NONE', #289 ) ;
#411 = LINE ( 'NONE', #1640, #1722 ) ;
#412 = EDGE_LOOP ( 'NONE', ( #1483, #195, #2404, #1759, #1915, #89 ) ) ;
#413 = CARTESIAN_POINT ( 'NONE',  ( -9.000000000000000000, 27.69999999999999574, 6.999999999999999112 ) ) ;
#414 = DIRECTION ( 'NONE',  ( -1.000000000000000000, -7.939237876324030053E-17, 0.000000000000000000 ) ) ;
#415 = AXIS2_PLACEMENT_3D ( 'NONE', #1730, #1542, #1306 ) ;
#416 = ORIENTED_EDGE ( 'NONE', *, *, #133, .T. ) ;
#417 = CARTESIAN_POINT ( 'NONE',  ( 0.000000000000000000, 0.000000000000000000, 0.000000000000000000 ) ) ;
#418 = AXIS2_PLACEMENT_3D ( 'NONE', #135, #91, #544 ) ;
#419 = CARTESIAN_POINT ( 'NONE',  ( 13.25000000000000178, -7.157222945506139697E-15, 7.000000000000000000 ) ) ;
#420 = ORIENTED_EDGE ( 'NONE', *, *, #2352, .T. ) ;
#421 = DIRECTION ( 'NONE',  ( 1.000000000000000000, 0.000000000000000000, 0.000000000000000000 ) ) ;
#422 = CIRCLE ( 'NONE', #2408, 0.5000000000000004441 ) ;
#423 = DIRECTION ( 'NONE',  ( 0.000000000000000000, 0.000000000000000000, 1.000000000000000000 ) ) ;
#424 = DIRECTION ( 'NONE',  ( 0.000000000000000000, 0.000000000000000000, -1.000000000000000000 ) ) ;
#425 = VERTEX_POINT ( 'NONE', #1115 ) ;
#426 = ADVANCED_FACE ( 'NONE', ( #1083 ), #1279, .F. ) ;
#427 = FACE_OUTER_BOUND ( 'NONE', #1441, .T. ) ;
#428 = DIRECTION ( 'NONE',  ( 0.000000000000000000, 0.000000000000000000, -1.000000000000000000 ) ) ;
#429 = ORIENTED_EDGE ( 'NONE', *, *, #317, .F. ) ;
#430 = CARTESIAN_POINT ( 'NONE',  ( 8.499999999999998224, 32.29999999999999716, 14.00000000000000000 ) ) ;
#431 = FACE_BOUND ( 'NONE', #1587, .T. ) ;
#432 = ORIENTED_EDGE ( 'NONE', *, *, #1221, .F. ) ;
#433 = CARTESIAN_POINT ( 'NONE',  ( 10.24999999999998934, -10.24999999999999467, 14.00000000000000000 ) ) ;
#434 = PRODUCT_DEFINITION_SHAPE ( 'NONE', 'NONE',  #2612 ) ;
#435 = EDGE_LOOP ( 'NONE', ( #429, #548, #2517, #2461, #1775 ) ) ;
#436 = DIRECTION ( 'NONE',  ( 0.000000000000000000, 0.000000000000000000, -1.000000000000000000 ) ) ;
#437 = CARTESIAN_POINT ( 'NONE',  ( 0.000000000000000000, -0.8717989064763369544, 1.509999999999997566 ) ) ;
#438 = ORIENTED_EDGE ( 'NONE', *, *, #531, .F. ) ;
#439 = AXIS2_PLACEMENT_3D ( 'NONE', #2102, #1909, #2409 ) ;
#440 = DIRECTION ( 'NONE',  ( 0.000000000000000000, 0.000000000000000000, 1.000000000000000000 ) ) ;
#441 = CIRCLE ( 'NONE', #673, 2.749999999999998224 ) ;
#442 = VECTOR ( 'NONE', #881, 1000.000000000000114 ) ;
#443 = DIRECTION ( 'NONE',  ( -0.5000000000000053291, 0.000000000000000000, 0.8660254037844354880 ) ) ;
#444 = ORIENTED_EDGE ( 'NONE', *, *, #1057, .T. ) ;
#445 = AXIS2_PLACEMENT_3D ( 'NONE', #481, #951, #2084 ) ;
#446 = CARTESIAN_POINT ( 'NONE',  ( 20.49999999999998579, -5.134331705425279291E-15, 14.00000000000000000 ) ) ;
#447 = CARTESIAN_POINT ( 'NONE',  ( -5.438961030678932218, 29.94999999999999574, 6.999999999999999112 ) ) ;
#448 = CARTESIAN_POINT ( 'NONE',  ( -9.000000000000000000, 5.999999999999996447, 14.00000000000000000 ) ) ;
#449 = AXIS2_PLACEMENT_3D ( 'NONE', #1376, #1552, #2183 ) ;
#450 = ORIENTED_EDGE ( 'NONE', *, *, #1746, .T. ) ;
#451 = CONICAL_SURFACE ( 'NONE', #835, 5.500000000000011546, 0.7853981633974517207 ) ;
#452 = CARTESIAN_POINT ( 'NONE',  ( -21.00000000000000000, 5.499999999999995559, 14.00000000000000000 ) ) ;
#453 = EDGE_CURVE ( 'NONE', #1934, #2181, #2509, .T. ) ;
#454 = DIRECTION ( 'NONE',  ( 0.000000000000000000, 0.000000000000000000, -1.000000000000000000 ) ) ;
#455 = EDGE_CURVE ( 'NONE', #268, #2228, #975, .T. ) ;
#456 = ORIENTED_EDGE ( 'NONE', *, *, #376, .F. ) ;
#457 =( GEOMETRIC_REPRESENTATION_CONTEXT ( 3 ) GLOBAL_UNCERTAINTY_ASSIGNED_CONTEXT ( ( #2022 ) ) GLOBAL_UNIT_ASSIGNED_CONTEXT ( ( #602, #1648, #1256 ) ) REPRESENTATION_CONTEXT ( 'NONE', 'WORKASPACE' ) );
#458 = ORIENTED_EDGE ( 'NONE', *, *, #1426, .T. ) ;
#459 = CARTESIAN_POINT ( 'NONE',  ( 0.000000000000000000, 20.00000000000000000, 0.000000000000000000 ) ) ;
#460 = DIRECTION ( 'NONE',  ( 0.000000000000000000, 0.000000000000000000, 1.000000000000000000 ) ) ;
#461 = APPLICATION_CONTEXT ( 'automotive_design' ) ;
#462 = LINE ( 'NONE', #1124, #1012 ) ;
#463 = ORIENTED_EDGE ( 'NONE', *, *, #1925, .T. ) ;
#464 = CARTESIAN_POINT ( 'NONE',  ( 16.00000000000000000, 0.000000000000000000, 0.000000000000000000 ) ) ;
#465 = CIRCLE ( 'NONE', #1528, 3.250000000000008882 ) ;
#466 = CARTESIAN_POINT ( 'NONE',  ( 2.000000000000000000, 0.000000000000000000, 0.000000000000000000 ) ) ;
#467 = VECTOR ( 'NONE', #139, 1000.000000000000000 ) ;
#468 = VERTEX_POINT ( 'NONE', #260 ) ;
#469 = CARTESIAN_POINT ( 'NONE',  ( -20.50000000000000000, -5.134331705425279291E-15, 0.000000000000000000 ) ) ;
#470 = DIRECTION ( 'NONE',  ( 0.000000000000000000, -0.000000000000000000, -1.000000000000000000 ) ) ;
#471 = EDGE_LOOP ( 'NONE', ( #661, #1511 ) ) ;
#472 = LINE ( 'NONE', #1494, #621 ) ;
#473 = DIRECTION ( 'NONE',  ( -2.108987991301141109E-16, 0.4999999999999970579, -0.8660254037844403729 ) ) ;
#474 = ORIENTED_EDGE ( 'NONE', *, *, #1720, .T. ) ;
#475 = CARTESIAN_POINT ( 'NONE',  ( 4.200000000000001954, 0.000000000000000000, 0.000000000000000000 ) ) ;
#476 = ORIENTED_EDGE ( 'NONE', *, *, #371, .F. ) ;
#477 = DIRECTION ( 'NONE',  ( 0.000000000000000000, 0.000000000000000000, 1.000000000000000000 ) ) ;
#478 = CARTESIAN_POINT ( 'NONE',  ( -16.00000000000000000, 5.999999999999995559, 7.000000000000000000 ) ) ;
#479 = DIRECTION ( 'NONE',  ( 0.000000000000000000, 0.000000000000000000, 1.000000000000000000 ) ) ;
#480 = PRODUCT_RELATED_PRODUCT_CATEGORY ( 'part', '', ( #1430 ) ) ;
#481 = CARTESIAN_POINT ( 'NONE',  ( 5.000000000000000888, 27.69999999999999574, 6.999999999999999112 ) ) ;
#482 = VERTEX_POINT ( 'NONE', #1501 ) ;
#483 = CARTESIAN_POINT ( 'NONE',  ( -9.000000000000000000, 27.69999999999999574, 4.499999999999990230 ) ) ;
#484 = PLANE ( 'NONE',  #2588 ) ;
#485 = FACE_OUTER_BOUND ( 'NONE', #1972, .T. ) ;
#486 = ORIENTED_EDGE ( 'NONE', *, *, #2122, .T. ) ;
#487 = DIRECTION ( 'NONE',  ( 0.000000000000000000, 0.000000000000000000, -1.000000000000000000 ) ) ;
#488 = VECTOR ( 'NONE', #105, 1000.000000000000000 ) ;
#489 = ADVANCED_FACE ( 'NONE', ( #2492 ), #2551, .F. ) ;
#490 = ORIENTED_EDGE ( 'NONE', *, *, #2412, .T. ) ;
#491 = LINE ( 'NONE', #1303, #1465 ) ;
#492 = ORIENTED_EDGE ( 'NONE', *, *, #2142, .F. ) ;
#493 = CARTESIAN_POINT ( 'NONE',  ( 0.9250000000000007105, 24.91369260332797353, 13.49999999999999289 ) ) ;
#494 = DIRECTION ( 'NONE',  ( 0.000000000000000000, -0.8660254037844393737, -0.4999999999999987232 ) ) ;
#495 = VECTOR ( 'NONE', #2447, 1000.000000000000000 ) ;
#496 = EDGE_CURVE ( 'NONE', #1253, #513, #616, .T. ) ;
#497 = DIRECTION ( 'NONE',  ( -0.000000000000000000, 0.000000000000000000, -1.000000000000000000 ) ) ;
#498 = AXIS2_PLACEMENT_3D ( 'NONE', #466, #1307, #2110 ) ;
#499 = ORIENTED_EDGE ( 'NONE', *, *, #2341, .T. ) ;
#500 = FACE_OUTER_BOUND ( 'NONE', #1796, .T. ) ;
#501 = CARTESIAN_POINT ( 'NONE',  ( 0.000000000000000000, -1.743597812952673243, -1.192622389734054877E-15 ) ) ;
#502 = VECTOR ( 'NONE', #2026, 1000.000000000000000 ) ;
#503 = APPLICATION_CONTEXT ( 'automotive_design' ) ;
#504 = EDGE_LOOP ( 'NONE', ( #1560, #83, #2262, #192 ) ) ;
#505 = CARTESIAN_POINT ( 'NONE',  ( 2.000000000000000000, -0.8717989064763369544, 1.509999999999997566 ) ) ;
#506 = DIRECTION ( 'NONE',  ( 1.000000000000000000, 0.000000000000000000, 0.000000000000000000 ) ) ;
#507 = VERTEX_POINT ( 'NONE', #1321 ) ;
#508 = CARTESIAN_POINT ( 'NONE',  ( 0.3999999999999975797, 0.000000000000000000, 3.500000000000000000 ) ) ;
#509 = ORIENTED_EDGE ( 'NONE', *, *, #230, .T. ) ;
#510 = DIRECTION ( 'NONE',  ( -0.7071067811865500152, 0.000000000000000000, -0.7071067811865451302 ) ) ;
#511 = AXIS2_PLACEMENT_3D ( 'NONE', #636, #473, #2503 ) ;
#512 = DIRECTION ( 'NONE',  ( 0.000000000000000000, -0.000000000000000000, -1.000000000000000000 ) ) ;
#513 = VERTEX_POINT ( 'NONE', #1902 ) ;
#514 = CARTESIAN_POINT ( 'NONE',  ( 0.9250000000000007105, 24.91369260332797353, 0.5000000000000065503 ) ) ;
#515 = DIRECTION ( 'NONE',  ( 0.000000000000000000, 1.000000000000000000, -0.000000000000000000 ) ) ;
#516 =( GEOMETRIC_REPRESENTATION_CONTEXT ( 3 ) GLOBAL_UNCERTAINTY_ASSIGNED_CONTEXT ( ( #1889 ) ) GLOBAL_UNIT_ASSIGNED_CONTEXT ( ( #541, #2205, #1201 ) ) REPRESENTATION_CONTEXT ( 'NONE', 'WORKASPACE' ) );
#517 = CARTESIAN_POINT ( 'NONE',  ( -16.00000000000000000, 0.4999999999999988343, 7.000000000000000000 ) ) ;
#518 = EDGE_CURVE ( 'NONE', #1019, #719, #2144, .T. ) ;
#519 = CIRCLE ( 'NONE', #2075, 2.749999999999998224 ) ;
#520 = DIRECTION ( 'NONE',  ( -1.000000000000000000, -0.000000000000000000, -0.000000000000000000 ) ) ;
#521 = CARTESIAN_POINT ( 'NONE',  ( -9.000000000000000000, 32.29999999999999716, 0.000000000000000000 ) ) ;
#522 = ORIENTED_EDGE ( 'NONE', *, *, #1963, .F. ) ;
#523 = CARTESIAN_POINT ( 'NONE',  ( -8.499999999999998224, 32.29999999999999716, 0.000000000000000000 ) ) ;
#524 = ORIENTED_EDGE ( 'NONE', *, *, #717, .T. ) ;
#525 = CARTESIAN_POINT ( 'NONE',  ( 0.9250000000000007105, 25.42165795675087381, 14.00000000000000000 ) ) ;
#526 = FACE_OUTER_BOUND ( 'NONE', #955, .T. ) ;
#527 = DIRECTION ( 'NONE',  ( 0.000000000000000000, 0.000000000000000000, -1.000000000000000000 ) ) ;
#528 = EDGE_LOOP ( 'NONE', ( #463, #1868, #1929, #2007, #795 ) ) ;
#529 = LINE ( 'NONE', #1336, #92 ) ;
#530 = CARTESIAN_POINT ( 'NONE',  ( 5.500000000000005329, 20.00000000000000000, 14.00000000000000000 ) ) ;
#531 = EDGE_CURVE ( 'NONE', #2425, #2472, #275, .T. ) ;
#532 = EDGE_LOOP ( 'NONE', ( #1576, #1428, #1605, #984, #1885 ) ) ;
#533 = CYLINDRICAL_SURFACE ( 'NONE', #1296, 5.000000000000001776 ) ;
#534 = ADVANCED_FACE ( 'NONE', ( #1143 ), #934, .F. ) ;
#535 = CARTESIAN_POINT ( 'NONE',  ( 20.49999999999998579, -5.134331705425279291E-15, 14.00000000000000000 ) ) ;
#536 = ORIENTED_EDGE ( 'NONE', *, *, #166, .F. ) ;
#537 = LINE ( 'NONE', #2573, #1679 ) ;
#538 = CIRCLE ( 'NONE', #1172, 1.999999999999990452 ) ;
#539 = ORIENTED_EDGE ( 'NONE', *, *, #1874, .T. ) ;
#540 = DIRECTION ( 'NONE',  ( 1.000000000000000000, 0.000000000000000000, 0.000000000000000000 ) ) ;
#541 =( LENGTH_UNIT ( ) NAMED_UNIT ( * ) SI_UNIT ( .MILLI., .METRE. ) );
#542 = CLOSED_SHELL ( 'NONE', ( #762, #1262, #303, #1848, #2444, #920, #1370, #2545, #2115, #2587, #693, #2407, #1191, #1157, #1514, #534, #1014, #1584, #77, #2203, #426, #569, #2303, #389, #2495, #818, #2538, #1590, #1733, #2261, #108, #786, #1751, #2204, #1042, #198, #871, #2231, #308, #2254, #56, #665, #106, #911, #1396, #1789, #2502, #1046, #844, #748, #859, #624 ) ) ;
#543 = VERTEX_POINT ( 'NONE', #1530 ) ;
#544 = DIRECTION ( 'NONE',  ( 0.000000000000000000, 0.000000000000000000, 1.000000000000000000 ) ) ;
#545 = VERTEX_POINT ( 'NONE', #2340 ) ;
#546 = AXIS2_PLACEMENT_3D ( 'NONE', #1539, #2363, #1577 ) ;
#547 = ADVANCED_BREP_SHAPE_REPRESENTATION ( '', ( #2569, #240 ), #32 ) ;
#548 = ORIENTED_EDGE ( 'NONE', *, *, #1178, .F. ) ;
#549 = CARTESIAN_POINT ( 'NONE',  ( 5.000000000000000888, 23.94999999999999218, 7.000000000000000000 ) ) ;
#550 = CARTESIAN_POINT ( 'NONE',  ( 0.000000000000000000, 20.00000000000000000, 13.49999999999999289 ) ) ;
#551 = EDGE_CURVE ( 'NONE', #694, #65, #1802, .T. ) ;
#552 = DIRECTION ( 'NONE',  ( 1.000000000000000000, 0.000000000000000000, 0.000000000000000000 ) ) ;
#553 = ORIENTED_EDGE ( 'NONE', *, *, #1310, .F. ) ;
#554 = DIRECTION ( 'NONE',  ( 0.000000000000000000, 0.000000000000000000, -1.000000000000000000 ) ) ;
#555 = LINE ( 'NONE', #1363, #2563 ) ;
#556 = EDGE_CURVE ( 'NONE', #2067, #570, #1869, .T. ) ;
#557 = CIRCLE ( 'NONE', #1482, 3.750000000000003553 ) ;
#558 = ORIENTED_EDGE ( 'NONE', *, *, #1994, .T. ) ;
#559 = CARTESIAN_POINT ( 'NONE',  ( 15.60999999999998522, 0.000000000000000000, 1.999999999999981348 ) ) ;
#560 = PLANE ( 'NONE',  #1631 ) ;
#561 = EDGE_CURVE ( 'NONE', #1032, #1294, #2280, .T. ) ;
#562 = EDGE_LOOP ( 'NONE', ( #894, #33, #640, #1472 ) ) ;
#563 = DIRECTION ( 'NONE',  ( 0.000000000000000000, 0.000000000000000000, -1.000000000000000000 ) ) ;
#564 = ORIENTED_EDGE ( 'NONE', *, *, #1030, .T. ) ;
#565 = DIRECTION ( 'NONE',  ( 0.000000000000000000, 0.000000000000000000, 1.000000000000000000 ) ) ;
#566 = ORIENTED_EDGE ( 'NONE', *, *, #144, .F. ) ;
#567 = CARTESIAN_POINT ( 'NONE',  ( 2.000000000000000000, -1.743597812952673243, -1.192622389734054877E-15 ) ) ;
#568 = DIRECTION ( 'NONE',  ( 0.000000000000000000, -0.7071067811865457964, -0.7071067811865492381 ) ) ;
#569 = ADVANCED_FACE ( 'NONE', ( #2324, #1095 ), #867, .F. ) ;
#570 = VERTEX_POINT ( 'NONE', #915 ) ;
#571 = EDGE_CURVE ( 'NONE', #783, #2063, #1068, .T. ) ;
#572 = ADVANCED_BREP_SHAPE_REPRESENTATION ( '', ( #2500, #240 ), #457 ) ;
#573 = DIRECTION ( 'NONE',  ( -1.000000000000000000, -6.776263578034405178E-17, 0.000000000000000000 ) ) ;
#574 = ORIENTED_EDGE ( 'NONE', *, *, #657, .F. ) ;
#575 = AXIS2_PLACEMENT_3D ( 'NONE', #655, #2476, #1653 ) ;
#576 = AXIS2_PLACEMENT_3D ( 'NONE', #2126, #1701, #527 ) ;
#577 = AXIS2_PLACEMENT_3D ( 'NONE', #1814, #2015, #1635 ) ;
#578 = ORIENTED_EDGE ( 'NONE', *, *, #631, .T. ) ;
#579 = CARTESIAN_POINT ( 'NONE',  ( -16.00000000000000000, 5.999999999999995559, 7.000000000000000000 ) ) ;
#580 = VECTOR ( 'NONE', #2066, 1000.000000000000000 ) ;
#581 = CARTESIAN_POINT ( 'NONE',  ( 2.000000000000000000, 0.000000000000000000, 0.000000000000000000 ) ) ;
#582 = ORIENTED_EDGE ( 'NONE', *, *, #1682, .F. ) ;
#583 = PRODUCT_DEFINITION_FORMATION_WITH_SPECIFIED_SOURCE ( 'ANY', '', #803, .NOT_KNOWN. ) ;
#584 = CARTESIAN_POINT ( 'NONE',  ( 16.00000000000000000, 5.999999999999995559, 7.000000000000000000 ) ) ;
#585 = VERTEX_POINT ( 'NONE', #713 ) ;
#586 = EDGE_CURVE ( 'NONE', #46, #393, #2227, .T. ) ;
#587 = B_SPLINE_CURVE_WITH_KNOTS ( 'NONE', 3,
 ( #176, #1974, #1794, #2411 ),
 .UNSPECIFIED., .F., .F.,
 ( 4, 4 ),
 ( 0.000000000000000000, 0.0007127613908441353917 ),
 .UNSPECIFIED. ) ;
#588 = AXIS2_PLACEMENT_3D ( 'NONE', #994, #384, #2005 ) ;
#589 = ORIENTED_EDGE ( 'NONE', *, *, #1566, .T. ) ;
#590 = DIRECTION ( 'NONE',  ( 1.000000000000000000, 0.000000000000000000, 0.000000000000000000 ) ) ;
#591 = CIRCLE ( 'NONE', #2163, 2.749999999999998224 ) ;
#592 = PRODUCT_CONTEXT ( 'NONE', #503, 'mechanical' ) ;
#593 = CARTESIAN_POINT ( 'NONE',  ( 16.00000000000000000, -5.134331705425279291E-15, 10.25000000000000888 ) ) ;
#594 = ORIENTED_EDGE ( 'NONE', *, *, #755, .T. ) ;
#595 = CARTESIAN_POINT ( 'NONE',  ( 0.9250000000000007105, 24.91369260332797353, 13.49999999999999289 ) ) ;
#596 = ORIENTED_EDGE ( 'NONE', *, *, #2439, .T. ) ;
#597 = EDGE_CURVE ( 'NONE', #339, #783, #54, .T. ) ;
#598 = ADVANCED_FACE ( 'NONE', ( #271 ), #1980, .T. ) ;
#599 = SURFACE_SIDE_STYLE ('',( #2413 ) ) ;
#600 = VERTEX_POINT ( 'NONE', #1499 ) ;
#601 = LINE ( 'NONE', #2001, #1463 ) ;
#602 =( LENGTH_UNIT ( ) NAMED_UNIT ( * ) SI_UNIT ( .MILLI., .METRE. ) );
#603 = SHAPE_DEFINITION_REPRESENTATION ( #1641, #1931 ) ;
#604 = LINE ( 'NONE', #419, #1147 ) ;
#605 = VERTEX_POINT ( 'NONE', #2307 ) ;
#606 = CARTESIAN_POINT ( 'NONE',  ( 2.000000000000000000, -0.8717989064763369544, 1.509999999999997566 ) ) ;
#607 = CARTESIAN_POINT ( 'NONE',  ( 5.000000000000000888, 27.69999999999999574, 10.75000000000000711 ) ) ;
#608 = ORIENTED_EDGE ( 'NONE', *, *, #230, .F. ) ;
#609 = DIRECTION ( 'NONE',  ( -0.000000000000000000, -1.000000000000000000, -0.000000000000000000 ) ) ;
#610 = CIRCLE ( 'NONE', #873, 2.749999999999998224 ) ;
#611 = DIRECTION ( 'NONE',  ( 1.261617073437678640E-15, 0.000000000000000000, 1.000000000000000000 ) ) ;
#612 = UNCERTAINTY_MEASURE_WITH_UNIT (LENGTH_MEASURE( 1.000000000000000082E-05 ), #1436, 'distance_accuracy_value', 'NONE');
#613 = EDGE_CURVE ( 'NONE', #1983, #1220, #2490, .T. ) ;
#614 = FACE_OUTER_BOUND ( 'NONE', #2155, .T. ) ;
#615 = CIRCLE ( 'NONE', #2099, 1.500000000000001332 ) ;
#616 = CIRCLE ( 'NONE', #576, 0.4000000000000001887 ) ;
#617 = VERTEX_POINT ( 'NONE', #684 ) ;
#618 = EDGE_CURVE ( 'NONE', #1668, #629, #1305, .T. ) ;
#619 = DIRECTION ( 'NONE',  ( 0.000000000000000000, -0.5000000000000008882, -0.8660254037844381525 ) ) ;
#620 =( NAMED_UNIT ( * ) SI_UNIT ( $, .STERADIAN. ) SOLID_ANGLE_UNIT ( ) );
#621 = VECTOR ( 'NONE', #1107, 1000.000000000000000 ) ;
#622 = SHAPE_DEFINITION_REPRESENTATION ( #391, #639 ) ;
#623 = CARTESIAN_POINT ( 'NONE',  ( 16.00000000000000000, 0.000000000000000000, 0.000000000000000000 ) ) ;
#624 = ADVANCED_FACE ( 'NONE', ( #1486 ), #300, .T. ) ;
#625 = AXIS2_PLACEMENT_3D ( 'NONE', #1710, #1081, #2080 ) ;
#626 = ORIENTED_EDGE ( 'NONE', *, *, #2002, .F. ) ;
#627 = PRODUCT_RELATED_PRODUCT_CATEGORY ( 'part', '', ( #803 ) ) ;
#628 = CARTESIAN_POINT ( 'NONE',  ( -21.00000000000000000, 5.499999999999995559, 14.00000000000000000 ) ) ;
#629 = VERTEX_POINT ( 'NONE', #2375 ) ;
#630 = DIRECTION ( 'NONE',  ( -1.694065894508601171E-16, 1.000000000000000000, -0.000000000000000000 ) ) ;
#631 = EDGE_CURVE ( 'NONE', #1951, #1188, #2017, .T. ) ;
#632 = CARTESIAN_POINT ( 'NONE',  ( 16.00000000000000000, -5.134331705425279291E-15, 7.000000000000000000 ) ) ;
#633 = AXIS2_PLACEMENT_3D ( 'NONE', #417, #2065, #242 ) ;
#634 = APPLICATION_CONTEXT ( 'automotive_design' ) ;
#635 = FACE_OUTER_BOUND ( 'NONE', #1485, .T. ) ;
#636 = CARTESIAN_POINT ( 'NONE',  ( 9.000000000000005329, 27.69999999999998863, 7.000000000000001776 ) ) ;
#637 = AXIS2_PLACEMENT_3D ( 'NONE', #900, #1918, #2050 ) ;
#638 = FACE_OUTER_BOUND ( 'NONE', #1211, .T. ) ;
#639 = SHAPE_REPRESENTATION ( 'B428 \X2\0414043504400436043004420435043b044c\X0\ \X2\043f043e043b04380440043e04320430043d043d044b0445\X0\ \X2\04320430043b043e0432\X0\ SK12_00', ( #892, #87, #511 ), #2443 ) ;
#640 = ORIENTED_EDGE ( 'NONE', *, *, #1404, .T. ) ;
#641 = AXIS2_PLACEMENT_3D ( 'NONE', #815, #2213, #1416 ) ;
#642 = LINE ( 'NONE', #447, #848 ) ;
#643 = DIRECTION ( 'NONE',  ( 0.000000000000000000, 0.000000000000000000, -1.000000000000000000 ) ) ;
#645 = EDGE_LOOP ( 'NONE', ( #1138, #476 ) ) ;
#644 = PRODUCT_DEFINITION ( 'UNKNOWN', '', #2233, #377 ) ;
#646 = DIRECTION ( 'NONE',  ( 1.000000000000000000, 0.000000000000000000, 0.000000000000000000 ) ) ;
#647 = PRODUCT_DEFINITION_CONTEXT ( 'detailed design', #461, 'design' ) ;
#648 = CARTESIAN_POINT ( 'NONE',  ( -0.9249999999999988232, 24.91369260332797353, 0.000000000000000000 ) ) ;
#649 = EDGE_LOOP ( 'NONE', ( #2004, #866, #1862, #239 ) ) ;
#650 = ORIENTED_EDGE ( 'NONE', *, *, #1023, .T. ) ;
#651 = SURFACE_SIDE_STYLE ('',( #200 ) ) ;
#652 = CARTESIAN_POINT ( 'NONE',  ( -9.000000000000000000, 32.79999999999999716, 14.00000000000000000 ) ) ;
#653 = ORIENTED_EDGE ( 'NONE', *, *, #156, .T. ) ;
#654 = SURFACE_STYLE_USAGE ( .BOTH. , #2459 ) ;
#655 = CARTESIAN_POINT ( 'NONE',  ( 0.3999999999999975797, 3.796405077356794918E-16, -3.100000000000000089 ) ) ;
#656 = ORIENTED_EDGE ( 'NONE', *, *, #1636, .F. ) ;
#657 = EDGE_CURVE ( 'NONE', #1711, #2290, #947, .T. ) ;
#658 = CARTESIAN_POINT ( 'NONE',  ( -31.74999999999995737, 0.000000000000000000, 0.000000000000000000 ) ) ;
#659 = CIRCLE ( 'NONE', #2179, 3.249999999999996003 ) ;
#660 = PLANE ( 'NONE',  #1588 ) ;
#661 = ORIENTED_EDGE ( 'NONE', *, *, #2214, .F. ) ;
#662 = CIRCLE ( 'NONE', #2143, 2.749999999999998224 ) ;
#663 = DIRECTION ( 'NONE',  ( 0.000000000000000000, 0.5000000000000008882, 0.8660254037844381525 ) ) ;
#664 = CARTESIAN_POINT ( 'NONE',  ( 3.499999999999992895, 27.69999999999999574, 9.250000000000001776 ) ) ;
#665 = ADVANCED_FACE ( 'NONE', ( #1768 ), #1891, .F. ) ;
#666 = EDGE_LOOP ( 'NONE', ( #1498, #1988, #311, #168 ) ) ;
#667 = DIRECTION ( 'NONE',  ( 0.000000000000000000, 0.000000000000000000, 1.000000000000000000 ) ) ;
#668 = AXIS2_PLACEMENT_3D ( 'NONE', #2104, #440, #1910 ) ;
#669 = CARTESIAN_POINT ( 'NONE',  ( 16.00000000000000000, 5.499999999999996447, 7.000000000000000000 ) ) ;
#670 = AXIS2_PLACEMENT_3D ( 'NONE', #1850, #182, #798 ) ;
#671 = ORIENTED_EDGE ( 'NONE', *, *, #1945, .T. ) ;
#672 = CARTESIAN_POINT ( 'NONE',  ( 21.00000000000000000, 0.5000000000000088818, 14.00000000000000000 ) ) ;
#673 = AXIS2_PLACEMENT_3D ( 'NONE', #2483, #1445, #2058 ) ;
#674 = CARTESIAN_POINT ( 'NONE',  ( 16.00000000000000000, 0.000000000000000000, 0.000000000000000000 ) ) ;
#675 = ORIENTED_EDGE ( 'NONE', *, *, #1178, .T. ) ;
#676 = CARTESIAN_POINT ( 'NONE',  ( 0.9249999999999993783, 32.79999999999999716, 14.00000000000000000 ) ) ;
#677 = EDGE_CURVE ( 'NONE', #1697, #482, #2350, .T. ) ;
#678 = CARTESIAN_POINT ( 'NONE',  ( 3.499999999999991118, 27.69999999999999574, 6.999999999999999112 ) ) ;
#679 = DIRECTION ( 'NONE',  ( 1.000000000000000000, 0.000000000000000000, 0.000000000000000000 ) ) ;
#680 = CARTESIAN_POINT ( 'NONE',  ( 0.000000000000000000, 0.000000000000000000, 0.000000000000000000 ) ) ;
#681 = EDGE_LOOP ( 'NONE', ( #1828, #416, #1338, #756 ) ) ;
#682 = CARTESIAN_POINT ( 'NONE',  ( 0.000000000000000000, 0.8717989064763279616, -1.510000000000004006 ) ) ;
#683 = ORIENTED_EDGE ( 'NONE', *, *, #2414, .F. ) ;
#684 = CARTESIAN_POINT ( 'NONE',  ( 20.49999999999999645, 5.999999999999994671, 0.000000000000000000 ) ) ;
#685 =( NAMED_UNIT ( * ) SI_UNIT ( $, .STERADIAN. ) SOLID_ANGLE_UNIT ( ) );
#686 = AXIS2_PLACEMENT_3D ( 'NONE', #2083, #1469, #2251 ) ;
#687 = CARTESIAN_POINT ( 'NONE',  ( 0.000000000000000000, 20.00000000000000000, 0.5000000000000065503 ) ) ;
#688 = DIRECTION ( 'NONE',  ( -1.000000000000000000, -0.000000000000000000, -0.000000000000000000 ) ) ;
#689 = VECTOR ( 'NONE', #210, 1000.000000000000000 ) ;
#690 = ORIENTED_EDGE ( 'NONE', *, *, #1708, .T. ) ;
#691 = DIRECTION ( 'NONE',  ( -1.927470528863117569E-16, 1.000000000000000000, 0.000000000000000000 ) ) ;
#692 = CARTESIAN_POINT ( 'NONE',  ( -9.000000000000000000, 5.999999999999996447, 0.000000000000000000 ) ) ;
#693 = ADVANCED_FACE ( 'NONE', ( #1173 ), #1090, .F. ) ;
#694 = VERTEX_POINT ( 'NONE', #1744 ) ;
#695 = DIRECTION ( 'NONE',  ( 0.000000000000000000, 0.000000000000000000, -1.000000000000000000 ) ) ;
#696 =( NAMED_UNIT ( * ) PLANE_ANGLE_UNIT ( ) SI_UNIT ( $, .RADIAN. ) );
#697 = ORIENTED_EDGE ( 'NONE', *, *, #2498, .F. ) ;
#698 = CARTESIAN_POINT ( 'NONE',  ( 2.000000000000000000, -0.8717989064763369544, 1.509999999999997566 ) ) ;
#699 = VERTEX_POINT ( 'NONE', #776 ) ;
#700 = CARTESIAN_POINT ( 'NONE',  ( -18.75000000000000000, -8.891946421482946792E-15, 7.000000000000000000 ) ) ;
#701 = CARTESIAN_POINT ( 'NONE',  ( 20.50000000000000000, 5.499999999999995559, 0.000000000000000000 ) ) ;
#702 = ORIENTED_EDGE ( 'NONE', *, *, #95, .T. ) ;
#703 = DIRECTION ( 'NONE',  ( -1.000000000000000000, -0.000000000000000000, -0.000000000000000000 ) ) ;
#704 = DIRECTION ( 'NONE',  ( 0.000000000000000000, 1.000000000000000000, -0.000000000000000000 ) ) ;
#705 = EDGE_LOOP ( 'NONE', ( #1825, #1659, #53, #744, #2377 ) ) ;
#706 = ORIENTED_EDGE ( 'NONE', *, *, #1705, .F. ) ;
#707 = CARTESIAN_POINT ( 'NONE',  ( 2.000000000000000000, 0.8717989064763279616, -1.510000000000004006 ) ) ;
#708 = CIRCLE ( 'NONE', #1666, 3.250000000000008882 ) ;
#709 = DIRECTION ( 'NONE',  ( 0.000000000000000000, 1.000000000000000000, -1.368001704148075613E-15 ) ) ;
#710 = EDGE_LOOP ( 'NONE', ( #2147, #1728 ) ) ;
#711 = CARTESIAN_POINT ( 'NONE',  ( -8.499999999999998224, 32.79999999999999716, 14.00000000000000000 ) ) ;
#712 = ORIENTED_EDGE ( 'NONE', *, *, #965, .T. ) ;
#713 = CARTESIAN_POINT ( 'NONE',  ( -16.00000000000000000, 5.499999999999989342, 9.749999999999998224 ) ) ;
#714 = VECTOR ( 'NONE', #767, 1000.000000000000000 ) ;
#715 = CARTESIAN_POINT ( 'NONE',  ( 0.000000000000000000, 0.000000000000000000, 14.00000000000000000 ) ) ;
#716 = CARTESIAN_POINT ( 'NONE',  ( 2.000000000000000000, 0.000000000000000000, 0.000000000000000000 ) ) ;
#717 = EDGE_CURVE ( 'NONE', #1438, #513, #1418, .T. ) ;
#718 = AXIS2_PLACEMENT_3D ( 'NONE', #288, #730, #477 ) ;
#719 = VERTEX_POINT ( 'NONE', #1578 ) ;
#720 = DIRECTION ( 'NONE',  ( -0.7071067811865506814, 8.659560562354894648E-17, -0.7071067811865443531 ) ) ;
#721 = PRODUCT_RELATED_PRODUCT_CATEGORY ( 'part', '', ( #1241 ) ) ;
#722 = CARTESIAN_POINT ( 'NONE',  ( -9.000000000000000000, 27.69999999999999574, 6.999999999999999112 ) ) ;
#723 = DIRECTION ( 'NONE',  ( -1.445602896647339410E-16, -1.000000000000000000, 0.000000000000000000 ) ) ;
#724 = CIRCLE ( 'NONE', #2484, 2.749999999999998224 ) ;
#725 = FACE_OUTER_BOUND ( 'NONE', #1969, .T. ) ;
#726 = AXIS2_PLACEMENT_3D ( 'NONE', #1900, #1291, #1699 ) ;
#727 = ORIENTED_EDGE ( 'NONE', *, *, #1481, .F. ) ;
#728 = CARTESIAN_POINT ( 'NONE',  ( -9.500000000000000000, 5.999999999999996447, 0.000000000000000000 ) ) ;
#729 = EDGE_LOOP ( 'NONE', ( #1352, #735, #25, #2449, #1992, #2217, #1167, #944, #304, #702, #1244, #1782, #2304, #1593, #1619, #1259, #1185, #1772, #2016, #2456, #1447, #750 ) ) ;
#730 = DIRECTION ( 'NONE',  ( 0.000000000000000000, 1.000000000000000000, -0.000000000000000000 ) ) ;
#731 = DIRECTION ( 'NONE',  ( -1.000000000000000000, -0.000000000000000000, -0.000000000000000000 ) ) ;
#732 = DIRECTION ( 'NONE',  ( 1.000000000000000000, 0.000000000000000000, 0.000000000000000000 ) ) ;
#733 = EDGE_LOOP ( 'NONE', ( #2206, #2116, #1927, #1374, #2108 ) ) ;
#734 = FACE_OUTER_BOUND ( 'NONE', #1878, .T. ) ;
#735 = ORIENTED_EDGE ( 'NONE', *, *, #2070, .T. ) ;
#736 = CARTESIAN_POINT ( 'NONE',  ( 2.000000000000000000, 1.307698359714498659, 0.7549999999999951195 ) ) ;
#737 = VECTOR ( 'NONE', #709, 1000.000000000000000 ) ;
#738 = EDGE_LOOP ( 'NONE', ( #2430, #2187, #2347, #936, #150 ) ) ;
#739 = DIRECTION ( 'NONE',  ( -0.000000000000000000, 0.000000000000000000, -1.000000000000000000 ) ) ;
#740 = EDGE_LOOP ( 'NONE', ( #1382, #2000, #199, #109 ) ) ;
#741 = DIRECTION ( 'NONE',  ( 0.7071067811865427988, -0.7071067811865522357, -0.000000000000000000 ) ) ;
#742 = FACE_OUTER_BOUND ( 'NONE', #1964, .T. ) ;
#743 = EDGE_CURVE ( 'NONE', #237, #1601, #1979, .T. ) ;
#744 = ORIENTED_EDGE ( 'NONE', *, *, #1617, .T. ) ;
#745 = CARTESIAN_POINT ( 'NONE',  ( 0.9250000000000007105, 25.25245776325388647, 0.1667901046103183460 ) ) ;
#746 = EDGE_CURVE ( 'NONE', #507, #1683, #2316, .T. ) ;
#747 = CARTESIAN_POINT ( 'NONE',  ( 16.00000000000000000, -6.938893903907228378E-15, 7.000000000000000000 ) ) ;
#748 = ADVANCED_FACE ( 'NONE', ( #1389 ), #1182, .T. ) ;
#749 = CARTESIAN_POINT ( 'NONE',  ( -16.00000000000000000, 5.499999999999989342, 7.000000000000000000 ) ) ;
#750 = ORIENTED_EDGE ( 'NONE', *, *, #261, .T. ) ;
#751 = CARTESIAN_POINT ( 'NONE',  ( 0.000000000000000000, 20.00000000000000000, 14.00000000000000000 ) ) ;
#752 = AXIS2_PLACEMENT_3D ( 'NONE', #805, #1009, #769 ) ;
#753 = CYLINDRICAL_SURFACE ( 'NONE', #449, 2.749999999999999112 ) ;
#754 = SURFACE_SIDE_STYLE ('',( #2561 ) ) ;
#755 = EDGE_CURVE ( 'NONE', #379, #1329, #1756, .T. ) ;
#756 = ORIENTED_EDGE ( 'NONE', *, *, #294, .T. ) ;
#757 = CIRCLE ( 'NONE', #1007, 0.5000000000000004441 ) ;
#758 = CARTESIAN_POINT ( 'NONE',  ( 0.000000000000000000, 1.743597812952665249, -5.854691731421723944E-15 ) ) ;
#759 = VECTOR ( 'NONE', #741, 1000.000000000000000 ) ;
#760 = VECTOR ( 'NONE', #619, 1000.000000000000114 ) ;
#761 = CIRCLE ( 'NONE', #125, 3.750000000000003553 ) ;
#762 = ADVANCED_FACE ( 'NONE', ( #1139 ), #1842, .F. ) ;
#763 = ORIENTED_EDGE ( 'NONE', *, *, #958, .T. ) ;
#764 = CARTESIAN_POINT ( 'NONE',  ( 0.000000000000000000, 1.743597812952665249, -5.854691731421723944E-15 ) ) ;
#765 = DIRECTION ( 'NONE',  ( 1.000000000000000000, 0.000000000000000000, 0.000000000000000000 ) ) ;
#766 = EDGE_LOOP ( 'NONE', ( #1646, #222, #1468, #1754, #1232 ) ) ;
#767 = DIRECTION ( 'NONE',  ( -1.000000000000000000, -0.000000000000000000, -0.000000000000000000 ) ) ;
#768 = ORIENTED_EDGE ( 'NONE', *, *, #1341, .T. ) ;
#769 = DIRECTION ( 'NONE',  ( 0.000000000000000000, 0.000000000000000000, 1.000000000000000000 ) ) ;
#770 = CIRCLE ( 'NONE', #686, 2.749999999999998224 ) ;
#771 = EDGE_CURVE ( 'NONE', #1377, #2552, #362, .T. ) ;
#772 = AXIS2_PLACEMENT_3D ( 'NONE', #2450, #646, #436 ) ;
#773 = VERTEX_POINT ( 'NONE', #982 ) ;
#774 = LINE ( 'NONE', #1356, #367 ) ;
#775 = EDGE_CURVE ( 'NONE', #227, #2079, #1781, .T. ) ;
#776 = CARTESIAN_POINT ( 'NONE',  ( -8.499999999999998224, 32.79999999999999716, 0.000000000000000000 ) ) ;
#777 =( REPRESENTATION_RELATIONSHIP ('NONE','NONE', #639, #1931 ) REPRESENTATION_RELATIONSHIP_WITH_TRANSFORMATION ( #2386 )SHAPE_REPRESENTATION_RELATIONSHIP( ) );
#778 = ORIENTED_EDGE ( 'NONE', *, *, #1636, .T. ) ;
#779 = DIRECTION ( 'NONE',  ( 1.000000000000000000, 0.000000000000000000, 0.000000000000000000 ) ) ;
#780 = CARTESIAN_POINT ( 'NONE',  ( 2.000000000000000000, 2.615396719428997319, -1.510000000000005782 ) ) ;
#781 = FACE_OUTER_BOUND ( 'NONE', #766, .T. ) ;
#782 = CONTEXT_DEPENDENT_SHAPE_REPRESENTATION ( #2173, #434 ) ;
#783 = VERTEX_POINT ( 'NONE', #961 ) ;
#784 = DIRECTION ( 'NONE',  ( 1.445602896647339410E-16, -1.000000000000000000, 0.000000000000000000 ) ) ;
#785 = ORIENTED_EDGE ( 'NONE', *, *, #1536, .T. ) ;
#786 = ADVANCED_FACE ( 'NONE', ( #2560 ), #753, .F. ) ;
#787 = LINE ( 'NONE', #758, #2357 ) ;
#788 = CIRCLE ( 'NONE', #1672, 3.249999999999996003 ) ;
#789 = VERTEX_POINT ( 'NONE', #1971 ) ;
#790 = CARTESIAN_POINT ( 'NONE',  ( -18.75000000000000000, 0.4999999999999988343, 7.000000000000000000 ) ) ;
#791 = AXIS2_PLACEMENT_3D ( 'NONE', #2271, #2087, #1618 ) ;
#792 = CIRCLE ( 'NONE', #228, 0.5000000000000004441 ) ;
#793 = VECTOR ( 'NONE', #2219, 1000.000000000000000 ) ;
#794 = AXIS2_PLACEMENT_3D ( 'NONE', #1000, #181, #1647 ) ;
#795 = ORIENTED_EDGE ( 'NONE', *, *, #561, .T. ) ;
#796 = SURFACE_STYLE_USAGE ( .BOTH. , #651 ) ;
#797 = APPLICATION_PROTOCOL_DEFINITION ( 'draft international standard', 'automotive_design', 1998, #503 ) ;
#798 = DIRECTION ( 'NONE',  ( -0.000000000000000000, 0.000000000000000000, 1.000000000000000000 ) ) ;
#799 = ORIENTED_EDGE ( 'NONE', *, *, #2060, .T. ) ;
#800 = EDGE_CURVE ( 'NONE', #545, #1977, #2364, .T. ) ;
#801 = FACE_OUTER_BOUND ( 'NONE', #1819, .T. ) ;
#802 = MECHANICAL_DESIGN_GEOMETRIC_PRESENTATION_REPRESENTATION (  '', ( #2158 ), #2025 ) ;
#803 = PRODUCT ( 'B428 \X2\0414043504400436043004420435043b044c\X0\ \X2\043f043e043b04380440043e04320430043d043d044b0445\X0\ \X2\04320430043b043e0432\X0\ SK12_00', 'B428 \X2\0414043504400436043004420435043b044c\X0\ \X2\043f043e043b04380440043e04320430043d043d044b0445\X0\ \X2\04320430043b043e0432\X0\ SK12_00', '', ( #592 ) ) ;
#804 = VERTEX_POINT ( 'NONE', #366 ) ;
#805 = CARTESIAN_POINT ( 'NONE',  ( 0.3999999999999975797, 0.000000000000000000, 0.000000000000000000 ) ) ;
#806 = VECTOR ( 'NONE', #817, 1000.000000000000000 ) ;
#807 =( NAMED_UNIT ( * ) PLANE_ANGLE_UNIT ( ) SI_UNIT ( $, .RADIAN. ) );
#808 = AXIS2_PLACEMENT_3D ( 'NONE', #749, #1574, #359 ) ;
#809 = ORIENTED_EDGE ( 'NONE', *, *, #2329, .T. ) ;
#810 =( LENGTH_UNIT ( ) NAMED_UNIT ( * ) SI_UNIT ( .MILLI., .METRE. ) );
#811 = CARTESIAN_POINT ( 'NONE',  ( 4.200000000000001954, 2.449293598294694581E-16, -1.999999999999990452 ) ) ;
#812 = ORIENTED_EDGE ( 'NONE', *, *, #1221, .T. ) ;
#813 = CARTESIAN_POINT ( 'NONE',  ( 8.499999999999998224, 32.79999999999999716, 14.00000000000000000 ) ) ;
#814 = ORIENTED_EDGE ( 'NONE', *, *, #1120, .F. ) ;
#815 = CARTESIAN_POINT ( 'NONE',  ( 0.000000000000000000, 0.000000000000000000, 0.000000000000000000 ) ) ;
#816 = CARTESIAN_POINT ( 'NONE',  ( 2.000000000000000000, 2.615396719428997319, -1.510000000000005782 ) ) ;
#817 = DIRECTION ( 'NONE',  ( -7.939237876324060868E-17, 1.000000000000000000, -0.000000000000000000 ) ) ;
#818 = ADVANCED_FACE ( 'NONE', ( #1166, #2574 ), #560, .F. ) ;
#819 = CARTESIAN_POINT ( 'NONE',  ( 4.000000000000000000, 0.000000000000000000, 0.000000000000000000 ) ) ;
#820 = EDGE_CURVE ( 'NONE', #2067, #1711, #601, .T. ) ;
#821 = ORIENTED_EDGE ( 'NONE', *, *, #376, .T. ) ;
#822 = CARTESIAN_POINT ( 'NONE',  ( -5.500000000000005329, 20.00000000000000000, 14.00000000000000000 ) ) ;
#823 = DIRECTION ( 'NONE',  ( -7.939237876324060868E-17, 1.000000000000000000, -0.000000000000000000 ) ) ;
#824 = ORIENTED_EDGE ( 'NONE', *, *, #1663, .T. ) ;
#825 = CARTESIAN_POINT ( 'NONE',  ( 2.000000000000000000, -1.743597812952673243, -1.192622389734054877E-15 ) ) ;
#826 = ORIENTED_EDGE ( 'NONE', *, *, #2273, .F. ) ;
#827 = DIRECTION ( 'NONE',  ( 1.000000000000000000, -5.542247527082452823E-17, 0.000000000000000000 ) ) ;
#828 = DIRECTION ( 'NONE',  ( 1.261617073437678640E-15, 0.000000000000000000, -1.000000000000000000 ) ) ;
#829 = AXIS2_PLACEMENT_3D ( 'NONE', #217, #1038, #1413 ) ;
#830 = EDGE_LOOP ( 'NONE', ( #860, #2212, #1355, #1304 ) ) ;
#831 = CARTESIAN_POINT ( 'NONE',  ( 0.3999999999999975797, 4.286263797015736595E-16, -3.500000000000000000 ) ) ;
#832 = ADVANCED_FACE ( 'NONE', ( #1 ), #846, .F. ) ;
#833 = SURFACE_STYLE_USAGE ( .BOTH. , #1849 ) ;
#834 = CARTESIAN_POINT ( 'NONE',  ( 0.000000000000000000, 20.00000000000000000, 0.5000000000000065503 ) ) ;
#835 = AXIS2_PLACEMENT_3D ( 'NONE', #1742, #1137, #1727 ) ;
#836 = ORIENTED_EDGE ( 'NONE', *, *, #1764, .T. ) ;
#837 = FACE_OUTER_BOUND ( 'NONE', #2580, .T. ) ;
#838 = PLANE ( 'NONE',  #1549 ) ;
#839 = ORIENTED_EDGE ( 'NONE', *, *, #1546, .F. ) ;
#840 = LINE ( 'NONE', #469, #1531 ) ;
#841 = CARTESIAN_POINT ( 'NONE',  ( 16.00000000000000000, 5.499999999999996447, 7.000000000000000000 ) ) ;
#842 = PRODUCT_DEFINITION_SHAPE ( 'NONE', 'NONE',  #1926 ) ;
#843 = VERTEX_POINT ( 'NONE', #223 ) ;
#844 = ADVANCED_FACE ( 'NONE', ( #1610 ), #1240, .T. ) ;
#845 = ORIENTED_EDGE ( 'NONE', *, *, #1546, .T. ) ;
#846 = PLANE ( 'NONE',  #794 ) ;
#847 = SHAPE_REPRESENTATION_RELATIONSHIP ( 'NONE' , 'NONE' ,  #361, #547 ) ;
#848 = VECTOR ( 'NONE', #868, 1000.000000000000000 ) ;
#849 = EDGE_CURVE ( 'NONE', #1544, #2041, #1409, .T. ) ;
#850 = CARTESIAN_POINT ( 'NONE',  ( 2.000000000000000000, 1.743597812952665249, -5.854691731421723944E-15 ) ) ;
#851 = VERTEX_POINT ( 'NONE', #1203 ) ;
#852 = CARTESIAN_POINT ( 'NONE',  ( -7.999999999999983125, 27.69999999999999574, 5.499999999999998224 ) ) ;
#853 = VECTOR ( 'NONE', #1724, 1000.000000000000000 ) ;
#854 = FACE_OUTER_BOUND ( 'NONE', #2546, .T. ) ;
#855 = ORIENTED_EDGE ( 'NONE', *, *, #1866, .F. ) ;
#856 = DIRECTION ( 'NONE',  ( 0.000000000000000000, 1.224646799147353207E-16, 1.000000000000000000 ) ) ;
#857 = CARTESIAN_POINT ( 'NONE',  ( 2.000000000000000000, 1.743597812952665249, -5.854691731421723944E-15 ) ) ;
#858 = DIRECTION ( 'NONE',  ( 1.000000000000000000, -0.000000000000000000, -0.000000000000000000 ) ) ;
#859 = ADVANCED_FACE ( 'NONE', ( #2454 ), #404, .F. ) ;
#860 = ORIENTED_EDGE ( 'NONE', *, *, #323, .F. ) ;
#861 = ORIENTED_EDGE ( 'NONE', *, *, #2157, .T. ) ;
#862 = PLANE ( 'NONE',  #2433 ) ;
#863 = SURFACE_STYLE_FILL_AREA ( #1033 ) ;
#864 =( LENGTH_UNIT ( ) NAMED_UNIT ( * ) SI_UNIT ( .MILLI., .METRE. ) );
#865 = DIRECTION ( 'NONE',  ( 0.7071067811865479058, 8.659560562354929160E-17, 0.7071067811865472397 ) ) ;
#866 = ORIENTED_EDGE ( 'NONE', *, *, #2568, .T. ) ;
#867 = PLANE ( 'NONE',  #1592 ) ;
#868 = DIRECTION ( 'NONE',  ( 1.000000000000000000, -5.542247527082452823E-17, -0.000000000000000000 ) ) ;
#869 = DIRECTION ( 'NONE',  ( 0.000000000000000000, 0.000000000000000000, 1.000000000000000000 ) ) ;
#870 = ORIENTED_EDGE ( 'NONE', *, *, #1994, .F. ) ;
#871 = ADVANCED_FACE ( 'NONE', ( #1049 ), #1835, .F. ) ;
#872 = FACE_BOUND ( 'NONE', #1680, .T. ) ;
#873 = AXIS2_PLACEMENT_3D ( 'NONE', #841, #1831, #828 ) ;
#874 = CARTESIAN_POINT ( 'NONE',  ( -9.500000000000000000, 5.999999999999996447, 14.00000000000000000 ) ) ;
#875 = CARTESIAN_POINT ( 'NONE',  ( 2.000000000000000000, 2.615396719428997319, -1.510000000000005782 ) ) ;
#876 = AXIS2_PLACEMENT_3D ( 'NONE', #149, #1187, #2211 ) ;
#877 = DIRECTION ( 'NONE',  ( 0.000000000000000000, 0.000000000000000000, 1.000000000000000000 ) ) ;
#878 = VERTEX_POINT ( 'NONE', #831 ) ;
#879 = CARTESIAN_POINT ( 'NONE',  ( 16.00000000000000000, 5.499999999999995559, 7.000000000000000000 ) ) ;
#880 = VERTEX_POINT ( 'NONE', #1229 ) ;
#881 = DIRECTION ( 'NONE',  ( 0.7071067811865500152, 8.659560562354963673E-17, -0.7071067811865451302 ) ) ;
#882 = AXIS2_PLACEMENT_3D ( 'NONE', #97, #50, #2501 ) ;
#883 = DIRECTION ( 'NONE',  ( 1.000000000000000000, 0.000000000000000000, 0.000000000000000000 ) ) ;
#884 = FACE_OUTER_BOUND ( 'NONE', #2609, .T. ) ;
#885 = CIRCLE ( 'NONE', #1258, 2.749999999999998224 ) ;
#886 = ADVANCED_FACE ( 'NONE', ( #635 ), #1597, .T. ) ;
#887 = ORIENTED_EDGE ( 'NONE', *, *, #2341, .F. ) ;
#888 = LINE ( 'NONE', #937, #2159 ) ;
#889 = EDGE_CURVE ( 'NONE', #468, #929, #405, .T. ) ;
#890 = CARTESIAN_POINT ( 'NONE',  ( 2.000000000000000000, 1.743597812952665249, -5.854691731421723944E-15 ) ) ;
#891 = DIRECTION ( 'NONE',  ( -1.000000000000000000, -0.000000000000000000, -0.000000000000000000 ) ) ;
#892 = AXIS2_PLACEMENT_3D ( 'NONE', #680, #460, #2247 ) ;
#893 = DIRECTION ( 'NONE',  ( 1.000000000000000000, 0.000000000000000000, 0.000000000000000000 ) ) ;
#894 = ORIENTED_EDGE ( 'NONE', *, *, #1907, .F. ) ;
#895 = CARTESIAN_POINT ( 'NONE',  ( 2.000000000000000000, 0.000000000000000000, 0.000000000000000000 ) ) ;
#896 = VERTEX_POINT ( 'NONE', #822 ) ;
#897 = CARTESIAN_POINT ( 'NONE',  ( 2.000000000000000000, 0.8717989064763279616, -1.510000000000004006 ) ) ;
#898 = PLANE ( 'NONE',  #1314 ) ;
#899 = CIRCLE ( 'NONE', #293, 2.250000000000002665 ) ;
#900 = CARTESIAN_POINT ( 'NONE',  ( -9.000000000000000000, 5.999999999999996447, 14.00000000000000000 ) ) ;
#901 = DIRECTION ( 'NONE',  ( 0.000000000000000000, 1.000000000000000000, 0.000000000000000000 ) ) ;
#902 = AXIS2_PLACEMENT_3D ( 'NONE', #1407, #609, #234 ) ;
#903 = ORIENTED_EDGE ( 'NONE', *, *, #180, .T. ) ;
#904 = DIRECTION ( 'NONE',  ( 1.000000000000000000, -5.542247527082452823E-17, -0.000000000000000000 ) ) ;
#905 = DIRECTION ( 'NONE',  ( 8.659560562354899578E-17, 0.7071067811865502373, -0.7071067811865447972 ) ) ;
#906 = EDGE_CURVE ( 'NONE', #237, #789, #2426, .T. ) ;
#907 = CARTESIAN_POINT ( 'NONE',  ( -18.75000000000000000, 5.499999999999989342, 7.000000000000000000 ) ) ;
#908 = ORIENTED_EDGE ( 'NONE', *, *, #1508, .T. ) ;
#909 = DIRECTION ( 'NONE',  ( -0.000000000000000000, -0.000000000000000000, 1.000000000000000000 ) ) ;
#910 = LINE ( 'NONE', #1354, #1606 ) ;
#911 = ADVANCED_FACE ( 'NONE', ( #1424 ), #2272, .F. ) ;
#912 = EDGE_LOOP ( 'NONE', ( #2297, #683, #2410, #153 ) ) ;
#913 = CARTESIAN_POINT ( 'NONE',  ( 3.499999999999991118, 25.44999999999999218, 6.999999999999999112 ) ) ;
#914 = EDGE_LOOP ( 'NONE', ( #1273, #1899, #1540, #1062 ) ) ;
#915 = CARTESIAN_POINT ( 'NONE',  ( 5.500000000000011546, 20.00000000000000000, 0.000000000000000000 ) ) ;
#916 = DIRECTION ( 'NONE',  ( 0.000000000000000000, 0.000000000000000000, -1.000000000000000000 ) ) ;
#917 = DIRECTION ( 'NONE',  ( 0.000000000000000000, -0.000000000000000000, 1.000000000000000000 ) ) ;
#918 = ORIENTED_EDGE ( 'NONE', *, *, #1252, .F. ) ;
#919 = DIRECTION ( 'NONE',  ( 0.000000000000000000, 1.000000000000000000, 0.000000000000000000 ) ) ;
#920 = ADVANCED_FACE ( 'NONE', ( #2089 ), #75, .F. ) ;
#921 = CARTESIAN_POINT ( 'NONE',  ( -7.999999999999983125, 27.69999999999999574, 8.500000000000000000 ) ) ;
#922 = UNCERTAINTY_MEASURE_WITH_UNIT (LENGTH_MEASURE( 1.000000000000000082E-05 ), #810, 'distance_accuracy_value', 'NONE');
#923 = LINE ( 'NONE', #2526, #2140 ) ;
#924 = CIRCLE ( 'NONE', #2468, 2.749999999999998224 ) ;
#925 = CARTESIAN_POINT ( 'NONE',  ( 20.49999999999998579, -5.134331705425279291E-15, 0.000000000000000000 ) ) ;
#926 = CARTESIAN_POINT ( 'NONE',  ( -9.000000000000000000, 32.79999999999999716, 14.00000000000000000 ) ) ;
#927 = ORIENTED_EDGE ( 'NONE', *, *, #1566, .F. ) ;
#928 = CYLINDRICAL_SURFACE ( 'NONE', #625, 3.500000000000000000 ) ;
#929 = VERTEX_POINT ( 'NONE', #241 ) ;
#930 = DIRECTION ( 'NONE',  ( 0.000000000000000000, -1.000000000000000000, 9.949103302895099492E-16 ) ) ;
#931 = AXIS2_PLACEMENT_3D ( 'NONE', #2244, #1657, #414 ) ;
#932 = CONICAL_SURFACE ( 'NONE', #1765, 2.250000000000002665, 0.7853981633974479459 ) ;
#933 = DIRECTION ( 'NONE',  ( -0.000000000000000000, -0.000000000000000000, -1.000000000000000000 ) ) ;
#934 = CYLINDRICAL_SURFACE ( 'NONE', #1553, 5.000000000000001776 ) ;
#935 = VECTOR ( 'NONE', #152, 1000.000000000000000 ) ;
#936 = ORIENTED_EDGE ( 'NONE', *, *, #1674, .F. ) ;
#937 = CARTESIAN_POINT ( 'NONE',  ( 21.00000000000000000, 5.499999999999995559, 14.00000000000000000 ) ) ;
#938 = CIRCLE ( 'NONE', #2391, 1.510000000000000009 ) ;
#939 = DIRECTION ( 'NONE',  ( 1.000000000000000000, 0.000000000000000000, 0.000000000000000000 ) ) ;
#940 = AXIS2_PLACEMENT_3D ( 'NONE', #879, #1898, #1510 ) ;
#941 = DIRECTION ( 'NONE',  ( 1.000000000000000000, -5.542247527082452823E-17, -0.000000000000000000 ) ) ;
#942 = CARTESIAN_POINT ( 'NONE',  ( -9.500000000000000000, 6.499999999999996447, 0.000000000000000000 ) ) ;
#943 = EDGE_CURVE ( 'NONE', #878, #1253, #1805, .T. ) ;
#944 = ORIENTED_EDGE ( 'NONE', *, *, #997, .F. ) ;
#945 = LINE ( 'NONE', #2559, #2062 ) ;
#946 = VERTEX_POINT ( 'NONE', #1464 ) ;
#947 = LINE ( 'NONE', #1947, #2358 ) ;
#948 =( NAMED_UNIT ( * ) SI_UNIT ( $, .STERADIAN. ) SOLID_ANGLE_UNIT ( ) );
#949 = FACE_OUTER_BOUND ( 'NONE', #2349, .T. ) ;
#950 = EDGE_CURVE ( 'NONE', #22, #468, #2486, .T. ) ;
#951 = DIRECTION ( 'NONE',  ( 1.000000000000000000, -5.542247527082452823E-17, 0.000000000000000000 ) ) ;
#952 = ORIENTED_EDGE ( 'NONE', *, *, #2414, .T. ) ;
#953 = LINE ( 'NONE', #1752, #2406 ) ;
#954 = CIRCLE ( 'NONE', #247, 2.749999999999998224 ) ;
#955 = EDGE_LOOP ( 'NONE', ( #98, #102, #2543, #1053 ) ) ;
#956 = CONICAL_SURFACE ( 'NONE', #381, 2.500000000000009326, 0.7853981633974438381 ) ;
#957 = DIRECTION ( 'NONE',  ( 1.000000000000000000, 0.000000000000000000, 0.000000000000000000 ) ) ;
#958 = EDGE_CURVE ( 'NONE', #1601, #1762, #24, .T. ) ;
#959 = ORIENTED_EDGE ( 'NONE', *, *, #2531, .F. ) ;
#960 = LINE ( 'NONE', #2133, #78 ) ;
#961 = CARTESIAN_POINT ( 'NONE',  ( 2.000000000000000000, -1.502314598737160017E-15, -1.510000000000000009 ) ) ;
#962 = CYLINDRICAL_SURFACE ( 'NONE', #415, 1.500000000000001332 ) ;
#963 = ORIENTED_EDGE ( 'NONE', *, *, #1410, .F. ) ;
#964 = DIRECTION ( 'NONE',  ( -1.000000000000000000, -0.000000000000000000, -0.000000000000000000 ) ) ;
#965 = EDGE_CURVE ( 'NONE', #789, #315, #1660, .T. ) ;
#966 = FACE_OUTER_BOUND ( 'NONE', #2380, .T. ) ;
#967 = ORIENTED_EDGE ( 'NONE', *, *, #1866, .T. ) ;
#968 = DIRECTION ( 'NONE',  ( 1.000000000000000000, -5.542247527082452823E-17, -0.000000000000000000 ) ) ;
#969 = DIRECTION ( 'NONE',  ( 0.000000000000000000, 1.000000000000000000, 0.000000000000000000 ) ) ;
#970 = ORIENTED_EDGE ( 'NONE', *, *, #1002, .F. ) ;
#971 = CIRCLE ( 'NONE', #439, 1.510000000000000009 ) ;
#972 = DIRECTION ( 'NONE',  ( 1.000000000000000000, 0.000000000000000000, 0.000000000000000000 ) ) ;
#973 = EDGE_CURVE ( 'NONE', #543, #629, #2571, .T. ) ;
#974 = CARTESIAN_POINT ( 'NONE',  ( -16.00000000000000000, -5.134331705425279291E-15, 10.25000000000000178 ) ) ;
#975 = CIRCLE ( 'NONE', #445, 3.750000000000003553 ) ;
#976 = VERTEX_POINT ( 'NONE', #253 ) ;
#977 = AXIS2_PLACEMENT_3D ( 'NONE', #430, #190, #380 ) ;
#978 = EDGE_CURVE ( 'NONE', #126, #425, #1011, .T. ) ;
#979 = AXIS2_PLACEMENT_3D ( 'NONE', #1051, #2197, #1242 ) ;
#980 = ORIENTED_EDGE ( 'NONE', *, *, #1830, .F. ) ;
#981 = FACE_OUTER_BOUND ( 'NONE', #435, .T. ) ;
#982 = CARTESIAN_POINT ( 'NONE',  ( 18.75000000000000000, 0.5000000000000041078, 7.000000000000000000 ) ) ;
#983 = CONICAL_SURFACE ( 'NONE', #2440, 5.500000000000011546, 0.7853981633974517207 ) ;
#984 = ORIENTED_EDGE ( 'NONE', *, *, #68, .F. ) ;
#985 = CARTESIAN_POINT ( 'NONE',  ( 4.000000000000003553, 0.000000000000000000, 3.500000000000000000 ) ) ;
#986 = CARTESIAN_POINT ( 'NONE',  ( -20.49999999999999645, 5.999999999999994671, 14.00000000000000000 ) ) ;
#987 = CIRCLE ( 'NONE', #1958, 2.500000000000009326 ) ;
#988 = AXIS2_PLACEMENT_3D ( 'NONE', #12, #245, #421 ) ;
#989 = EDGE_LOOP ( 'NONE', ( #1615, #952, #2202, #490 ) ) ;
#990 = CARTESIAN_POINT ( 'NONE',  ( -13.25000000000000178, 0.4999999999999988343, 7.000000000000000000 ) ) ;
#991 = DIRECTION ( 'NONE',  ( 0.000000000000000000, 0.000000000000000000, 1.000000000000000000 ) ) ;
#992 = EDGE_CURVE ( 'NONE', #1345, #1451, #2318, .T. ) ;
#993 = VERTEX_POINT ( 'NONE', #2529 ) ;
#994 = CARTESIAN_POINT ( 'NONE',  ( 15.60999999999998522, 0.000000000000000000, 0.000000000000000000 ) ) ;
#995 = DIRECTION ( 'NONE',  ( 0.000000000000000000, 0.000000000000000000, -1.000000000000000000 ) ) ;
#996 = VERTEX_POINT ( 'NONE', #925 ) ;
#997 = EDGE_CURVE ( 'NONE', #393, #1609, #1480, .T. ) ;
#998 =( NAMED_UNIT ( * ) SI_UNIT ( $, .STERADIAN. ) SOLID_ANGLE_UNIT ( ) );
#999 = ORIENTED_EDGE ( 'NONE', *, *, #1353, .T. ) ;
#1000 = CARTESIAN_POINT ( 'NONE',  ( 2.000000000000000000, 2.615396719428997319, -1.510000000000005782 ) ) ;
#1001 = CONTEXT_DEPENDENT_SHAPE_REPRESENTATION ( #1774, #1777 ) ;
#1002 = EDGE_CURVE ( 'NONE', #410, #2041, #472, .T. ) ;
#1003 = AXIS2_PLACEMENT_3D ( 'NONE', #517, #1149, #1198 ) ;
#1004 = DIRECTION ( 'NONE',  ( -1.000000000000000000, -0.000000000000000000, -0.000000000000000000 ) ) ;
#1005 = ORIENTED_EDGE ( 'NONE', *, *, #1298, .F. ) ;
#1006 = DIRECTION ( 'NONE',  ( 0.000000000000000000, 0.000000000000000000, 1.000000000000000000 ) ) ;
#1007 = AXIS2_PLACEMENT_3D ( 'NONE', #701, #497, #2136 ) ;
#1008 = ORIENTED_EDGE ( 'NONE', *, *, #1373, .F. ) ;
#1009 = DIRECTION ( 'NONE',  ( -1.000000000000000000, -0.000000000000000000, -0.000000000000000000 ) ) ;
#1010 = VECTOR ( 'NONE', #930, 1000.000000000000000 ) ;
#1011 = CIRCLE ( 'NONE', #882, 3.500000000000000000 ) ;
#1012 = VECTOR ( 'NONE', #1318, 1000.000000000000000 ) ;
#1013 = DIRECTION ( 'NONE',  ( 0.000000000000000000, 0.000000000000000000, -1.000000000000000000 ) ) ;
#1014 = ADVANCED_FACE ( 'NONE', ( #1286 ), #1924, .F. ) ;
#1015 = CARTESIAN_POINT ( 'NONE',  ( -31.74999999999995737, 0.000000000000000000, 0.000000000000000000 ) ) ;
#1016 = VERTEX_POINT ( 'NONE', #1077 ) ;
#1017 = EDGE_CURVE ( 'NONE', #1544, #1406, #1301, .T. ) ;
#1018 = CARTESIAN_POINT ( 'NONE',  ( 16.00000000000000000, 1.971681346627238735E-16, -1.610000000000000098 ) ) ;
#1019 = VERTEX_POINT ( 'NONE', #1089 ) ;
#1020 = ADVANCED_FACE ( 'NONE', ( #1894 ), #862, .T. ) ;
#1021 = AXIS2_PLACEMENT_3D ( 'NONE', #2508, #55, #2475 ) ;
#1022 = CIRCLE ( 'NONE', #641, 3.100000000000000089 ) ;
#1023 = EDGE_CURVE ( 'NONE', #343, #1399, #1677, .T. ) ;
#1024 = CYLINDRICAL_SURFACE ( 'NONE', #1150, 2.749999999999999112 ) ;
#1025 = ORIENTED_EDGE ( 'NONE', *, *, #221, .T. ) ;
#1026 = LINE ( 'NONE', #194, #1045 ) ;
#1027 = ORIENTED_EDGE ( 'NONE', *, *, #193, .F. ) ;
#1028 = DIRECTION ( 'NONE',  ( 0.000000000000000000, 1.000000000000000000, -1.224646799147353207E-16 ) ) ;
#1029 = CYLINDRICAL_SURFACE ( 'NONE', #1397, 1.999999999999990452 ) ;
#1030 = EDGE_CURVE ( 'NONE', #1067, #719, #158, .T. ) ;
#1031 = FACE_OUTER_BOUND ( 'NONE', #710, .T. ) ;
#1032 = VERTEX_POINT ( 'NONE', #707 ) ;
#1033 = FILL_AREA_STYLE ('',( #1217 ) ) ;
#1034 = FILL_AREA_STYLE ('',( #1634 ) ) ;
#1035 = DIRECTION ( 'NONE',  ( 0.000000000000000000, 0.000000000000000000, 1.000000000000000000 ) ) ;
#1036 = ORIENTED_EDGE ( 'NONE', *, *, #1607, .T. ) ;
#1037 = LINE ( 'NONE', #2419, #140 ) ;
#1038 = DIRECTION ( 'NONE',  ( -1.000000000000000000, -0.000000000000000000, -0.000000000000000000 ) ) ;
#1039 = VERTEX_POINT ( 'NONE', #1507 ) ;
#1040 = TOROIDAL_SURFACE ( 'NONE', #752, 3.100000000000000089, 0.4000000000000000222 ) ;
#1041 = DIRECTION ( 'NONE',  ( -1.000000000000000000, -0.000000000000000000, -0.000000000000000000 ) ) ;
#1042 = ADVANCED_FACE ( 'NONE', ( #297 ), #1122, .F. ) ;
#1043 = LINE ( 'NONE', #2256, #326 ) ;
#1044 = AXIS2_PLACEMENT_3D ( 'NONE', #1821, #1843, #30 ) ;
#1045 = VECTOR ( 'NONE', #1246, 1000.000000000000000 ) ;
#1046 = ADVANCED_FACE ( 'NONE', ( #725 ), #123, .F. ) ;
#1047 = AXIS2_PLACEMENT_3D ( 'NONE', #129, #2549, #2162 ) ;
#1048 = ORIENTED_EDGE ( 'NONE', *, *, #800, .T. ) ;
#1049 = FACE_OUTER_BOUND ( 'NONE', #649, .T. ) ;
#1050 = AXIS2_PLACEMENT_3D ( 'NONE', #1521, #2333, #1194 ) ;
#1051 = CARTESIAN_POINT ( 'NONE',  ( -20.50000000000000000, 5.499999999999995559, 14.00000000000000000 ) ) ;
#1052 = AXIS2_PLACEMENT_3D ( 'NONE', #1015, #3, #191 ) ;
#1053 = ORIENTED_EDGE ( 'NONE', *, *, #1443, .F. ) ;
#1054 = LINE ( 'NONE', #700, #1359 ) ;
#1055 = LINE ( 'NONE', #1854, #1840 ) ;
#1056 = ORIENTED_EDGE ( 'NONE', *, *, #2477, .T. ) ;
#1057 = EDGE_CURVE ( 'NONE', #1502, #1039, #1940, .T. ) ;
#1058 = DIRECTION ( 'NONE',  ( 0.000000000000000000, -0.000000000000000000, 1.000000000000000000 ) ) ;
#1059 =( GEOMETRIC_REPRESENTATION_CONTEXT ( 3 ) GLOBAL_UNCERTAINTY_ASSIGNED_CONTEXT ( ( #2437 ) ) GLOBAL_UNIT_ASSIGNED_CONTEXT ( ( #1332, #1386, #998 ) ) REPRESENTATION_CONTEXT ( 'NONE', 'WORKASPACE' ) );
#1060 = LINE ( 'NONE', #437, #1378 ) ;
#1061 = ORIENTED_EDGE ( 'NONE', *, *, #1670, .F. ) ;
#1062 = ORIENTED_EDGE ( 'NONE', *, *, #453, .F. ) ;
#1063 = DIRECTION ( 'NONE',  ( 0.000000000000000000, 0.000000000000000000, -1.000000000000000000 ) ) ;
#1064 = AXIS2_PLACEMENT_3D ( 'NONE', #715, #2351, #2194 ) ;
#1065 = LINE ( 'NONE', #2092, #322 ) ;
#1066 = EDGE_CURVE ( 'NONE', #1264, #2269, #1513, .T. ) ;
#1067 = VERTEX_POINT ( 'NONE', #811 ) ;
#1068 = LINE ( 'NONE', #897, #1010 ) ;
#1069 = CIRCLE ( 'NONE', #1161, 2.749999999999998224 ) ;
#1070 = CARTESIAN_POINT ( 'NONE',  ( -0.9249999999999993783, 32.79999999999999716, 0.000000000000000000 ) ) ;
#1071 = ORIENTED_EDGE ( 'NONE', *, *, #1134, .T. ) ;
#1072 = LINE ( 'NONE', #1669, #1995 ) ;
#1073 = DIRECTION ( 'NONE',  ( -1.000000000000000000, -0.000000000000000000, -0.000000000000000000 ) ) ;
#1074 = UNCERTAINTY_MEASURE_WITH_UNIT (LENGTH_MEASURE( 1.000000000000000082E-05 ), #213, 'distance_accuracy_value', 'NONE');
#1075 = DIRECTION ( 'NONE',  ( 1.000000000000000000, 0.000000000000000000, -0.000000000000000000 ) ) ;
#1076 = ORIENTED_EDGE ( 'NONE', *, *, #1298, .T. ) ;
#1077 = CARTESIAN_POINT ( 'NONE',  ( -21.00000000000000000, 0.5000000000000019984, 0.000000000000000000 ) ) ;
#1078 = EDGE_CURVE ( 'NONE', #896, #1329, #1729, .T. ) ;
#1079 = PRESENTATION_STYLE_ASSIGNMENT (( #833 ) ) ;
#1080 = EDGE_LOOP ( 'NONE', ( #9, #49, #980, #1388 ) ) ;
#1081 = DIRECTION ( 'NONE',  ( -1.000000000000000000, -0.000000000000000000, -0.000000000000000000 ) ) ;
#1082 = VERTEX_POINT ( 'NONE', #1650 ) ;
#1083 = FACE_OUTER_BOUND ( 'NONE', #1080, .T. ) ;
#1084 = EDGE_LOOP ( 'NONE', ( #1283, #970, #1658, #608 ) ) ;
#1085 = CARTESIAN_POINT ( 'NONE',  ( 2.000000000000000000, -0.8717989064763411733, -1.510000000000002229 ) ) ;
#1086 = VECTOR ( 'NONE', #357, 1000.000000000000000 ) ;
#1087 = DIRECTION ( 'NONE',  ( 0.000000000000000000, 0.000000000000000000, 1.000000000000000000 ) ) ;
#1088 = ORIENTED_EDGE ( 'NONE', *, *, #1833, .F. ) ;
#1089 = CARTESIAN_POINT ( 'NONE',  ( 4.000000000000001776, 2.694222958124165667E-16, 2.199999999999990408 ) ) ;
#1090 = CONICAL_SURFACE ( 'NONE', #2057, 2.250000000000002665, 0.7853981633974479459 ) ;
#1091 = ORIENTED_EDGE ( 'NONE', *, *, #2379, .T. ) ;
#1092 = DIRECTION ( 'NONE',  ( 1.000000000000000000, -5.542247527082452823E-17, 0.000000000000000000 ) ) ;
#1093 = ORIENTED_EDGE ( 'NONE', *, *, #1326, .T. ) ;
#1094 = EDGE_CURVE ( 'NONE', #1082, #789, #938, .T. ) ;
#1095 = FACE_OUTER_BOUND ( 'NONE', #2164, .T. ) ;
#1096 = AXIS2_PLACEMENT_3D ( 'NONE', #459, #909, #893 ) ;
#1097 = DIRECTION ( 'NONE',  ( -1.000000000000000000, 0.000000000000000000, 0.000000000000000000 ) ) ;
#1098 = CIRCLE ( 'NONE', #162, 2.250000000000001776 ) ;
#1099 = EDGE_LOOP ( 'NONE', ( #2434, #1152, #1967, #2323, #1415, #205 ) ) ;
#1100 = LINE ( 'NONE', #2328, #1277 ) ;
#1101 = ADVANCED_FACE ( 'NONE', ( #226 ), #382, .T. ) ;
#1102 = CARTESIAN_POINT ( 'NONE',  ( -0.9249999999999993783, 32.79999999999999716, 0.000000000000000000 ) ) ;
#1103 = LINE ( 'NONE', #1119, #488 ) ;
#1104 = EDGE_CURVE ( 'NONE', #2223, #2590, #1391, .T. ) ;
#1105 = CARTESIAN_POINT ( 'NONE',  ( 9.500000000000000000, 5.999999999999996447, 14.00000000000000000 ) ) ;
#1106 = AXIS2_PLACEMENT_3D ( 'NONE', #478, #1881, #130 ) ;
#1107 = DIRECTION ( 'NONE',  ( -0.000000000000000000, -0.000000000000000000, 1.000000000000000000 ) ) ;
#1108 = VERTEX_POINT ( 'NONE', #2003 ) ;
#1109 = CARTESIAN_POINT ( 'NONE',  ( -21.00000000000000000, -5.134331705425279291E-15, 0.000000000000000000 ) ) ;
#1110 = EDGE_CURVE ( 'NONE', #1668, #976, #1734, .T. ) ;
#1111 = ORIENTED_EDGE ( 'NONE', *, *, #1968, .T. ) ;
#1112 = CARTESIAN_POINT ( 'NONE',  ( 5.500000000000011546, 20.00000000000000000, 0.000000000000000000 ) ) ;
#1113 = VECTOR ( 'NONE', #1340, 1000.000000000000000 ) ;
#1114 = PLANE ( 'NONE',  #637 ) ;
#1115 = CARTESIAN_POINT ( 'NONE',  ( 4.000000000000003553, 4.286263797015736595E-16, -3.500000000000000000 ) ) ;
#1116 = AXIS2_PLACEMENT_3D ( 'NONE', #2071, #1073, #59 ) ;
#1117 = ORIENTED_EDGE ( 'NONE', *, *, #1968, .F. ) ;
#1118 = FACE_OUTER_BOUND ( 'NONE', #383, .T. ) ;
#1119 = CARTESIAN_POINT ( 'NONE',  ( -21.00000000000000000, 0.5000000000000019984, 14.00000000000000000 ) ) ;
#1120 = EDGE_CURVE ( 'NONE', #2552, #1706, #604, .T. ) ;
#1121 = ADVANCED_FACE ( 'NONE', ( #431, #2208 ), #2445, .T. ) ;
#1122 = CYLINDRICAL_SURFACE ( 'NONE', #1555, 2.250000000000001776 ) ;
#1123 = VERTEX_POINT ( 'NONE', #408 ) ;
#1124 = CARTESIAN_POINT ( 'NONE',  ( 21.00000000000000000, 0.5000000000000088818, 0.000000000000000000 ) ) ;
#1125 = VERTEX_POINT ( 'NONE', #392 ) ;
#1126 = CARTESIAN_POINT ( 'NONE',  ( -20.50000000000000000, 5.499999999999995559, 14.00000000000000000 ) ) ;
#1127 = LINE ( 'NONE', #2550, #2326 ) ;
#1128 = CARTESIAN_POINT ( 'NONE',  ( -0.9249999999999993783, 32.79999999999999716, 14.00000000000000000 ) ) ;
#1129 = ORIENTED_EDGE ( 'NONE', *, *, #1094, .T. ) ;
#1130 = CARTESIAN_POINT ( 'NONE',  ( 21.00000000000000000, -5.134331705425279291E-15, 14.00000000000000000 ) ) ;
#1131 = LINE ( 'NONE', #890, #1452 ) ;
#1132 = EDGE_CURVE ( 'NONE', #1550, #996, #1219, .T. ) ;
#1133 = DIRECTION ( 'NONE',  ( 0.000000000000000000, 0.000000000000000000, 1.000000000000000000 ) ) ;
#1134 = EDGE_CURVE ( 'NONE', #2245, #1711, #1950, .T. ) ;
#1135 = CONICAL_SURFACE ( 'NONE', #829, 1.610000000000000098, 0.7853981633974047583 ) ;
#1136 = ORIENTED_EDGE ( 'NONE', *, *, #1720, .F. ) ;
#1137 = DIRECTION ( 'NONE',  ( -0.000000000000000000, -0.000000000000000000, -1.000000000000000000 ) ) ;
#1138 = ORIENTED_EDGE ( 'NONE', *, *, #254, .F. ) ;
#1139 = FACE_OUTER_BOUND ( 'NONE', #532, .T. ) ;
#1140 = AXIS2_PLACEMENT_3D ( 'NONE', #751, #739, #1767 ) ;
#1141 = VECTOR ( 'NONE', #510, 1000.000000000000114 ) ;
#1142 = CARTESIAN_POINT ( 'NONE',  ( -9.000000000000000000, 32.79999999999999716, 0.000000000000000000 ) ) ;
#1143 = FACE_OUTER_BOUND ( 'NONE', #2317, .T. ) ;
#1144 =( GEOMETRIC_REPRESENTATION_CONTEXT ( 3 ) GLOBAL_UNCERTAINTY_ASSIGNED_CONTEXT ( ( #922 ) ) GLOBAL_UNIT_ASSIGNED_CONTEXT ( ( #810, #1797, #388 ) ) REPRESENTATION_CONTEXT ( 'NONE', 'WORKASPACE' ) );
#1145 = VERTEX_POINT ( 'NONE', #204 ) ;
#1146 = PLANE ( 'NONE',  #418 ) ;
#1147 = VECTOR ( 'NONE', #1411, 1000.000000000000000 ) ;
#1148 = VERTEX_POINT ( 'NONE', #1600 ) ;
#1149 = DIRECTION ( 'NONE',  ( -0.000000000000000000, -1.000000000000000000, -0.000000000000000000 ) ) ;
#1150 = AXIS2_PLACEMENT_3D ( 'NONE', #1824, #823, #2403 ) ;
#1151 = LINE ( 'NONE', #324, #207 ) ;
#1152 = ORIENTED_EDGE ( 'NONE', *, *, #1293, .T. ) ;
#1153 = CARTESIAN_POINT ( 'NONE',  ( 16.00000000000000000, 5.499999999999995559, 7.000000000000000000 ) ) ;
#1154 = EDGE_LOOP ( 'NONE', ( #1716, #1953, #2279, #1847 ) ) ;
#1155 = DIRECTION ( 'NONE',  ( 0.000000000000000000, 1.000000000000000000, 0.000000000000000000 ) ) ;
#1156 = LINE ( 'NONE', #1731, #1776 ) ;
#1157 = ADVANCED_FACE ( 'NONE', ( #638 ), #1024, .F. ) ;
#1158 = ORIENTED_EDGE ( 'NONE', *, *, #2090, .T. ) ;
#1159 = TOROIDAL_SURFACE ( 'NONE', #2332, 2.199999999999990408, 0.2000000000000000111 ) ;
#1160 = DIRECTION ( 'NONE',  ( 1.000000000000000000, -5.542247527082452823E-17, -0.000000000000000000 ) ) ;
#1161 = AXIS2_PLACEMENT_3D ( 'NONE', #2086, #2230, #611 ) ;
#1162 = DIRECTION ( 'NONE',  ( 0.000000000000000000, 0.000000000000000000, -1.000000000000000000 ) ) ;
#1163 = VERTEX_POINT ( 'NONE', #593 ) ;
#1164 = ORIENTED_EDGE ( 'NONE', *, *, #1561, .T. ) ;
#1165 = PLANE ( 'NONE',  #546 ) ;
#1166 = FACE_BOUND ( 'NONE', #1526, .T. ) ;
#1167 = ORIENTED_EDGE ( 'NONE', *, *, #2028, .T. ) ;
#1168 = CARTESIAN_POINT ( 'NONE',  ( 2.000000000000000000, -1.743597812952673243, -1.192622389734054877E-15 ) ) ;
#1169 = DIRECTION ( 'NONE',  ( 0.000000000000000000, -0.5000000000000014433, -0.8660254037844379305 ) ) ;
#1170 = ORIENTED_EDGE ( 'NONE', *, *, #2014, .F. ) ;
#1171 = DIRECTION ( 'NONE',  ( -0.000000000000000000, 0.000000000000000000, -1.000000000000000000 ) ) ;
#1172 = AXIS2_PLACEMENT_3D ( 'NONE', #1719, #2315, #1313 ) ;
#1173 = FACE_OUTER_BOUND ( 'NONE', #2106, .T. ) ;
#1174 = ORIENTED_EDGE ( 'NONE', *, *, #2301, .F. ) ;
#1175 = VECTOR ( 'NONE', #5, 1000.000000000000000 ) ;
#1176 = CARTESIAN_POINT ( 'NONE',  ( -21.00000000000000000, -5.134331705425279291E-15, 14.00000000000000000 ) ) ;
#1177 = AXIS2_PLACEMENT_3D ( 'NONE', #330, #2150, #312 ) ;
#1178 = EDGE_CURVE ( 'NONE', #1633, #1108, #885, .T. ) ;
#1179 = AXIS2_PLACEMENT_3D ( 'NONE', #1153, #142, #1755 ) ;
#1180 = ORIENTED_EDGE ( 'NONE', *, *, #1816, .T. ) ;
#1181 = DIRECTION ( 'NONE',  ( -0.000000000000000000, -1.000000000000000000, -0.000000000000000000 ) ) ;
#1182 = CYLINDRICAL_SURFACE ( 'NONE', #1177, 0.5000000000000004441 ) ;
#1183 = PRODUCT_CONTEXT ( 'NONE', #634, 'mechanical' ) ;
#1184 = EDGE_CURVE ( 'NONE', #605, #993, #2394, .T. ) ;
#1185 = ORIENTED_EDGE ( 'NONE', *, *, #849, .T. ) ;
#1186 = DIRECTION ( 'NONE',  ( -0.000000000000000000, 0.000000000000000000, 1.000000000000000000 ) ) ;
#1187 = DIRECTION ( 'NONE',  ( -0.000000000000000000, 0.000000000000000000, -1.000000000000000000 ) ) ;
#1188 = VERTEX_POINT ( 'NONE', #1206 ) ;
#1189 = AXIS2_PLACEMENT_3D ( 'NONE', #325, #1957, #29 ) ;
#1190 = VECTOR ( 'NONE', #1455, 1000.000000000000000 ) ;
#1191 = ADVANCED_FACE ( 'NONE', ( #2248 ), #2237, .F. ) ;
#1192 = ORIENTED_EDGE ( 'NONE', *, *, #950, .F. ) ;
#1193 = APPLICATION_PROTOCOL_DEFINITION ( 'draft international standard', 'automotive_design', 1998, #461 ) ;
#1194 = DIRECTION ( 'NONE',  ( 0.000000000000000000, 0.000000000000000000, -1.000000000000000000 ) ) ;
#1195 = EDGE_LOOP ( 'NONE', ( #855, #1890, #564, #1538 ) ) ;
#1196 = CARTESIAN_POINT ( 'NONE',  ( -9.000000000000000000, 27.69999999999999574, 9.500000000000008882 ) ) ;
#1197 = ORIENTED_EDGE ( 'NONE', *, *, #1404, .F. ) ;
#1198 = DIRECTION ( 'NONE',  ( 0.000000000000000000, 0.000000000000000000, 1.000000000000000000 ) ) ;
#1199 = UNCERTAINTY_MEASURE_WITH_UNIT (LENGTH_MEASURE( 1.000000000000000082E-05 ), #1836, 'distance_accuracy_value', 'NONE');
#1200 = EDGE_CURVE ( 'NONE', #2041, #2198, #2365, .T. ) ;
#1201 =( NAMED_UNIT ( * ) SI_UNIT ( $, .STERADIAN. ) SOLID_ANGLE_UNIT ( ) );
#1202 = ADVANCED_FACE ( 'NONE', ( #2048 ), #35, .F. ) ;
#1203 = CARTESIAN_POINT ( 'NONE',  ( -0.9249999999999993783, 32.79999999999999716, 0.000000000000000000 ) ) ;
#1204 = SURFACE_STYLE_USAGE ( .BOTH. , #2469 ) ;
#1205 = VECTOR ( 'NONE', #1704, 1000.000000000000114 ) ;
#1206 = CARTESIAN_POINT ( 'NONE',  ( -16.00000000000000000, 5.999999999999995559, 3.749999999999998668 ) ) ;
#1207 = ADVANCED_FACE ( 'NONE', ( #110 ), #928, .T. ) ;
#1208 = ORIENTED_EDGE ( 'NONE', *, *, #26, .F. ) ;
#1209 = DIRECTION ( 'NONE',  ( 0.000000000000000000, -1.000000000000000000, 9.949103302895099492E-16 ) ) ;
#1210 = DIRECTION ( 'NONE',  ( -0.7071067811865783259, 8.659560562354555684E-17, -0.7071067811865167085 ) ) ;
#1211 = EDGE_LOOP ( 'NONE', ( #799, #270, #1871, #675, #1036, #814 ) ) ;
#1212 = LINE ( 'NONE', #1655, #1190 ) ;
#1213 = VECTOR ( 'NONE', #2124, 1000.000000000000114 ) ;
#1214 = AXIS2_PLACEMENT_3D ( 'NONE', #475, #1681, #2488 ) ;
#1215 = EDGE_LOOP ( 'NONE', ( #2522, #2209, #903, #1654 ) ) ;
#1216 = CARTESIAN_POINT ( 'NONE',  ( -9.500000000000000000, 6.499999999999996447, 14.00000000000000000 ) ) ;
#1217 = FILL_AREA_STYLE_COLOUR ( '', #1906 ) ;
#1218 = SHAPE_DEFINITION_REPRESENTATION ( #2174, #1575 ) ;
#1219 = LINE ( 'NONE', #1837, #502 ) ;
#1220 = VERTEX_POINT ( 'NONE', #1914 ) ;
#1221 = EDGE_CURVE ( 'NONE', #2245, #896, #1065, .T. ) ;
#1222 = FACE_OUTER_BOUND ( 'NONE', #1315, .T. ) ;
#1223 = ORIENTED_EDGE ( 'NONE', *, *, #800, .F. ) ;
#1224 = CARTESIAN_POINT ( 'NONE',  ( 0.000000000000000000, 1.743597812952665249, -5.854691731421723944E-15 ) ) ;
#1225 = CARTESIAN_POINT ( 'NONE',  ( 0.000000000000000000, 0.000000000000000000, 0.000000000000000000 ) ) ;
#1226 = AXIS2_PLACEMENT_3D ( 'NONE', #1714, #2125, #552 ) ;
#1227 = CIRCLE ( 'NONE', #171, 5.000000000000001776 ) ;
#1228 = ORIENTED_EDGE ( 'NONE', *, *, #2301, .T. ) ;
#1229 = CARTESIAN_POINT ( 'NONE',  ( -9.000000000000000000, 27.69999999999999574, 9.500000000000008882 ) ) ;
#1230 = CARTESIAN_POINT ( 'NONE',  ( 0.000000000000000000, 0.000000000000000000, 0.000000000000000000 ) ) ;
#1231 = CARTESIAN_POINT ( 'NONE',  ( 5.000000000000000888, 27.69999999999999574, 6.999999999999999112 ) ) ;
#1232 = ORIENTED_EDGE ( 'NONE', *, *, #2605, .F. ) ;
#1233 = EDGE_CURVE ( 'NONE', #379, #1343, #1879, .T. ) ;
#1234 = CARTESIAN_POINT ( 'NONE',  ( -0.9249999999999988232, 24.91369260332797353, 13.49999999999999289 ) ) ;
#1235 = ORIENTED_EDGE ( 'NONE', *, *, #1690, .F. ) ;
#1236 = EDGE_CURVE ( 'NONE', #1762, #1735, #1385, .T. ) ;
#1237 = DIRECTION ( 'NONE',  ( 0.000000000000000000, -0.4999999999999986677, 0.8660254037844393737 ) ) ;
#1238 = FACE_OUTER_BOUND ( 'NONE', #96, .T. ) ;
#1239 = EDGE_LOOP ( 'NONE', ( #1111, #2111, #2489 ) ) ;
#1240 = CYLINDRICAL_SURFACE ( 'NONE', #977, 0.5000000000000004441 ) ;
#1241 = PRODUCT ( 'B428 \X2\0414043504400436043004420435043b044c\X0\ \X2\043f043e043b04380440043e04320430043d043d044b0445\X0\ \X2\04320430043b043e0432\X0\ SK12_00', 'B428 \X2\0414043504400436043004420435043b044c\X0\ \X2\043f043e043b04380440043e04320430043d043d044b0445\X0\ \X2\04320430043b043e0432\X0\ SK12_00', '', ( #1599 ) ) ;
#1242 = DIRECTION ( 'NONE',  ( 1.000000000000000000, 0.000000000000000000, 0.000000000000000000 ) ) ;
#1243 = EDGE_CURVE ( 'NONE', #172, #65, #491, .T. ) ;
#1244 = ORIENTED_EDGE ( 'NONE', *, *, #1078, .T. ) ;
#1245 = VECTOR ( 'NONE', #320, 999.9999999999998863 ) ;
#1246 = DIRECTION ( 'NONE',  ( 0.000000000000000000, 0.000000000000000000, -1.000000000000000000 ) ) ;
#1247 = ORIENTED_EDGE ( 'NONE', *, *, #2564, .F. ) ;
#1248 = DIRECTION ( 'NONE',  ( -0.000000000000000000, -1.000000000000000000, -0.000000000000000000 ) ) ;
#1249 = CARTESIAN_POINT ( 'NONE',  ( 16.00000000000000000, 5.999999999999995559, 3.750000000000003553 ) ) ;
#1250 = CIRCLE ( 'NONE', #791, 2.500000000000009326 ) ;
#1251 = VECTOR ( 'NONE', #1299, 1000.000000000000000 ) ;
#1252 = EDGE_CURVE ( 'NONE', #843, #2027, #761, .T. ) ;
#1253 = VERTEX_POINT ( 'NONE', #508 ) ;
#1254 = AXIS2_PLACEMENT_3D ( 'NONE', #1488, #113, #2296 ) ;
#1255 = CARTESIAN_POINT ( 'NONE',  ( 0.9249999999999993783, 32.79999999999999716, 14.00000000000000000 ) ) ;
#1256 =( NAMED_UNIT ( * ) SI_UNIT ( $, .STERADIAN. ) SOLID_ANGLE_UNIT ( ) );
#1257 = CARTESIAN_POINT ( 'NONE',  ( -31.74999999999995737, 0.000000000000000000, 3.500000000000000000 ) ) ;
#1258 = AXIS2_PLACEMENT_3D ( 'NONE', #1437, #1623, #2429 ) ;
#1259 = ORIENTED_EDGE ( 'NONE', *, *, #1682, .T. ) ;
#1260 = CARTESIAN_POINT ( 'NONE',  ( 5.000000000000000888, 27.69999999999999574, 6.999999999999999112 ) ) ;
#1261 = CARTESIAN_POINT ( 'NONE',  ( 16.00000000000000000, 0.000000000000000000, 1.610000000000000098 ) ) ;
#1262 = ADVANCED_FACE ( 'NONE', ( #2455 ), #2151, .F. ) ;
#1263 = DIRECTION ( 'NONE',  ( -0.000000000000000000, -1.000000000000000000, -0.000000000000000000 ) ) ;
#1264 = VERTEX_POINT ( 'NONE', #913 ) ;
#1265 = DIRECTION ( 'NONE',  ( 0.000000000000000000, 0.000000000000000000, 1.000000000000000000 ) ) ;
#1266 =( GEOMETRIC_REPRESENTATION_CONTEXT ( 3 ) GLOBAL_UNCERTAINTY_ASSIGNED_CONTEXT ( ( #1074 ) ) GLOBAL_UNIT_ASSIGNED_CONTEXT ( ( #213, #2259, #620 ) ) REPRESENTATION_CONTEXT ( 'NONE', 'WORKASPACE' ) );
#1267 = CARTESIAN_POINT ( 'NONE',  ( 2.000000000000000000, -1.743597812952673243, -1.192622389734054877E-15 ) ) ;
#1268 = EDGE_CURVE ( 'NONE', #1067, #1039, #2105, .T. ) ;
#1269 = LINE ( 'NONE', #283, #1548 ) ;
#1270 = AXIS2_PLACEMENT_3D ( 'NONE', #173, #2210, #2393 ) ;
#1271 = DIRECTION ( 'NONE',  ( -0.000000000000000000, 0.000000000000000000, -1.000000000000000000 ) ) ;
#1272 = VECTOR ( 'NONE', #353, 1000.000000000000000 ) ;
#1273 = ORIENTED_EDGE ( 'NONE', *, *, #1422, .T. ) ;
#1274 = DIRECTION ( 'NONE',  ( 0.000000000000000000, 0.5000000000000014433, 0.8660254037844379305 ) ) ;
#1275 = EDGE_LOOP ( 'NONE', ( #335, #2191, #456 ) ) ;
#1276 = CARTESIAN_POINT ( 'NONE',  ( 16.00000000000000000, 5.499999999999995559, 9.749999999999998224 ) ) ;
#1277 = VECTOR ( 'NONE', #1473, 1000.000000000000000 ) ;
#1278 = DIRECTION ( 'NONE',  ( -0.000000000000000000, -0.000000000000000000, -1.000000000000000000 ) ) ;
#1279 = PLANE ( 'NONE',  #2225 ) ;
#1280 = ORIENTED_EDGE ( 'NONE', *, *, #265, .T. ) ;
#1281 = CARTESIAN_POINT ( 'NONE',  ( -13.25000000000000178, 5.499999999999989342, 7.000000000000000000 ) ) ;
#1282 = FACE_BOUND ( 'NONE', #287, .T. ) ;
#1283 = ORIENTED_EDGE ( 'NONE', *, *, #1200, .F. ) ;
#1284 = EDGE_CURVE ( 'NONE', #2257, #996, #462, .T. ) ;
#1285 = ORIENTED_EDGE ( 'NONE', *, *, #1778, .T. ) ;
#1286 = FACE_OUTER_BOUND ( 'NONE', #1215, .T. ) ;
#1287 = EDGE_CURVE ( 'NONE', #126, #1253, #2121, .T. ) ;
#1288 = ORIENTED_EDGE ( 'NONE', *, *, #618, .T. ) ;
#1289 = CARTESIAN_POINT ( 'NONE',  ( 2.000000000000000000, 0.000000000000000000, 1.510000000000000009 ) ) ;
#1290 = ORIENTED_EDGE ( 'NONE', *, *, #973, .T. ) ;
#1291 = DIRECTION ( 'NONE',  ( 0.000000000000000000, -0.000000000000000000, 1.000000000000000000 ) ) ;
#1292 = DIRECTION ( 'NONE',  ( 0.000000000000000000, 0.000000000000000000, 1.000000000000000000 ) ) ;
#1293 = EDGE_CURVE ( 'NONE', #1627, #172, #724, .T. ) ;
#1294 = VERTEX_POINT ( 'NONE', #682 ) ;
#1295 = CARTESIAN_POINT ( 'NONE',  ( -20.50000000000000000, -5.134331705425279291E-15, 14.00000000000000000 ) ) ;
#1296 = AXIS2_PLACEMENT_3D ( 'NONE', #119, #2299, #939 ) ;
#1297 = CYLINDRICAL_SURFACE ( 'NONE', #1547, 2.749999999999999112 ) ;
#1298 = EDGE_CURVE ( 'NONE', #1687, #1016, #1484, .T. ) ;
#1299 = DIRECTION ( 'NONE',  ( -0.000000000000000000, -0.000000000000000000, 1.000000000000000000 ) ) ;
#1300 = CIRCLE ( 'NONE', #876, 5.500000000000004441 ) ;
#1301 = LINE ( 'NONE', #1876, #2528 ) ;
#1302 = ORIENTED_EDGE ( 'NONE', *, *, #1708, .F. ) ;
#1303 = CARTESIAN_POINT ( 'NONE',  ( -16.00000000000000000, -5.134331705425279291E-15, 10.25000000000000178 ) ) ;
#1304 = ORIENTED_EDGE ( 'NONE', *, *, #717, .F. ) ;
#1305 = LINE ( 'NONE', #1512, #1141 ) ;
#1306 = DIRECTION ( 'NONE',  ( 0.000000000000000000, 0.000000000000000000, -1.000000000000000000 ) ) ;
#1307 = DIRECTION ( 'NONE',  ( -1.000000000000000000, -0.000000000000000000, -0.000000000000000000 ) ) ;
#1308 = CIRCLE ( 'NONE', #1351, 0.5000000000000004441 ) ;
#1309 = ORIENTED_EDGE ( 'NONE', *, *, #1561, .F. ) ;
#1310 = EDGE_CURVE ( 'NONE', #339, #1601, #243, .T. ) ;
#1311 = DIRECTION ( 'NONE',  ( -0.000000000000000000, -1.000000000000000000, -0.000000000000000000 ) ) ;
#1312 = PRODUCT_DEFINITION_CONTEXT ( 'detailed design', #2127, 'design' ) ;
#1313 = DIRECTION ( 'NONE',  ( 0.000000000000000000, 0.000000000000000000, -1.000000000000000000 ) ) ;
#1314 = AXIS2_PLACEMENT_3D ( 'NONE', #2294, #494, #2339 ) ;
#1315 = EDGE_LOOP ( 'NONE', ( #2241, #233, #1779, #2253, #438 ) ) ;
#1316 = DIRECTION ( 'NONE',  ( 1.000000000000000000, -5.542247527082452823E-17, 0.000000000000000000 ) ) ;
#1317 = ORIENTED_EDGE ( 'NONE', *, *, #1705, .T. ) ;
#1318 = DIRECTION ( 'NONE',  ( -0.7071067811865477948, -0.7071067811865473507, -0.000000000000000000 ) ) ;
#1319 = ORIENTED_EDGE ( 'NONE', *, *, #180, .F. ) ;
#1320 = VECTOR ( 'NONE', #1311, 1000.000000000000000 ) ;
#1321 = CARTESIAN_POINT ( 'NONE',  ( -16.00000000000000000, 5.499999999999989342, 4.250000000000001776 ) ) ;
#1322 = EDGE_CURVE ( 'NONE', #2493, #1123, #1098, .T. ) ;
#1323 = CIRCLE ( 'NONE', #94, 0.5000000000000004441 ) ;
#1324 = ORIENTED_EDGE ( 'NONE', *, *, #2176, .F. ) ;
#1325 = PLANE ( 'NONE',  #2284 ) ;
#1326 = EDGE_CURVE ( 'NONE', #600, #268, #52, .T. ) ;
#1327 = LINE ( 'NONE', #501, #1205 ) ;
#1328 = DIRECTION ( 'NONE',  ( 1.000000000000000000, 0.000000000000000000, 0.000000000000000000 ) ) ;
#1329 = VERTEX_POINT ( 'NONE', #84 ) ;
#1330 = DIRECTION ( 'NONE',  ( -0.000000000000000000, 0.000000000000000000, -1.000000000000000000 ) ) ;
#1331 = ORIENTED_EDGE ( 'NONE', *, *, #18, .T. ) ;
#1332 =( LENGTH_UNIT ( ) NAMED_UNIT ( * ) SI_UNIT ( .MILLI., .METRE. ) );
#1333 = DIRECTION ( 'NONE',  ( 1.000000000000000000, 0.000000000000000000, 0.000000000000000000 ) ) ;
#1334 = ADVANCED_FACE ( 'NONE', ( #1696 ), #2505, .F. ) ;
#1335 = ORIENTED_EDGE ( 'NONE', *, *, #743, .F. ) ;
#1336 = CARTESIAN_POINT ( 'NONE',  ( -20.50000000000000000, -5.134331705425279291E-15, 14.00000000000000000 ) ) ;
#1337 = CYLINDRICAL_SURFACE ( 'NONE', #1785, 3.750000000000003553 ) ;
#1338 = ORIENTED_EDGE ( 'NONE', *, *, #1287, .T. ) ;
#1339 = CONICAL_SURFACE ( 'NONE', #186, 2.749999999999998224, 0.7853981633974445042 ) ;
#1340 = DIRECTION ( 'NONE',  ( 0.000000000000000000, 0.000000000000000000, 1.000000000000000000 ) ) ;
#1341 = EDGE_CURVE ( 'NONE', #699, #1343, #2107, .T. ) ;
#1342 = VECTOR ( 'NONE', #1210, 1000.000000000000000 ) ;
#1343 = VERTEX_POINT ( 'NONE', #711 ) ;
#1344 = CARTESIAN_POINT ( 'NONE',  ( 0.9249999999999993783, 32.79999999999999716, 0.000000000000000000 ) ) ;
#1345 = VERTEX_POINT ( 'NONE', #328 ) ;
#1346 = CARTESIAN_POINT ( 'NONE',  ( 2.000000000000000000, -0.8717989064763369544, 1.509999999999997566 ) ) ;
#1347 = AXIS2_PLACEMENT_3D ( 'NONE', #1723, #1271, #2288 ) ;
#1348 = ORIENTED_EDGE ( 'NONE', *, *, #2031, .T. ) ;
#1349 = EDGE_CURVE ( 'NONE', #2269, #843, #774, .T. ) ;
#1350 = FACE_OUTER_BOUND ( 'NONE', #562, .T. ) ;
#1351 = AXIS2_PLACEMENT_3D ( 'NONE', #1944, #1171, #1978 ) ;
#1352 = ORIENTED_EDGE ( 'NONE', *, *, #1830, .T. ) ;
#1353 = EDGE_CURVE ( 'NONE', #1687, #410, #1308, .T. ) ;
#1354 = CARTESIAN_POINT ( 'NONE',  ( 2.000000000000000000, 0.8717989064763328466, 1.509999999999995124 ) ) ;
#1355 = ORIENTED_EDGE ( 'NONE', *, *, #496, .T. ) ;
#1356 = CARTESIAN_POINT ( 'NONE',  ( 3.499999999999992895, 27.69999999999999574, 4.749999999999996447 ) ) ;
#1357 = CARTESIAN_POINT ( 'NONE',  ( 0.000000000000000000, 0.000000000000000000, 0.000000000000000000 ) ) ;
#1358 = ORIENTED_EDGE ( 'NONE', *, *, #2060, .F. ) ;
#1359 = VECTOR ( 'NONE', #259, 1000.000000000000000 ) ;
#1360 = CARTESIAN_POINT ( 'NONE',  ( 4.200000000000001954, 0.000000000000000000, 0.000000000000000000 ) ) ;
#1361 = AXIS2_PLACEMENT_3D ( 'NONE', #816, #1444, #263 ) ;
#1362 = CARTESIAN_POINT ( 'NONE',  ( 8.499999999999998224, 32.79999999999999716, 14.00000000000000000 ) ) ;
#1363 = CARTESIAN_POINT ( 'NONE',  ( -9.000000000000000000, 32.79999999999999716, 0.000000000000000000 ) ) ;
#1364 = EDGE_CURVE ( 'NONE', #1082, #2063, #2373, .T. ) ;
#1365 = EDGE_LOOP ( 'NONE', ( #1285, #2049, #566 ) ) ;
#1366 = CARTESIAN_POINT ( 'NONE',  ( -9.000000000000000000, 5.999999999999996447, 0.000000000000000000 ) ) ;
#1367 = CARTESIAN_POINT ( 'NONE',  ( 3.499999999999992895, 27.69999999999999574, 6.999999999999999112 ) ) ;
#1368 = ORIENTED_EDGE ( 'NONE', *, *, #2384, .T. ) ;
#1369 = CARTESIAN_POINT ( 'NONE',  ( 0.9250000000000007105, 25.08314823554740158, 0.3334694226742346834 ) ) ;
#1370 = ADVANCED_FACE ( 'NONE', ( #2534 ), #451, .F. ) ;
#1371 = CARTESIAN_POINT ( 'NONE',  ( -0.9249999999999988232, 24.91369260332797353, 13.49999999999999289 ) ) ;
#1372 = ORIENTED_EDGE ( 'NONE', *, *, #586, .T. ) ;
#1373 = EDGE_CURVE ( 'NONE', #2493, #1264, #537, .T. ) ;
#1374 = ORIENTED_EDGE ( 'NONE', *, *, #613, .F. ) ;
#1375 = DIRECTION ( 'NONE',  ( 1.000000000000000000, -5.542247527082452823E-17, -0.000000000000000000 ) ) ;
#1376 = CARTESIAN_POINT ( 'NONE',  ( -16.00000000000000000, -8.673617379884035472E-15, 7.000000000000000000 ) ) ;
#1377 = VERTEX_POINT ( 'NONE', #2148 ) ;
#1378 = VECTOR ( 'NONE', #1459, 1000.000000000000114 ) ;
#1379 = AXIS2_PLACEMENT_3D ( 'NONE', #2190, #1581, #154 ) ;
#1380 = CARTESIAN_POINT ( 'NONE',  ( 9.000000000000000000, 5.999999999999996447, 0.000000000000000000 ) ) ;
#1381 = DIRECTION ( 'NONE',  ( 1.000000000000000000, 0.000000000000000000, 0.000000000000000000 ) ) ;
#1382 = ORIENTED_EDGE ( 'NONE', *, *, #978, .T. ) ;
#1383 = CARTESIAN_POINT ( 'NONE',  ( -16.00000000000000000, 5.499999999999988454, 7.000000000000000000 ) ) ;
#1384 = AXIS2_PLACEMENT_3D ( 'NONE', #1435, #590, #1811 ) ;
#1385 = CIRCLE ( 'NONE', #235, 1.510000000000000009 ) ;
#1386 =( NAMED_UNIT ( * ) PLANE_ANGLE_UNIT ( ) SI_UNIT ( $, .RADIAN. ) );
#1387 = EDGE_CURVE ( 'NONE', #570, #146, #2370, .T. ) ;
#1388 = ORIENTED_EDGE ( 'NONE', *, *, #290, .T. ) ;
#1389 = FACE_OUTER_BOUND ( 'NONE', #2595, .T. ) ;
#1390 = STYLED_ITEM ( 'NONE', ( #2366 ), #2569 ) ;
#1391 = LINE ( 'NONE', #1612, #122 ) ;
#1392 = ORIENTED_EDGE ( 'NONE', *, *, #2122, .F. ) ;
#1393 = ADVANCED_FACE ( 'NONE', ( #160 ), #1165, .T. ) ;
#1394 = DIRECTION ( 'NONE',  ( 1.000000000000000000, -2.668805347656629637E-16, 0.000000000000000000 ) ) ;
#1395 = ORIENTED_EDGE ( 'NONE', *, *, #1860, .T. ) ;
#1396 = ADVANCED_FACE ( 'NONE', ( #981 ), #2321, .F. ) ;
#1397 = AXIS2_PLACEMENT_3D ( 'NONE', #658, #1041, #15 ) ;
#1398 = FACE_OUTER_BOUND ( 'NONE', #914, .T. ) ;
#1399 = VERTEX_POINT ( 'NONE', #169 ) ;
#1400 = CARTESIAN_POINT ( 'NONE',  ( 9.500000000000000000, 6.499999999999996447, 14.00000000000000000 ) ) ;
#1401 = CARTESIAN_POINT ( 'NONE',  ( 0.000000000000000000, 20.00000000000000000, 13.49999999999999289 ) ) ;
#1402 = ORIENTED_EDGE ( 'NONE', *, *, #2222, .F. ) ;
#1403 = DIRECTION ( 'NONE',  ( 0.000000000000000000, 0.000000000000000000, -1.000000000000000000 ) ) ;
#1404 = EDGE_CURVE ( 'NONE', #2558, #1451, #960, .T. ) ;
#1405 = FACE_OUTER_BOUND ( 'NONE', #218, .T. ) ;
#1406 = VERTEX_POINT ( 'NONE', #728 ) ;
#1407 = CARTESIAN_POINT ( 'NONE',  ( 16.00000000000000000, -5.134331705425279291E-15, 7.000000000000000000 ) ) ;
#1408 =( LENGTH_UNIT ( ) NAMED_UNIT ( * ) SI_UNIT ( .MILLI., .METRE. ) );
#1409 = LINE ( 'NONE', #2036, #793 ) ;
#1410 = EDGE_CURVE ( 'NONE', #2282, #946, #1525, .T. ) ;
#1411 = DIRECTION ( 'NONE',  ( -7.939237876324060868E-17, 1.000000000000000000, -0.000000000000000000 ) ) ;
#1412 = ORIENTED_EDGE ( 'NONE', *, *, #1536, .F. ) ;
#1413 = DIRECTION ( 'NONE',  ( 0.000000000000000000, 0.000000000000000000, 1.000000000000000000 ) ) ;
#1414 = CIRCLE ( 'NONE', #118, 2.250000000000002665 ) ;
#1415 = ORIENTED_EDGE ( 'NONE', *, *, #2462, .T. ) ;
#1416 = DIRECTION ( 'NONE',  ( 0.000000000000000000, 0.000000000000000000, 1.000000000000000000 ) ) ;
#1417 = LINE ( 'NONE', #2436, #2033 ) ;
#1418 = CIRCLE ( 'NONE', #2602, 3.100000000000000089 ) ;
#1419 = CARTESIAN_POINT ( 'NONE',  ( 2.000000000000000000, 1.743597812952665249, -5.854691731421723944E-15 ) ) ;
#1420 = AXIS2_PLACEMENT_3D ( 'NONE', #107, #1316, #2515 ) ;
#1421 = AXIS2_PLACEMENT_3D ( 'NONE', #1401, #1035, #10 ) ;
#1422 = EDGE_CURVE ( 'NONE', #1934, #2223, #27, .T. ) ;
#1423 = VERTEX_POINT ( 'NONE', #2381 ) ;
#1424 = FACE_OUTER_BOUND ( 'NONE', #6, .T. ) ;
#1425 = PRODUCT_DEFINITION_FORMATION_WITH_SPECIFIED_SOURCE ( 'ANY', '', #1241, .NOT_KNOWN. ) ;
#1426 = EDGE_CURVE ( 'NONE', #1977, #699, #1516, .T. ) ;
#1427 = DIRECTION ( 'NONE',  ( 0.000000000000000000, 0.000000000000000000, 1.000000000000000000 ) ) ;
#1428 = ORIENTED_EDGE ( 'NONE', *, *, #2309, .T. ) ;
#1429 = CARTESIAN_POINT ( 'NONE',  ( -0.9249999999999971578, 27.69999999999999574, 6.999999999999999112 ) ) ;
#1430 = PRODUCT ( 'socket head cap screw_din_DIN 912 M4 x 12 --- 12N', 'socket head cap screw_din_DIN 912 M4 x 12 --- 12N', '', ( #1183 ) ) ;
#1431 = ORIENTED_EDGE ( 'NONE', *, *, #775, .T. ) ;
#1432 = DIRECTION ( 'NONE',  ( 0.000000000000000000, 1.000000000000000000, 0.000000000000000000 ) ) ;
#1433 = DIRECTION ( 'NONE',  ( -1.000000000000000000, -0.000000000000000000, -0.000000000000000000 ) ) ;
#1434 = CIRCLE ( 'NONE', #1226, 0.5000000000000004441 ) ;
#1435 = CARTESIAN_POINT ( 'NONE',  ( 16.00000000000000000, 1.610000000000000098, 0.000000000000000000 ) ) ;
#1436 =( LENGTH_UNIT ( ) NAMED_UNIT ( * ) SI_UNIT ( .MILLI., .METRE. ) );
#1437 = CARTESIAN_POINT ( 'NONE',  ( 16.00000000000000000, 5.499999999999996447, 7.000000000000000000 ) ) ;
#1438 = VERTEX_POINT ( 'NONE', #310 ) ;
#1439 = DIRECTION ( 'NONE',  ( 1.000000000000000000, 0.000000000000000000, 0.000000000000000000 ) ) ;
#1440 = CARTESIAN_POINT ( 'NONE',  ( -16.00000000000000000, -5.134331705425279291E-15, 7.000000000000000000 ) ) ;
#1441 = EDGE_LOOP ( 'NONE', ( #1136, #967, #1309, #2178 ) ) ;
#1442 = FACE_OUTER_BOUND ( 'NONE', #2292, .T. ) ;
#1443 = EDGE_CURVE ( 'NONE', #22, #617, #340, .T. ) ;
#1444 = DIRECTION ( 'NONE',  ( 1.000000000000000000, 0.000000000000000000, 0.000000000000000000 ) ) ;
#1445 = DIRECTION ( 'NONE',  ( 0.000000000000000000, 1.000000000000000000, 0.000000000000000000 ) ) ;
#1446 = ORIENTED_EDGE ( 'NONE', *, *, #1341, .F. ) ;
#1447 = ORIENTED_EDGE ( 'NONE', *, *, #1579, .T. ) ;
#1448 = DIRECTION ( 'NONE',  ( 0.000000000000000000, 0.8660254037844381525, -0.5000000000000008882 ) ) ;
#1449 = DIRECTION ( 'NONE',  ( 1.000000000000000000, 0.000000000000000000, 0.000000000000000000 ) ) ;
#1450 = CARTESIAN_POINT ( 'NONE',  ( -16.00000000000000000, 0.4999999999999988343, 7.000000000000000000 ) ) ;
#1451 = VERTEX_POINT ( 'NONE', #1960 ) ;
#1452 = VECTOR ( 'NONE', #2356, 999.9999999999998863 ) ;
#1453 = LINE ( 'NONE', #813, #2264 ) ;
#1454 = ORIENTED_EDGE ( 'NONE', *, *, #677, .F. ) ;
#1455 = DIRECTION ( 'NONE',  ( 0.000000000000000000, -0.7071067811865482389, -0.7071067811865469066 ) ) ;
#1456 = DIRECTION ( 'NONE',  ( -1.000000000000000000, -0.000000000000000000, -0.000000000000000000 ) ) ;
#1457 = CONICAL_SURFACE ( 'NONE', #70, 3.250000000000001332, 0.7853981633974473908 ) ;
#1458 = EDGE_CURVE ( 'NONE', #425, #878, #945, .T. ) ;
#1459 = DIRECTION ( 'NONE',  ( 0.000000000000000000, -0.5000000000000008882, -0.8660254037844381525 ) ) ;
#1460 = AXIS2_PLACEMENT_3D ( 'NONE', #2464, #2072, #470 ) ;
#1461 = VECTOR ( 'NONE', #143, 1000.000000000000000 ) ;
#1462 = FACE_OUTER_BOUND ( 'NONE', #2603, .T. ) ;
#1463 = VECTOR ( 'NONE', #2401, 1000.000000000000000 ) ;
#1464 = CARTESIAN_POINT ( 'NONE',  ( 0.000000000000000000, 0.8717989064763328466, 1.509999999999995124 ) ) ;
#1465 = VECTOR ( 'NONE', #286, 1000.000000000000000 ) ;
#1466 = DIRECTION ( 'NONE',  ( 0.000000000000000000, 0.000000000000000000, 1.000000000000000000 ) ) ;
#1467 = VECTOR ( 'NONE', #220, 1000.000000000000227 ) ;
#1468 = ORIENTED_EDGE ( 'NONE', *, *, #2037, .F. ) ;
#1469 = DIRECTION ( 'NONE',  ( 0.000000000000000000, 1.000000000000000000, 0.000000000000000000 ) ) ;
#1470 = CARTESIAN_POINT ( 'NONE',  ( 2.000000000000000000, -0.8717989064763369544, 1.509999999999997566 ) ) ;
#1471 = AXIS2_PLACEMENT_3D ( 'NONE', #1611, #406, #1622 ) ;
#1472 = ORIENTED_EDGE ( 'NONE', *, *, #1770, .T. ) ;
#1473 = DIRECTION ( 'NONE',  ( 0.000000000000000000, 1.000000000000000000, 0.000000000000000000 ) ) ;
#1474 = LINE ( 'NONE', #1656, #45 ) ;
#1475 = MECHANICAL_DESIGN_GEOMETRIC_PRESENTATION_REPRESENTATION (  '', ( #2540 ), #285 ) ;
#1476 = LINE ( 'NONE', #1419, #1467 ) ;
#1477 = DIRECTION ( 'NONE',  ( 0.000000000000000000, 0.000000000000000000, 1.000000000000000000 ) ) ;
#1478 = ORIENTED_EDGE ( 'NONE', *, *, #1598, .F. ) ;
#1479 = CONICAL_SURFACE ( 'NONE', #1189, 1.510000000000000009, 1.047197551196591636 ) ;
#1480 = LINE ( 'NONE', #1255, #2480 ) ;
#1481 = EDGE_CURVE ( 'NONE', #2228, #1399, #2170, .T. ) ;
#1482 = AXIS2_PLACEMENT_3D ( 'NONE', #1260, #1602, #1986 ) ;
#1483 = ORIENTED_EDGE ( 'NONE', *, *, #1326, .F. ) ;
#1484 = LINE ( 'NONE', #1109, #1984 ) ;
#1485 = EDGE_LOOP ( 'NONE', ( #215, #2418 ) ) ;
#1486 = FACE_OUTER_BOUND ( 'NONE', #1084, .T. ) ;
#1487 = CARTESIAN_POINT ( 'NONE',  ( -16.00000000000000000, 0.4999999999999988343, 4.250000000000001776 ) ) ;
#1488 = CARTESIAN_POINT ( 'NONE',  ( -16.00000000000000000, 0.4999999999999988343, 7.000000000000000000 ) ) ;
#1489 = ORIENTED_EDGE ( 'NONE', *, *, #1243, .F. ) ;
#1490 = EDGE_CURVE ( 'NONE', #393, #2290, #1721, .T. ) ;
#1491 = CARTESIAN_POINT ( 'NONE',  ( 21.00000000000000000, 0.5000000000000088818, 0.000000000000000000 ) ) ;
#1492 = CARTESIAN_POINT ( 'NONE',  ( 5.000000000000001776, 20.00000000000000000, 13.49999999999999289 ) ) ;
#1493 = ORIENTED_EDGE ( 'NONE', *, *, #2531, .T. ) ;
#1494 = CARTESIAN_POINT ( 'NONE',  ( -20.50000000000000000, 5.999999999999994671, 14.00000000000000000 ) ) ;
#1495 = VERTEX_POINT ( 'NONE', #1344 ) ;
#1496 = DIRECTION ( 'NONE',  ( 0.000000000000000000, -1.000000000000000000, 1.368001704148075613E-15 ) ) ;
#1497 = EDGE_CURVE ( 'NONE', #2061, #946, #1551, .T. ) ;
#1498 = ORIENTED_EDGE ( 'NONE', *, *, #943, .F. ) ;
#1499 = CARTESIAN_POINT ( 'NONE',  ( 3.499999999999991118, 27.69999999999999574, 9.250000000000001776 ) ) ;
#1500 = FILL_AREA_STYLE ('',( #39 ) ) ;
#1501 = CARTESIAN_POINT ( 'NONE',  ( -20.49999999999998579, -5.134331705425279291E-15, 14.00000000000000000 ) ) ;
#1502 = VERTEX_POINT ( 'NONE', #559 ) ;
#1503 = FACE_OUTER_BOUND ( 'NONE', #369, .T. ) ;
#1504 = CARTESIAN_POINT ( 'NONE',  ( -21.00000000000000000, 0.5000000000000019984, 14.00000000000000000 ) ) ;
#1505 = ORIENTED_EDGE ( 'NONE', *, *, #2031, .F. ) ;
#1506 = AXIS2_PLACEMENT_3D ( 'NONE', #57, #231, #869 ) ;
#1507 = CARTESIAN_POINT ( 'NONE',  ( 4.200000000000001954, 0.000000000000000000, 1.999999999999990452 ) ) ;
#1508 = EDGE_CURVE ( 'NONE', #1977, #352, #350, .T. ) ;
#1509 = ORIENTED_EDGE ( 'NONE', *, *, #1387, .T. ) ;
#1510 = DIRECTION ( 'NONE',  ( 0.000000000000000000, 0.000000000000000000, 1.000000000000000000 ) ) ;
#1511 = ORIENTED_EDGE ( 'NONE', *, *, #1322, .F. ) ;
#1512 = CARTESIAN_POINT ( 'NONE',  ( -5.500000000000011546, 20.00000000000000000, 0.000000000000000000 ) ) ;
#1513 = CIRCLE ( 'NONE', #1050, 2.250000000000002665 ) ;
#1514 = ADVANCED_FACE ( 'NONE', ( #614 ), #250, .F. ) ;
#1515 = DIRECTION ( 'NONE',  ( 1.000000000000000000, 0.000000000000000000, 0.000000000000000000 ) ) ;
#1516 = CIRCLE ( 'NONE', #1846, 0.5000000000000004441 ) ;
#1517 = VERTEX_POINT ( 'NONE', #1249 ) ;
#1518 = CARTESIAN_POINT ( 'NONE',  ( -9.000000000000000000, 27.69999999999999574, 6.999999999999999112 ) ) ;
#1519 = DIRECTION ( 'NONE',  ( 0.000000000000000000, 0.000000000000000000, 1.000000000000000000 ) ) ;
#1520 = STYLED_ITEM ( 'NONE', ( #1621 ), #547 ) ;
#1521 = CARTESIAN_POINT ( 'NONE',  ( 3.499999999999991118, 27.69999999999999574, 6.999999999999999112 ) ) ;
#1522 = DIRECTION ( 'NONE',  ( -0.000000000000000000, -0.000000000000000000, -1.000000000000000000 ) ) ;
#1523 = ADVANCED_FACE ( 'NONE', ( #1282, #1031 ), #238, .T. ) ;
#1524 = ORIENTED_EDGE ( 'NONE', *, *, #2109, .F. ) ;
#1525 = LINE ( 'NONE', #1970, #1558 ) ;
#1526 = EDGE_LOOP ( 'NONE', ( #578, #2195 ) ) ;
#1527 = DIRECTION ( 'NONE',  ( 1.000000000000000000, -1.445602896647339410E-16, 0.000000000000000000 ) ) ;
#1528 = AXIS2_PLACEMENT_3D ( 'NONE', #2458, #2263, #423 ) ;
#1529 = FILL_AREA_STYLE_COLOUR ( '', #2193 ) ;
#1530 = CARTESIAN_POINT ( 'NONE',  ( -0.9249999999999988232, 25.42165795675088091, 0.000000000000000000 ) ) ;
#1531 = VECTOR ( 'NONE', #1616, 1000.000000000000000 ) ;
#1532 = ORIENTED_EDGE ( 'NONE', *, *, #2, .F. ) ;
#1533 = DIRECTION ( 'NONE',  ( 0.7071067811865522357, 0.7071067811865427988, 0.000000000000000000 ) ) ;
#1534 = ORIENTED_EDGE ( 'NONE', *, *, #344, .F. ) ;
#1535 = LINE ( 'NONE', #2141, #1245 ) ;
#1536 = EDGE_CURVE ( 'NONE', #2282, #2453, #1060, .T. ) ;
#1537 = DIRECTION ( 'NONE',  ( 0.000000000000000000, -0.000000000000000000, 1.000000000000000000 ) ) ;
#1538 = ORIENTED_EDGE ( 'NONE', *, *, #518, .F. ) ;
#1539 = CARTESIAN_POINT ( 'NONE',  ( 2.000000000000000000, -1.743597812952673243, -1.192622389734054877E-15 ) ) ;
#1540 = ORIENTED_EDGE ( 'NONE', *, *, #371, .T. ) ;
#1541 = CARTESIAN_POINT ( 'NONE',  ( 16.00000000000000000, -5.134331705425279291E-15, 3.749999999999990230 ) ) ;
#1542 = DIRECTION ( 'NONE',  ( 1.000000000000000000, -0.000000000000000000, -0.000000000000000000 ) ) ;
#1543 = CARTESIAN_POINT ( 'NONE',  ( 9.500000000000000000, 5.999999999999996447, 0.000000000000000000 ) ) ;
#1544 = VERTEX_POINT ( 'NONE', #874 ) ;
#1545 = PLANE ( 'NONE',  #203 ) ;
#1546 = EDGE_CURVE ( 'NONE', #315, #1082, #1673, .T. ) ;
#1547 = AXIS2_PLACEMENT_3D ( 'NONE', #747, #2114, #2555 ) ;
#1548 = VECTOR ( 'NONE', #1859, 1000.000000000000000 ) ;
#1549 = AXIS2_PLACEMENT_3D ( 'NONE', #2226, #13, #2252 ) ;
#1550 = VERTEX_POINT ( 'NONE', #1644 ) ;
#1551 = LINE ( 'NONE', #764, #1808 ) ;
#1552 = DIRECTION ( 'NONE',  ( -7.939237876324060868E-17, 1.000000000000000000, -0.000000000000000000 ) ) ;
#1553 = AXIS2_PLACEMENT_3D ( 'NONE', #1732, #2539, #732 ) ;
#1554 = SURFACE_STYLE_USAGE ( .BOTH. , #754 ) ;
#1555 = AXIS2_PLACEMENT_3D ( 'NONE', #2258, #941, #1740 ) ;
#1556 = ORIENTED_EDGE ( 'NONE', *, *, #743, .T. ) ;
#1557 = CARTESIAN_POINT ( 'NONE',  ( 0.9250000000000007105, 24.91369260332797353, 0.5000000000000065503 ) ) ;
#1558 = VECTOR ( 'NONE', #1989, 1000.000000000000000 ) ;
#1559 = CARTESIAN_POINT ( 'NONE',  ( -16.00000000000000000, 5.499999999999988454, 9.749999999999998224 ) ) ;
#1560 = ORIENTED_EDGE ( 'NONE', *, *, #556, .F. ) ;
#1561 = EDGE_CURVE ( 'NONE', #719, #1019, #2601, .T. ) ;
#1562 = PRESENTATION_LAYER_ASSIGNMENT (  '', '', ( #1390 ) ) ;
#1563 = EDGE_LOOP ( 'NONE', ( #927, #1180, #1174, #1743, #594, #1280 ) ) ;
#1564 = DIRECTION ( 'NONE',  ( 0.000000000000000000, -0.4999999999999986677, 0.8660254037844393737 ) ) ;
#1565 = CARTESIAN_POINT ( 'NONE',  ( -9.000000000000000000, 32.29999999999999716, 14.00000000000000000 ) ) ;
#1566 = EDGE_CURVE ( 'NONE', #976, #58, #47, .T. ) ;
#1567 = ORIENTED_EDGE ( 'NONE', *, *, #889, .F. ) ;
#1568 = VECTOR ( 'NONE', #2200, 1000.000000000000000 ) ;
#1569 = DIRECTION ( 'NONE',  ( 0.000000000000000000, 0.000000000000000000, -1.000000000000000000 ) ) ;
#1570 = CIRCLE ( 'NONE', #808, 2.749999999999998224 ) ;
#1571 = CARTESIAN_POINT ( 'NONE',  ( 4.000000000000003553, 0.000000000000000000, 0.000000000000000000 ) ) ;
#1572 = EDGE_LOOP ( 'NONE', ( #1319, #2311, #2548, #333 ) ) ;
#1573 = LINE ( 'NONE', #2156, #1086 ) ;
#1574 = DIRECTION ( 'NONE',  ( 0.000000000000000000, 1.000000000000000000, 0.000000000000000000 ) ) ;
#1575 = SHAPE_REPRESENTATION ( '\X2\04210431043e0440043a0430\X0\1', ( #1471, #2113 ), #1809 ) ;
#1576 = ORIENTED_EDGE ( 'NONE', *, *, #746, .F. ) ;
#1577 = DIRECTION ( 'NONE',  ( 0.000000000000000000, -0.4999999999999985567, 0.8660254037844394848 ) ) ;
#1578 = CARTESIAN_POINT ( 'NONE',  ( 4.000000000000001776, 0.000000000000000000, -2.199999999999990408 ) ) ;
#1579 = EDGE_CURVE ( 'NONE', #482, #2400, #61, .T. ) ;
#1580 = ORIENTED_EDGE ( 'NONE', *, *, #2371, .F. ) ;
#1581 = DIRECTION ( 'NONE',  ( -0.000000000000000000, -0.000000000000000000, -1.000000000000000000 ) ) ;
#1582 = ORIENTED_EDGE ( 'NONE', *, *, #1364, .T. ) ;
#1583 = CARTESIAN_POINT ( 'NONE',  ( -16.00000000000000000, 5.499999999999989342, 7.000000000000000000 ) ) ;
#1584 = ADVANCED_FACE ( 'NONE', ( #1238 ), #17, .F. ) ;
#1585 = ITEM_DEFINED_TRANSFORMATION ( 'NONE', 'NONE', #2113,  #892 ) ;
#1586 = VECTOR ( 'NONE', #1263, 1000.000000000000000 ) ;
#1587 = EDGE_LOOP ( 'NONE', ( #175, #963, #785, #690, #1838, #336 ) ) ;
#1588 = AXIS2_PLACEMENT_3D ( 'NONE', #1225, #2452, #1075 ) ;
#1589 = CIRCLE ( 'NONE', #273, 5.000000000000001776 ) ;
#1590 = ADVANCED_FACE ( 'NONE', ( #2043 ), #660, .F. ) ;
#1591 = FACE_BOUND ( 'NONE', #645, .T. ) ;
#1592 = AXIS2_PLACEMENT_3D ( 'NONE', #1664, #1916, #1527 ) ;
#1593 = ORIENTED_EDGE ( 'NONE', *, *, #2360, .T. ) ;
#1594 = AXIS2_PLACEMENT_3D ( 'NONE', #698, #1661, #1496 ) ;
#1595 = CARTESIAN_POINT ( 'NONE',  ( 9.000000000000000000, 6.499999999999996447, 0.000000000000000000 ) ) ;
#1596 = ORIENTED_EDGE ( 'NONE', *, *, #1002, .T. ) ;
#1597 = PLANE ( 'NONE',  #1384 ) ;
#1598 = EDGE_CURVE ( 'NONE', #804, #880, #1250, .T. ) ;
#1599 = PRODUCT_CONTEXT ( 'NONE', #216, 'mechanical' ) ;
#1600 = CARTESIAN_POINT ( 'NONE',  ( 2.000000000000000000, 0.8717989064763328466, 1.509999999999995124 ) ) ;
#1601 = VERTEX_POINT ( 'NONE', #1873 ) ;
#1602 = DIRECTION ( 'NONE',  ( 1.000000000000000000, -5.542247527082452823E-17, 0.000000000000000000 ) ) ;
#1603 = DIRECTION ( 'NONE',  ( -1.445602896647339410E-16, -1.000000000000000000, 0.000000000000000000 ) ) ;
#1604 = CIRCLE ( 'NONE', #588, 1.999999999999981348 ) ;
#1605 = ORIENTED_EDGE ( 'NONE', *, *, #631, .F. ) ;
#1606 = VECTOR ( 'NONE', #2516, 1000.000000000000000 ) ;
#1607 = EDGE_CURVE ( 'NONE', #1108, #1706, #441, .T. ) ;
#1608 = CIRCLE ( 'NONE', #988, 5.500000000000010658 ) ;
#1609 = VERTEX_POINT ( 'NONE', #676 ) ;
#1610 = FACE_OUTER_BOUND ( 'NONE', #1154, .T. ) ;
#1611 = CARTESIAN_POINT ( 'NONE',  ( 0.000000000000000000, 0.000000000000000000, 0.000000000000000000 ) ) ;
#1612 = CARTESIAN_POINT ( 'NONE',  ( -21.00000000000000000, 27.69999999999999574, 8.500000000000000000 ) ) ;
#1613 = ORIENTED_EDGE ( 'NONE', *, *, #193, .T. ) ;
#1614 = CARTESIAN_POINT ( 'NONE',  ( -0.9249999999999988232, 25.25245776325388292, 13.83320989538968249 ) ) ;
#1615 = ORIENTED_EDGE ( 'NONE', *, *, #1132, .T. ) ;
#1616 = DIRECTION ( 'NONE',  ( -0.7071067811865427988, 0.7071067811865522357, 0.000000000000000000 ) ) ;
#1617 = EDGE_CURVE ( 'NONE', #1762, #1148, #1476, .T. ) ;
#1618 = DIRECTION ( 'NONE',  ( 0.000000000000000000, 0.000000000000000000, -1.000000000000000000 ) ) ;
#1619 = ORIENTED_EDGE ( 'NONE', *, *, #342, .T. ) ;
#1620 = FILL_AREA_STYLE ('',( #2442 ) ) ;
#1621 = PRESENTATION_STYLE_ASSIGNMENT (( #1204 ) ) ;
#1622 = DIRECTION ( 'NONE',  ( 1.000000000000000000, 0.000000000000000000, 0.000000000000000000 ) ) ;
#1623 = DIRECTION ( 'NONE',  ( 0.000000000000000000, 1.000000000000000000, 0.000000000000000000 ) ) ;
#1624 = EDGE_LOOP ( 'NONE', ( #1368, #558, #2593, #299 ) ) ;
#1625 = CARTESIAN_POINT ( 'NONE',  ( 3.499999999999992895, 27.69999999999999574, 6.999999999999999112 ) ) ;
#1626 = AXIS2_PLACEMENT_3D ( 'NONE', #1966, #573, #1773 ) ;
#1627 = VERTEX_POINT ( 'NONE', #990 ) ;
#1628 = DIRECTION ( 'NONE',  ( 0.000000000000000000, 0.000000000000000000, 1.000000000000000000 ) ) ;
#1629 = EDGE_CURVE ( 'NONE', #2257, #2044, #1043, .T. ) ;
#1630 = DIRECTION ( 'NONE',  ( 0.000000000000000000, 0.4999999999999985567, -0.8660254037844394848 ) ) ;
#1631 = AXIS2_PLACEMENT_3D ( 'NONE', #351, #34, #2416 ) ;
#1632 = VECTOR ( 'NONE', #2337, 1000.000000000000114 ) ;
#1633 = VERTEX_POINT ( 'NONE', #2034 ) ;
#1634 = FILL_AREA_STYLE_COLOUR ( '', #332 ) ;
#1635 = DIRECTION ( 'NONE',  ( 1.000000000000000000, 0.000000000000000000, 0.000000000000000000 ) ) ;
#1636 = EDGE_CURVE ( 'NONE', #58, #2245, #2180, .T. ) ;
#1637 = ORIENTED_EDGE ( 'NONE', *, *, #2374, .F. ) ;
#1638 = DIRECTION ( 'NONE',  ( -1.000000000000000000, -0.000000000000000000, -0.000000000000000000 ) ) ;
#1639 = CARTESIAN_POINT ( 'NONE',  ( 0.000000000000000000, -1.743597812952673243, -1.192622389734054877E-15 ) ) ;
#1640 = CARTESIAN_POINT ( 'NONE',  ( 16.00000000000000000, -5.134331705425279291E-15, 10.25000000000000888 ) ) ;
#1641 = PRODUCT_DEFINITION_SHAPE ( 'NONE', 'NONE',  #1736 ) ;
#1642 = ORIENTED_EDGE ( 'NONE', *, *, #1903, .T. ) ;
#1643 = CARTESIAN_POINT ( 'NONE',  ( 16.00000000000000000, 0.5000000000000041078, 7.000000000000000000 ) ) ;
#1644 = CARTESIAN_POINT ( 'NONE',  ( -20.49999999999998579, -5.134331705425279291E-15, 0.000000000000000000 ) ) ;
#1645 = AXIS2_PLACEMENT_3D ( 'NONE', #1518, #703, #116 ) ;
#1646 = ORIENTED_EDGE ( 'NONE', *, *, #2309, .F. ) ;
#1647 = DIRECTION ( 'NONE',  ( 0.000000000000000000, 0.000000000000000000, -1.000000000000000000 ) ) ;
#1648 =( NAMED_UNIT ( * ) PLANE_ANGLE_UNIT ( ) SI_UNIT ( $, .RADIAN. ) );
#1649 =( NAMED_UNIT ( * ) SI_UNIT ( $, .STERADIAN. ) SOLID_ANGLE_UNIT ( ) );
#1650 = CARTESIAN_POINT ( 'NONE',  ( 2.000000000000000000, -1.307698359714508429, -0.7550000000000005596 ) ) ;
#1651 = ORIENTED_EDGE ( 'NONE', *, *, #771, .F. ) ;
#1652 = SURFACE_STYLE_FILL_AREA ( #1500 ) ;
#1653 = DIRECTION ( 'NONE',  ( 0.000000000000000000, -1.224646799147353207E-16, 1.000000000000000000 ) ) ;
#1654 = ORIENTED_EDGE ( 'NONE', *, *, #2014, .T. ) ;
#1655 = CARTESIAN_POINT ( 'NONE',  ( -16.00000000000000000, -5.134331705425279291E-15, 3.749999999999999112 ) ) ;
#1656 = CARTESIAN_POINT ( 'NONE',  ( 2.000000000000000000, 1.743597812952665249, -5.854691731421723944E-15 ) ) ;
#1657 = DIRECTION ( 'NONE',  ( -7.939237876324060868E-17, 1.000000000000000000, -0.000000000000000000 ) ) ;
#1658 = ORIENTED_EDGE ( 'NONE', *, *, #1353, .F. ) ;
#1659 = ORIENTED_EDGE ( 'NONE', *, *, #2184, .F. ) ;
#1660 = LINE ( 'NONE', #505, #2186 ) ;
#1661 = DIRECTION ( 'NONE',  ( -0.000000000000000000, 1.368001704148075613E-15, 1.000000000000000000 ) ) ;
#1662 = VERTEX_POINT ( 'NONE', #211 ) ;
#1663 = EDGE_CURVE ( 'NONE', #1706, #1983, #610, .T. ) ;
#1664 = CARTESIAN_POINT ( 'NONE',  ( 9.000000000000000000, 5.999999999999996447, 14.00000000000000000 ) ) ;
#1665 = FACE_OUTER_BOUND ( 'NONE', #327, .T. ) ;
#1666 = AXIS2_PLACEMENT_3D ( 'NONE', #632, #704, #1519 ) ;
#1667 = DIRECTION ( 'NONE',  ( 0.000000000000000000, 0.000000000000000000, -1.000000000000000000 ) ) ;
#1668 = VERTEX_POINT ( 'NONE', #2438 ) ;
#1669 = CARTESIAN_POINT ( 'NONE',  ( 9.000000000000000000, 6.499999999999996447, 0.000000000000000000 ) ) ;
#1670 = EDGE_CURVE ( 'NONE', #2079, #1163, #708, .T. ) ;
#1671 = FACE_BOUND ( 'NONE', #2069, .T. ) ;
#1672 = AXIS2_PLACEMENT_3D ( 'NONE', #584, #1603, #1394 ) ;
#1673 = LINE ( 'NONE', #1267, #2052 ) ;
#1674 = EDGE_CURVE ( 'NONE', #2274, #1735, #1131, .T. ) ;
#1675 = VECTOR ( 'NONE', #1686, 1000.000000000000000 ) ;
#1676 = DIRECTION ( 'NONE',  ( 1.000000000000000000, 0.000000000000000000, 0.000000000000000000 ) ) ;
#1677 = CIRCLE ( 'NONE', #1420, 3.750000000000003553 ) ;
#1678 = CARTESIAN_POINT ( 'NONE',  ( 2.000000000000000000, 0.000000000000000000, 0.000000000000000000 ) ) ;
#1679 = VECTOR ( 'NONE', #1375, 1000.000000000000000 ) ;
#1680 = EDGE_LOOP ( 'NONE', ( #2514, #111 ) ) ;
#1681 = DIRECTION ( 'NONE',  ( 1.000000000000000000, 0.000000000000000000, 0.000000000000000000 ) ) ;
#1682 = EDGE_CURVE ( 'NONE', #1125, #1544, #1795, .T. ) ;
#1683 = VERTEX_POINT ( 'NONE', #907 ) ;
#1684 = CARTESIAN_POINT ( 'NONE',  ( 0.9250000000000007105, 25.08314823554739803, 13.66653057732576571 ) ) ;
#1685 = FACE_OUTER_BOUND ( 'NONE', #1239, .T. ) ;
#1686 = DIRECTION ( 'NONE',  ( 1.000000000000000000, -0.000000000000000000, -0.000000000000000000 ) ) ;
#1687 = VERTEX_POINT ( 'NONE', #76 ) ;
#1688 = DIRECTION ( 'NONE',  ( 0.000000000000000000, -0.000000000000000000, -1.000000000000000000 ) ) ;
#1689 = CARTESIAN_POINT ( 'NONE',  ( 13.25000000000000178, 5.499999999999996447, 7.000000000000000000 ) ) ;
#1690 = EDGE_CURVE ( 'NONE', #1423, #1502, #1883, .T. ) ;
#1691 = ORIENTED_EDGE ( 'NONE', *, *, #551, .T. ) ;
#1692 = PRESENTATION_LAYER_ASSIGNMENT (  '', '', ( #2117 ) ) ;
#1693 = CARTESIAN_POINT ( 'NONE',  ( 2.000000000000000000, -0.8717989064763369544, 1.509999999999997566 ) ) ;
#1694 = B_SPLINE_CURVE_WITH_KNOTS ( 'NONE', 3,
 ( #2523, #745, #1369, #1557 ),
 .UNSPECIFIED., .F., .F.,
 ( 4, 4 ),
 ( 0.000000000000000000, 0.0007127613908441356085 ),
 .UNSPECIFIED. ) ;
#1695 = CIRCLE ( 'NONE', #249, 3.750000000000003553 ) ;
#1696 = FACE_OUTER_BOUND ( 'NONE', #2353, .T. ) ;
#1697 = VERTEX_POINT ( 'NONE', #1504 ) ;
#1698 = CARTESIAN_POINT ( 'NONE',  ( 0.9250000000000007105, 25.25245776325388292, 13.83320989538968249 ) ) ;
#1699 = DIRECTION ( 'NONE',  ( 1.000000000000000000, 0.000000000000000000, 0.000000000000000000 ) ) ;
#1700 = LINE ( 'NONE', #1261, #1783 ) ;
#1701 = DIRECTION ( 'NONE',  ( 0.000000000000000000, -1.000000000000000000, 0.000000000000000000 ) ) ;
#1702 = EDGE_LOOP ( 'NONE', ( #403, #1556, #2610 ) ) ;
#1703 = FACE_OUTER_BOUND ( 'NONE', #989, .T. ) ;
#1704 = DIRECTION ( 'NONE',  ( 0.000000000000000000, 0.4999999999999985567, -0.8660254037844394848 ) ) ;
#1705 = EDGE_CURVE ( 'NONE', #1406, #410, #2346, .T. ) ;
#1706 = VERTEX_POINT ( 'NONE', #1689 ) ;
#1707 = DIRECTION ( 'NONE',  ( 0.000000000000000000, -0.5000000000000008882, -0.8660254037844381525 ) ) ;
#1708 = EDGE_CURVE ( 'NONE', #2453, #1145, #1327, .T. ) ;
#1709 = ORIENTED_EDGE ( 'NONE', *, *, #1284, .T. ) ;
#1710 = CARTESIAN_POINT ( 'NONE',  ( -31.74999999999995737, 0.000000000000000000, 0.000000000000000000 ) ) ;
#1711 = VERTEX_POINT ( 'NONE', #1492 ) ;
#1712 = DIRECTION ( 'NONE',  ( -1.000000000000000000, -0.000000000000000000, -0.000000000000000000 ) ) ;
#1713 =( LENGTH_UNIT ( ) NAMED_UNIT ( * ) SI_UNIT ( .MILLI., .METRE. ) );
#1714 = CARTESIAN_POINT ( 'NONE',  ( 9.500000000000000000, 6.499999999999996447, 0.000000000000000000 ) ) ;
#1715 = CARTESIAN_POINT ( 'NONE',  ( -21.00000000000000000, 27.69999999999999574, 5.499999999999998224 ) ) ;
#1716 = ORIENTED_EDGE ( 'NONE', *, *, #401, .F. ) ;
#1717 = FACE_BOUND ( 'NONE', #1920, .T. ) ;
#1718 = AXIS2_PLACEMENT_3D ( 'NONE', #264, #1908, #1087 ) ;
#1719 = CARTESIAN_POINT ( 'NONE',  ( 4.200000000000001954, 0.000000000000000000, 0.000000000000000000 ) ) ;
#1720 = EDGE_CURVE ( 'NONE', #1039, #1067, #538, .T. ) ;
#1721 = CIRCLE ( 'NONE', #1140, 5.500000000000004441 ) ;
#1722 = VECTOR ( 'NONE', #395, 1000.000000000000114 ) ;
#1723 = CARTESIAN_POINT ( 'NONE',  ( 8.499999999999998224, 32.29999999999999716, 0.000000000000000000 ) ) ;
#1724 = DIRECTION ( 'NONE',  ( -1.000000000000000000, -0.000000000000000000, -0.000000000000000000 ) ) ;
#1725 = AXIS2_PLACEMENT_3D ( 'NONE', #716, #101, #1292 ) ;
#1726 = ORIENTED_EDGE ( 'NONE', *, *, #1017, .F. ) ;
#1727 = DIRECTION ( 'NONE',  ( -1.000000000000000000, 0.000000000000000000, 0.000000000000000000 ) ) ;
#1728 = ORIENTED_EDGE ( 'NONE', *, *, #133, .F. ) ;
#1729 = CIRCLE ( 'NONE', #577, 5.500000000000004441 ) ;
#1730 = CARTESIAN_POINT ( 'NONE',  ( -21.00000000000000000, 27.69999999999999574, 6.999999999999999112 ) ) ;
#1731 = CARTESIAN_POINT ( 'NONE',  ( 18.75000000000000000, -6.720564862308317058E-15, 7.000000000000000000 ) ) ;
#1732 = CARTESIAN_POINT ( 'NONE',  ( 0.000000000000000000, 20.00000000000000000, 0.000000000000000000 ) ) ;
#1733 = ADVANCED_FACE ( 'NONE', ( #1954 ), #533, .F. ) ;
#1734 = CIRCLE ( 'NONE', #2530, 5.000000000000001776 ) ;
#1735 = VERTEX_POINT ( 'NONE', #295 ) ;
#1736 = PRODUCT_DEFINITION ( 'UNKNOWN', '', #2536, #1312 ) ;
#1737 = CARTESIAN_POINT ( 'NONE',  ( -16.00000000000000000, 0.4999999999999988343, 7.000000000000000000 ) ) ;
#1738 = ORIENTED_EDGE ( 'NONE', *, *, #531, .T. ) ;
#1739 = CARTESIAN_POINT ( 'NONE',  ( 16.00000000000000000, 5.999999999999995559, 7.000000000000000000 ) ) ;
#1740 = DIRECTION ( 'NONE',  ( 0.000000000000000000, 1.000000000000000000, 0.000000000000000000 ) ) ;
#1741 = ORIENTED_EDGE ( 'NONE', *, *, #1293, .F. ) ;
#1742 = CARTESIAN_POINT ( 'NONE',  ( 0.000000000000000000, 20.00000000000000000, 0.000000000000000000 ) ) ;
#1743 = ORIENTED_EDGE ( 'NONE', *, *, #344, .T. ) ;
#1744 = CARTESIAN_POINT ( 'NONE',  ( -16.00000000000000000, -5.134331705425279291E-15, 3.749999999999999112 ) ) ;
#1745 =( NAMED_UNIT ( * ) PLANE_ANGLE_UNIT ( ) SI_UNIT ( $, .RADIAN. ) );
#1746 = EDGE_CURVE ( 'NONE', #1220, #1517, #659, .T. ) ;
#1747 = VECTOR ( 'NONE', #1186, 1000.000000000000000 ) ;
#1748 = PLANE ( 'NONE',  #1939 ) ;
#1749 = TOROIDAL_SURFACE ( 'NONE', #772, 2.199999999999990408, 0.2000000000000000111 ) ;
#1750 = ORIENTED_EDGE ( 'NONE', *, *, #206, .F. ) ;
#1751 = ADVANCED_FACE ( 'NONE', ( #485 ), #1297, .F. ) ;
#1752 = CARTESIAN_POINT ( 'NONE',  ( -16.00000000000000000, 5.499999999999988454, 4.250000000000001776 ) ) ;
#1753 = DIRECTION ( 'NONE',  ( 0.000000000000000000, 1.000000000000000000, -0.000000000000000000 ) ) ;
#1754 = ORIENTED_EDGE ( 'NONE', *, *, #68, .T. ) ;
#1755 = DIRECTION ( 'NONE',  ( 0.000000000000000000, 0.000000000000000000, 1.000000000000000000 ) ) ;
#1756 = LINE ( 'NONE', #161, #157 ) ;
#1757 = DIRECTION ( 'NONE',  ( 0.000000000000000000, 0.000000000000000000, -1.000000000000000000 ) ) ;
#1758 = PRODUCT_DEFINITION_SHAPE ( 'NONE', 'NONE',  #2613 ) ;
#1759 = ORIENTED_EDGE ( 'NONE', *, *, #1349, .T. ) ;
#1760 = FACE_OUTER_BOUND ( 'NONE', #2392, .T. ) ;
#1761 = EDGE_CURVE ( 'NONE', #773, #1377, #924, .T. ) ;
#1762 = VERTEX_POINT ( 'NONE', #736 ) ;
#1763 = CONICAL_SURFACE ( 'NONE', #902, 3.250000000000009770, 0.7853981633974508325 ) ;
#1764 = EDGE_CURVE ( 'NONE', #1016, #1697, #1103, .T. ) ;
#1765 = AXIS2_PLACEMENT_3D ( 'NONE', #1625, #1839, #2432 ) ;
#1766 = ORIENTED_EDGE ( 'NONE', *, *, #771, .T. ) ;
#1767 = DIRECTION ( 'NONE',  ( 1.000000000000000000, -6.308085367188384325E-16, 0.000000000000000000 ) ) ;
#1768 = FACE_OUTER_BOUND ( 'NONE', #141, .T. ) ;
#1769 = VECTOR ( 'NONE', #2507, 1000.000000000000114 ) ;
#1770 = EDGE_CURVE ( 'NONE', #1451, #2123, #923, .T. ) ;
#1771 = VECTOR ( 'NONE', #520, 1000.000000000000000 ) ;
#1772 = ORIENTED_EDGE ( 'NONE', *, *, #1200, .T. ) ;
#1773 = DIRECTION ( 'NONE',  ( 6.776263578034405178E-17, -1.000000000000000000, 0.000000000000000000 ) ) ;
#1774 =( REPRESENTATION_RELATIONSHIP ('NONE','NONE', #1575, #639 ) REPRESENTATION_RELATIONSHIP_WITH_TRANSFORMATION ( #1585 )SHAPE_REPRESENTATION_RELATIONSHIP( ) );
#1775 = ORIENTED_EDGE ( 'NONE', *, *, #147, .F. ) ;
#1776 = VECTOR ( 'NONE', #2399, 1000.000000000000000 ) ;
#1777 = PRODUCT_DEFINITION_SHAPE ( 'NONE', 'NONE',  #2611 ) ;
#1778 = EDGE_CURVE ( 'NONE', #1735, #1032, #1535, .T. ) ;
#1779 = ORIENTED_EDGE ( 'NONE', *, *, #551, .F. ) ;
#1780 = DIRECTION ( 'NONE',  ( -1.000000000000000000, -0.000000000000000000, -0.000000000000000000 ) ) ;
#1781 = LINE ( 'NONE', #1541, #2527 ) ;
#1782 = ORIENTED_EDGE ( 'NONE', *, *, #755, .F. ) ;
#1783 = VECTOR ( 'NONE', #229, 1000.000000000000000 ) ;
#1784 = FACE_OUTER_BOUND ( 'NONE', #1195, .T. ) ;
#1785 = AXIS2_PLACEMENT_3D ( 'NONE', #2129, #1160, #1952 ) ;
#1786 = LINE ( 'NONE', #1559, #2428 ) ;
#1787 = EDGE_CURVE ( 'NONE', #172, #2425, #397, .T. ) ;
#1788 = ORIENTED_EDGE ( 'NONE', *, *, #2439, .F. ) ;
#1789 = ADVANCED_FACE ( 'NONE', ( #781 ), #1339, .F. ) ;
#1790 = DIRECTION ( 'NONE',  ( 0.000000000000000000, 0.000000000000000000, 1.000000000000000000 ) ) ;
#1791 = ORIENTED_EDGE ( 'NONE', *, *, #2028, .F. ) ;
#1792 = CARTESIAN_POINT ( 'NONE',  ( 16.00000000000000000, -5.134331705425279291E-15, 7.000000000000000000 ) ) ;
#1793 = ORIENTED_EDGE ( 'NONE', *, *, #1963, .T. ) ;
#1794 = CARTESIAN_POINT ( 'NONE',  ( -0.9249999999999988232, 25.25245776325388647, 0.1667901046103187068 ) ) ;
#1795 = CIRCLE ( 'NONE', #2355, 0.5000000000000004441 ) ;
#1796 = EDGE_LOOP ( 'NONE', ( #727, #374, #1637, #2388, #650 ) ) ;
#1797 =( NAMED_UNIT ( * ) PLANE_ANGLE_UNIT ( ) SI_UNIT ( $, .RADIAN. ) );
#1798 = APPLICATION_PROTOCOL_DEFINITION ( 'draft international standard', 'automotive_design', 1998, #355 ) ;
#1799 = VECTOR ( 'NONE', #1870, 1000.000000000000000 ) ;
#1800 = DIRECTION ( 'NONE',  ( 0.000000000000000000, 0.000000000000000000, 1.000000000000000000 ) ) ;
#1801 = ORIENTED_EDGE ( 'NONE', *, *, #2090, .F. ) ;
#1802 = CIRCLE ( 'NONE', #718, 3.249999999999998668 ) ;
#1803 = ADVANCED_FACE ( 'NONE', ( #2008 ), #1040, .T. ) ;
#1804 = LINE ( 'NONE', #82, #1175 ) ;
#1805 = CIRCLE ( 'NONE', #280, 3.500000000000000000 ) ;
#1806 = ORIENTED_EDGE ( 'NONE', *, *, #2218, .T. ) ;
#1807 = FACE_OUTER_BOUND ( 'NONE', #528, .T. ) ;
#1808 = VECTOR ( 'NONE', #1564, 1000.000000000000227 ) ;
#1809 =( GEOMETRIC_REPRESENTATION_CONTEXT ( 3 ) GLOBAL_UNCERTAINTY_ASSIGNED_CONTEXT ( ( #2314 ) ) GLOBAL_UNIT_ASSIGNED_CONTEXT ( ( #864, #2470, #64 ) ) REPRESENTATION_CONTEXT ( 'NONE', 'WORKASPACE' ) );
#1810 = ORIENTED_EDGE ( 'NONE', *, *, #166, .T. ) ;
#1811 = DIRECTION ( 'NONE',  ( 0.000000000000000000, 0.000000000000000000, -1.000000000000000000 ) ) ;
#1812 = PRESENTATION_LAYER_ASSIGNMENT (  '', '', ( #2540 ) ) ;
#1813 = APPLICATION_PROTOCOL_DEFINITION ( 'draft international standard', 'automotive_design', 1998, #2127 ) ;
#1814 = CARTESIAN_POINT ( 'NONE',  ( 0.000000000000000000, 20.00000000000000000, 14.00000000000000000 ) ) ;
#1815 = ORIENTED_EDGE ( 'NONE', *, *, #358, .T. ) ;
#1816 = EDGE_CURVE ( 'NONE', #976, #543, #587, .T. ) ;
#1817 = CARTESIAN_POINT ( 'NONE',  ( 16.00000000000000000, 0.5000000000000041078, 4.250000000000001776 ) ) ;
#1818 = AXIS2_PLACEMENT_3D ( 'NONE', #2265, #479, #883 ) ;
#1819 = EDGE_LOOP ( 'NONE', ( #1750, #1946, #1324, #1431, #248 ) ) ;
#1820 = CARTESIAN_POINT ( 'NONE',  ( -13.25000000000000178, -8.455288338285124153E-15, 7.000000000000000000 ) ) ;
#1821 = CARTESIAN_POINT ( 'NONE',  ( 0.000000000000000000, 20.00000000000000000, 13.49999999999999289 ) ) ;
#1822 = ORIENTED_EDGE ( 'NONE', *, *, #906, .T. ) ;
#1823 = DIRECTION ( 'NONE',  ( 1.000000000000000000, 0.000000000000000000, 0.000000000000000000 ) ) ;
#1824 = CARTESIAN_POINT ( 'NONE',  ( 16.00000000000000000, -6.938893903907228378E-15, 7.000000000000000000 ) ) ;
#1825 = ORIENTED_EDGE ( 'NONE', *, *, #1497, .F. ) ;
#1826 = ADVANCED_FACE ( 'NONE', ( #1807 ), #2369, .F. ) ;
#1827 = DIRECTION ( 'NONE',  ( -0.000000000000000000, -1.000000000000000000, -0.000000000000000000 ) ) ;
#1828 = ORIENTED_EDGE ( 'NONE', *, *, #1458, .F. ) ;
#1829 = CARTESIAN_POINT ( 'NONE',  ( 5.000000000000001776, 20.00000000000000000, 0.5000000000000065503 ) ) ;
#1830 = EDGE_CURVE ( 'NONE', #1904, #1662, #1573, .T. ) ;
#1831 = DIRECTION ( 'NONE',  ( 0.000000000000000000, 1.000000000000000000, 0.000000000000000000 ) ) ;
#1832 = PRODUCT ( '\X2\04210431043e0440043a0430\X0\1', '\X2\04210431043e0440043a0430\X0\1', '', ( #368 ) ) ;
#1833 = EDGE_CURVE ( 'NONE', #851, #699, #555, .T. ) ;
#1834 = EDGE_LOOP ( 'NONE', ( #309, #11, #596, #1235 ) ) ;
#1835 = CYLINDRICAL_SURFACE ( 'NONE', #2606, 1.500000000000001332 ) ;
#1836 =( LENGTH_UNIT ( ) NAMED_UNIT ( * ) SI_UNIT ( .MILLI., .METRE. ) );
#1837 = CARTESIAN_POINT ( 'NONE',  ( 21.00000000000000000, -5.134331705425279291E-15, 0.000000000000000000 ) ) ;
#1838 = ORIENTED_EDGE ( 'NONE', *, *, #1925, .F. ) ;
#1839 = DIRECTION ( 'NONE',  ( 1.000000000000000000, 0.000000000000000000, 0.000000000000000000 ) ) ;
#1840 = VECTOR ( 'NONE', #40, 1000.000000000000114 ) ;
#1841 = ORIENTED_EDGE ( 'NONE', *, *, #597, .F. ) ;
#1842 = CONICAL_SURFACE ( 'NONE', #2185, 2.749999999999998224, 0.7853981633974445042 ) ;
#1843 = DIRECTION ( 'NONE',  ( 0.000000000000000000, 0.000000000000000000, 1.000000000000000000 ) ) ;
#1844 = AXIS2_PLACEMENT_3D ( 'NONE', #2235, #1863, #695 ) ;
#1845 = ORIENTED_EDGE ( 'NONE', *, *, #1426, .F. ) ;
#1846 = AXIS2_PLACEMENT_3D ( 'NONE', #523, #1330, #365 ) ;
#1847 = ORIENTED_EDGE ( 'NONE', *, *, #252, .F. ) ;
#1848 = ADVANCED_FACE ( 'NONE', ( #1442 ), #1763, .F. ) ;
#1849 = SURFACE_SIDE_STYLE ('',( #1896 ) ) ;
#1850 = CARTESIAN_POINT ( 'NONE',  ( 0.000000000000000000, 0.000000000000000000, 0.000000000000000000 ) ) ;
#1851 = ORIENTED_EDGE ( 'NONE', *, *, #2511, .F. ) ;
#1852 = MECHANICAL_DESIGN_GEOMETRIC_PRESENTATION_REPRESENTATION (  '', ( #1520 ), #1266 ) ;
#1853 = CYLINDRICAL_SURFACE ( 'NONE', #2583, 0.5000000000000004441 ) ;
#1854 = CARTESIAN_POINT ( 'NONE',  ( 16.00000000000000000, 5.499999999999995559, 4.250000000000001776 ) ) ;
#1855 = ORIENTED_EDGE ( 'NONE', *, *, #1410, .T. ) ;
#1856 = LINE ( 'NONE', #857, #2243 ) ;
#1857 = CARTESIAN_POINT ( 'NONE',  ( 4.000000000000000000, 3.500000000000000000, 0.000000000000000000 ) ) ;
#1858 = MECHANICAL_DESIGN_GEOMETRIC_PRESENTATION_REPRESENTATION (  '', ( #2117 ), #516 ) ;
#1859 = DIRECTION ( 'NONE',  ( -0.000000000000000000, -0.000000000000000000, 1.000000000000000000 ) ) ;
#1860 = EDGE_CURVE ( 'NONE', #513, #1438, #1022, .T. ) ;
#1861 = CIRCLE ( 'NONE', #2286, 0.2000000000000000944 ) ;
#1862 = ORIENTED_EDGE ( 'NONE', *, *, #453, .T. ) ;
#1863 = DIRECTION ( 'NONE',  ( -0.000000000000000000, -1.000000000000000000, -0.000000000000000000 ) ) ;
#1864 = DIRECTION ( 'NONE',  ( 0.000000000000000000, 0.000000000000000000, 1.000000000000000000 ) ) ;
#1865 = CARTESIAN_POINT ( 'NONE',  ( -3.197998849145733402, -10.02746872429851877, -10.17349679545486651 ) ) ;
#1866 = EDGE_CURVE ( 'NONE', #1039, #1019, #1861, .T. ) ;
#1867 = DIRECTION ( 'NONE',  ( -1.000000000000000000, -1.694065894508601171E-16, -0.000000000000000000 ) ) ;
#1868 = ORIENTED_EDGE ( 'NONE', *, *, #120, .F. ) ;
#1869 = LINE ( 'NONE', #1112, #442 ) ;
#1870 = DIRECTION ( 'NONE',  ( -0.000000000000000000, -0.000000000000000000, 1.000000000000000000 ) ) ;
#1871 = ORIENTED_EDGE ( 'NONE', *, *, #2564, .T. ) ;
#1872 = LINE ( 'NONE', #2463, #689 ) ;
#1873 = CARTESIAN_POINT ( 'NONE',  ( 2.000000000000000000, 2.065682573263588959E-15, 1.509999999999996234 ) ) ;
#1874 = EDGE_CURVE ( 'NONE', #2472, #694, #1212, .T. ) ;
#1875 = FACE_OUTER_BOUND ( 'NONE', #1275, .T. ) ;
#1876 = CARTESIAN_POINT ( 'NONE',  ( -9.500000000000000000, 5.999999999999996447, 0.000000000000000000 ) ) ;
#1877 =( NAMED_UNIT ( * ) PLANE_ANGLE_UNIT ( ) SI_UNIT ( $, .RADIAN. ) );
#1878 = EDGE_LOOP ( 'NONE', ( #1801, #809, #1170, #1372, #136, #1532 ) ) ;
#1879 = LINE ( 'NONE', #652, #1895 ) ;
#1880 = ORIENTED_EDGE ( 'NONE', *, *, #2568, .F. ) ;
#1881 = DIRECTION ( 'NONE',  ( 1.445602896647339410E-16, -1.000000000000000000, 0.000000000000000000 ) ) ;
#1882 = PRESENTATION_STYLE_ASSIGNMENT (( #654 ) ) ;
#1883 = CIRCLE ( 'NONE', #1718, 1.999999999999981348 ) ;
#1884 = DIRECTION ( 'NONE',  ( 1.000000000000000000, 0.000000000000000000, 0.000000000000000000 ) ) ;
#1885 = ORIENTED_EDGE ( 'NONE', *, *, #2462, .F. ) ;
#1886 = EDGE_CURVE ( 'NONE', #929, #2558, #1072, .T. ) ;
#1887 = DIRECTION ( 'NONE',  ( -1.000000000000000000, -0.000000000000000000, -0.000000000000000000 ) ) ;
#1888 = VECTOR ( 'NONE', #643, 1000.000000000000000 ) ;
#1889 = UNCERTAINTY_MEASURE_WITH_UNIT (LENGTH_MEASURE( 1.000000000000000082E-05 ), #541, 'distance_accuracy_value', 'NONE');
#1890 = ORIENTED_EDGE ( 'NONE', *, *, #1268, .F. ) ;
#1891 = CONICAL_SURFACE ( 'NONE', #2101, 5.000000000000001776, 0.7853981633974439491 ) ;
#1892 = DIRECTION ( 'NONE',  ( 1.000000000000000000, 0.000000000000000000, 0.000000000000000000 ) ) ;
#1893 = VECTOR ( 'NONE', #80, 1000.000000000000000 ) ;
#1894 = FACE_OUTER_BOUND ( 'NONE', #2487, .T. ) ;
#1895 = VECTOR ( 'NONE', #2471, 1000.000000000000000 ) ;
#1896 = SURFACE_STYLE_FILL_AREA ( #1034 ) ;
#1897 = ORIENTED_EDGE ( 'NONE', *, *, #820, .F. ) ;
#1898 = DIRECTION ( 'NONE',  ( 0.000000000000000000, 1.000000000000000000, 0.000000000000000000 ) ) ;
#1899 = ORIENTED_EDGE ( 'NONE', *, *, #1104, .T. ) ;
#1900 = CARTESIAN_POINT ( 'NONE',  ( 0.000000000000000000, 20.00000000000000000, 0.000000000000000000 ) ) ;
#1901 = FACE_BOUND ( 'NONE', #2023, .T. ) ;
#1902 = CARTESIAN_POINT ( 'NONE',  ( 0.000000000000000000, 0.000000000000000000, 3.100000000000000089 ) ) ;
#1903 = EDGE_CURVE ( 'NONE', #1934, #804, #196, .T. ) ;
#1904 = VERTEX_POINT ( 'NONE', #672 ) ;
#1905 = DIRECTION ( 'NONE',  ( 6.776263578034405178E-17, -1.000000000000000000, 0.000000000000000000 ) ) ;
#1906 = COLOUR_RGB ( '',0.8666666666666666963, 0.9098039215686274384, 1.000000000000000000 ) ;
#1907 = EDGE_CURVE ( 'NONE', #929, #2123, #1100, .T. ) ;
#1908 = DIRECTION ( 'NONE',  ( -1.000000000000000000, -0.000000000000000000, -0.000000000000000000 ) ) ;
#1909 = DIRECTION ( 'NONE',  ( -1.000000000000000000, -0.000000000000000000, -0.000000000000000000 ) ) ;
#1910 = DIRECTION ( 'NONE',  ( 1.000000000000000000, 0.000000000000000000, 0.000000000000000000 ) ) ;
#1911 = DIRECTION ( 'NONE',  ( 0.000000000000000000, 0.000000000000000000, -1.000000000000000000 ) ) ;
#1912 = CIRCLE ( 'NONE', #2376, 3.249999999999998668 ) ;
#1913 = VERTEX_POINT ( 'NONE', #514 ) ;
#1914 = CARTESIAN_POINT ( 'NONE',  ( 16.00000000000000000, 5.999999999999995559, 10.24999999999999645 ) ) ;
#1915 = ORIENTED_EDGE ( 'NONE', *, *, #1252, .T. ) ;
#1916 = DIRECTION ( 'NONE',  ( -1.445602896647339410E-16, -1.000000000000000000, 0.000000000000000000 ) ) ;
#1917 = CARTESIAN_POINT ( 'NONE',  ( -0.9249999999999971578, 27.69999999999999574, 8.500000000000000000 ) ) ;
#1918 = DIRECTION ( 'NONE',  ( 1.000000000000000000, 0.000000000000000000, 0.000000000000000000 ) ) ;
#1919 = CARTESIAN_POINT ( 'NONE',  ( 0.9250000000000007105, 25.42165795675087381, 14.00000000000000000 ) ) ;
#1920 = EDGE_LOOP ( 'NONE', ( #2562, #179 ) ) ;
#1921 = LINE ( 'NONE', #1380, #1272 ) ;
#1922 = UNCERTAINTY_MEASURE_WITH_UNIT (LENGTH_MEASURE( 1.000000000000000082E-05 ), #1408, 'distance_accuracy_value', 'NONE');
#1923 = DIRECTION ( 'NONE',  ( -1.000000000000000000, -1.445602896647339163E-16, 0.000000000000000000 ) ) ;
#1924 = CYLINDRICAL_SURFACE ( 'NONE', #1096, 5.000000000000001776 ) ;
#1925 = EDGE_CURVE ( 'NONE', #1294, #1145, #38, .T. ) ;
#1926 = PRODUCT_DEFINITION ( 'UNKNOWN', '', #1425, #60 ) ;
#1927 = ORIENTED_EDGE ( 'NONE', *, *, #1746, .F. ) ;
#1928 = DIRECTION ( 'NONE',  ( -0.7071067811865444641, 8.659560562354895880E-17, 0.7071067811865505703 ) ) ;
#1929 = ORIENTED_EDGE ( 'NONE', *, *, #571, .F. ) ;
#1930 = DIRECTION ( 'NONE',  ( 0.000000000000000000, 0.000000000000000000, -1.000000000000000000 ) ) ;
#1931 = SHAPE_REPRESENTATION ( 'socket head cap screw_din_DIN 912 M4 x 12 --- 12N', ( #240 ), #457 ) ;
#1932 = FILL_AREA_STYLE ('',( #1529 ) ) ;
#1933 = DIRECTION ( 'NONE',  ( 0.000000000000000000, 0.000000000000000000, -1.000000000000000000 ) ) ;
#1934 = VERTEX_POINT ( 'NONE', #852 ) ;
#1935 = CARTESIAN_POINT ( 'NONE',  ( 0.9250000000000004885, 27.69999999999999574, 6.999999999999999112 ) ) ;
#1936 = DIRECTION ( 'NONE',  ( -0.000000000000000000, 0.000000000000000000, -1.000000000000000000 ) ) ;
#1937 = AXIS2_PLACEMENT_3D ( 'NONE', #780, #1381, #563 ) ;
#1938 = VECTOR ( 'NONE', #858, 1000.000000000000000 ) ;
#1939 = AXIS2_PLACEMENT_3D ( 'NONE', #2096, #2281, #512 ) ;
#1940 = LINE ( 'NONE', #2131, #1771 ) ;
#1941 = CARTESIAN_POINT ( 'NONE',  ( 0.000000000000000000, 20.00000000000000000, 0.5000000000000065503 ) ) ;
#1942 = AXIS2_PLACEMENT_3D ( 'NONE', #302, #688, #1933 ) ;
#1943 = ORIENTED_EDGE ( 'NONE', *, *, #1110, .T. ) ;
#1944 = CARTESIAN_POINT ( 'NONE',  ( -20.50000000000000000, 5.499999999999995559, 0.000000000000000000 ) ) ;
#1945 = EDGE_CURVE ( 'NONE', #629, #570, #1608, .T. ) ;
#1946 = ORIENTED_EDGE ( 'NONE', *, *, #1761, .F. ) ;
#1947 = CARTESIAN_POINT ( 'NONE',  ( 5.000000000000001776, 20.00000000000000000, 13.49999999999999289 ) ) ;
#1948 = COLOUR_RGB ( '',0.8666666666666666963, 0.9098039215686274384, 1.000000000000000000 ) ;
#1949 = DIRECTION ( 'NONE',  ( 0.000000000000000000, 0.000000000000000000, -1.000000000000000000 ) ) ;
#1950 = CIRCLE ( 'NONE', #1421, 5.000000000000001776 ) ;
#1951 = VERTEX_POINT ( 'NONE', #2457 ) ;
#1952 = DIRECTION ( 'NONE',  ( 0.000000000000000000, 1.000000000000000000, 0.000000000000000000 ) ) ;
#1953 = ORIENTED_EDGE ( 'NONE', *, *, #1770, .F. ) ;
#1954 = FACE_OUTER_BOUND ( 'NONE', #14, .T. ) ;
#1955 = PRESENTATION_LAYER_ASSIGNMENT (  '', '', ( #2158 ) ) ;
#1956 = LINE ( 'NONE', #2334, #467 ) ;
#1957 = DIRECTION ( 'NONE',  ( -1.000000000000000000, -0.000000000000000000, -0.000000000000000000 ) ) ;
#1958 = AXIS2_PLACEMENT_3D ( 'NONE', #722, #2553, #2494 ) ;
#1959 = EDGE_LOOP ( 'NONE', ( #839, #2076, #2010 ) ) ;
#1960 = CARTESIAN_POINT ( 'NONE',  ( 9.000000000000000000, 32.29999999999999716, 0.000000000000000000 ) ) ;
#1961 = ORIENTED_EDGE ( 'NONE', *, *, #518, .T. ) ;
#1962 = DIRECTION ( 'NONE',  ( 0.000000000000000000, 0.000000000000000000, -1.000000000000000000 ) ) ;
#1963 = EDGE_CURVE ( 'NONE', #237, #2282, #1037, .T. ) ;
#1964 = EDGE_LOOP ( 'NONE', ( #1791, #2541, #1493, #2372 ) ) ;
#1965 = EDGE_CURVE ( 'NONE', #2228, #843, #557, .T. ) ;
#1966 = CARTESIAN_POINT ( 'NONE',  ( -0.9249999999999993783, 32.79999999999999716, 0.000000000000000000 ) ) ;
#1967 = ORIENTED_EDGE ( 'NONE', *, *, #1787, .T. ) ;
#1968 = EDGE_CURVE ( 'NONE', #1601, #1148, #2405, .T. ) ;
#1969 = EDGE_LOOP ( 'NONE', ( #1567, #1208, #1851, #255 ) ) ;
#1970 = CARTESIAN_POINT ( 'NONE',  ( 0.000000000000000000, -0.8717989064763369544, 1.509999999999997566 ) ) ;
#1971 = CARTESIAN_POINT ( 'NONE',  ( 2.000000000000000000, -1.307698359714502434, 0.7550000000000017808 ) ) ;
#1972 = EDGE_LOOP ( 'NONE', ( #1247, #2465, #1766, #72, #824, #2422 ) ) ;
#1973 = CARTESIAN_POINT ( 'NONE',  ( 0.000000000000000000, 20.00000000000000000, 13.49999999999999289 ) ) ;
#1974 = CARTESIAN_POINT ( 'NONE',  ( -0.9249999999999988232, 25.08314823554740158, 0.3334694226742347389 ) ) ;
#1975 = EDGE_CURVE ( 'NONE', #65, #694, #1912, .T. ) ;
#1976 = AXIS2_PLACEMENT_3D ( 'NONE', #1571, #964, #354 ) ;
#1977 = VERTEX_POINT ( 'NONE', #521 ) ;
#1978 = DIRECTION ( 'NONE',  ( 1.000000000000000000, 0.000000000000000000, 0.000000000000000000 ) ) ;
#1979 = LINE ( 'NONE', #1346, #1461 ) ;
#1980 = CONICAL_SURFACE ( 'NONE', #2390, 1.610000000000000098, 0.7853981633974047583 ) ;
#1981 = APPLICATION_PROTOCOL_DEFINITION ( 'draft international standard', 'automotive_design', 1998, #2532 ) ;
#1982 = MECHANICAL_DESIGN_GEOMETRIC_PRESENTATION_REPRESENTATION (  '', ( #363 ), #1144 ) ;
#1983 = VERTEX_POINT ( 'NONE', #347 ) ;
#1984 = VECTOR ( 'NONE', #2291, 1000.000000000000000 ) ;
#1985 = LINE ( 'NONE', #2578, #714 ) ;
#1986 = DIRECTION ( 'NONE',  ( 0.000000000000000000, 1.000000000000000000, 0.000000000000000000 ) ) ;
#1987 = EDGE_CURVE ( 'NONE', #2054, #507, #519, .T. ) ;
#1988 = ORIENTED_EDGE ( 'NONE', *, *, #323, .T. ) ;
#1989 = DIRECTION ( 'NONE',  ( 0.000000000000000000, 1.000000000000000000, -1.368001704148075613E-15 ) ) ;
#1990 = DIRECTION ( 'NONE',  ( 1.000000000000000000, 2.668805347656626678E-16, 0.000000000000000000 ) ) ;
#1991 = APPLICATION_PROTOCOL_DEFINITION ( 'draft international standard', 'automotive_design', 1998, #216 ) ;
#1992 = ORIENTED_EDGE ( 'NONE', *, *, #1907, .T. ) ;
#1993 = CIRCLE ( 'NONE', #138, 0.5000000000000004441 ) ;
#1994 = EDGE_CURVE ( 'NONE', #1423, #1067, #1151, .T. ) ;
#1995 = VECTOR ( 'NONE', #2021, 1000.000000000000000 ) ;
#1996 = FACE_OUTER_BOUND ( 'NONE', #504, .T. ) ;
#1997 = EDGE_LOOP ( 'NONE', ( #582, #1580, #1505, #1726 ) ) ;
#1998 = CARTESIAN_POINT ( 'NONE',  ( 2.000000000000000000, 0.8717989064763279616, -1.510000000000004006 ) ) ;
#1999 = DIRECTION ( 'NONE',  ( -1.000000000000000000, 0.000000000000000000, 0.000000000000000000 ) ) ;
#2000 = ORIENTED_EDGE ( 'NONE', *, *, #1458, .T. ) ;
#2001 = CARTESIAN_POINT ( 'NONE',  ( 5.000000000000001776, 20.00000000000000000, 0.000000000000000000 ) ) ;
#2002 = EDGE_CURVE ( 'NONE', #1148, #946, #910, .T. ) ;
#2003 = CARTESIAN_POINT ( 'NONE',  ( 16.00000000000000000, 5.499999999999996447, 4.250000000000001776 ) ) ;
#2004 = ORIENTED_EDGE ( 'NONE', *, *, #1104, .F. ) ;
#2005 = DIRECTION ( 'NONE',  ( 0.000000000000000000, 0.000000000000000000, 1.000000000000000000 ) ) ;
#2006 = DIRECTION ( 'NONE',  ( -0.7071067811865506814, 0.000000000000000000, 0.7071067811865443531 ) ) ;
#2007 = ORIENTED_EDGE ( 'NONE', *, *, #2556, .F. ) ;
#2008 = FACE_OUTER_BOUND ( 'NONE', #830, .T. ) ;
#2009 = EDGE_CURVE ( 'NONE', #1913, #2067, #1227, .T. ) ;
#2010 = ORIENTED_EDGE ( 'NONE', *, *, #1094, .F. ) ;
#2011 = DIRECTION ( 'NONE',  ( 1.000000000000000000, -0.000000000000000000, -0.000000000000000000 ) ) ;
#2012 = APPLICATION_PROTOCOL_DEFINITION ( 'draft international standard', 'automotive_design', 1998, #2310 ) ;
#2013 = AXIS2_PLACEMENT_3D ( 'NONE', #71, #1515, #1949 ) ;
#2014 = EDGE_CURVE ( 'NONE', #46, #1913, #1956, .T. ) ;
#2015 = DIRECTION ( 'NONE',  ( -0.000000000000000000, 0.000000000000000000, -1.000000000000000000 ) ) ;
#2016 = ORIENTED_EDGE ( 'NONE', *, *, #2273, .T. ) ;
#2017 = CIRCLE ( 'NONE', #402, 3.249999999999999556 ) ;
#2018 = CARTESIAN_POINT ( 'NONE',  ( -0.9249999999999988232, 25.42165795675087381, 14.00000000000000000 ) ) ;
#2019 = AXIS2_PLACEMENT_3D ( 'NONE', #2064, #2302, #487 ) ;
#2020 = ORIENTED_EDGE ( 'NONE', *, *, #849, .F. ) ;
#2021 = DIRECTION ( 'NONE',  ( 0.000000000000000000, 0.000000000000000000, -1.000000000000000000 ) ) ;
#2022 = UNCERTAINTY_MEASURE_WITH_UNIT (LENGTH_MEASURE( 1.000000000000000082E-05 ), #602, 'distance_accuracy_value', 'NONE');
#2023 = EDGE_LOOP ( 'NONE', ( #244, #2572 ) ) ;
#2024 = DIRECTION ( 'NONE',  ( 1.000000000000000000, 0.000000000000000000, 0.000000000000000000 ) ) ;
#2025 =( GEOMETRIC_REPRESENTATION_CONTEXT ( 3 ) GLOBAL_UNCERTAINTY_ASSIGNED_CONTEXT ( ( #1199 ) ) GLOBAL_UNIT_ASSIGNED_CONTEXT ( ( #1836, #1877, #1649 ) ) REPRESENTATION_CONTEXT ( 'NONE', 'WORKASPACE' ) );
#2026 = DIRECTION ( 'NONE',  ( 1.000000000000000000, -0.000000000000000000, -0.000000000000000000 ) ) ;
#2027 = VERTEX_POINT ( 'NONE', #2119 ) ;
#2028 = EDGE_CURVE ( 'NONE', #165, #1609, #124, .T. ) ;
#2029 = FACE_OUTER_BOUND ( 'NONE', #412, .T. ) ;
#2030 = ORIENTED_EDGE ( 'NONE', *, *, #2218, .F. ) ;
#2031 = EDGE_CURVE ( 'NONE', #1406, #352, #1323, .T. ) ;
#2032 = CARTESIAN_POINT ( 'NONE',  ( 9.000000000000000000, 32.29999999999999716, 14.00000000000000000 ) ) ;
#2033 = VECTOR ( 'NONE', #630, 1000.000000000000000 ) ;
#2034 = CARTESIAN_POINT ( 'NONE',  ( 18.75000000000000000, 5.499999999999996447, 7.000000000000000000 ) ) ;
#2035 = ORIENTED_EDGE ( 'NONE', *, *, #120, .T. ) ;
#2036 = CARTESIAN_POINT ( 'NONE',  ( -9.000000000000000000, 5.999999999999996447, 14.00000000000000000 ) ) ;
#2037 = EDGE_CURVE ( 'NONE', #585, #2054, #1570, .T. ) ;
#2038 = DIRECTION ( 'NONE',  ( 1.000000000000000000, -5.542247527082452823E-17, -0.000000000000000000 ) ) ;
#2039 = ORIENTED_EDGE ( 'NONE', *, *, #775, .F. ) ;
#2040 = LINE ( 'NONE', #433, #495 ) ;
#2041 = VERTEX_POINT ( 'NONE', #986 ) ;
#2042 = FACE_OUTER_BOUND ( 'NONE', #2238, .T. ) ;
#2043 = FACE_OUTER_BOUND ( 'NONE', #2153, .T. ) ;
#2044 = VERTEX_POINT ( 'NONE', #197 ) ;
#2045 = DIRECTION ( 'NONE',  ( -0.000000000000000000, 0.000000000000000000, 1.000000000000000000 ) ) ;
#2046 = VECTOR ( 'NONE', #1923, 1000.000000000000000 ) ;
#2047 = SHAPE_REPRESENTATION_RELATIONSHIP ( 'NONE' , 'NONE' ,  #1931, #572 ) ;
#2048 = FACE_OUTER_BOUND ( 'NONE', #738, .T. ) ;
#2049 = ORIENTED_EDGE ( 'NONE', *, *, #2556, .T. ) ;
#2050 = DIRECTION ( 'NONE',  ( 0.000000000000000000, 0.000000000000000000, -1.000000000000000000 ) ) ;
#2051 = DIRECTION ( 'NONE',  ( 0.000000000000000000, 0.000000000000000000, -1.000000000000000000 ) ) ;
#2052 = VECTOR ( 'NONE', #1630, 1000.000000000000114 ) ;
#2053 = VECTOR ( 'NONE', #2006, 1000.000000000000000 ) ;
#2054 = VERTEX_POINT ( 'NONE', #1281 ) ;
#2055 = DIRECTION ( 'NONE',  ( 0.000000000000000000, 0.000000000000000000, 1.000000000000000000 ) ) ;
#2056 = ADVANCED_FACE ( 'NONE', ( #2479 ), #2242, .F. ) ;
#2057 = AXIS2_PLACEMENT_3D ( 'NONE', #1367, #765, #1962 ) ;
#2058 = DIRECTION ( 'NONE',  ( 0.000000000000000000, 0.000000000000000000, -1.000000000000000000 ) ) ;
#2059 = PRESENTATION_LAYER_ASSIGNMENT (  '', '', ( #363 ) ) ;
#2060 = EDGE_CURVE ( 'NONE', #2552, #227, #1069, .T. ) ;
#2061 = VERTEX_POINT ( 'NONE', #1224 ) ;
#2062 = VECTOR ( 'NONE', #2547, 1000.000000000000000 ) ;
#2063 = VERTEX_POINT ( 'NONE', #1085 ) ;
#2064 = CARTESIAN_POINT ( 'NONE',  ( 4.200000000000001954, 0.000000000000000000, -2.199999999999990408 ) ) ;
#2065 = DIRECTION ( 'NONE',  ( 0.000000000000000000, 0.000000000000000000, 1.000000000000000000 ) ) ;
#2066 = DIRECTION ( 'NONE',  ( -1.000000000000000000, -0.000000000000000000, -0.000000000000000000 ) ) ;
#2067 = VERTEX_POINT ( 'NONE', #1829 ) ;
#2068 = CARTESIAN_POINT ( 'NONE',  ( 9.000000000000001776, 31.44999999999999929, 6.999999999999999112 ) ) ;
#2069 = EDGE_LOOP ( 'NONE', ( #1691, #2137 ) ) ;
#2070 = EDGE_CURVE ( 'NONE', #1662, #22, #422, .T. ) ;
#2071 = CARTESIAN_POINT ( 'NONE',  ( 0.3999999999999975797, 0.000000000000000000, 0.000000000000000000 ) ) ;
#2072 = DIRECTION ( 'NONE',  ( 0.000000000000000000, -1.000000000000000000, 0.000000000000000000 ) ) ;
#2073 = COLOUR_RGB ( '',0.7764705882352941346, 0.7568627450980391913, 0.7372549019607843590 ) ;
#2074 = CARTESIAN_POINT ( 'NONE',  ( -31.74999999999995737, 0.000000000000000000, 0.000000000000000000 ) ) ;
#2075 = AXIS2_PLACEMENT_3D ( 'NONE', #2320, #2557, #1911 ) ;
#2076 = ORIENTED_EDGE ( 'NONE', *, *, #965, .F. ) ;
#2077 = CARTESIAN_POINT ( 'NONE',  ( 0.000000000000000000, 20.00000000000000000, 0.000000000000000000 ) ) ;
#2078 =( NAMED_UNIT ( * ) SI_UNIT ( $, .STERADIAN. ) SOLID_ANGLE_UNIT ( ) );
#2079 = VERTEX_POINT ( 'NONE', #2255 ) ;
#2080 = DIRECTION ( 'NONE',  ( 0.000000000000000000, 0.000000000000000000, 1.000000000000000000 ) ) ;
#2081 = EDGE_CURVE ( 'NONE', #993, #605, #2335, .T. ) ;
#2082 = EDGE_LOOP ( 'NONE', ( #450, #2345 ) ) ;
#2083 = CARTESIAN_POINT ( 'NONE',  ( -16.00000000000000000, 5.499999999999989342, 7.000000000000000000 ) ) ;
#2084 = DIRECTION ( 'NONE',  ( 0.000000000000000000, 1.000000000000000000, 0.000000000000000000 ) ) ;
#2085 = ORIENTED_EDGE ( 'NONE', *, *, #1690, .T. ) ;
#2086 = CARTESIAN_POINT ( 'NONE',  ( 16.00000000000000000, 0.5000000000000041078, 7.000000000000000000 ) ) ;
#2087 = DIRECTION ( 'NONE',  ( 1.000000000000000000, 0.000000000000000000, 0.000000000000000000 ) ) ;
#2088 = ORIENTED_EDGE ( 'NONE', *, *, #1674, .T. ) ;
#2089 = FACE_OUTER_BOUND ( 'NONE', #1572, .T. ) ;
#2090 = EDGE_CURVE ( 'NONE', #146, #1495, #1417, .T. ) ;
#2091 = ORIENTED_EDGE ( 'NONE', *, *, #1066, .F. ) ;
#2092 = CARTESIAN_POINT ( 'NONE',  ( -5.000000000000001776, 20.00000000000000000, 13.49999999999999289 ) ) ;
#2093 = ORIENTED_EDGE ( 'NONE', *, *, #1110, .F. ) ;
#2094 = CARTESIAN_POINT ( 'NONE',  ( 2.000000000000000000, 0.8717989064763279616, -1.510000000000004006 ) ) ;
#2095 = PLANE ( 'NONE',  #1021 ) ;
#2096 = CARTESIAN_POINT ( 'NONE',  ( -9.000000000000000000, 32.79999999999999716, 14.00000000000000000 ) ) ;
#2097 = ORIENTED_EDGE ( 'NONE', *, *, #746, .T. ) ;
#2098 = CARTESIAN_POINT ( 'NONE',  ( 3.499999999999991118, 29.94999999999999574, 6.999999999999999112 ) ) ;
#2099 = AXIS2_PLACEMENT_3D ( 'NONE', #1429, #2239, #424 ) ;
#2100 = CARTESIAN_POINT ( 'NONE',  ( 16.00000000000000000, 0.5000000000000041078, 7.000000000000000000 ) ) ;
#2101 = AXIS2_PLACEMENT_3D ( 'NONE', #550, #2389, #540 ) ;
#2102 = CARTESIAN_POINT ( 'NONE',  ( 2.000000000000000000, 0.000000000000000000, 0.000000000000000000 ) ) ;
#2103 = AXIS2_PLACEMENT_3D ( 'NONE', #306, #1133, #1328 ) ;
#2104 = CARTESIAN_POINT ( 'NONE',  ( 0.000000000000000000, 20.00000000000000000, 13.49999999999999289 ) ) ;
#2105 = CIRCLE ( 'NONE', #1214, 1.999999999999990452 ) ;
#2106 = EDGE_LOOP ( 'NONE', ( #2510, #1093, #42, #396, #276, #2091 ) ) ;
#2107 = LINE ( 'NONE', #99, #2435 ) ;
#2108 = ORIENTED_EDGE ( 'NONE', *, *, #1663, .F. ) ;
#2109 = EDGE_CURVE ( 'NONE', #2274, #1762, #1474, .T. ) ;
#2110 = DIRECTION ( 'NONE',  ( 0.000000000000000000, 0.000000000000000000, 1.000000000000000000 ) ) ;
#2111 = ORIENTED_EDGE ( 'NONE', *, *, #1617, .F. ) ;
#2112 = CARTESIAN_POINT ( 'NONE',  ( 5.000000000000000888, 23.94999999999999218, 7.000000000000000000 ) ) ;
#2113 = AXIS2_PLACEMENT_3D ( 'NONE', #1865, #51, #2277 ) ;
#2114 = DIRECTION ( 'NONE',  ( -7.939237876324060868E-17, 1.000000000000000000, -0.000000000000000000 ) ) ;
#2115 = ADVANCED_FACE ( 'NONE', ( #2042 ), #956, .F. ) ;
#2116 = ORIENTED_EDGE ( 'NONE', *, *, #317, .T. ) ;
#2117 = STYLED_ITEM ( 'NONE', ( #1882 ), #2500 ) ;
#2118 = CARTESIAN_POINT ( 'NONE',  ( 9.000000000000000000, 5.999999999999996447, 14.00000000000000000 ) ) ;
#2119 = CARTESIAN_POINT ( 'NONE',  ( 5.000000000000000888, 31.44999999999999929, 6.999999999999999112 ) ) ;
#2120 = VECTOR ( 'NONE', #1209, 1000.000000000000000 ) ;
#2121 = LINE ( 'NONE', #1257, #580 ) ;
#2122 = EDGE_CURVE ( 'NONE', #1550, #1016, #840, .T. ) ;
#2123 = VERTEX_POINT ( 'NONE', #2032 ) ;
#2124 = DIRECTION ( 'NONE',  ( 0.000000000000000000, 0.7071067811865489050, 0.7071067811865460184 ) ) ;
#2125 = DIRECTION ( 'NONE',  ( 0.000000000000000000, -0.000000000000000000, 1.000000000000000000 ) ) ;
#2126 = CARTESIAN_POINT ( 'NONE',  ( 0.3999999999999975797, 0.000000000000000000, 3.100000000000000089 ) ) ;
#2127 = APPLICATION_CONTEXT ( 'automotive_design' ) ;
#2128 = ORIENTED_EDGE ( 'NONE', *, *, #2427, .T. ) ;
#2129 = CARTESIAN_POINT ( 'NONE',  ( 5.000000000000000888, 27.69999999999999574, 6.999999999999999112 ) ) ;
#2130 = DIRECTION ( 'NONE',  ( 1.000000000000000000, 0.000000000000000000, 0.000000000000000000 ) ) ;
#2131 = CARTESIAN_POINT ( 'NONE',  ( -31.74999999999995737, 0.000000000000000000, 1.999999999999990452 ) ) ;
#2132 = ORIENTED_EDGE ( 'NONE', *, *, #1816, .F. ) ;
#2133 = CARTESIAN_POINT ( 'NONE',  ( 9.000000000000000000, 5.999999999999996447, 0.000000000000000000 ) ) ;
#2134 = ORIENTED_EDGE ( 'NONE', *, *, #342, .F. ) ;
#2135 = DIRECTION ( 'NONE',  ( -1.000000000000000000, -0.000000000000000000, -0.000000000000000000 ) ) ;
#2136 = DIRECTION ( 'NONE',  ( 1.000000000000000000, 0.000000000000000000, 0.000000000000000000 ) ) ;
#2137 = ORIENTED_EDGE ( 'NONE', *, *, #1975, .T. ) ;
#2138 = DIRECTION ( 'NONE',  ( 0.000000000000000000, 0.000000000000000000, -1.000000000000000000 ) ) ;
#2139 = CARTESIAN_POINT ( 'NONE',  ( 0.9249999999999993783, 32.79999999999999716, 0.000000000000000000 ) ) ;
#2140 = VECTOR ( 'NONE', #2331, 1000.000000000000000 ) ;
#2141 = CARTESIAN_POINT ( 'NONE',  ( 2.000000000000000000, 1.743597812952665249, -5.854691731421723944E-15 ) ) ;
#2142 = EDGE_CURVE ( 'NONE', #2027, #343, #1872, .T. ) ;
#2143 = AXIS2_PLACEMENT_3D ( 'NONE', #669, #901, #2308 ) ;
#2144 = CIRCLE ( 'NONE', #1942, 2.199999999999990408 ) ;
#2145 = ADVANCED_FACE ( 'NONE', ( #219 ), #1029, .T. ) ;
#2146 = AXIS2_PLACEMENT_3D ( 'NONE', #2077, #284, #679 ) ;
#2147 = ORIENTED_EDGE ( 'NONE', *, *, #978, .F. ) ;
#2148 = CARTESIAN_POINT ( 'NONE',  ( 16.00000000000000000, 0.5000000000000041078, 9.749999999999998224 ) ) ;
#2149 = ORIENTED_EDGE ( 'NONE', *, *, #1945, .F. ) ;
#2150 = DIRECTION ( 'NONE',  ( 0.000000000000000000, 0.000000000000000000, -1.000000000000000000 ) ) ;
#2151 = CONICAL_SURFACE ( 'NONE', #940, 2.749999999999998224, 0.7853981633974461696 ) ;
#2152 = CARTESIAN_POINT ( 'NONE',  ( 20.50000000000000000, 5.499999999999995559, 14.00000000000000000 ) ) ;
#2153 = EDGE_LOOP ( 'NONE', ( #887, #1815, #163, #1709, #2338, #486, #1005, #999, #706, #1348, #48, #458, #1088, #1228, #1290, #671, #1509, #1158, #959, #2362, #1197, #86 ) ) ;
#2154 = LINE ( 'NONE', #1102, #2402 ) ;
#2155 = EDGE_LOOP ( 'NONE', ( #1738, #1806, #2128, #19, #2097, #697 ) ) ;
#2156 = CARTESIAN_POINT ( 'NONE',  ( 21.00000000000000000, -5.134331705425279291E-15, 14.00000000000000000 ) ) ;
#2157 = EDGE_CURVE ( 'NONE', #1399, #343, #1695, .T. ) ;
#2158 = STYLED_ITEM ( 'NONE', ( #1079 ), #572 ) ;
#2159 = VECTOR ( 'NONE', #2330, 1000.000000000000000 ) ;
#2160 = ORIENTED_EDGE ( 'NONE', *, *, #2481, .T. ) ;
#2161 = DIRECTION ( 'NONE',  ( 0.000000000000000000, 1.000000000000000000, 0.000000000000000000 ) ) ;
#2162 = DIRECTION ( 'NONE',  ( 0.000000000000000000, 0.000000000000000000, 1.000000000000000000 ) ) ;
#2163 = AXIS2_PLACEMENT_3D ( 'NONE', #1643, #1248, #2055 ) ;
#2164 = EDGE_LOOP ( 'NONE', ( #1192, #2175, #499, #2327 ) ) ;
#2165 = CARTESIAN_POINT ( 'NONE',  ( -9.000000000000000000, 6.499999999999996447, 14.00000000000000000 ) ) ;
#2166 = AXIS2_PLACEMENT_3D ( 'NONE', #1935, #334, #691 ) ;
#2167 = CARTESIAN_POINT ( 'NONE',  ( -16.00000000000000000, 0.4999999999999988343, 9.749999999999998224 ) ) ;
#2168 = CARTESIAN_POINT ( 'NONE',  ( -16.00000000000000000, -5.134331705425279291E-15, 7.000000000000000000 ) ) ;
#2169 = ORIENTED_EDGE ( 'NONE', *, *, #1310, .T. ) ;
#2170 = LINE ( 'NONE', #549, #2267 ) ;
#2171 = CARTESIAN_POINT ( 'NONE',  ( -16.00000000000000000, 5.499999999999988454, 7.000000000000000000 ) ) ;
#2172 = ADVANCED_FACE ( 'NONE', ( #427 ), #1749, .F. ) ;
#2173 =( REPRESENTATION_RELATIONSHIP ('NONE','NONE', #639, #361 ) REPRESENTATION_RELATIONSHIP_WITH_TRANSFORMATION ( #2582 )SHAPE_REPRESENTATION_RELATIONSHIP( ) );
#2174 = PRODUCT_DEFINITION_SHAPE ( 'NONE', 'NONE',  #644 ) ;
#2175 = ORIENTED_EDGE ( 'NONE', *, *, #1443, .T. ) ;
#2176 = EDGE_CURVE ( 'NONE', #227, #773, #591, .T. ) ;
#2177 = DIRECTION ( 'NONE',  ( 0.000000000000000000, 0.7071067811865502373, 0.7071067811865447972 ) ) ;
#2178 = ORIENTED_EDGE ( 'NONE', *, *, #1030, .F. ) ;
#2179 = AXIS2_PLACEMENT_3D ( 'NONE', #1739, #723, #2513 ) ;
#2180 = CIRCLE ( 'NONE', #1044, 5.000000000000001776 ) ;
#2181 = VERTEX_POINT ( 'NONE', #236 ) ;
#2182 = DIRECTION ( 'NONE',  ( 0.000000000000000000, 0.000000000000000000, -1.000000000000000000 ) ) ;
#2183 = DIRECTION ( 'NONE',  ( -1.000000000000000000, -7.939237876324030053E-17, 0.000000000000000000 ) ) ;
#2184 = EDGE_CURVE ( 'NONE', #2274, #2061, #1856, .T. ) ;
#2185 = AXIS2_PLACEMENT_3D ( 'NONE', #2171, #969, #1790 ) ;
#2186 = VECTOR ( 'NONE', #1707, 1000.000000000000114 ) ;
#2187 = ORIENTED_EDGE ( 'NONE', *, *, #561, .F. ) ;
#2188 = DIRECTION ( 'NONE',  ( 1.000000000000000000, 0.000000000000000000, 0.000000000000000000 ) ) ;
#2189 = VECTOR ( 'NONE', #2182, 1000.000000000000000 ) ;
#2190 = CARTESIAN_POINT ( 'NONE',  ( 0.000000000000000000, 20.00000000000000000, 0.000000000000000000 ) ) ;
#2191 = ORIENTED_EDGE ( 'NONE', *, *, #1364, .F. ) ;
#2192 = ADVANCED_FACE ( 'NONE', ( #2270 ), #2497, .T. ) ;
#2193 = COLOUR_RGB ( '',0.8666666666666666963, 0.9098039215686274384, 1.000000000000000000 ) ;
#2194 = DIRECTION ( 'NONE',  ( 1.000000000000000000, 0.000000000000000000, -0.000000000000000000 ) ) ;
#2195 = ORIENTED_EDGE ( 'NONE', *, *, #2605, .T. ) ;
#2196 = PRESENTATION_STYLE_ASSIGNMENT (( #796 ) ) ;
#2197 = DIRECTION ( 'NONE',  ( 0.000000000000000000, -0.000000000000000000, 1.000000000000000000 ) ) ;
#2198 = VERTEX_POINT ( 'NONE', #452 ) ;
#2199 = VECTOR ( 'NONE', #2135, 1000.000000000000000 ) ;
#2200 = DIRECTION ( 'NONE',  ( -1.000000000000000000, -0.000000000000000000, -0.000000000000000000 ) ) ;
#2201 = DIRECTION ( 'NONE',  ( 1.000000000000000000, 0.000000000000000000, 0.000000000000000000 ) ) ;
#2202 = ORIENTED_EDGE ( 'NONE', *, *, #1579, .F. ) ;
#2203 = ADVANCED_FACE ( 'NONE', ( #872, #1671, #1703 ), #484, .F. ) ;
#2204 = ADVANCED_FACE ( 'NONE', ( #500 ), #1337, .F. ) ;
#2205 =( NAMED_UNIT ( * ) PLANE_ANGLE_UNIT ( ) SI_UNIT ( $, .RADIAN. ) );
#2206 = ORIENTED_EDGE ( 'NONE', *, *, #1607, .F. ) ;
#2207 = DIRECTION ( 'NONE',  ( -0.000000000000000000, 0.000000000000000000, -1.000000000000000000 ) ) ;
#2208 = FACE_OUTER_BOUND ( 'NONE', #128, .T. ) ;
#2209 = ORIENTED_EDGE ( 'NONE', *, *, #820, .T. ) ;
#2210 = DIRECTION ( 'NONE',  ( 1.000000000000000000, -5.542247527082452823E-17, 0.000000000000000000 ) ) ;
#2211 = DIRECTION ( 'NONE',  ( 1.000000000000000000, 0.000000000000000000, 0.000000000000000000 ) ) ;
#2212 = ORIENTED_EDGE ( 'NONE', *, *, #294, .F. ) ;
#2213 = DIRECTION ( 'NONE',  ( -1.000000000000000000, -0.000000000000000000, -0.000000000000000000 ) ) ;
#2214 = EDGE_CURVE ( 'NONE', #1123, #2493, #296, .T. ) ;
#2215 = FILL_AREA_STYLE ('',( #112 ) ) ;
#2216 = AXIS2_PLACEMENT_3D ( 'NONE', #1998, #2599, #155 ) ;
#2217 = ORIENTED_EDGE ( 'NONE', *, *, #401, .T. ) ;
#2218 = EDGE_CURVE ( 'NONE', #2472, #1627, #954, .T. ) ;
#2219 = DIRECTION ( 'NONE',  ( -1.000000000000000000, -1.445602896647339163E-16, 0.000000000000000000 ) ) ;
#2220 = AXIS2_PLACEMENT_3D ( 'NONE', #2074, #891, #1477 ) ;
#2221 = DIRECTION ( 'NONE',  ( -0.000000000000000000, -0.000000000000000000, -1.000000000000000000 ) ) ;
#2222 = EDGE_CURVE ( 'NONE', #880, #804, #987, .T. ) ;
#2223 = VERTEX_POINT ( 'NONE', #921 ) ;
#2224 = CARTESIAN_POINT ( 'NONE',  ( 0.000000000000000000, 0.8717989064763279616, -1.510000000000004006 ) ) ;
#2225 = AXIS2_PLACEMENT_3D ( 'NONE', #2521, #1097, #132 ) ;
#2226 = CARTESIAN_POINT ( 'NONE',  ( 21.00000000000000000, 0.5000000000000088818, 14.00000000000000000 ) ) ;
#2227 = B_SPLINE_CURVE_WITH_KNOTS ( 'NONE', 3,
 ( #493, #1684, #1698, #525 ),
 .UNSPECIFIED., .F., .F.,
 ( 4, 4 ),
 ( 0.000000000000000000, 0.0007127613908441311633 ),
 .UNSPECIFIED. ) ;
#2228 = VERTEX_POINT ( 'NONE', #2112 ) ;
#2229 = VECTOR ( 'NONE', #443, 1000.000000000000114 ) ;
#2230 = DIRECTION ( 'NONE',  ( -0.000000000000000000, -1.000000000000000000, -0.000000000000000000 ) ) ;
#2231 = ADVANCED_FACE ( 'NONE', ( #1118 ), #41, .F. ) ;
#2232 = DIRECTION ( 'NONE',  ( 0.000000000000000000, 1.000000000000000000, 0.000000000000000000 ) ) ;
#2233 = PRODUCT_DEFINITION_FORMATION_WITH_SPECIFIED_SOURCE ( 'ANY', '', #1832, .NOT_KNOWN. ) ;
#2234 = EDGE_LOOP ( 'NONE', ( #2482, #2504, #114, #1331, #2446 ) ) ;
#2235 = CARTESIAN_POINT ( 'NONE',  ( -16.00000000000000000, -5.134331705425279291E-15, 7.000000000000000000 ) ) ;
#2236 = CIRCLE ( 'NONE', #1106, 3.249999999999999556 ) ;
#2237 = CYLINDRICAL_SURFACE ( 'NONE', #2575, 3.750000000000003553 ) ;
#2238 = EDGE_LOOP ( 'NONE', ( #2598, #1642, #1402, #536 ) ) ;
#2239 = DIRECTION ( 'NONE',  ( 1.000000000000000000, 0.000000000000000000, 0.000000000000000000 ) ) ;
#2240 = AXIS2_PLACEMENT_3D ( 'NONE', #90, #904, #919 ) ;
#2241 = ORIENTED_EDGE ( 'NONE', *, *, #1787, .F. ) ;
#2242 = PLANE ( 'NONE',  #1361 ) ;
#2243 = VECTOR ( 'NONE', #1456, 1000.000000000000000 ) ;
#2244 = CARTESIAN_POINT ( 'NONE',  ( -16.00000000000000000, -8.673617379884035472E-15, 7.000000000000000000 ) ) ;
#2245 = VERTEX_POINT ( 'NONE', #292 ) ;
#2246 = CARTESIAN_POINT ( 'NONE',  ( 2.000000000000000000, -0.8717989064763369544, 1.509999999999997566 ) ) ;
#2247 = DIRECTION ( 'NONE',  ( 1.000000000000000000, 0.000000000000000000, 0.000000000000000000 ) ) ;
#2248 = FACE_OUTER_BOUND ( 'NONE', #386, .T. ) ;
#2249 = ORIENTED_EDGE ( 'NONE', *, *, #2481, .F. ) ;
#2250 = EDGE_CURVE ( 'NONE', #2044, #1662, #888, .T. ) ;
#2251 = DIRECTION ( 'NONE',  ( 1.261617073437678640E-15, 0.000000000000000000, -1.000000000000000000 ) ) ;
#2252 = DIRECTION ( 'NONE',  ( 0.000000000000000000, 0.000000000000000000, -1.000000000000000000 ) ) ;
#2253 = ORIENTED_EDGE ( 'NONE', *, *, #1874, .F. ) ;
#2254 = ADVANCED_FACE ( 'NONE', ( #1503 ), #1545, .F. ) ;
#2255 = CARTESIAN_POINT ( 'NONE',  ( 16.00000000000000000, -5.134331705425279291E-15, 3.749999999999990230 ) ) ;
#2256 = CARTESIAN_POINT ( 'NONE',  ( 21.00000000000000000, -5.134331705425279291E-15, 0.000000000000000000 ) ) ;
#2257 = VERTEX_POINT ( 'NONE', #1491 ) ;
#2258 = CARTESIAN_POINT ( 'NONE',  ( -5.438961030678932218, 27.69999999999999574, 6.999999999999999112 ) ) ;
#2259 =( NAMED_UNIT ( * ) PLANE_ANGLE_UNIT ( ) SI_UNIT ( $, .RADIAN. ) );
#2260 = DIRECTION ( 'NONE',  ( 0.000000000000000000, 0.8660254037844379305, -0.5000000000000014433 ) ) ;
#2261 = ADVANCED_FACE ( 'NONE', ( #2312, #734 ), #1325, .F. ) ;
#2262 = ORIENTED_EDGE ( 'NONE', *, *, #2329, .F. ) ;
#2263 = DIRECTION ( 'NONE',  ( 0.000000000000000000, 1.000000000000000000, -0.000000000000000000 ) ) ;
#2264 = VECTOR ( 'NONE', #2051, 1000.000000000000000 ) ;
#2265 = CARTESIAN_POINT ( 'NONE',  ( 0.000000000000000000, 20.00000000000000000, 13.49999999999999289 ) ) ;
#2266 = LINE ( 'NONE', #448, #1586 ) ;
#2267 = VECTOR ( 'NONE', #968, 1000.000000000000000 ) ;
#2268 = VECTOR ( 'NONE', #69, 1000.000000000000000 ) ;
#2269 = VERTEX_POINT ( 'NONE', #2354 ) ;
#2270 = FACE_OUTER_BOUND ( 'NONE', #666, .T. ) ;
#2271 = CARTESIAN_POINT ( 'NONE',  ( -9.000000000000000000, 27.69999999999999574, 6.999999999999999112 ) ) ;
#2272 = CONICAL_SURFACE ( 'NONE', #1844, 3.250000000000001332, 0.7853981633974473908 ) ;
#2273 = EDGE_CURVE ( 'NONE', #2198, #1697, #318, .T. ) ;
#2274 = VERTEX_POINT ( 'NONE', #2298 ) ;
#2275 = VECTOR ( 'NONE', #865, 1000.000000000000000 ) ;
#2276 = DIRECTION ( 'NONE',  ( 0.000000000000000000, 0.000000000000000000, 1.000000000000000000 ) ) ;
#2277 = DIRECTION ( 'NONE',  ( 1.000000000000000000, 0.000000000000000000, 0.000000000000000000 ) ) ;
#2278 = DIRECTION ( 'NONE',  ( -0.000000000000000000, -1.000000000000000000, -0.000000000000000000 ) ) ;
#2279 = ORIENTED_EDGE ( 'NONE', *, *, #992, .F. ) ;
#2280 = LINE ( 'NONE', #2094, #2268 ) ;
#2281 = DIRECTION ( 'NONE',  ( 0.000000000000000000, -1.000000000000000000, 0.000000000000000000 ) ) ;
#2282 = VERTEX_POINT ( 'NONE', #104 ) ;
#2283 = CARTESIAN_POINT ( 'NONE',  ( 20.50000000000000000, 5.499999999999995559, 14.00000000000000000 ) ) ;
#2284 = AXIS2_PLACEMENT_3D ( 'NONE', #2139, #305, #2542 ) ;
#2285 = CARTESIAN_POINT ( 'NONE',  ( 21.00000000000000000, -5.134331705425279291E-15, 14.00000000000000000 ) ) ;
#2286 = AXIS2_PLACEMENT_3D ( 'NONE', #43, #1028, #856 ) ;
#2287 = CARTESIAN_POINT ( 'NONE',  ( 20.49999999999999645, 5.999999999999994671, 14.00000000000000000 ) ) ;
#2288 = DIRECTION ( 'NONE',  ( 1.000000000000000000, 0.000000000000000000, 0.000000000000000000 ) ) ;
#2289 = DIRECTION ( 'NONE',  ( 0.000000000000000000, 0.000000000000000000, 1.000000000000000000 ) ) ;
#2290 = VERTEX_POINT ( 'NONE', #530 ) ;
#2291 = DIRECTION ( 'NONE',  ( -0.000000000000000000, -1.000000000000000000, -0.000000000000000000 ) ) ;
#2292 = EDGE_LOOP ( 'NONE', ( #1651, #364, #1061, #2039, #1358 ) ) ;
#2293 = DIRECTION ( 'NONE',  ( -1.000000000000000000, 0.000000000000000000, 0.000000000000000000 ) ) ;
#2294 = CARTESIAN_POINT ( 'NONE',  ( 2.000000000000000000, 1.743597812952665249, -5.854691731421723944E-15 ) ) ;
#2295 = CARTESIAN_POINT ( 'NONE',  ( 0.9250000000000009326, 25.44999999999999218, 6.999999999999999112 ) ) ;
#2296 = DIRECTION ( 'NONE',  ( 1.261617073437678640E-15, 0.000000000000000000, 1.000000000000000000 ) ) ;
#2297 = ORIENTED_EDGE ( 'NONE', *, *, #261, .F. ) ;
#2298 = CARTESIAN_POINT ( 'NONE',  ( 2.000000000000000000, 1.743597812952665249, -5.854691731421723944E-15 ) ) ;
#2299 = DIRECTION ( 'NONE',  ( -0.000000000000000000, -0.000000000000000000, 1.000000000000000000 ) ) ;
#2300 = VERTEX_POINT ( 'NONE', #2098 ) ;
#2301 = EDGE_CURVE ( 'NONE', #851, #543, #2154, .T. ) ;
#2302 = DIRECTION ( 'NONE',  ( 0.000000000000000000, -1.000000000000000000, 0.000000000000000000 ) ) ;
#2303 = ADVANCED_FACE ( 'NONE', ( #1717, #1350 ), #1146, .F. ) ;
#2304 = ORIENTED_EDGE ( 'NONE', *, *, #1233, .T. ) ;
#2305 = DIRECTION ( 'NONE',  ( -1.000000000000000000, -0.000000000000000000, -0.000000000000000000 ) ) ;
#2306 = ORIENTED_EDGE ( 'NONE', *, *, #618, .F. ) ;
#2307 = CARTESIAN_POINT ( 'NONE',  ( 16.00000000000000000, 0.000000000000000000, 1.610000000000000098 ) ) ;
#2308 = DIRECTION ( 'NONE',  ( 0.000000000000000000, 0.000000000000000000, -1.000000000000000000 ) ) ;
#2309 = EDGE_CURVE ( 'NONE', #507, #1188, #953, .T. ) ;
#2310 = APPLICATION_CONTEXT ( 'automotive_design' ) ;
#2311 = ORIENTED_EDGE ( 'NONE', *, *, #657, .T. ) ;
#2312 = FACE_BOUND ( 'NONE', #471, .T. ) ;
#2313 = CIRCLE ( 'NONE', #1506, 3.500000000000000000 ) ;
#2314 = UNCERTAINTY_MEASURE_WITH_UNIT (LENGTH_MEASURE( 1.000000000000000082E-05 ), #864, 'distance_accuracy_value', 'NONE');
#2315 = DIRECTION ( 'NONE',  ( 1.000000000000000000, 0.000000000000000000, 0.000000000000000000 ) ) ;
#2316 = CIRCLE ( 'NONE', #2431, 2.749999999999998224 ) ;
#2317 = EDGE_LOOP ( 'NONE', ( #2160, #1613, #1071, #1897 ) ) ;
#2318 = CIRCLE ( 'NONE', #1347, 0.5000000000000004441 ) ;
#2319 = DIRECTION ( 'NONE',  ( -1.000000000000000000, -0.000000000000000000, -0.000000000000000000 ) ) ;
#2320 = CARTESIAN_POINT ( 'NONE',  ( -16.00000000000000000, 5.499999999999989342, 7.000000000000000000 ) ) ;
#2321 = CONICAL_SURFACE ( 'NONE', #1179, 2.749999999999998224, 0.7853981633974461696 ) ;
#2322 = DIRECTION ( 'NONE',  ( 0.000000000000000000, 0.000000000000000000, 1.000000000000000000 ) ) ;
#2323 = ORIENTED_EDGE ( 'NONE', *, *, #2498, .T. ) ;
#2324 = FACE_BOUND ( 'NONE', #2082, .T. ) ;
#2325 = CARTESIAN_POINT ( 'NONE',  ( 2.000000000000000000, 2.615396719428997319, -1.510000000000005782 ) ) ;
#2326 = VECTOR ( 'NONE', #145, 1000.000000000000000 ) ;
#2327 = ORIENTED_EDGE ( 'NONE', *, *, #26, .T. ) ;
#2328 = CARTESIAN_POINT ( 'NONE',  ( 9.000000000000000000, 5.999999999999996447, 14.00000000000000000 ) ) ;
#2329 = EDGE_CURVE ( 'NONE', #146, #1913, #1694, .T. ) ;
#2330 = DIRECTION ( 'NONE',  ( -0.000000000000000000, -0.000000000000000000, 1.000000000000000000 ) ) ;
#2331 = DIRECTION ( 'NONE',  ( -0.000000000000000000, -0.000000000000000000, 1.000000000000000000 ) ) ;
#2332 = AXIS2_PLACEMENT_3D ( 'NONE', #1360, #2188, #1403 ) ;
#2333 = DIRECTION ( 'NONE',  ( 1.000000000000000000, 0.000000000000000000, 0.000000000000000000 ) ) ;
#2334 = CARTESIAN_POINT ( 'NONE',  ( 0.9250000000000007105, 24.91369260332797353, 0.000000000000000000 ) ) ;
#2335 = CIRCLE ( 'NONE', #338, 1.610000000000000098 ) ;
#2336 = ORIENTED_EDGE ( 'NONE', *, *, #556, .T. ) ;
#2337 = DIRECTION ( 'NONE',  ( 0.000000000000000000, 0.4999999999999985567, -0.8660254037844394848 ) ) ;
#2338 = ORIENTED_EDGE ( 'NONE', *, *, #1132, .F. ) ;
#2339 = DIRECTION ( 'NONE',  ( 0.000000000000000000, 0.4999999999999987232, -0.8660254037844393737 ) ) ;
#2340 = CARTESIAN_POINT ( 'NONE',  ( -9.000000000000000000, 32.29999999999999716, 14.00000000000000000 ) ) ;
#2341 = EDGE_CURVE ( 'NONE', #617, #2533, #1921, .T. ) ;
#2342 = EDGE_LOOP ( 'NONE', ( #1008, #2396, #1056, #653, #1091 ) ) ;
#2343 = CARTESIAN_POINT ( 'NONE',  ( -21.00000000000000000, -5.134331705425279291E-15, 14.00000000000000000 ) ) ;
#2344 = ADVANCED_FACE ( 'NONE', ( #1784 ), #1159, .F. ) ;
#2345 = ORIENTED_EDGE ( 'NONE', *, *, #147, .T. ) ;
#2346 = LINE ( 'NONE', #692, #2046 ) ;
#2347 = ORIENTED_EDGE ( 'NONE', *, *, #1778, .F. ) ;
#2348 = DIRECTION ( 'NONE',  ( 0.7071067811865479058, 0.000000000000000000, -0.7071067811865472397 ) ) ;
#2349 = EDGE_LOOP ( 'NONE', ( #2093, #1288, #2415, #2132 ) ) ;
#2350 = LINE ( 'NONE', #170, #759 ) ;
#2351 = DIRECTION ( 'NONE',  ( 0.000000000000000000, -0.000000000000000000, 1.000000000000000000 ) ) ;
#2352 = EDGE_CURVE ( 'NONE', #315, #2453, #2596, .T. ) ;
#2353 = EDGE_LOOP ( 'NONE', ( #1855, #626, #1117, #1335, #1793 ) ) ;
#2354 = CARTESIAN_POINT ( 'NONE',  ( 3.499999999999991118, 27.69999999999999574, 4.749999999999996447 ) ) ;
#2355 = AXIS2_PLACEMENT_3D ( 'NONE', #137, #1936, #2130 ) ;
#2356 = DIRECTION ( 'NONE',  ( 0.000000000000000000, -0.5000000000000014433, -0.8660254037844379305 ) ) ;
#2357 = VECTOR ( 'NONE', #1169, 999.9999999999998863 ) ;
#2358 = VECTOR ( 'NONE', #2586, 1000.000000000000000 ) ;
#2359 = DIRECTION ( 'NONE',  ( -1.000000000000000000, -0.000000000000000000, -0.000000000000000000 ) ) ;
#2360 = EDGE_CURVE ( 'NONE', #1343, #545, #1993, .T. ) ;
#2361 = AXIS2_PLACEMENT_3D ( 'NONE', #1678, #2319, #2276 ) ;
#2362 = ORIENTED_EDGE ( 'NONE', *, *, #992, .T. ) ;
#2363 = DIRECTION ( 'NONE',  ( -0.000000000000000000, 0.8660254037844394848, 0.4999999999999985567 ) ) ;
#2364 = LINE ( 'NONE', #1565, #935 ) ;
#2365 = CIRCLE ( 'NONE', #979, 0.5000000000000004441 ) ;
#2366 = PRESENTATION_STYLE_ASSIGNMENT (( #1554 ) ) ;
#2367 = ORIENTED_EDGE ( 'NONE', *, *, #144, .T. ) ;
#2368 = CARTESIAN_POINT ( 'NONE',  ( 3.499999999999991118, 27.69999999999999574, 6.999999999999999112 ) ) ;
#2369 = PLANE ( 'NONE',  #2216 ) ;
#2370 = CIRCLE ( 'NONE', #726, 5.500000000000010658 ) ;
#2371 = EDGE_CURVE ( 'NONE', #352, #1125, #370, .T. ) ;
#2372 = ORIENTED_EDGE ( 'NONE', *, *, #2, .T. ) ;
#2373 = LINE ( 'NONE', #567, #1632 ) ;
#2374 = EDGE_CURVE ( 'NONE', #2027, #268, #2448, .T. ) ;
#2375 = CARTESIAN_POINT ( 'NONE',  ( -5.500000000000011546, 20.00000000000000000, 0.000000000000000000 ) ) ;
#2376 = AXIS2_PLACEMENT_3D ( 'NONE', #2168, #1753, #307 ) ;
#2377 = ORIENTED_EDGE ( 'NONE', *, *, #2002, .T. ) ;
#2378 = PLANE ( 'NONE',  #115 ) ;
#2379 = EDGE_CURVE ( 'NONE', #600, #1264, #899, .T. ) ;
#2380 = EDGE_LOOP ( 'NONE', ( #553, #2441, #821, #1129, #4 ) ) ;
#2381 = CARTESIAN_POINT ( 'NONE',  ( 15.60999999999998522, 2.449293598294689158E-16, -1.999999999999981348 ) ) ;
#2382 = DIRECTION ( 'NONE',  ( 0.000000000000000000, 0.000000000000000000, -1.000000000000000000 ) ) ;
#2383 = EDGE_LOOP ( 'NONE', ( #2020, #2584, #1317, #1596 ) ) ;
#2384 = EDGE_CURVE ( 'NONE', #1502, #1423, #1604, .T. ) ;
#2385 = DIRECTION ( 'NONE',  ( 0.000000000000000000, 0.000000000000000000, 1.000000000000000000 ) ) ;
#2386 = ITEM_DEFINED_TRANSFORMATION ( 'NONE', 'NONE', #511,  #240 ) ;
#2387 = VECTOR ( 'NONE', #8, 1000.000000000000000 ) ;
#2388 = ORIENTED_EDGE ( 'NONE', *, *, #2142, .T. ) ;
#2389 = DIRECTION ( 'NONE',  ( 0.000000000000000000, 0.000000000000000000, 1.000000000000000000 ) ) ;
#2390 = AXIS2_PLACEMENT_3D ( 'NONE', #464, #1712, #667 ) ;
#2391 = AXIS2_PLACEMENT_3D ( 'NONE', #581, #1004, #1800 ) ;
#2392 = EDGE_LOOP ( 'NONE', ( #1524, #2088, #291 ) ) ;
#2393 = DIRECTION ( 'NONE',  ( 0.000000000000000000, 1.000000000000000000, 0.000000000000000000 ) ) ;
#2394 = CIRCLE ( 'NONE', #2608, 1.610000000000000098 ) ;
#2395 = FACE_OUTER_BOUND ( 'NONE', #1563, .T. ) ;
#2396 = ORIENTED_EDGE ( 'NONE', *, *, #1322, .T. ) ;
#2397 = EDGE_CURVE ( 'NONE', #1163, #2079, #465, .T. ) ;
#2398 = COLOUR_RGB ( '',0.8666666666666666963, 0.9098039215686274384, 1.000000000000000000 ) ;
#2399 = DIRECTION ( 'NONE',  ( -7.939237876324060868E-17, 1.000000000000000000, -0.000000000000000000 ) ) ;
#2400 = VERTEX_POINT ( 'NONE', #446 ) ;
#2401 = DIRECTION ( 'NONE',  ( -0.000000000000000000, -0.000000000000000000, 1.000000000000000000 ) ) ;
#2402 = VECTOR ( 'NONE', #1905, 1000.000000000000000 ) ;
#2403 = DIRECTION ( 'NONE',  ( -1.000000000000000000, -7.939237876324030053E-17, 0.000000000000000000 ) ) ;
#2404 = ORIENTED_EDGE ( 'NONE', *, *, #18, .F. ) ;
#2405 = LINE ( 'NONE', #606, #737 ) ;
#2406 = VECTOR ( 'NONE', #905, 1000.000000000000000 ) ;
#2407 = ADVANCED_FACE ( 'NONE', ( #103 ), #277, .F. ) ;
#2408 = AXIS2_PLACEMENT_3D ( 'NONE', #2283, #1058, #2423 ) ;
#2409 = DIRECTION ( 'NONE',  ( 0.000000000000000000, 0.000000000000000000, 1.000000000000000000 ) ) ;
#2410 = ORIENTED_EDGE ( 'NONE', *, *, #1284, .F. ) ;
#2411 = CARTESIAN_POINT ( 'NONE',  ( -0.9249999999999988232, 25.42165795675088091, 0.000000000000000000 ) ) ;
#2412 = EDGE_CURVE ( 'NONE', #482, #1550, #529, .T. ) ;
#2413 = SURFACE_STYLE_FILL_AREA ( #2215 ) ;
#2414 = EDGE_CURVE ( 'NONE', #996, #2400, #177, .T. ) ;
#2415 = ORIENTED_EDGE ( 'NONE', *, *, #973, .F. ) ;
#2416 = DIRECTION ( 'NONE',  ( 1.000000000000000000, 1.445602896647339410E-16, 0.000000000000000000 ) ) ;
#2417 = DIRECTION ( 'NONE',  ( 1.000000000000000000, -0.000000000000000000, -0.000000000000000000 ) ) ;
#2418 = ORIENTED_EDGE ( 'NONE', *, *, #2081, .F. ) ;
#2419 = CARTESIAN_POINT ( 'NONE',  ( 2.000000000000000000, -0.8717989064763369544, 1.509999999999997566 ) ) ;
#2420 = ADVANCED_FACE ( 'NONE', ( #966 ), #1479, .F. ) ;
#2421 = CARTESIAN_POINT ( 'NONE',  ( -0.9249999999999988232, 25.08314823554739803, 13.66653057732576571 ) ) ;
#2422 = ORIENTED_EDGE ( 'NONE', *, *, #348, .T. ) ;
#2423 = DIRECTION ( 'NONE',  ( 1.000000000000000000, 0.000000000000000000, 0.000000000000000000 ) ) ;
#2424 = DIRECTION ( 'NONE',  ( 1.000000000000000000, 0.000000000000000000, 0.000000000000000000 ) ) ;
#2425 = VERTEX_POINT ( 'NONE', #790 ) ;
#2426 = LINE ( 'NONE', #2246, #760 ) ;
#2427 = EDGE_CURVE ( 'NONE', #1627, #2054, #398, .T. ) ;
#2428 = VECTOR ( 'NONE', #2177, 1000.000000000000000 ) ;
#2429 = DIRECTION ( 'NONE',  ( 0.000000000000000000, 0.000000000000000000, -1.000000000000000000 ) ) ;
#2430 = ORIENTED_EDGE ( 'NONE', *, *, #85, .T. ) ;
#2431 = AXIS2_PLACEMENT_3D ( 'NONE', #1583, #1155, #2382 ) ;
#2432 = DIRECTION ( 'NONE',  ( 0.000000000000000000, 0.000000000000000000, -1.000000000000000000 ) ) ;
#2433 = AXIS2_PLACEMENT_3D ( 'NONE', #1693, #1448, #663 ) ;
#2434 = ORIENTED_EDGE ( 'NONE', *, *, #2427, .F. ) ;
#2435 = VECTOR ( 'NONE', #2518, 1000.000000000000000 ) ;
#2436 = CARTESIAN_POINT ( 'NONE',  ( 0.9249999999999993783, 32.79999999999999716, 0.000000000000000000 ) ) ;
#2437 = UNCERTAINTY_MEASURE_WITH_UNIT (LENGTH_MEASURE( 1.000000000000000082E-05 ), #1332, 'distance_accuracy_value', 'NONE');
#2438 = CARTESIAN_POINT ( 'NONE',  ( -5.000000000000001776, 20.00000000000000000, 0.5000000000000065503 ) ) ;
#2439 = EDGE_CURVE ( 'NONE', #605, #1502, #1700, .T. ) ;
#2440 = AXIS2_PLACEMENT_3D ( 'NONE', #178, #933, #2520 ) ;
#2441 = ORIENTED_EDGE ( 'NONE', *, *, #597, .T. ) ;
#2442 = FILL_AREA_STYLE_COLOUR ( '', #1948 ) ;
#2443 =( GEOMETRIC_REPRESENTATION_CONTEXT ( 3 ) GLOBAL_UNCERTAINTY_ASSIGNED_CONTEXT ( ( #612 ) ) GLOBAL_UNIT_ASSIGNED_CONTEXT ( ( #1436, #696, #2078 ) ) REPRESENTATION_CONTEXT ( 'NONE', 'WORKASPACE' ) );
#2444 = ADVANCED_FACE ( 'NONE', ( #837 ), #337, .F. ) ;
#2445 = PLANE ( 'NONE',  #670 ) ;
#2446 = ORIENTED_EDGE ( 'NONE', *, *, #2477, .F. ) ;
#2447 = DIRECTION ( 'NONE',  ( 0.7071067811865477948, 0.7071067811865473507, -0.000000000000000000 ) ) ;
#2448 = CIRCLE ( 'NONE', #1270, 3.750000000000003553 ) ;
#2449 = ORIENTED_EDGE ( 'NONE', *, *, #889, .T. ) ;
#2450 = CARTESIAN_POINT ( 'NONE',  ( 4.200000000000001954, 0.000000000000000000, 0.000000000000000000 ) ) ;
#2451 = VECTOR ( 'NONE', #720, 1000.000000000000000 ) ;
#2452 = DIRECTION ( 'NONE',  ( 0.000000000000000000, -0.000000000000000000, 1.000000000000000000 ) ) ;
#2453 = VERTEX_POINT ( 'NONE', #1639 ) ;
#2454 = FACE_OUTER_BOUND ( 'NONE', #1997, .T. ) ;
#2455 = FACE_OUTER_BOUND ( 'NONE', #733, .T. ) ;
#2456 = ORIENTED_EDGE ( 'NONE', *, *, #677, .T. ) ;
#2457 = CARTESIAN_POINT ( 'NONE',  ( -16.00000000000000000, 5.999999999999995559, 10.25000000000000178 ) ) ;
#2458 = CARTESIAN_POINT ( 'NONE',  ( 16.00000000000000000, -5.134331705425279291E-15, 7.000000000000000000 ) ) ;
#2459 = SURFACE_SIDE_STYLE ('',( #1652 ) ) ;
#2460 = CARTESIAN_POINT ( 'NONE',  ( 2.871798906476347391, 0.000000000000000000, 0.000000000000000000 ) ) ;
#2461 = ORIENTED_EDGE ( 'NONE', *, *, #613, .T. ) ;
#2462 = EDGE_CURVE ( 'NONE', #1683, #585, #770, .T. ) ;
#2463 = CARTESIAN_POINT ( 'NONE',  ( 5.000000000000000888, 31.44999999999999929, 6.999999999999999112 ) ) ;
#2464 = CARTESIAN_POINT ( 'NONE',  ( -9.000000000000000000, 32.79999999999999716, 14.00000000000000000 ) ) ;
#2465 = ORIENTED_EDGE ( 'NONE', *, *, #1761, .T. ) ;
#2466 = DIRECTION ( 'NONE',  ( -1.694065894508601171E-16, 1.000000000000000000, -0.000000000000000000 ) ) ;
#2467 = ADVANCED_FACE ( 'NONE', ( #1685 ), #2095, .F. ) ;
#2468 = AXIS2_PLACEMENT_3D ( 'NONE', #2100, #2544, #281 ) ;
#2469 = SURFACE_SIDE_STYLE ('',( #863 ) ) ;
#2470 =( NAMED_UNIT ( * ) PLANE_ANGLE_UNIT ( ) SI_UNIT ( $, .RADIAN. ) );
#2471 = DIRECTION ( 'NONE',  ( -1.000000000000000000, -0.000000000000000000, -0.000000000000000000 ) ) ;
#2472 = VERTEX_POINT ( 'NONE', #1487 ) ;
#2473 = CARTESIAN_POINT ( 'NONE',  ( 2.000000000000000000, 1.849216666712503192E-16, -1.510000000000000009 ) ) ;
#2474 = CIRCLE ( 'NONE', #2013, 1.500000000000001332 ) ;
#2475 = DIRECTION ( 'NONE',  ( 0.000000000000000000, 0.000000000000000000, -1.000000000000000000 ) ) ;
#2476 = DIRECTION ( 'NONE',  ( -0.000000000000000000, 1.000000000000000000, 1.224646799147353207E-16 ) ) ;
#2477 = EDGE_CURVE ( 'NONE', #1123, #2300, #642, .T. ) ;
#2478 = EDGE_LOOP ( 'NONE', ( #2249, #2336, #2149, #2306 ) ) ;
#2479 = FACE_OUTER_BOUND ( 'NONE', #1959, .T. ) ;
#2480 = VECTOR ( 'NONE', #2466, 1000.000000000000000 ) ;
#2481 = EDGE_CURVE ( 'NONE', #2067, #1668, #2496, .T. ) ;
#2482 = ORIENTED_EDGE ( 'NONE', *, *, #2214, .T. ) ;
#2483 = CARTESIAN_POINT ( 'NONE',  ( 16.00000000000000000, 5.499999999999996447, 7.000000000000000000 ) ) ;
#2484 = AXIS2_PLACEMENT_3D ( 'NONE', #1450, #2278, #1466 ) ;
#2485 = DIRECTION ( 'NONE',  ( 0.000000000000000000, 0.000000000000000000, -1.000000000000000000 ) ) ;
#2486 = LINE ( 'NONE', #2118, #1893 ) ;
#2487 = EDGE_LOOP ( 'NONE', ( #1412, #522, #1822, #712, #420 ) ) ;
#2488 = DIRECTION ( 'NONE',  ( 0.000000000000000000, 0.000000000000000000, -1.000000000000000000 ) ) ;
#2489 = ORIENTED_EDGE ( 'NONE', *, *, #958, .F. ) ;
#2490 = LINE ( 'NONE', #1276, #1213 ) ;
#2491 = AXIS2_PLACEMENT_3D ( 'NONE', #2537, #731, #1757 ) ;
#2492 = FACE_OUTER_BOUND ( 'NONE', #1702, .T. ) ;
#2493 = VERTEX_POINT ( 'NONE', #2295 ) ;
#2494 = DIRECTION ( 'NONE',  ( 0.000000000000000000, 0.000000000000000000, -1.000000000000000000 ) ) ;
#2495 = ADVANCED_FACE ( 'NONE', ( #1901, #1665 ), #1114, .F. ) ;
#2496 = CIRCLE ( 'NONE', #378, 5.000000000000001776 ) ;
#2497 = TOROIDAL_SURFACE ( 'NONE', #1116, 3.100000000000000089, 0.4000000000000000222 ) ;
#2498 = EDGE_CURVE ( 'NONE', #2425, #1683, #1054, .T. ) ;
#2499 = LINE ( 'NONE', #1105, #1251 ) ;
#2500 = MANIFOLD_SOLID_BREP ( 'Hex', #356 ) ;
#2501 = DIRECTION ( 'NONE',  ( 0.000000000000000000, 0.000000000000000000, 1.000000000000000000 ) ) ;
#2502 = ADVANCED_FACE ( 'NONE', ( #526 ), #1853, .T. ) ;
#2503 = DIRECTION ( 'NONE',  ( -1.000000000000000000, -1.467190855955936692E-16, 9.334244717399066560E-17 ) ) ;
#2504 = ORIENTED_EDGE ( 'NONE', *, *, #1373, .T. ) ;
#2505 = PLANE ( 'NONE',  #1594 ) ;
#2506 = ORIENTED_EDGE ( 'NONE', *, *, #2412, .F. ) ;
#2507 = DIRECTION ( 'NONE',  ( -0.5000000000000053291, 1.060575238724903094E-16, -0.8660254037844354880 ) ) ;
#2508 = CARTESIAN_POINT ( 'NONE',  ( 2.000000000000000000, 2.615396719428997319, -1.510000000000005782 ) ) ;
#2509 = LINE ( 'NONE', #1715, #1675 ) ;
#2510 = ORIENTED_EDGE ( 'NONE', *, *, #2379, .F. ) ;
#2511 = EDGE_CURVE ( 'NONE', #2558, #2533, #1434, .T. ) ;
#2512 = DIRECTION ( 'NONE',  ( 0.000000000000000000, 0.000000000000000000, 1.000000000000000000 ) ) ;
#2513 = DIRECTION ( 'NONE',  ( 1.000000000000000000, -2.668805347656629637E-16, 0.000000000000000000 ) ) ;
#2514 = ORIENTED_EDGE ( 'NONE', *, *, #1670, .T. ) ;
#2515 = DIRECTION ( 'NONE',  ( 0.000000000000000000, 1.000000000000000000, 0.000000000000000000 ) ) ;
#2516 = DIRECTION ( 'NONE',  ( -1.000000000000000000, -0.000000000000000000, -0.000000000000000000 ) ) ;
#2517 = ORIENTED_EDGE ( 'NONE', *, *, #348, .F. ) ;
#2518 = DIRECTION ( 'NONE',  ( -0.000000000000000000, -0.000000000000000000, 1.000000000000000000 ) ) ;
#2519 = ORIENTED_EDGE ( 'NONE', *, *, #1903, .F. ) ;
#2520 = DIRECTION ( 'NONE',  ( -1.000000000000000000, 0.000000000000000000, 0.000000000000000000 ) ) ;
#2521 = CARTESIAN_POINT ( 'NONE',  ( 21.00000000000000000, -5.134331705425279291E-15, 14.00000000000000000 ) ) ;
#2522 = ORIENTED_EDGE ( 'NONE', *, *, #2009, .T. ) ;
#2523 = CARTESIAN_POINT ( 'NONE',  ( 0.9250000000000007105, 25.42165795675088091, 0.000000000000000000 ) ) ;
#2524 = AXIS2_PLACEMENT_3D ( 'NONE', #1857, #2424, #454 ) ;
#2525 = CIRCLE ( 'NONE', #1976, 3.500000000000000000 ) ;
#2526 = CARTESIAN_POINT ( 'NONE',  ( 9.000000000000000000, 32.29999999999999716, 14.00000000000000000 ) ) ;
#2527 = VECTOR ( 'NONE', #568, 1000.000000000000114 ) ;
#2528 = VECTOR ( 'NONE', #1063, 1000.000000000000000 ) ;
#2529 = CARTESIAN_POINT ( 'NONE',  ( 16.00000000000000000, 2.210487472460961112E-16, -1.610000000000000098 ) ) ;
#2530 = AXIS2_PLACEMENT_3D ( 'NONE', #834, #2221, #2607 ) ;
#2531 = EDGE_CURVE ( 'NONE', #1345, #1495, #313, .T. ) ;
#2532 = APPLICATION_CONTEXT ( 'automotive_design' ) ;
#2533 = VERTEX_POINT ( 'NONE', #1543 ) ;
#2534 = FACE_OUTER_BOUND ( 'NONE', #2478, .T. ) ;
#2535 = ORIENTED_EDGE ( 'NONE', *, *, #265, .F. ) ;
#2536 = PRODUCT_DEFINITION_FORMATION_WITH_SPECIFIED_SOURCE ( 'ANY', '', #1430, .NOT_KNOWN. ) ;
#2537 = CARTESIAN_POINT ( 'NONE',  ( -7.999999999999983125, 27.69999999999999574, 6.999999999999999112 ) ) ;
#2538 = ADVANCED_FACE ( 'NONE', ( #131 ), #387, .T. ) ;
#2539 = DIRECTION ( 'NONE',  ( -0.000000000000000000, -0.000000000000000000, 1.000000000000000000 ) ) ;
#2540 = STYLED_ITEM ( 'NONE', ( #188 ), #2587 ) ;
#2541 = ORIENTED_EDGE ( 'NONE', *, *, #252, .T. ) ;
#2542 = DIRECTION ( 'NONE',  ( -1.694065894508601171E-16, 1.000000000000000000, 0.000000000000000000 ) ) ;
#2543 = ORIENTED_EDGE ( 'NONE', *, *, #358, .F. ) ;
#2544 = DIRECTION ( 'NONE',  ( -0.000000000000000000, -1.000000000000000000, -0.000000000000000000 ) ) ;
#2545 = ADVANCED_FACE ( 'NONE', ( #949 ), #983, .F. ) ;
#2546 = EDGE_LOOP ( 'NONE', ( #2576, #1025, #262, #1788 ) ) ;
#2547 = DIRECTION ( 'NONE',  ( -1.000000000000000000, -0.000000000000000000, -0.000000000000000000 ) ) ;
#2548 = ORIENTED_EDGE ( 'NONE', *, *, #1490, .F. ) ;
#2549 = DIRECTION ( 'NONE',  ( -0.000000000000000000, -1.000000000000000000, -0.000000000000000000 ) ) ;
#2550 = CARTESIAN_POINT ( 'NONE',  ( 2.000000000000000000, 0.8717989064763279616, -1.510000000000004006 ) ) ;
#2551 = PLANE ( 'NONE',  #189 ) ;
#2552 = VERTEX_POINT ( 'NONE', #331 ) ;
#2553 = DIRECTION ( 'NONE',  ( 1.000000000000000000, 0.000000000000000000, 0.000000000000000000 ) ) ;
#2554 = ORIENTED_EDGE ( 'NONE', *, *, #95, .F. ) ;
#2555 = DIRECTION ( 'NONE',  ( -1.000000000000000000, -7.939237876324030053E-17, 0.000000000000000000 ) ) ;
#2556 = EDGE_CURVE ( 'NONE', #1032, #783, #1127, .T. ) ;
#2557 = DIRECTION ( 'NONE',  ( 0.000000000000000000, 1.000000000000000000, 0.000000000000000000 ) ) ;
#2558 = VERTEX_POINT ( 'NONE', #1595 ) ;
#2559 = CARTESIAN_POINT ( 'NONE',  ( -31.74999999999995737, 4.286263797015736595E-16, -3.500000000000000000 ) ) ;
#2560 = FACE_OUTER_BOUND ( 'NONE', #1099, .T. ) ;
#2561 = SURFACE_STYLE_FILL_AREA ( #1932 ) ;
#2562 = ORIENTED_EDGE ( 'NONE', *, *, #1023, .F. ) ;
#2563 = VECTOR ( 'NONE', #346, 1000.000000000000000 ) ;
#2564 = EDGE_CURVE ( 'NONE', #773, #1633, #1156, .T. ) ;
#2565 = CARTESIAN_POINT ( 'NONE',  ( 0.9250000000000007105, 25.42165795675088091, 0.000000000000000000 ) ) ;
#2566 = AXIS2_PLACEMENT_3D ( 'NONE', #875, #1676, #2485 ) ;
#2567 = AXIS2_PLACEMENT_3D ( 'NONE', #1792, #2597, #1162 ) ;
#2568 = EDGE_CURVE ( 'NONE', #2223, #1934, #2579, .T. ) ;
#2569 = MANIFOLD_SOLID_BREP ( 'Скругление1', #542 ) ;
#2570 = CONICAL_SURFACE ( 'NONE', #498, 1.510000000000000009, 1.047197551196591636 ) ;
#2571 = CIRCLE ( 'NONE', #2146, 5.500000000000010658 ) ;
#2572 = ORIENTED_EDGE ( 'NONE', *, *, #1598, .T. ) ;
#2573 = CARTESIAN_POINT ( 'NONE',  ( -5.438961030678932218, 25.44999999999999218, 6.999999999999999112 ) ) ;
#2574 = FACE_OUTER_BOUND ( 'NONE', #2383, .T. ) ;
#2575 = AXIS2_PLACEMENT_3D ( 'NONE', #1231, #2038, #214 ) ;
#2576 = ORIENTED_EDGE ( 'NONE', *, *, #1184, .T. ) ;
#2577 = DIRECTION ( 'NONE',  ( 0.000000000000000000, -0.000000000000000000, 1.000000000000000000 ) ) ;
#2578 = CARTESIAN_POINT ( 'NONE',  ( 2.000000000000000000, -0.8717989064763411733, -1.510000000000002229 ) ) ;
#2579 = CIRCLE ( 'NONE', #2491, 1.500000000000001332 ) ;
#2580 = EDGE_LOOP ( 'NONE', ( #183, #812, #2554, #574 ) ) ;
#2581 = MECHANICAL_DESIGN_GEOMETRIC_PRESENTATION_REPRESENTATION (  '', ( #1390 ), #1059 ) ;
#2582 = ITEM_DEFINED_TRANSFORMATION ( 'NONE', 'NONE', #87,  #240 ) ;
#2583 = AXIS2_PLACEMENT_3D ( 'NONE', #2152, #916, #1999 ) ;
#2584 = ORIENTED_EDGE ( 'NONE', *, *, #1017, .T. ) ;
#2585 = DIRECTION ( 'NONE',  ( 0.000000000000000000, 0.000000000000000000, -1.000000000000000000 ) ) ;
#2586 = DIRECTION ( 'NONE',  ( 0.7071067811865444641, 0.000000000000000000, 0.7071067811865505703 ) ) ;
#2587 = ADVANCED_FACE ( 'NONE', ( #1398 ), #962, .F. ) ;
#2588 = AXIS2_PLACEMENT_3D ( 'NONE', #1130, #515, #2512 ) ;
#2589 = PRODUCT_DEFINITION ( 'UNKNOWN', '', #583, #647 ) ;
#2590 = VERTEX_POINT ( 'NONE', #1917 ) ;
#2591 = CARTESIAN_POINT ( 'NONE',  ( 2.000000000000000000, 0.000000000000000000, 0.000000000000000000 ) ) ;
#2592 = ADVANCED_FACE ( 'NONE', ( #272 ), #898, .T. ) ;
#2593 = ORIENTED_EDGE ( 'NONE', *, *, #1268, .T. ) ;
#2594 = DIRECTION ( 'NONE',  ( 6.776263578034405178E-17, -1.000000000000000000, 0.000000000000000000 ) ) ;
#2595 = EDGE_LOOP ( 'NONE', ( #159, #1446, #1845, #1223 ) ) ;
#2596 = LINE ( 'NONE', #1168, #1568 ) ;
#2597 = DIRECTION ( 'NONE',  ( -0.000000000000000000, -1.000000000000000000, -0.000000000000000000 ) ) ;
#2598 = ORIENTED_EDGE ( 'NONE', *, *, #1422, .F. ) ;
#2599 = DIRECTION ( 'NONE',  ( 0.000000000000000000, -9.949103302895099492E-16, -1.000000000000000000 ) ) ;
#2600 = CONICAL_SURFACE ( 'NONE', #1379, 5.500000000000011546, 0.7853981633974517207 ) ;
#2601 = CIRCLE ( 'NONE', #117, 2.199999999999990408 ) ;
#2602 = AXIS2_PLACEMENT_3D ( 'NONE', #1357, #341, #991 ) ;
#2603 = EDGE_LOOP ( 'NONE', ( #870, #2085, #444, #474 ) ) ;
#2604 = CARTESIAN_POINT ( 'NONE',  ( -21.00000000000000000, 27.69999999999999574, 6.999999999999999112 ) ) ;
#2605 = EDGE_CURVE ( 'NONE', #1188, #1951, #2236, .T. ) ;
#2606 = AXIS2_PLACEMENT_3D ( 'NONE', #2604, #2011, #1013 ) ;
#2607 = DIRECTION ( 'NONE',  ( 1.000000000000000000, 0.000000000000000000, 0.000000000000000000 ) ) ;
#2608 = AXIS2_PLACEMENT_3D ( 'NONE', #623, #21, #1427 ) ;
#2609 = EDGE_LOOP ( 'NONE', ( #1841, #2169, #763, #257, #2367 ) ) ;
#2610 = ORIENTED_EDGE ( 'NONE', *, *, #36, .F. ) ;
#2611 = NEXT_ASSEMBLY_USAGE_OCCURRENCE ( 'NAUO1', ' ', ' ', #644, #2589, $ ) ;
#2612 = NEXT_ASSEMBLY_USAGE_OCCURRENCE ( 'NAUO2', ' ', ' ', #2589, #1926, $ ) ;
#2613 = NEXT_ASSEMBLY_USAGE_OCCURRENCE ( 'NAUO3', ' ', ' ', #2589, #1736, $ ) ;
ENDSEC;
END-ISO-10303-21;
