ISO-10303-21;
HEADER;
FILE_DESCRIPTION (( 'STEP AP214' ),
    '1' );
FILE_NAME ('—борка1.STEP',
    '2025-01-23T14:33:51',
    ( '' ),
    ( '' ),
    'SwSTEP 2.0',
    'SolidWorks 2024',
    '' );
FILE_SCHEMA (( 'AUTOMOTIVE_DESIGN' ));
ENDSEC;

DATA;
#1 = CARTESIAN_POINT ( 'NONE',  ( -16.14999999999971081, -13.00000000000050449, 10.50000000000000000 ) ) ;
#2 = EDGE_CURVE ( 'NONE', #1443, #595, #305, .T. ) ;
#3 = CARTESIAN_POINT ( 'NONE',  ( 11.85000000000001563, 7.000000000000217604, 10.50000000000000000 ) ) ;
#4 = ORIENTED_EDGE ( 'NONE', *, *, #1336, .T. ) ;
#5 = DIRECTION ( 'NONE',  ( 0.000000000000000000, 0.000000000000000000, 1.000000000000000000 ) ) ;
#6 = EDGE_LOOP ( 'NONE', ( #1332, #991, #1133, #538 ) ) ;
#7 = EDGE_CURVE ( 'NONE', #960, #1457, #1250, .T. ) ;
#8 = DIRECTION ( 'NONE',  ( -0.000000000000000000, -0.000000000000000000, -1.000000000000000000 ) ) ;
#9 = ORIENTED_EDGE ( 'NONE', *, *, #159, .F. ) ;
#10 = DIRECTION ( 'NONE',  ( -0.7071067811865303643, -0.7071067811865646702, 8.659560562354845344E-17 ) ) ;
#11 = ORIENTED_EDGE ( 'NONE', *, *, #248, .F. ) ;
#12 = FACE_OUTER_BOUND ( 'NONE', #6, .T. ) ;
#13 = CARTESIAN_POINT ( 'NONE',  ( -11.84999999999999076, 6.999999999999888090, 10.50000000000000000 ) ) ;
#14 = DIRECTION ( 'NONE',  ( 1.000000000000000000, 0.000000000000000000, 0.000000000000000000 ) ) ;
#15 = EDGE_LOOP ( 'NONE', ( #454, #562, #689, #493 ) ) ;
#16 = CIRCLE ( 'NONE', #1021, 2.649999999999819167 ) ;
#17 = AXIS2_PLACEMENT_3D ( 'NONE', #1375, #1293, #540 ) ;
#18 = CARTESIAN_POINT ( 'NONE',  ( 14.00000000000028244, -12.50000000000012612, -10.50000000000000000 ) ) ;
#19 = VECTOR ( 'NONE', #93, 1000.000000000000114 ) ;
#20 = VERTEX_POINT ( 'NONE', #1354 ) ;
#21 = DIRECTION ( 'NONE',  ( 1.387778780781795930E-14, -1.000000000000000000, -0.000000000000000000 ) ) ;
#22 = DIRECTION ( 'NONE',  ( -1.000000000000000000, -1.371641818214220234E-14, 0.000000000000000000 ) ) ;
#23 = ORIENTED_EDGE ( 'NONE', *, *, #813, .T. ) ;
#24 = DIRECTION ( 'NONE',  ( -1.000000000000000000, -1.734723475976807341E-16, 0.000000000000000000 ) ) ;
#25 = CARTESIAN_POINT ( 'NONE',  ( -18.50000000000000000, 8.000000000000001776, 17.50000000000000000 ) ) ;
#26 = ORIENTED_EDGE ( 'NONE', *, *, #678, .T. ) ;
#27 = EDGE_LOOP ( 'NONE', ( #725, #350, #128, #1122 ) ) ;
#28 = DIRECTION ( 'NONE',  ( 1.387778780781445922E-16, 1.000000000000000000, -0.000000000000000000 ) ) ;
#29 = ORIENTED_EDGE ( 'NONE', *, *, #54, .T. ) ;
#30 = CARTESIAN_POINT ( 'NONE',  ( -20.00000000000000000, -6.999999999999999112, 17.50000000000000000 ) ) ;
#31 = DIRECTION ( 'NONE',  ( 1.387778780781805554E-14, -1.000000000000000000, -0.000000000000000000 ) ) ;
#32 = ORIENTED_EDGE ( 'NONE', *, *, #886, .F. ) ;
#33 = CARTESIAN_POINT ( 'NONE',  ( -18.50000000000000000, -4.999999999999999112, 17.50000000000000000 ) ) ;
#34 = ORIENTED_EDGE ( 'NONE', *, *, #1172, .F. ) ;
#35 = DIRECTION ( 'NONE',  ( 0.7071067811865496822, -0.7071067811865454633, 0.000000000000000000 ) ) ;
#36 = EDGE_CURVE ( 'NONE', #997, #555, #658, .T. ) ;
#37 = DIRECTION ( 'NONE',  ( 1.387778780782874460E-14, -1.000000000000000000, -0.000000000000000000 ) ) ;
#38 = VECTOR ( 'NONE', #1485, 1000.000000000000000 ) ;
#39 = CIRCLE ( 'NONE', #1195, 5.000000000000000000 ) ;
#40 = VECTOR ( 'NONE', #62, 1000.000000000000000 ) ;
#41 = ORIENTED_EDGE ( 'NONE', *, *, #1056, .T. ) ;
#42 = AXIS2_PLACEMENT_3D ( 'NONE', #106, #224, #1077 ) ;
#43 = ORIENTED_EDGE ( 'NONE', *, *, #904, .T. ) ;
#44 = FACE_OUTER_BOUND ( 'NONE', #923, .T. ) ;
#45 = ORIENTED_EDGE ( 'NONE', *, *, #1318, .F. ) ;
#46 = DIRECTION ( 'NONE',  ( -1.387778780781781415E-14, 1.000000000000000000, 0.000000000000000000 ) ) ;
#47 = CARTESIAN_POINT ( 'NONE',  ( -16.64999999999917790, -13.00000000000003553, -10.50000000000000000 ) ) ;
#48 = LINE ( 'NONE', #1010, #1380 ) ;
#49 = ORIENTED_EDGE ( 'NONE', *, *, #531, .T. ) ;
#50 = APPLICATION_PROTOCOL_DEFINITION ( 'draft international standard', 'automotive_design', 1998, #912 ) ;
#51 = PLANE ( 'NONE',  #156 ) ;
#52 = EDGE_CURVE ( 'NONE', #1005, #1350, #1141, .T. ) ;
#53 = ORIENTED_EDGE ( 'NONE', *, *, #785, .F. ) ;
#54 = EDGE_CURVE ( 'NONE', #20, #1119, #739, .T. ) ;
#55 = DIRECTION ( 'NONE',  ( 1.000000000000000000, 1.371641818214220234E-14, 0.000000000000000000 ) ) ;
#56 = CARTESIAN_POINT ( 'NONE',  ( -20.00000000000000000, -12.49999999999999822, -17.50000000000000000 ) ) ;
#57 = DIRECTION ( 'NONE',  ( 1.000000000000000000, 0.000000000000000000, 0.000000000000000000 ) ) ;
#58 = EDGE_LOOP ( 'NONE', ( #1525, #1198, #242, #396 ) ) ;
#59 = DIRECTION ( 'NONE',  ( 0.000000000000000000, 0.000000000000000000, 1.000000000000000000 ) ) ;
#60 = CARTESIAN_POINT ( 'NONE',  ( -5.000000000000018652, -1.838806884535415520E-13, -17.50000000000000000 ) ) ;
#61 = FACE_OUTER_BOUND ( 'NONE', #1232, .T. ) ;
#62 = DIRECTION ( 'NONE',  ( 0.000000000000000000, 0.000000000000000000, -1.000000000000000000 ) ) ;
#63 = ORIENTED_EDGE ( 'NONE', *, *, #369, .F. ) ;
#64 = CIRCLE ( 'NONE', #1402, 2.149999999999997247 ) ;
#65 = CIRCLE ( 'NONE', #1381, 2.149999999999997247 ) ;
#66 = CIRCLE ( 'NONE', #1450, 2.149999999999997247 ) ;
#67 = ORIENTED_EDGE ( 'NONE', *, *, #475, .T. ) ;
#68 = DIRECTION ( 'NONE',  ( 0.000000000000000000, 0.000000000000000000, 1.000000000000000000 ) ) ;
#69 = AXIS2_PLACEMENT_3D ( 'NONE', #768, #803, #291 ) ;
#70 = VERTEX_POINT ( 'NONE', #1273 ) ;
#71 = LINE ( 'NONE', #1390, #615 ) ;
#72 = DIRECTION ( 'NONE',  ( 1.000000000000000000, 0.000000000000000000, 0.000000000000000000 ) ) ;
#73 = ORIENTED_EDGE ( 'NONE', *, *, #1223, .F. ) ;
#74 = CARTESIAN_POINT ( 'NONE',  ( 7.500000000000003553, -12.99999999999999822, -17.50000000000000000 ) ) ;
#75 = ORIENTED_EDGE ( 'NONE', *, *, #954, .F. ) ;
#76 = CARTESIAN_POINT ( 'NONE',  ( -6.099999999999997868, -11.69999999999999929, 17.50000000000000000 ) ) ;
#77 = CARTESIAN_POINT ( 'NONE',  ( -13.99999999999971045, -13.00000000000047429, 10.50000000000000000 ) ) ;
#78 = CARTESIAN_POINT ( 'NONE',  ( 18.00000000000000000, 7.500000000000001776, 17.50000000000000000 ) ) ;
#79 = CARTESIAN_POINT ( 'NONE',  ( 14.00000000000001243, 7.000000000000246914, -10.50000000000000000 ) ) ;
#80 = ORIENTED_EDGE ( 'NONE', *, *, #655, .T. ) ;
#81 = ORIENTED_EDGE ( 'NONE', *, *, #143, .F. ) ;
#82 = FACE_OUTER_BOUND ( 'NONE', #438, .T. ) ;
#83 = DIRECTION ( 'NONE',  ( -1.000000000000000000, -1.371641818214223232E-14, 0.000000000000000000 ) ) ;
#84 = DIRECTION ( 'NONE',  ( 1.000000000000000000, 0.000000000000000000, 0.000000000000000000 ) ) ;
#85 = ORIENTED_EDGE ( 'NONE', *, *, #648, .T. ) ;
#86 = VECTOR ( 'NONE', #917, 1000.000000000000114 ) ;
#87 = VERTEX_POINT ( 'NONE', #1044 ) ;
#88 = CARTESIAN_POINT ( 'NONE',  ( -8.500000000000000000, 8.000000000000003553, -17.50000000000000000 ) ) ;
#89 = VECTOR ( 'NONE', #1506, 999.9999999999998863 ) ;
#90 = VECTOR ( 'NONE', #1288, 1000.000000000000000 ) ;
#91 = CIRCLE ( 'NONE', #1406, 2.649999999999819167 ) ;
#92 = AXIS2_PLACEMENT_3D ( 'NONE', #686, #1179, #565 ) ;
#93 = DIRECTION ( 'NONE',  ( -0.7071067811865300312, -0.7071067811865650032, 8.659560562354837948E-17 ) ) ;
#94 = FACE_OUTER_BOUND ( 'NONE', #378, .T. ) ;
#95 = VERTEX_POINT ( 'NONE', #428 ) ;
#96 = ADVANCED_FACE ( 'NONE', ( #200, #682, #1465 ), #397, .F. ) ;
#97 = EDGE_CURVE ( 'NONE', #693, #400, #1201, .T. ) ;
#98 = DIRECTION ( 'NONE',  ( -1.000000000000000000, -1.421904488505579654E-16, 0.000000000000000000 ) ) ;
#99 = ORIENTED_EDGE ( 'NONE', *, *, #1300, .T. ) ;
#100 = LINE ( 'NONE', #363, #843 ) ;
#101 = EDGE_CURVE ( 'NONE', #174, #534, #1315, .T. ) ;
#102 = CARTESIAN_POINT ( 'NONE',  ( 4.999999999999982236, -1.832683650539678763E-13, 17.50000000000000000 ) ) ;
#103 = LINE ( 'NONE', #574, #86 ) ;
#104 = LINE ( 'NONE', #342, #659 ) ;
#105 = DIRECTION ( 'NONE',  ( 1.387778780782874460E-14, -1.000000000000000000, -0.000000000000000000 ) ) ;
#106 = CARTESIAN_POINT ( 'NONE',  ( 18.00000000000000000, 7.500000000000001776, 17.50000000000000000 ) ) ;
#107 = CARTESIAN_POINT ( 'NONE',  ( -8.500000000000000000, 8.000000000000003553, 17.50000000000000000 ) ) ;
#108 = ORIENTED_EDGE ( 'NONE', *, *, #1305, .T. ) ;
#109 = CARTESIAN_POINT ( 'NONE',  ( 4.999999999999982236, -1.832683650539678763E-13, -17.50000000000000000 ) ) ;
#110 = CLOSED_SHELL ( 'NONE', ( #278, #1473, #671, #214, #939, #1438, #963, #472, #676, #439, #719, #462, #307, #204, #338, #96, #274, #216, #957, #614, #1451, #1294, #1082, #1067, #1258, #1431, #958, #1470, #476, #910, #172, #759, #162, #222, #832, #883, #948, #836, #621, #482, #499, #1445, #1177, #726, #661, #314, #225, #416 ) ) ;
#111 = VECTOR ( 'NONE', #1233, 1000.000000000000000 ) ;
#112 = CARTESIAN_POINT ( 'NONE',  ( 18.50000000000000000, -4.999999999999999112, 17.50000000000000000 ) ) ;
#113 = VECTOR ( 'NONE', #933, 1000.000000000000000 ) ;
#114 = DIRECTION ( 'NONE',  ( -1.391702203685997576E-14, 1.000000000000000000, -0.000000000000000000 ) ) ;
#115 = EDGE_LOOP ( 'NONE', ( #158, #937, #1297, #1140 ) ) ;
#116 = CARTESIAN_POINT ( 'NONE',  ( 0.000000000000000000, 0.000000000000000000, 0.000000000000000000 ) ) ;
#117 = CARTESIAN_POINT ( 'NONE',  ( -6.099999999999997868, -11.69999999999999929, 17.50000000000000000 ) ) ;
#118 = ORIENTED_EDGE ( 'NONE', *, *, #324, .F. ) ;
#119 =( NAMED_UNIT ( * ) PLANE_ANGLE_UNIT ( ) SI_UNIT ( $, .RADIAN. ) );
#120 = ORIENTED_EDGE ( 'NONE', *, *, #1282, .F. ) ;
#121 = DIRECTION ( 'NONE',  ( 0.7071067811865500152, -0.7071067811865451302, 0.000000000000000000 ) ) ;
#122 = CARTESIAN_POINT ( 'NONE',  ( -16.14999999999971791, -12.50000000000054357, -10.50000000000000000 ) ) ;
#123 = DIRECTION ( 'NONE',  ( 0.000000000000000000, 0.000000000000000000, 1.000000000000000000 ) ) ;
#124 = ORIENTED_EDGE ( 'NONE', *, *, #1497, .T. ) ;
#125 = PLANE ( 'NONE',  #978 ) ;
#126 = DIRECTION ( 'NONE',  ( 0.7999999999999997113, -0.6000000000000004219, 0.000000000000000000 ) ) ;
#127 = EDGE_LOOP ( 'NONE', ( #770, #741, #753, #628 ) ) ;
#128 = ORIENTED_EDGE ( 'NONE', *, *, #1072, .T. ) ;
#129 = CARTESIAN_POINT ( 'NONE',  ( 18.50000000000000000, -4.999999999999999112, 17.50000000000000000 ) ) ;
#130 = DIRECTION ( 'NONE',  ( 1.387778780782874460E-14, -1.000000000000000000, -0.000000000000000000 ) ) ;
#131 = VECTOR ( 'NONE', #782, 1000.000000000000000 ) ;
#132 = EDGE_LOOP ( 'NONE', ( #1089, #368, #469, #653 ) ) ;
#133 = AXIS2_PLACEMENT_3D ( 'NONE', #1509, #323, #442 ) ;
#134 = AXIS2_PLACEMENT_3D ( 'NONE', #1104, #478, #404 ) ;
#135 = AXIS2_PLACEMENT_3D ( 'NONE', #1230, #1351, #1114 ) ;
#136 = FACE_OUTER_BOUND ( 'NONE', #392, .T. ) ;
#137 = AXIS2_PLACEMENT_3D ( 'NONE', #952, #346, #1416 ) ;
#138 = ORIENTED_EDGE ( 'NONE', *, *, #1349, .T. ) ;
#139 = CARTESIAN_POINT ( 'NONE',  ( 5.000000000000000000, 12.99999999999999822, 17.50000000000000000 ) ) ;
#140 = EDGE_CURVE ( 'NONE', #849, #268, #1157, .T. ) ;
#141 = VERTEX_POINT ( 'NONE', #837 ) ;
#142 = DIRECTION ( 'NONE',  ( 1.387778780781805554E-14, -1.000000000000000000, -0.000000000000000000 ) ) ;
#143 = EDGE_CURVE ( 'NONE', #997, #178, #335, .T. ) ;
#144 = ORIENTED_EDGE ( 'NONE', *, *, #159, .T. ) ;
#145 =( LENGTH_UNIT ( ) NAMED_UNIT ( * ) SI_UNIT ( .MILLI., .METRE. ) );
#146 = CARTESIAN_POINT ( 'NONE',  ( 11.85000000000029274, -13.00000000000011546, 10.50000000000000000 ) ) ;
#147 = ORIENTED_EDGE ( 'NONE', *, *, #772, .F. ) ;
#148 = FACE_OUTER_BOUND ( 'NONE', #743, .T. ) ;
#149 = CARTESIAN_POINT ( 'NONE',  ( 0.000000000000000000, 0.000000000000000000, 17.50000000000000000 ) ) ;
#150 = ORIENTED_EDGE ( 'NONE', *, *, #736, .T. ) ;
#151 = ORIENTED_EDGE ( 'NONE', *, *, #603, .F. ) ;
#152 = CARTESIAN_POINT ( 'NONE',  ( 17.14999999999972147, 8.000000000000001776, 10.50000000000000000 ) ) ;
#153 = ORIENTED_EDGE ( 'NONE', *, *, #399, .F. ) ;
#154 = CARTESIAN_POINT ( 'NONE',  ( 20.00000000000000000, -6.999999999999999112, -17.50000000000000000 ) ) ;
#155 = CARTESIAN_POINT ( 'NONE',  ( -16.14999999999998792, 6.999999999999825917, 10.50000000000000000 ) ) ;
#156 = AXIS2_PLACEMENT_3D ( 'NONE', #280, #398, #889 ) ;
#157 = CONICAL_SURFACE ( 'NONE', #1051, 2.149999999999994138, 0.7853981633974547183 ) ;
#158 = ORIENTED_EDGE ( 'NONE', *, *, #1018, .F. ) ;
#159 = EDGE_CURVE ( 'NONE', #1330, #826, #1334, .T. ) ;
#160 = SHAPE_REPRESENTATION_RELATIONSHIP ( 'NONE' , 'NONE' ,  #662, #1346 ) ;
#161 = VECTOR ( 'NONE', #672, 1000.000000000000000 ) ;
#162 = ADVANCED_FACE ( 'NONE', ( #962 ), #715, .F. ) ;
#163 = CARTESIAN_POINT ( 'NONE',  ( 11.85000000000028564, -12.50000000000015810, 10.50000000000000000 ) ) ;
#164 = EDGE_CURVE ( 'NONE', #1108, #1222, #877, .T. ) ;
#165 = VERTEX_POINT ( 'NONE', #492 ) ;
#166 = DIRECTION ( 'NONE',  ( -0.000000000000000000, -0.000000000000000000, 1.000000000000000000 ) ) ;
#167 = DIRECTION ( 'NONE',  ( -1.387778780781242149E-14, 1.000000000000000000, 0.000000000000000000 ) ) ;
#168 = ORIENTED_EDGE ( 'NONE', *, *, #415, .T. ) ;
#169 = PLANE ( 'NONE',  #528 ) ;
#170 = DIRECTION ( 'NONE',  ( 1.387778780781795930E-14, -1.000000000000000000, -0.000000000000000000 ) ) ;
#171 = CARTESIAN_POINT ( 'NONE',  ( -20.00000000000000000, -12.49999999999999822, 17.50000000000000000 ) ) ;
#172 = ADVANCED_FACE ( 'NONE', ( #136 ), #1329, .F. ) ;
#173 = CARTESIAN_POINT ( 'NONE',  ( -18.00000000000000000, 7.500000000000001776, 17.50000000000000000 ) ) ;
#174 = VERTEX_POINT ( 'NONE', #1341 ) ;
#175 = DIRECTION ( 'NONE',  ( 1.000000000000000000, 0.000000000000000000, 0.000000000000000000 ) ) ;
#176 = EDGE_CURVE ( 'NONE', #206, #1443, #598, .T. ) ;
#177 = EDGE_CURVE ( 'NONE', #178, #1148, #1027, .T. ) ;
#178 = VERTEX_POINT ( 'NONE', #988 ) ;
#179 = CARTESIAN_POINT ( 'NONE',  ( 5.000000000000000000, 12.99999999999999822, -17.50000000000000000 ) ) ;
#180 = ORIENTED_EDGE ( 'NONE', *, *, #1420, .F. ) ;
#181 = LINE ( 'NONE', #679, #19 ) ;
#182 = DIRECTION ( 'NONE',  ( 1.000000000000000000, 1.374686528132840640E-14, 0.000000000000000000 ) ) ;
#183 = FILL_AREA_STYLE_COLOUR ( '', #945 ) ;
#184 = AXIS2_PLACEMENT_3D ( 'NONE', #455, #804, #98 ) ;
#185 = CONICAL_SURFACE ( 'NONE', #1502, 2.149999999999999023, 0.7853981633974571608 ) ;
#186 = PLANE ( 'NONE',  #184 ) ;
#187 = CONICAL_SURFACE ( 'NONE', #1079, 2.149999999999999023, 0.7853981633974571608 ) ;
#188 = AXIS2_PLACEMENT_3D ( 'NONE', #320, #1145, #182 ) ;
#189 = FACE_OUTER_BOUND ( 'NONE', #127, .T. ) ;
#190 = FACE_OUTER_BOUND ( 'NONE', #385, .T. ) ;
#191 = EDGE_CURVE ( 'NONE', #141, #852, #745, .T. ) ;
#192 = FACE_OUTER_BOUND ( 'NONE', #871, .T. ) ;
#193 = VERTEX_POINT ( 'NONE', #972 ) ;
#194 = ORIENTED_EDGE ( 'NONE', *, *, #1408, .F. ) ;
#195 = CARTESIAN_POINT ( 'NONE',  ( 18.50000000000000000, 7.500000000000001776, 17.50000000000000000 ) ) ;
#196 = EDGE_CURVE ( 'NONE', #1080, #304, #814, .T. ) ;
#197 = CARTESIAN_POINT ( 'NONE',  ( -13.99999999999971045, -13.00000000000047429, -10.50000000000000000 ) ) ;
#198 = CARTESIAN_POINT ( 'NONE',  ( 8.500000000000000000, 8.000000000000003553, 17.50000000000000000 ) ) ;
#199 = ORIENTED_EDGE ( 'NONE', *, *, #1422, .T. ) ;
#200 = FACE_BOUND ( 'NONE', #1255, .T. ) ;
#201 = ORIENTED_EDGE ( 'NONE', *, *, #362, .T. ) ;
#202 = DIRECTION ( 'NONE',  ( 1.000000000000000000, 0.000000000000000000, 0.000000000000000000 ) ) ;
#203 = CARTESIAN_POINT ( 'NONE',  ( -18.50000000000000000, -4.999999999999999112, -17.50000000000000000 ) ) ;
#204 = ADVANCED_FACE ( 'NONE', ( #471, #1428 ), #1231, .T. ) ;
#205 = LINE ( 'NONE', #688, #1290 ) ;
#206 = VERTEX_POINT ( 'NONE', #847 ) ;
#207 = PRODUCT_DEFINITION_SHAPE ( 'NONE', 'NONE',  #560 ) ;
#208 = ORIENTED_EDGE ( 'NONE', *, *, #792, .F. ) ;
#209 = DIRECTION ( 'NONE',  ( -0.7999999999999997113, -0.6000000000000004219, 0.000000000000000000 ) ) ;
#210 = CIRCLE ( 'NONE', #918, 3.150000000000204636 ) ;
#211 = VECTOR ( 'NONE', #744, 1000.000000000000000 ) ;
#212 = VECTOR ( 'NONE', #1521, 1000.000000000000000 ) ;
#213 = AXIS2_PLACEMENT_3D ( 'NONE', #440, #698, #466 ) ;
#214 = ADVANCED_FACE ( 'NONE', ( #1121 ), #998, .F. ) ;
#215 = DIRECTION ( 'NONE',  ( -0.6000000000000004219, -0.7999999999999997113, 0.000000000000000000 ) ) ;
#216 = ADVANCED_FACE ( 'NONE', ( #723 ), #1207, .F. ) ;
#217 = CARTESIAN_POINT ( 'NONE',  ( -13.99999999999971045, -13.00000000000000000, -10.50000000000000000 ) ) ;
#218 = ORIENTED_EDGE ( 'NONE', *, *, #2, .T. ) ;
#219 = FACE_OUTER_BOUND ( 'NONE', #1208, .T. ) ;
#220 = DIRECTION ( 'NONE',  ( -1.391702203685997576E-14, 1.000000000000000000, -0.000000000000000000 ) ) ;
#221 = EDGE_LOOP ( 'NONE', ( #1508, #1191, #1338, #390, #1234, #607, #41, #788, #348, #498, #1097, #784, #523, #857, #681, #414, #67, #99, #389, #622 ) ) ;
#222 = ADVANCED_FACE ( 'NONE', ( #190 ), #1009, .F. ) ;
#223 = FACE_OUTER_BOUND ( 'NONE', #1409, .T. ) ;
#224 = DIRECTION ( 'NONE',  ( 0.000000000000000000, 0.000000000000000000, 1.000000000000000000 ) ) ;
#225 = ADVANCED_FACE ( 'NONE', ( #61 ), #897, .T. ) ;
#226 = CARTESIAN_POINT ( 'NONE',  ( 18.00000000000000000, 7.500000000000001776, -17.50000000000000000 ) ) ;
#227 = ORIENTED_EDGE ( 'NONE', *, *, #1296, .F. ) ;
#228 = EDGE_CURVE ( 'NONE', #304, #555, #1374, .T. ) ;
#229 = VECTOR ( 'NONE', #733, 1000.000000000000000 ) ;
#230 = AXIS2_PLACEMENT_3D ( 'NONE', #821, #494, #718 ) ;
#231 = AXIS2_PLACEMENT_3D ( 'NONE', #326, #1325, #57 ) ;
#232 = PLANE ( 'NONE',  #293 ) ;
#233 = ORIENTED_EDGE ( 'NONE', *, *, #1426, .F. ) ;
#234 = AXIS2_PLACEMENT_3D ( 'NONE', #1144, #987, #55 ) ;
#235 = DIRECTION ( 'NONE',  ( -1.000000000000000000, -1.371641818214220234E-14, 0.000000000000000000 ) ) ;
#236 = FACE_OUTER_BOUND ( 'NONE', #699, .T. ) ;
#237 = CARTESIAN_POINT ( 'NONE',  ( -18.50000000000000000, 7.500000000000001776, 17.50000000000000000 ) ) ;
#238 = DIRECTION ( 'NONE',  ( 1.000000000000000000, 0.000000000000000000, 0.000000000000000000 ) ) ;
#239 = ORIENTED_EDGE ( 'NONE', *, *, #655, .F. ) ;
#240 = CARTESIAN_POINT ( 'NONE',  ( 6.100000000000003197, -11.69999999999999751, 17.50000000000000000 ) ) ;
#241 = DIRECTION ( 'NONE',  ( 1.000000000000000000, 1.374686528132840640E-14, 0.000000000000000000 ) ) ;
#242 = ORIENTED_EDGE ( 'NONE', *, *, #1466, .T. ) ;
#243 = ORIENTED_EDGE ( 'NONE', *, *, #819, .F. ) ;
#244 = DIRECTION ( 'NONE',  ( -1.000000000000000000, -1.371641818214220234E-14, 0.000000000000000000 ) ) ;
#245 = CARTESIAN_POINT ( 'NONE',  ( -11.84999999999972076, -12.50000000000048495, 10.50000000000000000 ) ) ;
#246 = VERTEX_POINT ( 'NONE', #285 ) ;
#247 = CARTESIAN_POINT ( 'NONE',  ( -19.50000000000000000, -12.49999999999999822, 17.50000000000000000 ) ) ;
#248 = EDGE_CURVE ( 'NONE', #1222, #693, #310, .T. ) ;
#249 = CARTESIAN_POINT ( 'NONE',  ( -5.000000000000000000, 12.99999999999999822, 17.50000000000000000 ) ) ;
#250 = ORIENTED_EDGE ( 'NONE', *, *, #228, .T. ) ;
#251 = LINE ( 'NONE', #1433, #762 ) ;
#252 = EDGE_CURVE ( 'NONE', #364, #749, #1279, .T. ) ;
#253 = CARTESIAN_POINT ( 'NONE',  ( -14.00000000000000178, 8.000000000000001776, -10.50000000000000000 ) ) ;
#254 = EDGE_CURVE ( 'NONE', #299, #400, #1385, .T. ) ;
#255 = AXIS2_PLACEMENT_3D ( 'NONE', #1352, #765, #1247 ) ;
#256 = ORIENTED_EDGE ( 'NONE', *, *, #297, .T. ) ;
#257 = VECTOR ( 'NONE', #656, 1000.000000000000000 ) ;
#258 = MECHANICAL_DESIGN_GEOMETRIC_PRESENTATION_REPRESENTATION (  '', ( #611 ), #761 ) ;
#259 =( GEOMETRIC_REPRESENTATION_CONTEXT ( 3 ) GLOBAL_UNCERTAINTY_ASSIGNED_CONTEXT ( ( #724 ) ) GLOBAL_UNIT_ASSIGNED_CONTEXT ( ( #145, #654, #1123 ) ) REPRESENTATION_CONTEXT ( 'NONE', 'WORKASPACE' ) );
#260 = DIRECTION ( 'NONE',  ( -0.000000000000000000, -0.000000000000000000, -1.000000000000000000 ) ) ;
#261 = VECTOR ( 'NONE', #1361, 1000.000000000000000 ) ;
#262 = VECTOR ( 'NONE', #591, 999.9999999999998863 ) ;
#263 = ORIENTED_EDGE ( 'NONE', *, *, #1030, .T. ) ;
#264 = ORIENTED_EDGE ( 'NONE', *, *, #772, .T. ) ;
#265 = EDGE_CURVE ( 'NONE', #550, #684, #336, .T. ) ;
#266 = CARTESIAN_POINT ( 'NONE',  ( 14.00000000000001243, 7.000000000000246914, -10.50000000000000000 ) ) ;
#267 = CARTESIAN_POINT ( 'NONE',  ( 13.99999999999999822, 8.000000000000001776, 10.50000000000000000 ) ) ;
#268 = VERTEX_POINT ( 'NONE', #1270 ) ;
#269 = ORIENTED_EDGE ( 'NONE', *, *, #904, .F. ) ;
#270 = SHAPE_DEFINITION_REPRESENTATION ( #353, #662 ) ;
#271 = DIRECTION ( 'NONE',  ( 1.000000000000000000, 0.000000000000000000, 0.000000000000000000 ) ) ;
#272 = EDGE_LOOP ( 'NONE', ( #1161, #543, #11, #448 ) ) ;
#273 = CARTESIAN_POINT ( 'NONE',  ( -16.64999999999914593, -13.00000000000000000, -10.50000000000000000 ) ) ;
#274 = ADVANCED_FACE ( 'NONE', ( #1492 ), #673, .F. ) ;
#275 = ORIENTED_EDGE ( 'NONE', *, *, #1503, .F. ) ;
#276 = ORIENTED_EDGE ( 'NONE', *, *, #101, .F. ) ;
#277 = CARTESIAN_POINT ( 'NONE',  ( 996.7489301358025386, 1006.409766940549389, 996.8423446063967504 ) ) ;
#278 = ADVANCED_FACE ( 'NONE', ( #1261 ), #527, .F. ) ;
#279 = EDGE_LOOP ( 'NONE', ( #1320, #713, #151, #589 ) ) ;
#280 = CARTESIAN_POINT ( 'NONE',  ( 7.500000000000003553, -12.99999999999999822, 17.50000000000000000 ) ) ;
#281 = VERTEX_POINT ( 'NONE', #1139 ) ;
#282 = PRODUCT_RELATED_PRODUCT_CATEGORY ( 'part', '', ( #443 ) ) ;
#283 = VECTOR ( 'NONE', #685, 1000.000000000000000 ) ;
#284 = CYLINDRICAL_SURFACE ( 'NONE', #559, 2.149999999999999023 ) ;
#285 = CARTESIAN_POINT ( 'NONE',  ( -18.50000000000000000, -4.999999999999999112, -17.50000000000000000 ) ) ;
#286 = VECTOR ( 'NONE', #419, 1000.000000000000000 ) ;
#287 = VECTOR ( 'NONE', #850, 1000.000000000000000 ) ;
#288 = DIRECTION ( 'NONE',  ( 0.000000000000000000, 0.000000000000000000, -1.000000000000000000 ) ) ;
#289 = VECTOR ( 'NONE', #861, 999.9999999999998863 ) ;
#290 = ORIENTED_EDGE ( 'NONE', *, *, #531, .F. ) ;
#291 = DIRECTION ( 'NONE',  ( 0.000000000000000000, 0.000000000000000000, 1.000000000000000000 ) ) ;
#292 = EDGE_CURVE ( 'NONE', #332, #193, #64, .T. ) ;
#293 = AXIS2_PLACEMENT_3D ( 'NONE', #833, #701, #1404 ) ;
#294 = ORIENTED_EDGE ( 'NONE', *, *, #813, .F. ) ;
#295 = CARTESIAN_POINT ( 'NONE',  ( 16.15000000000027569, -12.50000000000009592, -10.50000000000000000 ) ) ;
#296 = CARTESIAN_POINT ( 'NONE',  ( -11.84999999999972076, -12.50000000000048495, -10.50000000000000000 ) ) ;
#297 = EDGE_CURVE ( 'NONE', #193, #516, #418, .T. ) ;
#298 = DIRECTION ( 'NONE',  ( -1.000000000000000000, -1.371641818214223232E-14, 0.000000000000000000 ) ) ;
#299 = VERTEX_POINT ( 'NONE', #56 ) ;
#300 = ORIENTED_EDGE ( 'NONE', *, *, #812, .T. ) ;
#301 = CARTESIAN_POINT ( 'NONE',  ( -18.00000000000000000, 7.500000000000001776, 17.50000000000000000 ) ) ;
#302 = DIRECTION ( 'NONE',  ( -1.387778780781781415E-14, 1.000000000000000000, 0.000000000000000000 ) ) ;
#303 = DIRECTION ( 'NONE',  ( 1.000000000000000000, 1.371641818214221339E-14, 0.000000000000000000 ) ) ;
#304 = VERTEX_POINT ( 'NONE', #640 ) ;
#305 = LINE ( 'NONE', #74, #1083 ) ;
#306 = CARTESIAN_POINT ( 'NONE',  ( -16.64999999999914593, -13.00000000000000000, 10.50000000000000000 ) ) ;
#307 = ADVANCED_FACE ( 'NONE', ( #394 ), #885, .F. ) ;
#308 = EDGE_CURVE ( 'NONE', #281, #1036, #1482, .T. ) ;
#309 = DIRECTION ( 'NONE',  ( -1.000000000000000000, 0.000000000000000000, 0.000000000000000000 ) ) ;
#310 = LINE ( 'NONE', #921, #668 ) ;
#311 = DIRECTION ( 'NONE',  ( -1.000000000000000000, -1.371641818214221339E-14, 0.000000000000000000 ) ) ;
#312 = ORIENTED_EDGE ( 'NONE', *, *, #736, .F. ) ;
#313 = AXIS2_PLACEMENT_3D ( 'NONE', #331, #209, #1401 ) ;
#314 = ADVANCED_FACE ( 'NONE', ( #941 ), #1180, .T. ) ;
#315 = CIRCLE ( 'NONE', #505, 2.149999999999999023 ) ;
#316 = LINE ( 'NONE', #76, #379 ) ;
#317 = EDGE_CURVE ( 'NONE', #996, #808, #822, .T. ) ;
#318 = AXIS2_PLACEMENT_3D ( 'NONE', #266, #46, #513 ) ;
#319 = LINE ( 'NONE', #811, #113 ) ;
#320 = CARTESIAN_POINT ( 'NONE',  ( -13.99999999999971045, -13.00000000000000000, 10.50000000000000000 ) ) ;
#321 = DIRECTION ( 'NONE',  ( -1.391702203685997576E-14, 1.000000000000000000, -0.000000000000000000 ) ) ;
#322 = ORIENTED_EDGE ( 'NONE', *, *, #1062, .F. ) ;
#323 = DIRECTION ( 'NONE',  ( -0.000000000000000000, -0.000000000000000000, -1.000000000000000000 ) ) ;
#324 = EDGE_CURVE ( 'NONE', #595, #807, #706, .T. ) ;
#325 = DIRECTION ( 'NONE',  ( -0.000000000000000000, -0.000000000000000000, 1.000000000000000000 ) ) ;
#326 = CARTESIAN_POINT ( 'NONE',  ( -19.50000000000000000, -12.49999999999999822, -17.50000000000000000 ) ) ;
#327 = EDGE_CURVE ( 'NONE', #95, #299, #1217, .T. ) ;
#328 = CARTESIAN_POINT ( 'NONE',  ( 14.00000000000028955, -13.00000000000008527, 10.50000000000000000 ) ) ;
#329 = ORIENTED_EDGE ( 'NONE', *, *, #1142, .F. ) ;
#330 = VERTEX_POINT ( 'NONE', #1434 ) ;
#331 = CARTESIAN_POINT ( 'NONE',  ( 20.00000000000000000, -6.999999999999999112, 17.50000000000000000 ) ) ;
#332 = VERTEX_POINT ( 'NONE', #13 ) ;
#333 = CARTESIAN_POINT ( 'NONE',  ( 20.00000000000000000, -13.00000000000000000, -17.50000000000000000 ) ) ;
#334 = CARTESIAN_POINT ( 'NONE',  ( -5.000000000000000000, 12.99999999999999822, -17.50000000000000000 ) ) ;
#335 = LINE ( 'NONE', #3, #1194 ) ;
#336 = CIRCLE ( 'NONE', #1215, 5.000000000000000000 ) ;
#337 = AXIS2_PLACEMENT_3D ( 'NONE', #301, #68, #271 ) ;
#338 = ADVANCED_FACE ( 'NONE', ( #1474, #532 ), #1095, .F. ) ;
#339 = FACE_OUTER_BOUND ( 'NONE', #447, .T. ) ;
#340 = AXIS2_PLACEMENT_3D ( 'NONE', #217, #680, #1035 ) ;
#341 = VECTOR ( 'NONE', #114, 1000.000000000000000 ) ;
#342 = CARTESIAN_POINT ( 'NONE',  ( -5.000000000000000000, 12.99999999999999822, 17.50000000000000000 ) ) ;
#343 = FACE_BOUND ( 'NONE', #879, .T. ) ;
#344 = CARTESIAN_POINT ( 'NONE',  ( 14.00000000000028955, -13.00000000000000000, -10.50000000000000000 ) ) ;
#345 = DIRECTION ( 'NONE',  ( -1.000000000000000000, -1.371641818214220234E-14, 0.000000000000000000 ) ) ;
#346 = DIRECTION ( 'NONE',  ( 0.000000000000000000, 0.000000000000000000, 1.000000000000000000 ) ) ;
#347 = FACE_OUTER_BOUND ( 'NONE', #1487, .T. ) ;
#348 = ORIENTED_EDGE ( 'NONE', *, *, #966, .T. ) ;
#349 = DIRECTION ( 'NONE',  ( 1.734723475976807341E-16, -1.000000000000000000, 0.000000000000000000 ) ) ;
#350 = ORIENTED_EDGE ( 'NONE', *, *, #786, .T. ) ;
#351 = FACE_OUTER_BOUND ( 'NONE', #132, .T. ) ;
#352 = PLANE ( 'NONE',  #815 ) ;
#353 = PRODUCT_DEFINITION_SHAPE ( 'NONE', 'NONE',  #894 ) ;
#354 = VECTOR ( 'NONE', #1396, 1000.000000000000000 ) ;
#355 =( GEOMETRIC_REPRESENTATION_CONTEXT ( 3 ) GLOBAL_UNCERTAINTY_ASSIGNED_CONTEXT ( ( #974 ) ) GLOBAL_UNIT_ASSIGNED_CONTEXT ( ( #827, #1209, #831 ) ) REPRESENTATION_CONTEXT ( 'NONE', 'WORKASPACE' ) );
#356 = CARTESIAN_POINT ( 'NONE',  ( -1.778091562876227587E-14, -1.838806884535415520E-13, -17.50000000000000000 ) ) ;
#357 = ORIENTED_EDGE ( 'NONE', *, *, #526, .F. ) ;
#358 = LINE ( 'NONE', #240, #795 ) ;
#359 = DIRECTION ( 'NONE',  ( 1.000000000000000000, 1.421904488505579654E-16, 0.000000000000000000 ) ) ;
#360 = ORIENTED_EDGE ( 'NONE', *, *, #1015, .T. ) ;
#361 = CARTESIAN_POINT ( 'NONE',  ( -16.14999999999998792, 6.999999999999825917, -10.50000000000000000 ) ) ;
#362 = EDGE_CURVE ( 'NONE', #730, #364, #1078, .T. ) ;
#363 = CARTESIAN_POINT ( 'NONE',  ( 11.85000000000029630, -13.00000000000011546, -10.50000000000000000 ) ) ;
#364 = VERTEX_POINT ( 'NONE', #122 ) ;
#365 = DIRECTION ( 'NONE',  ( -1.000000000000000000, 0.000000000000000000, 0.000000000000000000 ) ) ;
#366 = DIRECTION ( 'NONE',  ( -1.000000000000000000, -1.371641818214221339E-14, 0.000000000000000000 ) ) ;
#367 = EDGE_CURVE ( 'NONE', #330, #534, #210, .T. ) ;
#368 = ORIENTED_EDGE ( 'NONE', *, *, #1282, .T. ) ;
#369 = EDGE_CURVE ( 'NONE', #684, #900, #652, .T. ) ;
#370 = CYLINDRICAL_SURFACE ( 'NONE', #817, 0.5000000000000004441 ) ;
#371 = EDGE_LOOP ( 'NONE', ( #737, #929, #747, #1344 ) ) ;
#372 = CYLINDRICAL_SURFACE ( 'NONE', #382, 2.149999999999994138 ) ;
#373 = CARTESIAN_POINT ( 'NONE',  ( 11.35000000000043308, -13.00000000000003553, -10.50000000000000000 ) ) ;
#374 = VERTEX_POINT ( 'NONE', #899 ) ;
#375 = DIRECTION ( 'NONE',  ( 1.000000000000000000, 0.000000000000000000, 0.000000000000000000 ) ) ;
#376 = EDGE_CURVE ( 'NONE', #1108, #1330, #727, .T. ) ;
#377 = AXIS2_PLACEMENT_3D ( 'NONE', #149, #630, #1099 ) ;
#378 = EDGE_LOOP ( 'NONE', ( #1327, #1126, #150, #1272 ) ) ;
#379 = VECTOR ( 'NONE', #1168, 1000.000000000000000 ) ;
#380 = VECTOR ( 'NONE', #1363, 1000.000000000000000 ) ;
#381 = CARTESIAN_POINT ( 'NONE',  ( 16.65000000000014779, -12.99999999999996270, 10.50000000000000000 ) ) ;
#382 = AXIS2_PLACEMENT_3D ( 'NONE', #629, #1138, #645 ) ;
#383 = AXIS2_PLACEMENT_3D ( 'NONE', #107, #935, #1307 ) ;
#384 = VERTEX_POINT ( 'NONE', #522 ) ;
#385 = EDGE_LOOP ( 'NONE', ( #1091, #1106, #1331, #666 ) ) ;
#386 = CARTESIAN_POINT ( 'NONE',  ( 7.500000000000003553, -12.99999999999999822, 17.50000000000000000 ) ) ;
#387 = ORIENTED_EDGE ( 'NONE', *, *, #970, .F. ) ;
#388 = DIRECTION ( 'NONE',  ( -1.000000000000000000, -1.371641818214220234E-14, 0.000000000000000000 ) ) ;
#389 = ORIENTED_EDGE ( 'NONE', *, *, #7, .T. ) ;
#390 = ORIENTED_EDGE ( 'NONE', *, *, #580, .T. ) ;
#391 = DIRECTION ( 'NONE',  ( 1.387778780781795930E-14, -1.000000000000000000, -0.000000000000000000 ) ) ;
#392 = EDGE_LOOP ( 'NONE', ( #777, #227, #329, #263 ) ) ;
#393 = LINE ( 'NONE', #876, #405 ) ;
#394 = FACE_OUTER_BOUND ( 'NONE', #1287, .T. ) ;
#395 = FACE_OUTER_BOUND ( 'NONE', #892, .T. ) ;
#396 = ORIENTED_EDGE ( 'NONE', *, *, #601, .F. ) ;
#397 = PLANE ( 'NONE',  #383 ) ;
#398 = DIRECTION ( 'NONE',  ( 0.6804510993672779895, 0.7327934916262990317, -0.000000000000000000 ) ) ;
#399 = EDGE_CURVE ( 'NONE', #1036, #281, #315, .T. ) ;
#400 = VERTEX_POINT ( 'NONE', #610 ) ;
#401 = AXIS2_PLACEMENT_3D ( 'NONE', #1479, #409, #903 ) ;
#402 = LINE ( 'NONE', #444, #1292 ) ;
#403 = CIRCLE ( 'NONE', #756, 5.000000000000000000 ) ;
#404 = DIRECTION ( 'NONE',  ( 1.000000000000000000, 0.000000000000000000, -0.000000000000000000 ) ) ;
#405 = VECTOR ( 'NONE', #1008, 1000.000000000000000 ) ;
#406 = ORIENTED_EDGE ( 'NONE', *, *, #989, .T. ) ;
#407 = AXIS2_PLACEMENT_3D ( 'NONE', #1435, #576, #1421 ) ;
#408 = ORIENTED_EDGE ( 'NONE', *, *, #415, .F. ) ;
#409 = DIRECTION ( 'NONE',  ( 0.000000000000000000, 1.000000000000000000, 0.000000000000000000 ) ) ;
#410 = EDGE_CURVE ( 'NONE', #860, #1350, #1520, .T. ) ;
#411 = DIRECTION ( 'NONE',  ( -0.000000000000000000, -0.000000000000000000, -1.000000000000000000 ) ) ;
#412 = CARTESIAN_POINT ( 'NONE',  ( -13.99999999999998757, 6.999999999999858780, 10.50000000000000000 ) ) ;
#413 = LINE ( 'NONE', #907, #456 ) ;
#414 = ORIENTED_EDGE ( 'NONE', *, *, #626, .T. ) ;
#415 = EDGE_CURVE ( 'NONE', #555, #1148, #488, .T. ) ;
#416 = ADVANCED_FACE ( 'NONE', ( #395 ), #370, .T. ) ;
#417 = CYLINDRICAL_SURFACE ( 'NONE', #480, 2.149999999999999023 ) ;
#418 = LINE ( 'NONE', #155, #942 ) ;
#419 = DIRECTION ( 'NONE',  ( -0.000000000000000000, -0.000000000000000000, -1.000000000000000000 ) ) ;
#420 = VERTEX_POINT ( 'NONE', #1132 ) ;
#421 = CARTESIAN_POINT ( 'NONE',  ( 16.15000000000000568, 7.000000000000273559, -10.50000000000000000 ) ) ;
#422 = LINE ( 'NONE', #1059, #1240 ) ;
#423 = CARTESIAN_POINT ( 'NONE',  ( 11.35000000000046860, -13.00000000000000000, -10.50000000000000000 ) ) ;
#424 = CARTESIAN_POINT ( 'NONE',  ( 16.15000000000028990, -13.00000000000005684, 10.50000000000000000 ) ) ;
#425 = DIRECTION ( 'NONE',  ( 0.000000000000000000, 1.000000000000000000, 0.000000000000000000 ) ) ;
#426 = ORIENTED_EDGE ( 'NONE', *, *, #1420, .T. ) ;
#427 = CIRCLE ( 'NONE', #1239, 2.649999999999430589 ) ;
#428 = CARTESIAN_POINT ( 'NONE',  ( -19.50000000000000000, -13.00000000000000000, -17.50000000000000000 ) ) ;
#429 = CONICAL_SURFACE ( 'NONE', #790, 2.649999999999857359, 0.7853981633974375098 ) ;
#430 = EDGE_CURVE ( 'NONE', #1330, #246, #413, .T. ) ;
#431 = AXIS2_PLACEMENT_3D ( 'NONE', #197, #1398, #529 ) ;
#432 = LINE ( 'NONE', #1184, #1289 ) ;
#433 = CONICAL_SURFACE ( 'NONE', #665, 2.649999999999467004, 0.7853981633974321808 ) ;
#434 = EDGE_CURVE ( 'NONE', #1038, #849, #48, .T. ) ;
#435 = PLANE ( 'NONE',  #1182 ) ;
#436 = DIRECTION ( 'NONE',  ( 1.000000000000000000, -1.387778780781445922E-16, 0.000000000000000000 ) ) ;
#437 = CARTESIAN_POINT ( 'NONE',  ( 5.000000000000000000, 12.99999999999999822, 17.50000000000000000 ) ) ;
#438 = EDGE_LOOP ( 'NONE', ( #1166, #1342, #657, #1280 ) ) ;
#439 = ADVANCED_FACE ( 'NONE', ( #1248 ), #922, .F. ) ;
#440 = CARTESIAN_POINT ( 'NONE',  ( -18.00000000000000000, 7.500000000000001776, -17.50000000000000000 ) ) ;
#441 = EDGE_LOOP ( 'NONE', ( #4, #290, #233, #1347 ) ) ;
#442 = DIRECTION ( 'NONE',  ( 1.000000000000000000, 0.000000000000000000, 0.000000000000000000 ) ) ;
#443 = PRODUCT ( '\X2\04210431043e0440043a0430\X0\1', '\X2\04210431043e0440043a0430\X0\1', '', ( #1348 ) ) ;
#444 = CARTESIAN_POINT ( 'NONE',  ( -5.000000000000000000, 12.99999999999999822, -17.50000000000000000 ) ) ;
#445 = EDGE_CURVE ( 'NONE', #1119, #20, #427, .T. ) ;
#446 = CARTESIAN_POINT ( 'NONE',  ( -1.778091562876227587E-14, -1.838806884535415520E-13, 17.50000000000000000 ) ) ;
#447 = EDGE_LOOP ( 'NONE', ( #1394, #856, #717, #1475 ) ) ;
#448 = ORIENTED_EDGE ( 'NONE', *, *, #1384, .T. ) ;
#449 = DIRECTION ( 'NONE',  ( 1.000000000000000000, -1.387778780781445922E-16, 0.000000000000000000 ) ) ;
#450 = CARTESIAN_POINT ( 'NONE',  ( -5.000000000000000000, 12.99999999999999822, 17.50000000000000000 ) ) ;
#451 = CARTESIAN_POINT ( 'NONE',  ( -13.99999999999998757, 6.999999999999855227, 10.50000000000000000 ) ) ;
#452 = VECTOR ( 'NONE', #436, 1000.000000000000000 ) ;
#453 = VECTOR ( 'NONE', #1501, 1000.000000000000000 ) ;
#454 = ORIENTED_EDGE ( 'NONE', *, *, #1275, .T. ) ;
#455 = CARTESIAN_POINT ( 'NONE',  ( -6.099999999999997868, -11.69999999999999929, 17.50000000000000000 ) ) ;
#456 = VECTOR ( 'NONE', #602, 1000.000000000000000 ) ;
#457 = AXIS2_PLACEMENT_3D ( 'NONE', #247, #596, #1523 ) ;
#458 = AXIS2_PLACEMENT_3D ( 'NONE', #862, #31, #995 ) ;
#459 = DIRECTION ( 'NONE',  ( -0.000000000000000000, -0.000000000000000000, -1.000000000000000000 ) ) ;
#460 = LINE ( 'NONE', #824, #1382 ) ;
#461 = ORIENTED_EDGE ( 'NONE', *, *, #445, .T. ) ;
#462 = ADVANCED_FACE ( 'NONE', ( #192 ), #1386, .F. ) ;
#463 = CARTESIAN_POINT ( 'NONE',  ( -16.14999999999971081, -13.00000000000050449, -10.50000000000000000 ) ) ;
#464 = EDGE_LOOP ( 'NONE', ( #218, #73, #1057, #85 ) ) ;
#465 = SURFACE_STYLE_FILL_AREA ( #1196 ) ;
#466 = DIRECTION ( 'NONE',  ( 1.000000000000000000, 0.000000000000000000, 0.000000000000000000 ) ) ;
#467 = FACE_OUTER_BOUND ( 'NONE', #1353, .T. ) ;
#468 = CARTESIAN_POINT ( 'NONE',  ( 18.50000000000000000, 8.000000000000001776, 17.50000000000000000 ) ) ;
#469 = ORIENTED_EDGE ( 'NONE', *, *, #1392, .T. ) ;
#470 = CARTESIAN_POINT ( 'NONE',  ( -19.50000000000000000, -13.00000000000000000, 17.50000000000000000 ) ) ;
#471 = FACE_OUTER_BOUND ( 'NONE', #221, .T. ) ;
#472 = ADVANCED_FACE ( 'NONE', ( #1186 ), #556, .F. ) ;
#473 = ORIENTED_EDGE ( 'NONE', *, *, #196, .F. ) ;
#474 = DIRECTION ( 'NONE',  ( -1.000000000000000000, 0.000000000000000000, 0.000000000000000000 ) ) ;
#475 = EDGE_CURVE ( 'NONE', #631, #573, #1277, .T. ) ;
#476 = ADVANCED_FACE ( 'NONE', ( #913 ), #566, .F. ) ;
#477 = CONICAL_SURFACE ( 'NONE', #687, 2.649999999999857359, 0.7853981633974375098 ) ;
#478 = DIRECTION ( 'NONE',  ( 0.000000000000000000, 0.000000000000000000, 1.000000000000000000 ) ) ;
#479 = AXIS2_PLACEMENT_3D ( 'NONE', #859, #774, #244 ) ;
#480 = AXIS2_PLACEMENT_3D ( 'NONE', #77, #798, #1276 ) ;
#481 = DIRECTION ( 'NONE',  ( -1.000000000000000000, 0.000000000000000000, 0.000000000000000000 ) ) ;
#482 = ADVANCED_FACE ( 'NONE', ( #783 ), #185, .F. ) ;
#483 = ORIENTED_EDGE ( 'NONE', *, *, #1300, .F. ) ;
#484 = CIRCLE ( 'NONE', #695, 2.649999999999819167 ) ;
#485 = DIRECTION ( 'NONE',  ( 1.387778780781445922E-16, 1.000000000000000000, -0.000000000000000000 ) ) ;
#486 = EDGE_LOOP ( 'NONE', ( #408, #625, #1367, #239 ) ) ;
#487 = DIRECTION ( 'NONE',  ( -1.387778780781242149E-14, 1.000000000000000000, 0.000000000000000000 ) ) ;
#488 = LINE ( 'NONE', #1441, #380 ) ;
#489 = EDGE_CURVE ( 'NONE', #1452, #900, #1022, .T. ) ;
#490 = EDGE_LOOP ( 'NONE', ( #1237, #153, #406, #1360 ) ) ;
#491 = CARTESIAN_POINT ( 'NONE',  ( -13.99999999999971045, -13.00000000000047429, 10.50000000000000000 ) ) ;
#492 = CARTESIAN_POINT ( 'NONE',  ( -16.14999999999998792, 6.999999999999829470, -10.50000000000000000 ) ) ;
#493 = ORIENTED_EDGE ( 'NONE', *, *, #1046, .T. ) ;
#494 = DIRECTION ( 'NONE',  ( -1.387778780781242149E-14, 1.000000000000000000, 0.000000000000000000 ) ) ;
#495 = ORIENTED_EDGE ( 'NONE', *, *, #376, .T. ) ;
#496 = CARTESIAN_POINT ( 'NONE',  ( -13.99999999999971045, -13.00000000000000000, 10.50000000000000000 ) ) ;
#497 = DIRECTION ( 'NONE',  ( 0.5734623443633288797, 0.8192319205190401465, 0.000000000000000000 ) ) ;
#498 = ORIENTED_EDGE ( 'NONE', *, *, #1142, .T. ) ;
#499 = ADVANCED_FACE ( 'NONE', ( #94 ), #1152, .F. ) ;
#500 = EDGE_CURVE ( 'NONE', #684, #550, #403, .T. ) ;
#501 = DIRECTION ( 'NONE',  ( -1.391702203685997576E-14, 1.000000000000000000, -0.000000000000000000 ) ) ;
#502 = AXIS2_PLACEMENT_3D ( 'NONE', #1156, #1362, #298 ) ;
#503 = ORIENTED_EDGE ( 'NONE', *, *, #265, .F. ) ;
#504 = VECTOR ( 'NONE', #1281, 1000.000000000000000 ) ;
#505 = AXIS2_PLACEMENT_3D ( 'NONE', #1220, #130, #22 ) ;
#506 = AXIS2_PLACEMENT_3D ( 'NONE', #277, #510, #175 ) ;
#507 = CARTESIAN_POINT ( 'NONE',  ( 8.500000000000000000, 8.000000000000003553, 17.50000000000000000 ) ) ;
#508 = AXIS2_PLACEMENT_3D ( 'NONE', #1181, #714, #617 ) ;
#509 = ORIENTED_EDGE ( 'NONE', *, *, #1065, .T. ) ;
#510 = DIRECTION ( 'NONE',  ( 0.000000000000000000, 0.000000000000000000, 1.000000000000000000 ) ) ;
#511 = DIRECTION ( 'NONE',  ( 1.000000000000000000, 1.374686528132638060E-14, 0.000000000000000000 ) ) ;
#512 = ORIENTED_EDGE ( 'NONE', *, *, #932, .T. ) ;
#513 = DIRECTION ( 'NONE',  ( 1.000000000000000000, 1.371641818214224494E-14, 0.000000000000000000 ) ) ;
#514 = DIRECTION ( 'NONE',  ( 0.000000000000000000, 0.000000000000000000, 1.000000000000000000 ) ) ;
#515 = DIRECTION ( 'NONE',  ( 1.000000000000000000, 0.000000000000000000, 0.000000000000000000 ) ) ;
#516 = VERTEX_POINT ( 'NONE', #1052 ) ;
#517 = ITEM_DEFINED_TRANSFORMATION ( 'NONE', 'NONE', #506,  #663 ) ;
#518 = CARTESIAN_POINT ( 'NONE',  ( 14.00000000000028244, -12.50000000000012612, -10.50000000000000000 ) ) ;
#519 = ORIENTED_EDGE ( 'NONE', *, *, #792, .T. ) ;
#520 = LINE ( 'NONE', #740, #211 ) ;
#521 = CARTESIAN_POINT ( 'NONE',  ( -18.50000000000000000, 8.000000000000001776, 17.50000000000000000 ) ) ;
#522 = CARTESIAN_POINT ( 'NONE',  ( 8.500000000000000000, 8.000000000000003553, -17.50000000000000000 ) ) ;
#523 = ORIENTED_EDGE ( 'NONE', *, *, #164, .T. ) ;
#524 = VERTEX_POINT ( 'NONE', #334 ) ;
#525 = CARTESIAN_POINT ( 'NONE',  ( 20.00000000000000000, -6.999999999999999112, -17.50000000000000000 ) ) ;
#526 = EDGE_CURVE ( 'NONE', #332, #984, #1493, .T. ) ;
#527 = CONICAL_SURFACE ( 'NONE', #188, 2.649999999999467004, 0.7853981633974321808 ) ;
#528 = AXIS2_PLACEMENT_3D ( 'NONE', #649, #1143, #59 ) ;
#529 = DIRECTION ( 'NONE',  ( -1.000000000000000000, -1.371641818214220234E-14, 0.000000000000000000 ) ) ;
#530 = AXIS2_PLACEMENT_3D ( 'NONE', #1284, #934, #801 ) ;
#531 = EDGE_CURVE ( 'NONE', #1464, #1111, #1068, .T. ) ;
#532 = FACE_BOUND ( 'NONE', #1415, .T. ) ;
#533 = AXIS2_PLACEMENT_3D ( 'NONE', #18, #707, #1437 ) ;
#534 = VERTEX_POINT ( 'NONE', #697 ) ;
#535 = APPLICATION_PROTOCOL_DEFINITION ( 'draft international standard', 'automotive_design', 1998, #931 ) ;
#536 = EDGE_CURVE ( 'NONE', #516, #984, #1178, .T. ) ;
#537 = DIRECTION ( 'NONE',  ( 1.387778780781445922E-16, 1.000000000000000000, -0.000000000000000000 ) ) ;
#538 = ORIENTED_EDGE ( 'NONE', *, *, #779, .F. ) ;
#539 = LINE ( 'NONE', #1033, #161 ) ;
#540 = DIRECTION ( 'NONE',  ( -1.000000000000000000, -1.371641818214220234E-14, 0.000000000000000000 ) ) ;
#541 = ORIENTED_EDGE ( 'NONE', *, *, #1190, .F. ) ;
#542 = CARTESIAN_POINT ( 'NONE',  ( 14.00000000000001243, 7.000000000000250466, 10.50000000000000000 ) ) ;
#543 = ORIENTED_EDGE ( 'NONE', *, *, #1046, .F. ) ;
#544 = LINE ( 'NONE', #670, #1403 ) ;
#545 = EDGE_LOOP ( 'NONE', ( #675, #1134, #1323, #322 ) ) ;
#546 = CARTESIAN_POINT ( 'NONE',  ( 14.00000000000028955, -13.00000000000000000, -10.50000000000000000 ) ) ;
#547 = DIRECTION ( 'NONE',  ( 1.000000000000000000, 0.000000000000000000, 0.000000000000000000 ) ) ;
#548 = EDGE_CURVE ( 'NONE', #1423, #1005, #1356, .T. ) ;
#549 = DIRECTION ( 'NONE',  ( 1.000000000000000000, 1.371641818214224494E-14, 0.000000000000000000 ) ) ;
#550 = VERTEX_POINT ( 'NONE', #102 ) ;
#551 = ORIENTED_EDGE ( 'NONE', *, *, #430, .F. ) ;
#552 = CARTESIAN_POINT ( 'NONE',  ( 11.85000000000001918, 7.000000000000217604, -10.50000000000000000 ) ) ;
#553 = LINE ( 'NONE', #1060, #1295 ) ;
#554 = DIRECTION ( 'NONE',  ( 1.000000000000000000, 0.000000000000000000, 0.000000000000000000 ) ) ;
#555 = VERTEX_POINT ( 'NONE', #816 ) ;
#556 = CONICAL_SURFACE ( 'NONE', #530, 2.149999999999997247, 0.7853981633974547183 ) ;
#557 = CARTESIAN_POINT ( 'NONE',  ( -6.099999999999997868, -11.69999999999999929, 17.50000000000000000 ) ) ;
#558 = VECTOR ( 'NONE', #8, 1000.000000000000000 ) ;
#559 = AXIS2_PLACEMENT_3D ( 'NONE', #491, #1235, #388 ) ;
#560 = PRODUCT_DEFINITION ( 'UNKNOWN', '', #1429, #838 ) ;
#561 = EDGE_LOOP ( 'NONE', ( #1183, #519 ) ) ;
#562 = ORIENTED_EDGE ( 'NONE', *, *, #254, .T. ) ;
#563 = CARTESIAN_POINT ( 'NONE',  ( 13.99999999999999822, 8.000000000000001776, -10.50000000000000000 ) ) ;
#564 = VECTOR ( 'NONE', #1319, 1000.000000000000000 ) ;
#565 = DIRECTION ( 'NONE',  ( -1.000000000000000000, -1.371641818214220234E-14, 0.000000000000000000 ) ) ;
#566 = PLANE ( 'NONE',  #1311 ) ;
#567 = ORIENTED_EDGE ( 'NONE', *, *, #624, .F. ) ;
#568 = LINE ( 'NONE', #1495, #453 ) ;
#569 = EDGE_CURVE ( 'NONE', #165, #174, #66, .T. ) ;
#570 = CARTESIAN_POINT ( 'NONE',  ( -8.500000000000000000, 8.000000000000003553, -17.50000000000000000 ) ) ;
#571 = DIRECTION ( 'NONE',  ( -1.387778780781242149E-14, 1.000000000000000000, 0.000000000000000000 ) ) ;
#572 = EDGE_CURVE ( 'NONE', #849, #384, #205, .T. ) ;
#573 = VERTEX_POINT ( 'NONE', #1498 ) ;
#574 = CARTESIAN_POINT ( 'NONE',  ( -7.499999999999996447, -13.00000000000000000, 17.50000000000000000 ) ) ;
#575 = MANIFOLD_SOLID_BREP ( '\X2\0421043a044004430433043b0435043d04380435\X0\1', #110 ) ;
#576 = DIRECTION ( 'NONE',  ( -1.387778780781786306E-14, 1.000000000000000000, 0.000000000000000000 ) ) ;
#577 = APPLICATION_CONTEXT ( 'automotive_design' ) ;
#578 = DIRECTION ( 'NONE',  ( -0.6000000000000004219, 0.7999999999999997113, 0.000000000000000000 ) ) ;
#579 = DIRECTION ( 'NONE',  ( -0.000000000000000000, -1.000000000000000000, -0.000000000000000000 ) ) ;
#580 = EDGE_CURVE ( 'NONE', #1444, #1455, #835, .T. ) ;
#581 = AXIS2_PLACEMENT_3D ( 'NONE', #267, #1225, #1092 ) ;
#582 = AXIS2_PLACEMENT_3D ( 'NONE', #1467, #537, #1228 ) ;
#583 = EDGE_LOOP ( 'NONE', ( #1171, #512, #810, #1500 ) ) ;
#584 = FACE_BOUND ( 'NONE', #728, .T. ) ;
#585 = EDGE_CURVE ( 'NONE', #374, #749, #1522, .T. ) ;
#586 = AXIS2_PLACEMENT_3D ( 'NONE', #1340, #260, #1462 ) ;
#587 = AXIS2_PLACEMENT_3D ( 'NONE', #78, #1254, #773 ) ;
#588 = CARTESIAN_POINT ( 'NONE',  ( -11.35000000000024301, -12.99999999999996270, 10.50000000000000000 ) ) ;
#589 = ORIENTED_EDGE ( 'NONE', *, *, #1296, .T. ) ;
#590 = DIRECTION ( 'NONE',  ( -1.734723475976807341E-16, -1.000000000000000000, 0.000000000000000000 ) ) ;
#591 = DIRECTION ( 'NONE',  ( 0.7071067811865441310, 0.7071067811865510144, 8.659560562355010512E-17 ) ) ;
#592 = ORIENTED_EDGE ( 'NONE', *, *, #880, .F. ) ;
#593 = CARTESIAN_POINT ( 'NONE',  ( -13.99999999999998757, 6.999999999999858780, -10.50000000000000000 ) ) ;
#594 = CARTESIAN_POINT ( 'NONE',  ( 20.00000000000000000, -13.00000000000000000, 17.50000000000000000 ) ) ;
#595 = VERTEX_POINT ( 'NONE', #953 ) ;
#596 = DIRECTION ( 'NONE',  ( 0.000000000000000000, 0.000000000000000000, 1.000000000000000000 ) ) ;
#597 = EDGE_CURVE ( 'NONE', #281, #193, #1109, .T. ) ;
#598 = LINE ( 'NONE', #618, #708 ) ;
#599 = EDGE_LOOP ( 'NONE', ( #647, #495, #1469, #634 ) ) ;
#600 = PLANE ( 'NONE',  #635 ) ;
#601 = EDGE_CURVE ( 'NONE', #852, #1063, #91, .T. ) ;
#602 = DIRECTION ( 'NONE',  ( 0.000000000000000000, -1.000000000000000000, 0.000000000000000000 ) ) ;
#603 = EDGE_CURVE ( 'NONE', #1086, #87, #460, .T. ) ;
#604 = CARTESIAN_POINT ( 'NONE',  ( 19.50000000000000000, -13.00000000000000000, 17.50000000000000000 ) ) ;
#605 = ORIENTED_EDGE ( 'NONE', *, *, #1336, .F. ) ;
#606 = ORIENTED_EDGE ( 'NONE', *, *, #902, .T. ) ;
#607 = ORIENTED_EDGE ( 'NONE', *, *, #624, .T. ) ;
#608 = DIRECTION ( 'NONE',  ( 1.000000000000000000, 1.371641818214221339E-14, 0.000000000000000000 ) ) ;
#609 = CIRCLE ( 'NONE', #973, 3.149999999999809397 ) ;
#610 = CARTESIAN_POINT ( 'NONE',  ( -20.00000000000000000, -12.49999999999999822, 17.50000000000000000 ) ) ;
#611 = STYLED_ITEM ( 'NONE', ( #961 ), #575 ) ;
#612 = VECTOR ( 'NONE', #215, 999.9999999999998863 ) ;
#613 = ORIENTED_EDGE ( 'NONE', *, *, #1269, .T. ) ;
#614 = ADVANCED_FACE ( 'NONE', ( #944, #343, #351 ), #125, .F. ) ;
#615 = VECTOR ( 'NONE', #1040, 1000.000000000000000 ) ;
#616 = AXIS2_PLACEMENT_3D ( 'NONE', #1003, #854, #366 ) ;
#617 = DIRECTION ( 'NONE',  ( 0.000000000000000000, 0.000000000000000000, 1.000000000000000000 ) ) ;
#618 = CARTESIAN_POINT ( 'NONE',  ( -6.099999999999997868, -11.69999999999999929, -17.50000000000000000 ) ) ;
#619 = ORIENTED_EDGE ( 'NONE', *, *, #191, .T. ) ;
#620 = CARTESIAN_POINT ( 'NONE',  ( 18.50000000000000000, 8.000000000000001776, 17.50000000000000000 ) ) ;
#621 = ADVANCED_FACE ( 'NONE', ( #1321 ), #187, .F. ) ;
#622 = ORIENTED_EDGE ( 'NONE', *, *, #1339, .T. ) ;
#623 = DIRECTION ( 'NONE',  ( -1.000000000000000000, -1.371641818214221339E-14, 0.000000000000000000 ) ) ;
#624 = EDGE_CURVE ( 'NONE', #1439, #1038, #1024, .T. ) ;
#625 = ORIENTED_EDGE ( 'NONE', *, *, #36, .F. ) ;
#626 = EDGE_CURVE ( 'NONE', #400, #631, #636, .T. ) ;
#627 = PLANE ( 'NONE',  #582 ) ;
#628 = ORIENTED_EDGE ( 'NONE', *, *, #297, .F. ) ;
#629 = CARTESIAN_POINT ( 'NONE',  ( 14.00000000000028955, -13.00000000000008527, -10.50000000000000000 ) ) ;
#630 = DIRECTION ( 'NONE',  ( 0.000000000000000000, 0.000000000000000000, 1.000000000000000000 ) ) ;
#631 = VERTEX_POINT ( 'NONE', #470 ) ;
#632 = DIRECTION ( 'NONE',  ( 1.000000000000000000, 0.000000000000000000, 0.000000000000000000 ) ) ;
#633 = LINE ( 'NONE', #146, #1449 ) ;
#634 = ORIENTED_EDGE ( 'NONE', *, *, #1384, .F. ) ;
#635 = AXIS2_PLACEMENT_3D ( 'NONE', #620, #1112, #704 ) ;
#636 = CIRCLE ( 'NONE', #457, 0.5000000000000004441 ) ;
#637 = PRODUCT_DEFINITION_FORMATION_WITH_SPECIFIED_SOURCE ( 'ANY', '', #1074, .NOT_KNOWN. ) ;
#638 = CARTESIAN_POINT ( 'NONE',  ( -5.000000000000018652, -1.838806884535415520E-13, 17.50000000000000000 ) ) ;
#639 = CIRCLE ( 'NONE', #1244, 3.150000000000204636 ) ;
#640 = CARTESIAN_POINT ( 'NONE',  ( 16.15000000000028280, -12.50000000000009948, 10.50000000000000000 ) ) ;
#641 = DIRECTION ( 'NONE',  ( 0.000000000000000000, 0.000000000000000000, -1.000000000000000000 ) ) ;
#642 = CARTESIAN_POINT ( 'NONE',  ( 0.000000000000000000, 0.000000000000000000, 0.000000000000000000 ) ) ;
#643 = CARTESIAN_POINT ( 'NONE',  ( -16.64999999999917790, -13.00000000000003553, 10.50000000000000000 ) ) ;
#644 = ORIENTED_EDGE ( 'NONE', *, *, #308, .T. ) ;
#645 = DIRECTION ( 'NONE',  ( -1.000000000000000000, -1.371641818214223232E-14, 0.000000000000000000 ) ) ;
#646 = EDGE_CURVE ( 'NONE', #1070, #141, #1267, .T. ) ;
#647 = ORIENTED_EDGE ( 'NONE', *, *, #164, .F. ) ;
#648 = EDGE_CURVE ( 'NONE', #1457, #1443, #358, .T. ) ;
#649 = CARTESIAN_POINT ( 'NONE',  ( 20.00000000000000000, -13.00000000000000000, 17.50000000000000000 ) ) ;
#650 = DIRECTION ( 'NONE',  ( 1.387778780782874460E-14, -1.000000000000000000, -0.000000000000000000 ) ) ;
#651 = DIRECTION ( 'NONE',  ( -0.000000000000000000, -0.000000000000000000, 1.000000000000000000 ) ) ;
#652 = LINE ( 'NONE', #1211, #229 ) ;
#653 = ORIENTED_EDGE ( 'NONE', *, *, #1015, .F. ) ;
#654 =( NAMED_UNIT ( * ) PLANE_ANGLE_UNIT ( ) SI_UNIT ( $, .RADIAN. ) );
#655 = EDGE_CURVE ( 'NONE', #1148, #178, #842, .T. ) ;
#656 = DIRECTION ( 'NONE',  ( 0.000000000000000000, 0.000000000000000000, -1.000000000000000000 ) ) ;
#657 = ORIENTED_EDGE ( 'NONE', *, *, #580, .F. ) ;
#658 = CIRCLE ( 'NONE', #865, 2.149999999999999023 ) ;
#659 = VECTOR ( 'NONE', #459, 1000.000000000000000 ) ;
#660 = DIRECTION ( 'NONE',  ( 0.000000000000000000, -0.000000000000000000, -1.000000000000000000 ) ) ;
#661 = ADVANCED_FACE ( 'NONE', ( #347 ), #1206, .T. ) ;
#662 = SHAPE_REPRESENTATION ( 'B443 \X2\041b0438043d04350439043d044b0439\X0\ \X2\043f043e043404480438043f043d0438043a\X0\ SCS \X2\0432\X0\ \X2\0430043b044e043c0438043d043804350432043e043c\X0\ \X2\043a043e0440043f044304410435\X0\ \X2\0434043b044f\X0\ \X2\04320430043b043e0432\X0\ \X2\00d8\X0\ 10 \X2\043c043c\X0\_SCS10UU', ( #663 ), #355 ) ;
#663 = AXIS2_PLACEMENT_3D ( 'NONE', #116, #5, #632 ) ;
#664 = CARTESIAN_POINT ( 'NONE',  ( -1.778091562876227587E-14, -1.838806884535415520E-13, -17.50000000000000000 ) ) ;
#665 = AXIS2_PLACEMENT_3D ( 'NONE', #496, #650, #870 ) ;
#666 = ORIENTED_EDGE ( 'NONE', *, *, #548, .T. ) ;
#667 = DIRECTION ( 'NONE',  ( 0.7327934916262990317, -0.6804510993672779895, -0.000000000000000000 ) ) ;
#668 = VECTOR ( 'NONE', #1016, 999.9999999999998863 ) ;
#669 = EDGE_LOOP ( 'NONE', ( #75, #1418, #820, #312 ) ) ;
#670 = CARTESIAN_POINT ( 'NONE',  ( 8.500000000000000000, 8.000000000000003553, -17.50000000000000000 ) ) ;
#671 = ADVANCED_FACE ( 'NONE', ( #750 ), #893, .F. ) ;
#672 = DIRECTION ( 'NONE',  ( -0.000000000000000000, -0.000000000000000000, -1.000000000000000000 ) ) ;
#673 = PLANE ( 'NONE',  #1378 ) ;
#674 = DIRECTION ( 'NONE',  ( 0.000000000000000000, 0.000000000000000000, 1.000000000000000000 ) ) ;
#675 = ORIENTED_EDGE ( 'NONE', *, *, #954, .T. ) ;
#676 = ADVANCED_FACE ( 'NONE', ( #148 ), #284, .F. ) ;
#677 = DIRECTION ( 'NONE',  ( 0.000000000000000000, 1.000000000000000000, 0.000000000000000000 ) ) ;
#678 = EDGE_CURVE ( 'NONE', #807, #996, #763, .T. ) ;
#679 = CARTESIAN_POINT ( 'NONE',  ( 11.35000000000043308, -13.00000000000003553, 10.50000000000000000 ) ) ;
#680 = DIRECTION ( 'NONE',  ( 1.387778780782874460E-14, -1.000000000000000000, -0.000000000000000000 ) ) ;
#681 = ORIENTED_EDGE ( 'NONE', *, *, #97, .T. ) ;
#682 = FACE_BOUND ( 'NONE', #868, .T. ) ;
#683 = EDGE_CURVE ( 'NONE', #304, #420, #1345, .T. ) ;
#684 = VERTEX_POINT ( 'NONE', #638 ) ;
#685 = DIRECTION ( 'NONE',  ( -0.000000000000000000, -1.000000000000000000, -0.000000000000000000 ) ) ;
#686 = CARTESIAN_POINT ( 'NONE',  ( -13.99999999999998757, 6.999999999999855227, 10.50000000000000000 ) ) ;
#687 = AXIS2_PLACEMENT_3D ( 'NONE', #1081, #858, #1094 ) ;
#688 = CARTESIAN_POINT ( 'NONE',  ( 18.50000000000000000, 8.000000000000001776, -17.50000000000000000 ) ) ;
#689 = ORIENTED_EDGE ( 'NONE', *, *, #97, .F. ) ;
#690 = AXIS2_PLACEMENT_3D ( 'NONE', #79, #1370, #549 ) ;
#691 = CARTESIAN_POINT ( 'NONE',  ( -11.84999999999999076, 6.999999999999884537, -10.50000000000000000 ) ) ;
#692 = VECTOR ( 'NONE', #411, 1000.000000000000000 ) ;
#693 = VERTEX_POINT ( 'NONE', #30 ) ;
#694 = DIRECTION ( 'NONE',  ( 0.7327934916262990317, -0.6804510993672779895, -0.000000000000000000 ) ) ;
#695 = AXIS2_PLACEMENT_3D ( 'NONE', #546, #1369, #309 ) ;
#696 = CARTESIAN_POINT ( 'NONE',  ( -18.00000000000000000, 8.000000000000001776, -17.50000000000000000 ) ) ;
#697 = CARTESIAN_POINT ( 'NONE',  ( -10.84999999999988418, 8.000000000000001776, -10.50000000000000000 ) ) ;
#698 = DIRECTION ( 'NONE',  ( -0.000000000000000000, -0.000000000000000000, -1.000000000000000000 ) ) ;
#699 = EDGE_LOOP ( 'NONE', ( #473, #43, #1017, #752 ) ) ;
#700 = CARTESIAN_POINT ( 'NONE',  ( -20.00000000000000000, -13.00000000000000000, -17.50000000000000000 ) ) ;
#701 = DIRECTION ( 'NONE',  ( 1.000000000000000000, 0.000000000000000000, 0.000000000000000000 ) ) ;
#702 = DIRECTION ( 'NONE',  ( 0.000000000000000000, -0.000000000000000000, 1.000000000000000000 ) ) ;
#703 = ORIENTED_EDGE ( 'NONE', *, *, #176, .F. ) ;
#704 = DIRECTION ( 'NONE',  ( 1.000000000000000000, -1.734723475976807341E-16, 0.000000000000000000 ) ) ;
#705 = DIRECTION ( 'NONE',  ( -1.387778780781781415E-14, 1.000000000000000000, 0.000000000000000000 ) ) ;
#706 = LINE ( 'NONE', #1050, #452 ) ;
#707 = DIRECTION ( 'NONE',  ( 1.387778780781795930E-14, -1.000000000000000000, -0.000000000000000000 ) ) ;
#708 = VECTOR ( 'NONE', #359, 1000.000000000000000 ) ;
#709 = VERTEX_POINT ( 'NONE', #507 ) ;
#710 = DIRECTION ( 'NONE',  ( -1.387778780781242149E-14, 1.000000000000000000, 0.000000000000000000 ) ) ;
#711 = AXIS2_PLACEMENT_3D ( 'NONE', #722, #590, #1087 ) ;
#712 = PLANE ( 'NONE',  #1359 ) ;
#713 = ORIENTED_EDGE ( 'NONE', *, *, #886, .T. ) ;
#714 = DIRECTION ( 'NONE',  ( 0.000000000000000000, 1.000000000000000000, 0.000000000000000000 ) ) ;
#715 = CYLINDRICAL_SURFACE ( 'NONE', #616, 2.149999999999997247 ) ;
#716 = EDGE_CURVE ( 'NONE', #524, #1007, #1442, .T. ) ;
#717 = ORIENTED_EDGE ( 'NONE', *, *, #367, .F. ) ;
#718 = DIRECTION ( 'NONE',  ( -1.000000000000000000, -1.371641818214220234E-14, 0.000000000000000000 ) ) ;
#719 = ADVANCED_FACE ( 'NONE', ( #895 ), #372, .F. ) ;
#720 = FACE_BOUND ( 'NONE', #1489, .T. ) ;
#721 = ORIENTED_EDGE ( 'NONE', *, *, #1030, .F. ) ;
#722 = CARTESIAN_POINT ( 'NONE',  ( 13.99999999999999822, 8.000000000000001776, 10.50000000000000000 ) ) ;
#723 = FACE_OUTER_BOUND ( 'NONE', #272, .T. ) ;
#724 = UNCERTAINTY_MEASURE_WITH_UNIT (LENGTH_MEASURE( 1.000000000000000082E-05 ), #145, 'distance_accuracy_value', 'NONE');
#725 = ORIENTED_EDGE ( 'NONE', *, *, #228, .F. ) ;
#726 = ADVANCED_FACE ( 'NONE', ( #1014 ), #433, .F. ) ;
#727 = LINE ( 'NONE', #237, #40 ) ;
#728 = EDGE_LOOP ( 'NONE', ( #1167, #1200 ) ) ;
#729 = CARTESIAN_POINT ( 'NONE',  ( -18.50000000000000000, -4.999999999999999112, 17.50000000000000000 ) ) ;
#730 = VERTEX_POINT ( 'NONE', #296 ) ;
#731 = FACE_BOUND ( 'NONE', #1101, .T. ) ;
#732 = CIRCLE ( 'NONE', #337, 0.5000000000000004441 ) ;
#733 = DIRECTION ( 'NONE',  ( -0.000000000000000000, -0.000000000000000000, -1.000000000000000000 ) ) ;
#734 = EDGE_LOOP ( 'NONE', ( #1446, #613 ) ) ;
#735 = AXIS2_PLACEMENT_3D ( 'NONE', #1165, #928, #1393 ) ;
#736 = EDGE_CURVE ( 'NONE', #730, #374, #1253, .T. ) ;
#737 = ORIENTED_EDGE ( 'NONE', *, *, #760, .F. ) ;
#738 = EDGE_CURVE ( 'NONE', #1259, #1110, #1002, .T. ) ;
#739 = CIRCLE ( 'NONE', #69, 2.649999999999430589 ) ;
#740 = CARTESIAN_POINT ( 'NONE',  ( 8.500000000000000000, 8.000000000000003553, 17.50000000000000000 ) ) ;
#741 = ORIENTED_EDGE ( 'NONE', *, *, #526, .T. ) ;
#742 = APPLICATION_PROTOCOL_DEFINITION ( 'draft international standard', 'automotive_design', 1998, #799 ) ;
#743 = EDGE_LOOP ( 'NONE', ( #644, #23, #967, #1413 ) ) ;
#744 = DIRECTION ( 'NONE',  ( -0.000000000000000000, -0.000000000000000000, -1.000000000000000000 ) ) ;
#745 = LINE ( 'NONE', #373, #869 ) ;
#746 = ORIENTED_EDGE ( 'NONE', *, *, #569, .T. ) ;
#747 = ORIENTED_EDGE ( 'NONE', *, *, #410, .F. ) ;
#748 = LINE ( 'NONE', #643, #111 ) ;
#749 = VERTEX_POINT ( 'NONE', #273 ) ;
#750 = FACE_OUTER_BOUND ( 'NONE', #863, .T. ) ;
#751 = DIRECTION ( 'NONE',  ( 0.000000000000000000, -1.000000000000000000, 0.000000000000000000 ) ) ;
#752 = ORIENTED_EDGE ( 'NONE', *, *, #683, .F. ) ;
#753 = ORIENTED_EDGE ( 'NONE', *, *, #536, .F. ) ;
#754 = ORIENTED_EDGE ( 'NONE', *, *, #626, .F. ) ;
#755 = LINE ( 'NONE', #1257, #975 ) ;
#756 = AXIS2_PLACEMENT_3D ( 'NONE', #446, #1170, #554 ) ;
#757 = ORIENTED_EDGE ( 'NONE', *, *, #683, .T. ) ;
#758 = CONICAL_SURFACE ( 'NONE', #1335, 2.649999999999857359, 0.7853981633974380649 ) ;
#759 = ADVANCED_FACE ( 'NONE', ( #1447 ), #1471, .F. ) ;
#760 = EDGE_CURVE ( 'NONE', #1005, #1423, #1128, .T. ) ;
#761 =( GEOMETRIC_REPRESENTATION_CONTEXT ( 3 ) GLOBAL_UNCERTAINTY_ASSIGNED_CONTEXT ( ( #825 ) ) GLOBAL_UNIT_ASSIGNED_CONTEXT ( ( #1328, #119, #1213 ) ) REPRESENTATION_CONTEXT ( 'NONE', 'WORKASPACE' ) );
#762 = VECTOR ( 'NONE', #1527, 1000.000000000000114 ) ;
#763 = LINE ( 'NONE', #1246, #1129 ) ;
#764 = VECTOR ( 'NONE', #805, 1000.000000000000000 ) ;
#765 = DIRECTION ( 'NONE',  ( -0.000000000000000000, -0.000000000000000000, -1.000000000000000000 ) ) ;
#766 = CARTESIAN_POINT ( 'NONE',  ( 13.99999999999999822, 8.000000000000001776, -10.50000000000000000 ) ) ;
#767 = ORIENTED_EDGE ( 'NONE', *, *, #324, .T. ) ;
#768 = CARTESIAN_POINT ( 'NONE',  ( -13.99999999999971045, -13.00000000000000000, 10.50000000000000000 ) ) ;
#769 = DIRECTION ( 'NONE',  ( -0.5734623443633288797, -0.8192319205190401465, 0.000000000000000000 ) ) ;
#770 = ORIENTED_EDGE ( 'NONE', *, *, #292, .F. ) ;
#771 = DIRECTION ( 'NONE',  ( 1.000000000000000000, 1.374686528132638060E-14, 0.000000000000000000 ) ) ;
#772 = EDGE_CURVE ( 'NONE', #555, #997, #867, .T. ) ;
#773 = DIRECTION ( 'NONE',  ( -1.000000000000000000, 0.000000000000000000, 0.000000000000000000 ) ) ;
#774 = DIRECTION ( 'NONE',  ( 1.387778780782874460E-14, -1.000000000000000000, -0.000000000000000000 ) ) ;
#775 = ORIENTED_EDGE ( 'NONE', *, *, #367, .T. ) ;
#776 = DIRECTION ( 'NONE',  ( 0.000000000000000000, 0.000000000000000000, 1.000000000000000000 ) ) ;
#777 = ORIENTED_EDGE ( 'NONE', *, *, #716, .T. ) ;
#778 = CARTESIAN_POINT ( 'NONE',  ( 20.00000000000000000, -12.49999999999999822, 17.50000000000000000 ) ) ;
#779 = EDGE_CURVE ( 'NONE', #709, #384, #520, .T. ) ;
#780 = ORIENTED_EDGE ( 'NONE', *, *, #500, .F. ) ;
#781 = CARTESIAN_POINT ( 'NONE',  ( 18.50000000000000000, -4.999999999999999112, 17.50000000000000000 ) ) ;
#782 = DIRECTION ( 'NONE',  ( -0.7071067811865263675, -0.7071067811865686670, 8.659560562354793575E-17 ) ) ;
#783 = FACE_OUTER_BOUND ( 'NONE', #872, .T. ) ;
#784 = ORIENTED_EDGE ( 'NONE', *, *, #1125, .T. ) ;
#785 = EDGE_CURVE ( 'NONE', #730, #174, #393, .T. ) ;
#786 = EDGE_CURVE ( 'NONE', #304, #1080, #1480, .T. ) ;
#787 = LINE ( 'NONE', #700, #283 ) ;
#788 = ORIENTED_EDGE ( 'NONE', *, *, #1426, .T. ) ;
#789 = AXIS2_PLACEMENT_3D ( 'NONE', #729, #126, #1026 ) ;
#790 = AXIS2_PLACEMENT_3D ( 'NONE', #1118, #1136, #511 ) ;
#791 = LINE ( 'NONE', #333, #1314 ) ;
#792 = EDGE_CURVE ( 'NONE', #1507, #420, #1103, .T. ) ;
#793 = AXIS2_PLACEMENT_3D ( 'NONE', #642, #776, #375 ) ;
#794 = DIRECTION ( 'NONE',  ( 0.5734623443633288797, -0.8192319205190401465, 0.000000000000000000 ) ) ;
#795 = VECTOR ( 'NONE', #1412, 1000.000000000000000 ) ;
#796 = ORIENTED_EDGE ( 'NONE', *, *, #1526, .T. ) ;
#797 = CARTESIAN_POINT ( 'NONE',  ( -18.50000000000000000, 7.500000000000001776, -17.50000000000000000 ) ) ;
#798 = DIRECTION ( 'NONE',  ( -1.391702203685997576E-14, 1.000000000000000000, -0.000000000000000000 ) ) ;
#799 = APPLICATION_CONTEXT ( 'automotive_design' ) ;
#800 = DIRECTION ( 'NONE',  ( 1.000000000000000000, 1.371641818214221339E-14, 0.000000000000000000 ) ) ;
#801 = DIRECTION ( 'NONE',  ( -1.000000000000000000, -1.371641818214221339E-14, 0.000000000000000000 ) ) ;
#802 = ORIENTED_EDGE ( 'NONE', *, *, #1210, .F. ) ;
#803 = DIRECTION ( 'NONE',  ( 0.000000000000000000, 1.000000000000000000, 0.000000000000000000 ) ) ;
#804 = DIRECTION ( 'NONE',  ( -1.421904488505579654E-16, 1.000000000000000000, 0.000000000000000000 ) ) ;
#805 = DIRECTION ( 'NONE',  ( -1.391702203685997576E-14, 1.000000000000000000, -0.000000000000000000 ) ) ;
#806 = CARTESIAN_POINT ( 'NONE',  ( -13.99999999999998757, 6.999999999999858780, -10.50000000000000000 ) ) ;
#807 = VERTEX_POINT ( 'NONE', #1120 ) ;
#808 = VERTEX_POINT ( 'NONE', #1456 ) ;
#809 = DIRECTION ( 'NONE',  ( -1.000000000000000000, -1.734723475976807341E-16, 0.000000000000000000 ) ) ;
#810 = ORIENTED_EDGE ( 'NONE', *, *, #760, .T. ) ;
#811 = CARTESIAN_POINT ( 'NONE',  ( -11.84999999999971365, -13.00000000000044587, 10.50000000000000000 ) ) ;
#812 = EDGE_CURVE ( 'NONE', #1111, #524, #402, .T. ) ;
#813 = EDGE_CURVE ( 'NONE', #1036, #332, #319, .T. ) ;
#814 = CIRCLE ( 'NONE', #458, 2.149999999999997247 ) ;
#815 = AXIS2_PLACEMENT_3D ( 'NONE', #841, #1317, #1192 ) ;
#816 = CARTESIAN_POINT ( 'NONE',  ( 16.15000000000001279, 7.000000000000280664, 10.50000000000000000 ) ) ;
#817 = AXIS2_PLACEMENT_3D ( 'NONE', #173, #641, #1486 ) ;
#818 = VECTOR ( 'NONE', #35, 1000.000000000000114 ) ;
#819 = EDGE_CURVE ( 'NONE', #246, #1159, #1505, .T. ) ;
#820 = ORIENTED_EDGE ( 'NONE', *, *, #585, .F. ) ;
#821 = CARTESIAN_POINT ( 'NONE',  ( -13.99999999999998757, 6.999999999999855227, -10.50000000000000000 ) ) ;
#822 = CIRCLE ( 'NONE', #137, 0.5000000000000004441 ) ;
#823 = CARTESIAN_POINT ( 'NONE',  ( 14.00000000000001243, 7.000000000000244249, -10.50000000000000000 ) ) ;
#824 = CARTESIAN_POINT ( 'NONE',  ( -8.500000000000000000, 8.000000000000003553, 17.50000000000000000 ) ) ;
#825 = UNCERTAINTY_MEASURE_WITH_UNIT (LENGTH_MEASURE( 1.000000000000000082E-05 ), #1328, 'distance_accuracy_value', 'NONE');
#826 = VERTEX_POINT ( 'NONE', #696 ) ;
#827 =( LENGTH_UNIT ( ) NAMED_UNIT ( * ) SI_UNIT ( .MILLI., .METRE. ) );
#828 = FACE_OUTER_BOUND ( 'NONE', #371, .T. ) ;
#829 = CARTESIAN_POINT ( 'NONE',  ( 19.50000000000000000, -12.49999999999999822, 17.50000000000000000 ) ) ;
#830 = ORIENTED_EDGE ( 'NONE', *, *, #177, .T. ) ;
#831 =( NAMED_UNIT ( * ) SI_UNIT ( $, .STERADIAN. ) SOLID_ANGLE_UNIT ( ) );
#832 = ADVANCED_FACE ( 'NONE', ( #1155 ), #1491, .F. ) ;
#833 = CARTESIAN_POINT ( 'NONE',  ( -20.00000000000000000, -13.00000000000000000, 17.50000000000000000 ) ) ;
#834 = ORIENTED_EDGE ( 'NONE', *, *, #140, .T. ) ;
#835 = LINE ( 'NONE', #1189, #1154 ) ;
#836 = ADVANCED_FACE ( 'NONE', ( #1260 ), #157, .F. ) ;
#837 = CARTESIAN_POINT ( 'NONE',  ( 11.85000000000028919, -12.50000000000015454, -10.50000000000000000 ) ) ;
#838 = PRODUCT_DEFINITION_CONTEXT ( 'detailed design', #799, 'design' ) ;
#839 = VECTOR ( 'NONE', #769, 1000.000000000000000 ) ;
#840 = ORIENTED_EDGE ( 'NONE', *, *, #1065, .F. ) ;
#841 = CARTESIAN_POINT ( 'NONE',  ( -7.499999999999996447, -13.00000000000000000, 17.50000000000000000 ) ) ;
#842 = CIRCLE ( 'NONE', #711, 3.149999999999812506 ) ;
#843 = VECTOR ( 'NONE', #844, 1000.000000000000000 ) ;
#844 = DIRECTION ( 'NONE',  ( -1.391702203685997576E-14, 1.000000000000000000, -0.000000000000000000 ) ) ;
#845 = ORIENTED_EDGE ( 'NONE', *, *, #327, .F. ) ;
#846 = CARTESIAN_POINT ( 'NONE',  ( 14.00000000000028955, -13.00000000000000000, -10.50000000000000000 ) ) ;
#847 = CARTESIAN_POINT ( 'NONE',  ( -6.099999999999997868, -11.69999999999999929, -17.50000000000000000 ) ) ;
#848 = ORIENTED_EDGE ( 'NONE', *, *, #569, .F. ) ;
#849 = VERTEX_POINT ( 'NONE', #1484 ) ;
#850 = DIRECTION ( 'NONE',  ( -0.7071067811865635599, 0.7071067811865314745, 0.000000000000000000 ) ) ;
#851 = CARTESIAN_POINT ( 'NONE',  ( 16.15000000000000568, 7.000000000000277112, -10.50000000000000000 ) ) ;
#852 = VERTEX_POINT ( 'NONE', #423 ) ;
#853 = SURFACE_SIDE_STYLE ('',( #465 ) ) ;
#854 = DIRECTION ( 'NONE',  ( -1.391702203685997576E-14, 1.000000000000000000, -0.000000000000000000 ) ) ;
#855 = PRODUCT_DEFINITION_CONTEXT ( 'detailed design', #577, 'design' ) ;
#856 = ORIENTED_EDGE ( 'NONE', *, *, #101, .T. ) ;
#857 = ORIENTED_EDGE ( 'NONE', *, *, #248, .T. ) ;
#858 = DIRECTION ( 'NONE',  ( 1.387778780781805554E-14, -1.000000000000000000, -0.000000000000000000 ) ) ;
#859 = CARTESIAN_POINT ( 'NONE',  ( -13.99999999999971756, -12.50000000000051337, -10.50000000000000000 ) ) ;
#860 = VERTEX_POINT ( 'NONE', #911 ) ;
#861 = DIRECTION ( 'NONE',  ( -0.6000000000000004219, 0.7999999999999997113, 0.000000000000000000 ) ) ;
#862 = CARTESIAN_POINT ( 'NONE',  ( 14.00000000000028244, -12.50000000000012967, 10.50000000000000000 ) ) ;
#863 = EDGE_LOOP ( 'NONE', ( #802, #619, #1054, #1371 ) ) ;
#864 = CARTESIAN_POINT ( 'NONE',  ( 0.000000000000000000, 0.000000000000000000, 0.000000000000000000 ) ) ;
#865 = AXIS2_PLACEMENT_3D ( 'NONE', #542, #1037, #901 ) ;
#866 = VECTOR ( 'NONE', #677, 1000.000000000000000 ) ;
#867 = CIRCLE ( 'NONE', #234, 2.149999999999999023 ) ;
#868 = EDGE_LOOP ( 'NONE', ( #1241, #1202 ) ) ;
#869 = VECTOR ( 'NONE', #10, 1000.000000000000114 ) ;
#870 = DIRECTION ( 'NONE',  ( 1.000000000000000000, 1.374686528132840640E-14, 0.000000000000000000 ) ) ;
#871 = EDGE_LOOP ( 'NONE', ( #1135, #250, #264, #1256 ) ) ;
#872 = EDGE_LOOP ( 'NONE', ( #357, #990, #256, #387 ) ) ;
#873 = PRODUCT_CONTEXT ( 'NONE', #912, 'mechanical' ) ;
#874 = CARTESIAN_POINT ( 'NONE',  ( -18.50000000000000000, 7.500000000000001776, 17.50000000000000000 ) ) ;
#875 = ORIENTED_EDGE ( 'NONE', *, *, #1107, .F. ) ;
#876 = CARTESIAN_POINT ( 'NONE',  ( -11.84999999999971365, -13.00000000000044587, -10.50000000000000000 ) ) ;
#877 = LINE ( 'NONE', #25, #1075 ) ;
#878 =( REPRESENTATION_RELATIONSHIP ('NONE','NONE', #1214, #662 ) REPRESENTATION_RELATIONSHIP_WITH_TRANSFORMATION ( #517 )SHAPE_REPRESENTATION_RELATIONSHIP( ) );
#879 = EDGE_LOOP ( 'NONE', ( #29, #461 ) ) ;
#880 = EDGE_CURVE ( 'NONE', #70, #1259, #791, .T. ) ;
#881 = CARTESIAN_POINT ( 'NONE',  ( 7.500000000000003553, -12.99999999999999822, 17.50000000000000000 ) ) ;
#882 = ORIENTED_EDGE ( 'NONE', *, *, #924, .F. ) ;
#883 = ADVANCED_FACE ( 'NONE', ( #1163 ), #417, .F. ) ;
#884 = CARTESIAN_POINT ( 'NONE',  ( 14.00000000000028955, -13.00000000000000000, -10.50000000000000000 ) ) ;
#885 = CYLINDRICAL_SURFACE ( 'NONE', #255, 5.000000000000000000 ) ;
#886 = EDGE_CURVE ( 'NONE', #826, #87, #1383, .T. ) ;
#887 = ORIENTED_EDGE ( 'NONE', *, *, #1125, .F. ) ;
#888 = DIRECTION ( 'NONE',  ( 0.000000000000000000, 0.000000000000000000, 1.000000000000000000 ) ) ;
#889 = DIRECTION ( 'NONE',  ( -0.7327934916262990317, 0.6804510993672779895, 0.000000000000000000 ) ) ;
#890 = CIRCLE ( 'NONE', #1076, 2.149999999999994138 ) ;
#891 = AXIS2_PLACEMENT_3D ( 'NONE', #766, #1146, #1028 ) ;
#892 = EDGE_LOOP ( 'NONE', ( #887, #32, #9, #1432 ) ) ;
#893 = CONICAL_SURFACE ( 'NONE', #1243, 2.649999999999857359, 0.7853981633974380649 ) ;
#894 = PRODUCT_DEFINITION ( 'UNKNOWN', '', #637, #855 ) ;
#895 = FACE_OUTER_BOUND ( 'NONE', #583, .T. ) ;
#896 = AXIS2_PLACEMENT_3D ( 'NONE', #823, #705, #1193 ) ;
#897 = CYLINDRICAL_SURFACE ( 'NONE', #587, 0.5000000000000004441 ) ;
#898 = AXIS2_PLACEMENT_3D ( 'NONE', #1472, #105, #1529 ) ;
#899 = CARTESIAN_POINT ( 'NONE',  ( -11.35000000000020748, -13.00000000000000000, -10.50000000000000000 ) ) ;
#900 = VERTEX_POINT ( 'NONE', #60 ) ;
#901 = DIRECTION ( 'NONE',  ( 1.000000000000000000, 1.371641818214220234E-14, 0.000000000000000000 ) ) ;
#902 = EDGE_CURVE ( 'NONE', #1455, #1110, #1291, .T. ) ;
#903 = DIRECTION ( 'NONE',  ( 0.000000000000000000, 0.000000000000000000, 1.000000000000000000 ) ) ;
#904 = EDGE_CURVE ( 'NONE', #1080, #1507, #181, .T. ) ;
#905 = CARTESIAN_POINT ( 'NONE',  ( -5.000000000000000000, 12.99999999999999822, 17.50000000000000000 ) ) ;
#906 = EDGE_CURVE ( 'NONE', #1423, #860, #553, .T. ) ;
#907 = CARTESIAN_POINT ( 'NONE',  ( -18.50000000000000000, 8.000000000000001776, -17.50000000000000000 ) ) ;
#908 = ORIENTED_EDGE ( 'NONE', *, *, #1392, .F. ) ;
#909 = CARTESIAN_POINT ( 'NONE',  ( -14.00000000000000178, 8.000000000000001776, -10.50000000000000000 ) ) ;
#910 = ADVANCED_FACE ( 'NONE', ( #1049 ), #435, .F. ) ;
#911 = CARTESIAN_POINT ( 'NONE',  ( 10.85000000000018971, 8.000000000000001776, -10.50000000000000000 ) ) ;
#912 = APPLICATION_CONTEXT ( 'automotive_design' ) ;
#913 = FACE_OUTER_BOUND ( 'NONE', #441, .T. ) ;
#914 = EDGE_LOOP ( 'NONE', ( #875, #1147, #1205, #1004 ) ) ;
#915 = DIRECTION ( 'NONE',  ( 0.7071067811865422437, 0.7071067811865526798, 8.659560562354989558E-17 ) ) ;
#916 = EDGE_CURVE ( 'NONE', #1063, #852, #484, .T. ) ;
#917 = DIRECTION ( 'NONE',  ( 0.7327934916262985876, 0.6804510993672784336, 0.000000000000000000 ) ) ;
#918 = AXIS2_PLACEMENT_3D ( 'NONE', #253, #979, #515 ) ;
#919 = VECTOR ( 'NONE', #694, 1000.000000000000114 ) ;
#920 = DIRECTION ( 'NONE',  ( 0.000000000000000000, 1.000000000000000000, 0.000000000000000000 ) ) ;
#921 = CARTESIAN_POINT ( 'NONE',  ( -18.50000000000000000, -4.999999999999999112, 17.50000000000000000 ) ) ;
#922 = CYLINDRICAL_SURFACE ( 'NONE', #17, 2.149999999999999023 ) ;
#923 = EDGE_LOOP ( 'NONE', ( #767, #26, #194, #1461 ) ) ;
#924 = EDGE_CURVE ( 'NONE', #1455, #1439, #71, .T. ) ;
#925 = LINE ( 'NONE', #1174, #919 ) ;
#926 = ORIENTED_EDGE ( 'NONE', *, *, #1349, .F. ) ;
#927 = DIRECTION ( 'NONE',  ( 0.000000000000000000, -1.000000000000000000, 0.000000000000000000 ) ) ;
#928 = DIRECTION ( 'NONE',  ( 1.734723475976807341E-16, -1.000000000000000000, 0.000000000000000000 ) ) ;
#929 = ORIENTED_EDGE ( 'NONE', *, *, #52, .T. ) ;
#930 = DIRECTION ( 'NONE',  ( -0.5734623443633288797, 0.8192319205190401465, 0.000000000000000000 ) ) ;
#931 = APPLICATION_CONTEXT ( 'automotive_design' ) ;
#932 = EDGE_CURVE ( 'NONE', #1070, #1005, #1268, .T. ) ;
#933 = DIRECTION ( 'NONE',  ( -1.391702203685997576E-14, 1.000000000000000000, -0.000000000000000000 ) ) ;
#934 = DIRECTION ( 'NONE',  ( -1.387778780781786306E-14, 1.000000000000000000, 0.000000000000000000 ) ) ;
#935 = DIRECTION ( 'NONE',  ( 1.734723475976807341E-16, -1.000000000000000000, 0.000000000000000000 ) ) ;
#936 = EDGE_CURVE ( 'NONE', #1444, #1259, #539, .T. ) ;
#937 = ORIENTED_EDGE ( 'NONE', *, *, #1172, .T. ) ;
#938 = LINE ( 'NONE', #195, #90 ) ;
#939 = ADVANCED_FACE ( 'NONE', ( #189 ), #1053, .F. ) ;
#940 = DIRECTION ( 'NONE',  ( 0.7071067811865459074, -0.7071067811865491270, 0.000000000000000000 ) ) ;
#941 = FACE_OUTER_BOUND ( 'NONE', #1364, .T. ) ;
#942 = VECTOR ( 'NONE', #1164, 1000.000000000000000 ) ;
#943 = VECTOR ( 'NONE', #220, 1000.000000000000000 ) ;
#944 = FACE_BOUND ( 'NONE', #734, .T. ) ;
#945 = COLOUR_RGB ( '',0.7921568627450980005, 0.8196078431372548767, 0.9333333333333333481 ) ;
#946 = EDGE_LOOP ( 'NONE', ( #147, #168, #1218, #81 ) ) ;
#947 = AXIS2_PLACEMENT_3D ( 'NONE', #829, #1306, #365 ) ;
#948 = ADVANCED_FACE ( 'NONE', ( #1510 ), #1105, .F. ) ;
#949 = LINE ( 'NONE', #1064, #1176 ) ;
#950 = VECTOR ( 'NONE', #579, 1000.000000000000000 ) ;
#951 = DIRECTION ( 'NONE',  ( -1.000000000000000000, 1.734723475976807341E-16, 0.000000000000000000 ) ) ;
#952 = CARTESIAN_POINT ( 'NONE',  ( 19.50000000000000000, -12.49999999999999822, 17.50000000000000000 ) ) ;
#953 = CARTESIAN_POINT ( 'NONE',  ( 7.500000000000003553, -12.99999999999999822, -17.50000000000000000 ) ) ;
#954 = EDGE_CURVE ( 'NONE', #364, #730, #1430, .T. ) ;
#955 = ORIENTED_EDGE ( 'NONE', *, *, #489, .T. ) ;
#956 = CARTESIAN_POINT ( 'NONE',  ( -13.99999999999998757, 6.999999999999858780, 10.50000000000000000 ) ) ;
#957 = ADVANCED_FACE ( 'NONE', ( #1309 ), #232, .F. ) ;
#958 = ADVANCED_FACE ( 'NONE', ( #223 ), #712, .F. ) ;
#959 = CARTESIAN_POINT ( 'NONE',  ( -13.99999999999971756, -12.50000000000051337, -10.50000000000000000 ) ) ;
#960 = VERTEX_POINT ( 'NONE', #117 ) ;
#961 = PRESENTATION_STYLE_ASSIGNMENT (( #1425 ) ) ;
#962 = FACE_OUTER_BOUND ( 'NONE', #27, .T. ) ;
#963 = ADVANCED_FACE ( 'NONE', ( #828 ), #980, .F. ) ;
#964 = ORIENTED_EDGE ( 'NONE', *, *, #52, .F. ) ;
#965 = CARTESIAN_POINT ( 'NONE',  ( 6.100000000000003197, -11.69999999999999751, -17.50000000000000000 ) ) ;
#966 = EDGE_CURVE ( 'NONE', #1464, #983, #1188, .T. ) ;
#967 = ORIENTED_EDGE ( 'NONE', *, *, #292, .T. ) ;
#968 = CARTESIAN_POINT ( 'NONE',  ( 16.65000000000018687, -13.00000000000000000, -10.50000000000000000 ) ) ;
#969 = ORIENTED_EDGE ( 'NONE', *, *, #716, .F. ) ;
#970 = EDGE_CURVE ( 'NONE', #984, #516, #639, .T. ) ;
#971 = DIRECTION ( 'NONE',  ( 0.000000000000000000, 1.000000000000000000, 0.000000000000000000 ) ) ;
#972 = CARTESIAN_POINT ( 'NONE',  ( -16.14999999999998792, 6.999999999999829470, 10.50000000000000000 ) ) ;
#973 = AXIS2_PLACEMENT_3D ( 'NONE', #563, #1517, #202 ) ;
#974 = UNCERTAINTY_MEASURE_WITH_UNIT (LENGTH_MEASURE( 1.000000000000000082E-05 ), #827, 'distance_accuracy_value', 'NONE');
#975 = VECTOR ( 'NONE', #1000, 1000.000000000000000 ) ;
#976 = ORIENTED_EDGE ( 'NONE', *, *, #572, .F. ) ;
#977 = DIRECTION ( 'NONE',  ( 1.000000000000000000, 1.371641818214221339E-14, 0.000000000000000000 ) ) ;
#978 = AXIS2_PLACEMENT_3D ( 'NONE', #1313, #971, #702 ) ;
#979 = DIRECTION ( 'NONE',  ( 1.734723475976807341E-16, -1.000000000000000000, 0.000000000000000000 ) ) ;
#980 = CONICAL_SURFACE ( 'NONE', #896, 2.149999999999994138, 0.7853981633974547183 ) ;
#981 = LINE ( 'NONE', #588, #1504 ) ;
#982 = EDGE_LOOP ( 'NONE', ( #269, #1245, #757, #208 ) ) ;
#983 = VERTEX_POINT ( 'NONE', #1185 ) ;
#984 = VERTEX_POINT ( 'NONE', #1096 ) ;
#985 = CARTESIAN_POINT ( 'NONE',  ( 20.00000000000000000, -6.999999999999999112, 17.50000000000000000 ) ) ;
#986 = EDGE_LOOP ( 'NONE', ( #300, #721, #1395, #49 ) ) ;
#987 = DIRECTION ( 'NONE',  ( -1.387778780781786306E-14, 1.000000000000000000, 0.000000000000000000 ) ) ;
#988 = CARTESIAN_POINT ( 'NONE',  ( 10.85000000000018971, 8.000000000000001776, 10.50000000000000000 ) ) ;
#989 = EDGE_CURVE ( 'NONE', #1036, #20, #981, .T. ) ;
#990 = ORIENTED_EDGE ( 'NONE', *, *, #1497, .F. ) ;
#991 = ORIENTED_EDGE ( 'NONE', *, *, #434, .T. ) ;
#992 = CARTESIAN_POINT ( 'NONE',  ( 11.35000000000046860, -13.00000000000000000, 10.50000000000000000 ) ) ;
#993 = EDGE_CURVE ( 'NONE', #141, #1423, #100, .T. ) ;
#994 = DIRECTION ( 'NONE',  ( 0.7071067811865459074, -0.7071067811865491270, 0.000000000000000000 ) ) ;
#995 = DIRECTION ( 'NONE',  ( -1.000000000000000000, -1.371641818214221339E-14, 0.000000000000000000 ) ) ;
#996 = VERTEX_POINT ( 'NONE', #604 ) ;
#997 = VERTEX_POINT ( 'NONE', #1411 ) ;
#998 = CONICAL_SURFACE ( 'NONE', #1518, 2.649999999999467004, 0.7853981633974321808 ) ;
#999 = CIRCLE ( 'NONE', #1355, 3.150000000000204636 ) ;
#1000 = DIRECTION ( 'NONE',  ( -0.000000000000000000, -0.000000000000000000, -1.000000000000000000 ) ) ;
#1001 = EDGE_LOOP ( 'NONE', ( #276, #848, #796, #541 ) ) ;
#1002 = LINE ( 'NONE', #154, #289 ) ;
#1003 = CARTESIAN_POINT ( 'NONE',  ( 14.00000000000028955, -13.00000000000008527, 10.50000000000000000 ) ) ;
#1004 = ORIENTED_EDGE ( 'NONE', *, *, #489, .F. ) ;
#1005 = VERTEX_POINT ( 'NONE', #851 ) ;
#1006 = DIRECTION ( 'NONE',  ( 1.000000000000000000, 0.000000000000000000, 0.000000000000000000 ) ) ;
#1007 = VERTEX_POINT ( 'NONE', #570 ) ;
#1008 = DIRECTION ( 'NONE',  ( -1.391702203685997576E-14, 1.000000000000000000, -0.000000000000000000 ) ) ;
#1009 = CYLINDRICAL_SURFACE ( 'NONE', #502, 2.149999999999994138 ) ;
#1010 = CARTESIAN_POINT ( 'NONE',  ( 18.00000000000000000, 8.000000000000001776, 17.50000000000000000 ) ) ;
#1011 = ORIENTED_EDGE ( 'NONE', *, *, #317, .F. ) ;
#1012 = DIRECTION ( 'NONE',  ( -0.000000000000000000, -0.000000000000000000, -1.000000000000000000 ) ) ;
#1013 = ORIENTED_EDGE ( 'NONE', *, *, #54, .F. ) ;
#1014 = FACE_OUTER_BOUND ( 'NONE', #490, .T. ) ;
#1015 = EDGE_CURVE ( 'NONE', #573, #1316, #1326, .T. ) ;
#1016 = DIRECTION ( 'NONE',  ( -0.6000000000000004219, -0.7999999999999997113, 0.000000000000000000 ) ) ;
#1017 = ORIENTED_EDGE ( 'NONE', *, *, #1488, .F. ) ;
#1018 = EDGE_CURVE ( 'NONE', #808, #1444, #1528, .T. ) ;
#1019 = DIRECTION ( 'NONE',  ( -1.000000000000000000, -1.371641818214223232E-14, 0.000000000000000000 ) ) ;
#1020 = VECTOR ( 'NONE', #651, 1000.000000000000000 ) ;
#1021 = AXIS2_PLACEMENT_3D ( 'NONE', #1219, #28, #474 ) ;
#1022 = CIRCLE ( 'NONE', #1047, 5.000000000000000000 ) ;
#1023 = EDGE_LOOP ( 'NONE', ( #1494, #1387, #1013, #1516 ) ) ;
#1024 = CIRCLE ( 'NONE', #42, 0.5000000000000004441 ) ;
#1025 = CARTESIAN_POINT ( 'NONE',  ( 14.00000000000001243, 7.000000000000244249, -10.50000000000000000 ) ) ;
#1026 = DIRECTION ( 'NONE',  ( 0.6000000000000004219, 0.7999999999999997113, 0.000000000000000000 ) ) ;
#1027 = CIRCLE ( 'NONE', #581, 3.149999999999812506 ) ;
#1028 = DIRECTION ( 'NONE',  ( 1.000000000000000000, 0.000000000000000000, 0.000000000000000000 ) ) ;
#1029 = ORIENTED_EDGE ( 'NONE', *, *, #1422, .F. ) ;
#1030 = EDGE_CURVE ( 'NONE', #983, #524, #104, .T. ) ;
#1031 = FACE_OUTER_BOUND ( 'NONE', #982, .T. ) ;
#1032 = ORIENTED_EDGE ( 'NONE', *, *, #7, .F. ) ;
#1033 = CARTESIAN_POINT ( 'NONE',  ( 20.00000000000000000, -6.999999999999999112, 17.50000000000000000 ) ) ;
#1034 = DIRECTION ( 'NONE',  ( -0.000000000000000000, 0.000000000000000000, -1.000000000000000000 ) ) ;
#1035 = DIRECTION ( 'NONE',  ( 1.000000000000000000, 1.374686528132840640E-14, 0.000000000000000000 ) ) ;
#1036 = VERTEX_POINT ( 'NONE', #245 ) ;
#1037 = DIRECTION ( 'NONE',  ( -1.387778780781786306E-14, 1.000000000000000000, 0.000000000000000000 ) ) ;
#1038 = VERTEX_POINT ( 'NONE', #1073 ) ;
#1039 = LINE ( 'NONE', #88, #1151 ) ;
#1040 = DIRECTION ( 'NONE',  ( 0.000000000000000000, 1.000000000000000000, 0.000000000000000000 ) ) ;
#1041 = CARTESIAN_POINT ( 'NONE',  ( -1.778091562876227587E-14, -1.838806884535415520E-13, 17.50000000000000000 ) ) ;
#1042 = CARTESIAN_POINT ( 'NONE',  ( -11.84999999999999076, 6.999999999999884537, 10.50000000000000000 ) ) ;
#1043 = ORIENTED_EDGE ( 'NONE', *, *, #812, .F. ) ;
#1044 = CARTESIAN_POINT ( 'NONE',  ( -18.00000000000000000, 8.000000000000001776, 17.50000000000000000 ) ) ;
#1045 = PLANE ( 'NONE',  #313 ) ;
#1046 = EDGE_CURVE ( 'NONE', #693, #1159, #1090, .T. ) ;
#1047 = AXIS2_PLACEMENT_3D ( 'NONE', #664, #674, #72 ) ;
#1048 = CIRCLE ( 'NONE', #401, 2.649999999999430589 ) ;
#1049 = FACE_OUTER_BOUND ( 'NONE', #986, .T. ) ;
#1050 = CARTESIAN_POINT ( 'NONE',  ( 7.500000000000003553, -12.99999999999999822, -17.50000000000000000 ) ) ;
#1051 = AXIS2_PLACEMENT_3D ( 'NONE', #1025, #302, #83 ) ;
#1052 = CARTESIAN_POINT ( 'NONE',  ( -17.15000000000020819, 8.000000000000001776, 10.50000000000000000 ) ) ;
#1053 = CONICAL_SURFACE ( 'NONE', #92, 2.149999999999999023, 0.7853981633974571608 ) ;
#1054 = ORIENTED_EDGE ( 'NONE', *, *, #916, .F. ) ;
#1055 = DIRECTION ( 'NONE',  ( 1.000000000000000000, 0.000000000000000000, 0.000000000000000000 ) ) ;
#1056 = EDGE_CURVE ( 'NONE', #1038, #709, #1299, .T. ) ;
#1057 = ORIENTED_EDGE ( 'NONE', *, *, #1339, .F. ) ;
#1058 = EDGE_LOOP ( 'NONE', ( #592, #426, #118, #1173, #703, #275, #908, #1436, #1499, #243, #551, #144, #1226, #969, #1043, #605, #976, #834, #1459, #1310 ) ) ;
#1059 = CARTESIAN_POINT ( 'NONE',  ( 7.500000000000003553, -12.99999999999999822, 17.50000000000000000 ) ) ;
#1060 = CARTESIAN_POINT ( 'NONE',  ( 11.85000000000001918, 7.000000000000214051, -10.50000000000000000 ) ) ;
#1061 = CARTESIAN_POINT ( 'NONE',  ( -13.99999999999971045, -13.00000000000000000, 10.50000000000000000 ) ) ;
#1062 = EDGE_CURVE ( 'NONE', #364, #165, #1304, .T. ) ;
#1063 = VERTEX_POINT ( 'NONE', #968 ) ;
#1064 = CARTESIAN_POINT ( 'NONE',  ( -20.00000000000000000, -13.00000000000000000, -17.50000000000000000 ) ) ;
#1065 = EDGE_CURVE ( 'NONE', #900, #1452, #39, .T. ) ;
#1066 = DIRECTION ( 'NONE',  ( 0.000000000000000000, 0.000000000000000000, 1.000000000000000000 ) ) ;
#1067 = ADVANCED_FACE ( 'NONE', ( #720, #1368, #44 ), #627, .F. ) ;
#1068 = LINE ( 'NONE', #437, #286 ) ;
#1069 = DIRECTION ( 'NONE',  ( -0.7071067811865617836, 0.7071067811865333619, 0.000000000000000000 ) ) ;
#1070 = VERTEX_POINT ( 'NONE', #295 ) ;
#1071 = CARTESIAN_POINT ( 'NONE',  ( -7.499999999999996447, -13.00000000000000000, -17.50000000000000000 ) ) ;
#1072 = EDGE_CURVE ( 'NONE', #1080, #997, #633, .T. ) ;
#1073 = CARTESIAN_POINT ( 'NONE',  ( 18.00000000000000000, 8.000000000000001776, 17.50000000000000000 ) ) ;
#1074 = PRODUCT ( 'B443 \X2\041b0438043d04350439043d044b0439\X0\ \X2\043f043e043404480438043f043d0438043a\X0\ SCS \X2\0432\X0\ \X2\0430043b044e043c0438043d043804350432043e043c\X0\ \X2\043a043e0440043f044304410435\X0\ \X2\0434043b044f\X0\ \X2\04320430043b043e0432\X0\ \X2\00d8\X0\ 10 \X2\043c043c\X0\_SCS10UU', 'B443 \X2\041b0438043d04350439043d044b0439\X0\ \X2\043f043e043404480438043f043d0438043a\X0\ SCS \X2\0432\X0\ \X2\0430043b044e043c0438043d043804350432043e043c\X0\ \X2\043a043e0440043f044304410435\X0\ \X2\0434043b044f\X0\ \X2\04320430043b043e0432\X0\ \X2\00d8\X0\ 10 \X2\043c043c\X0\_SCS10UU', '', ( #873 ) ) ;
#1075 = VECTOR ( 'NONE', #751, 1000.000000000000000 ) ;
#1076 = AXIS2_PLACEMENT_3D ( 'NONE', #518, #391, #1019 ) ;
#1077 = DIRECTION ( 'NONE',  ( 1.000000000000000000, 0.000000000000000000, 0.000000000000000000 ) ) ;
#1078 = CIRCLE ( 'NONE', #479, 2.149999999999999023 ) ;
#1079 = AXIS2_PLACEMENT_3D ( 'NONE', #1301, #1098, #235 ) ;
#1080 = VERTEX_POINT ( 'NONE', #163 ) ;
#1081 = CARTESIAN_POINT ( 'NONE',  ( 14.00000000000028955, -13.00000000000000000, 10.50000000000000000 ) ) ;
#1082 = ADVANCED_FACE ( 'NONE', ( #1343 ), #51, .F. ) ;
#1083 = VECTOR ( 'NONE', #667, 1000.000000000000114 ) ;
#1084 = ORIENTED_EDGE ( 'NONE', *, *, #1062, .T. ) ;
#1085 = CARTESIAN_POINT ( 'NONE',  ( -7.499999999999996447, -13.00000000000000000, 17.50000000000000000 ) ) ;
#1086 = VERTEX_POINT ( 'NONE', #1490 ) ;
#1087 = DIRECTION ( 'NONE',  ( 1.000000000000000000, 0.000000000000000000, 0.000000000000000000 ) ) ;
#1088 = ORIENTED_EDGE ( 'NONE', *, *, #140, .F. ) ;
#1089 = ORIENTED_EDGE ( 'NONE', *, *, #475, .F. ) ;
#1090 = LINE ( 'NONE', #1204, #558 ) ;
#1091 = ORIENTED_EDGE ( 'NONE', *, *, #932, .F. ) ;
#1092 = DIRECTION ( 'NONE',  ( 1.000000000000000000, 0.000000000000000000, 0.000000000000000000 ) ) ;
#1093 = ORIENTED_EDGE ( 'NONE', *, *, #916, .T. ) ;
#1094 = DIRECTION ( 'NONE',  ( 1.000000000000000000, 1.374686528132638060E-14, 0.000000000000000000 ) ) ;
#1095 = PLANE ( 'NONE',  #134 ) ;
#1096 = CARTESIAN_POINT ( 'NONE',  ( -10.84999999999988418, 8.000000000000001776, 10.50000000000000000 ) ) ;
#1097 = ORIENTED_EDGE ( 'NONE', *, *, #603, .T. ) ;
#1098 = DIRECTION ( 'NONE',  ( -1.387778780781242149E-14, 1.000000000000000000, 0.000000000000000000 ) ) ;
#1099 = DIRECTION ( 'NONE',  ( 1.000000000000000000, 0.000000000000000000, -0.000000000000000000 ) ) ;
#1100 = VECTOR ( 'NONE', #1513, 1000.000000000000000 ) ;
#1101 = EDGE_LOOP ( 'NONE', ( #830, #80 ) ) ;
#1102 = CARTESIAN_POINT ( 'NONE',  ( 6.100000000000003197, -11.69999999999999751, 17.50000000000000000 ) ) ;
#1103 = CIRCLE ( 'NONE', #135, 2.649999999999819167 ) ;
#1104 = CARTESIAN_POINT ( 'NONE',  ( 0.000000000000000000, 0.000000000000000000, -17.50000000000000000 ) ) ;
#1105 = CONICAL_SURFACE ( 'NONE', #407, 2.149999999999997247, 0.7853981633974547183 ) ;
#1106 = ORIENTED_EDGE ( 'NONE', *, *, #646, .T. ) ;
#1107 = EDGE_CURVE ( 'NONE', #550, #1452, #755, .T. ) ;
#1108 = VERTEX_POINT ( 'NONE', #874 ) ;
#1109 = LINE ( 'NONE', #1, #341 ) ;
#1110 = VERTEX_POINT ( 'NONE', #1454 ) ;
#1111 = VERTEX_POINT ( 'NONE', #179 ) ;
#1112 = DIRECTION ( 'NONE',  ( -1.734723475976807341E-16, -1.000000000000000000, 0.000000000000000000 ) ) ;
#1113 = ORIENTED_EDGE ( 'NONE', *, *, #601, .T. ) ;
#1114 = DIRECTION ( 'NONE',  ( -1.000000000000000000, 0.000000000000000000, 0.000000000000000000 ) ) ;
#1115 = EDGE_CURVE ( 'NONE', #281, #1119, #748, .T. ) ;
#1116 = ORIENTED_EDGE ( 'NONE', *, *, #434, .F. ) ;
#1117 = SHAPE_DEFINITION_REPRESENTATION ( #207, #1214 ) ;
#1118 = CARTESIAN_POINT ( 'NONE',  ( 14.00000000000028955, -13.00000000000000000, 10.50000000000000000 ) ) ;
#1119 = VERTEX_POINT ( 'NONE', #306 ) ;
#1120 = CARTESIAN_POINT ( 'NONE',  ( 19.50000000000000000, -13.00000000000000000, -17.50000000000000000 ) ) ;
#1121 = FACE_OUTER_BOUND ( 'NONE', #669, .T. ) ;
#1122 = ORIENTED_EDGE ( 'NONE', *, *, #36, .T. ) ;
#1123 =( NAMED_UNIT ( * ) SI_UNIT ( $, .STERADIAN. ) SOLID_ANGLE_UNIT ( ) );
#1124 = VECTOR ( 'NONE', #121, 1000.000000000000114 ) ;
#1125 = EDGE_CURVE ( 'NONE', #87, #1108, #732, .T. ) ;
#1126 = ORIENTED_EDGE ( 'NONE', *, *, #362, .F. ) ;
#1127 = LINE ( 'NONE', #778, #257 ) ;
#1128 = CIRCLE ( 'NONE', #318, 2.149999999999992362 ) ;
#1129 = VECTOR ( 'NONE', #166, 1000.000000000000000 ) ;
#1130 = EDGE_LOOP ( 'NONE', ( #964, #1376, #1229, #45 ) ) ;
#1131 = CARTESIAN_POINT ( 'NONE',  ( -5.000000000000000000, 12.99999999999999822, -17.50000000000000000 ) ) ;
#1132 = CARTESIAN_POINT ( 'NONE',  ( 16.65000000000018687, -13.00000000000000000, 10.50000000000000000 ) ) ;
#1133 = ORIENTED_EDGE ( 'NONE', *, *, #572, .T. ) ;
#1134 = ORIENTED_EDGE ( 'NONE', *, *, #785, .T. ) ;
#1135 = ORIENTED_EDGE ( 'NONE', *, *, #196, .T. ) ;
#1136 = DIRECTION ( 'NONE',  ( 1.387778780781805554E-14, -1.000000000000000000, -0.000000000000000000 ) ) ;
#1137 = EDGE_LOOP ( 'NONE', ( #294, #1285, #1458, #124 ) ) ;
#1138 = DIRECTION ( 'NONE',  ( -1.391702203685997576E-14, 1.000000000000000000, -0.000000000000000000 ) ) ;
#1139 = CARTESIAN_POINT ( 'NONE',  ( -16.14999999999971791, -12.50000000000054357, 10.50000000000000000 ) ) ;
#1140 = ORIENTED_EDGE ( 'NONE', *, *, #936, .F. ) ;
#1141 = LINE ( 'NONE', #421, #1407 ) ;
#1142 = EDGE_CURVE ( 'NONE', #983, #1086, #1242, .T. ) ;
#1143 = DIRECTION ( 'NONE',  ( -1.000000000000000000, 0.000000000000000000, 0.000000000000000000 ) ) ;
#1144 = CARTESIAN_POINT ( 'NONE',  ( 14.00000000000001243, 7.000000000000250466, 10.50000000000000000 ) ) ;
#1145 = DIRECTION ( 'NONE',  ( 1.387778780782874460E-14, -1.000000000000000000, -0.000000000000000000 ) ) ;
#1146 = DIRECTION ( 'NONE',  ( -1.734723475976807341E-16, -1.000000000000000000, 0.000000000000000000 ) ) ;
#1147 = ORIENTED_EDGE ( 'NONE', *, *, #265, .T. ) ;
#1148 = VERTEX_POINT ( 'NONE', #152 ) ;
#1149 = CARTESIAN_POINT ( 'NONE',  ( -5.000000000000000000, 12.99999999999999822, 17.50000000000000000 ) ) ;
#1150 = AXIS2_PLACEMENT_3D ( 'NONE', #1405, #1399, #1391 ) ;
#1151 = VECTOR ( 'NONE', #809, 1000.000000000000000 ) ;
#1152 = CONICAL_SURFACE ( 'NONE', #340, 2.649999999999467004, 0.7853981633974321808 ) ;
#1153 = VERTEX_POINT ( 'NONE', #386 ) ;
#1154 = VECTOR ( 'NONE', #578, 999.9999999999998863 ) ;
#1155 = FACE_OUTER_BOUND ( 'NONE', #1389, .T. ) ;
#1156 = CARTESIAN_POINT ( 'NONE',  ( 14.00000000000028955, -13.00000000000008527, -10.50000000000000000 ) ) ;
#1157 = CIRCLE ( 'NONE', #1448, 0.5000000000000004441 ) ;
#1158 = CARTESIAN_POINT ( 'NONE',  ( -20.00000000000000000, -13.00000000000000000, 17.50000000000000000 ) ) ;
#1159 = VERTEX_POINT ( 'NONE', #1357 ) ;
#1160 = DIRECTION ( 'NONE',  ( 1.000000000000000000, 1.421904488505579654E-16, 0.000000000000000000 ) ) ;
#1161 = ORIENTED_EDGE ( 'NONE', *, *, #819, .T. ) ;
#1162 = CARTESIAN_POINT ( 'NONE',  ( 17.14999999999971791, 8.000000000000001776, -10.50000000000000000 ) ) ;
#1163 = FACE_OUTER_BOUND ( 'NONE', #1137, .T. ) ;
#1164 = DIRECTION ( 'NONE',  ( -0.7071067811865635599, 0.7071067811865314745, 0.000000000000000000 ) ) ;
#1165 = CARTESIAN_POINT ( 'NONE',  ( -14.00000000000000178, 8.000000000000001776, 10.50000000000000000 ) ) ;
#1166 = ORIENTED_EDGE ( 'NONE', *, *, #738, .T. ) ;
#1167 = ORIENTED_EDGE ( 'NONE', *, *, #410, .T. ) ;
#1168 = DIRECTION ( 'NONE',  ( -0.000000000000000000, -0.000000000000000000, -1.000000000000000000 ) ) ;
#1169 = DIRECTION ( 'NONE',  ( -0.7071067811865617836, 0.7071067811865331398, 0.000000000000000000 ) ) ;
#1170 = DIRECTION ( 'NONE',  ( 0.000000000000000000, 0.000000000000000000, 1.000000000000000000 ) ) ;
#1171 = ORIENTED_EDGE ( 'NONE', *, *, #1210, .T. ) ;
#1172 = EDGE_CURVE ( 'NONE', #808, #70, #1127, .T. ) ;
#1173 = ORIENTED_EDGE ( 'NONE', *, *, #2, .F. ) ;
#1174 = CARTESIAN_POINT ( 'NONE',  ( 7.500000000000003553, -12.99999999999999822, 17.50000000000000000 ) ) ;
#1175 = PRODUCT_DEFINITION_SHAPE ( 'NONE', 'NONE',  #1530 ) ;
#1176 = VECTOR ( 'NONE', #1512, 1000.000000000000000 ) ;
#1177 = ADVANCED_FACE ( 'NONE', ( #1031 ), #429, .F. ) ;
#1178 = CIRCLE ( 'NONE', #735, 3.150000000000204636 ) ;
#1179 = DIRECTION ( 'NONE',  ( -1.387778780781242149E-14, 1.000000000000000000, 0.000000000000000000 ) ) ;
#1180 = CYLINDRICAL_SURFACE ( 'NONE', #1150, 0.5000000000000004441 ) ;
#1181 = CARTESIAN_POINT ( 'NONE',  ( -13.99999999999971045, -13.00000000000000000, -10.50000000000000000 ) ) ;
#1182 = AXIS2_PLACEMENT_3D ( 'NONE', #905, #927, #660 ) ;
#1183 = ORIENTED_EDGE ( 'NONE', *, *, #1488, .T. ) ;
#1184 = CARTESIAN_POINT ( 'NONE',  ( -19.50000000000000000, -13.00000000000000000, 17.50000000000000000 ) ) ;
#1185 = CARTESIAN_POINT ( 'NONE',  ( -5.000000000000000000, 12.99999999999999822, 17.50000000000000000 ) ) ;
#1186 = FACE_OUTER_BOUND ( 'NONE', #946, .T. ) ;
#1187 = CARTESIAN_POINT ( 'NONE',  ( -8.500000000000000000, 8.000000000000003553, 17.50000000000000000 ) ) ;
#1188 = LINE ( 'NONE', #450, #212 ) ;
#1189 = CARTESIAN_POINT ( 'NONE',  ( 20.00000000000000000, -6.999999999999999112, 17.50000000000000000 ) ) ;
#1190 = EDGE_CURVE ( 'NONE', #534, #330, #999, .T. ) ;
#1191 = ORIENTED_EDGE ( 'NONE', *, *, #317, .T. ) ;
#1192 = DIRECTION ( 'NONE',  ( -0.7327934916262985876, -0.6804510993672784336, 0.000000000000000000 ) ) ;
#1193 = DIRECTION ( 'NONE',  ( -1.000000000000000000, -1.371641818214223232E-14, 0.000000000000000000 ) ) ;
#1194 = VECTOR ( 'NONE', #1069, 1000.000000000000000 ) ;
#1195 = AXIS2_PLACEMENT_3D ( 'NONE', #356, #123, #238 ) ;
#1196 = FILL_AREA_STYLE ('',( #183 ) ) ;
#1197 = AXIS2_PLACEMENT_3D ( 'NONE', #328, #321, #311 ) ;
#1198 = ORIENTED_EDGE ( 'NONE', *, *, #646, .F. ) ;
#1199 = DIRECTION ( 'NONE',  ( 1.387778780782874460E-14, -1.000000000000000000, -0.000000000000000000 ) ) ;
#1200 = ORIENTED_EDGE ( 'NONE', *, *, #1318, .T. ) ;
#1201 = LINE ( 'NONE', #1286, #950 ) ;
#1202 = ORIENTED_EDGE ( 'NONE', *, *, #970, .T. ) ;
#1203 = CARTESIAN_POINT ( 'NONE',  ( 16.65000000000014779, -12.99999999999996270, -10.50000000000000000 ) ) ;
#1204 = CARTESIAN_POINT ( 'NONE',  ( -20.00000000000000000, -6.999999999999999112, 17.50000000000000000 ) ) ;
#1205 = ORIENTED_EDGE ( 'NONE', *, *, #369, .T. ) ;
#1206 = CYLINDRICAL_SURFACE ( 'NONE', #947, 0.5000000000000004441 ) ;
#1207 = PLANE ( 'NONE',  #789 ) ;
#1208 = EDGE_LOOP ( 'NONE', ( #1212, #1337, #1032, #138 ) ) ;
#1209 =( NAMED_UNIT ( * ) PLANE_ANGLE_UNIT ( ) SI_UNIT ( $, .RADIAN. ) );
#1210 = EDGE_CURVE ( 'NONE', #141, #1070, #890, .T. ) ;
#1211 = CARTESIAN_POINT ( 'NONE',  ( -5.000000000000018652, -1.838806884535415520E-13, 17.50000000000000000 ) ) ;
#1212 = ORIENTED_EDGE ( 'NONE', *, *, #176, .T. ) ;
#1213 =( NAMED_UNIT ( * ) SI_UNIT ( $, .STERADIAN. ) SOLID_ANGLE_UNIT ( ) );
#1214 = SHAPE_REPRESENTATION ( '\X2\04210431043e0440043a0430\X0\1', ( #1478, #506 ), #259 ) ;
#1215 = AXIS2_PLACEMENT_3D ( 'NONE', #1041, #514, #547 ) ;
#1216 = VECTOR ( 'NONE', #1012, 1000.000000000000000 ) ;
#1217 = CIRCLE ( 'NONE', #231, 0.5000000000000004441 ) ;
#1218 = ORIENTED_EDGE ( 'NONE', *, *, #177, .F. ) ;
#1219 = CARTESIAN_POINT ( 'NONE',  ( 14.00000000000028955, -13.00000000000000000, 10.50000000000000000 ) ) ;
#1220 = CARTESIAN_POINT ( 'NONE',  ( -13.99999999999971756, -12.50000000000051337, 10.50000000000000000 ) ) ;
#1221 = VECTOR ( 'NONE', #1160, 1000.000000000000000 ) ;
#1222 = VERTEX_POINT ( 'NONE', #33 ) ;
#1223 = EDGE_CURVE ( 'NONE', #1153, #595, #1372, .T. ) ;
#1224 = CARTESIAN_POINT ( 'NONE',  ( 14.00000000000028244, -12.50000000000012967, 10.50000000000000000 ) ) ;
#1225 = DIRECTION ( 'NONE',  ( -1.734723475976807341E-16, -1.000000000000000000, 0.000000000000000000 ) ) ;
#1226 = ORIENTED_EDGE ( 'NONE', *, *, #1366, .F. ) ;
#1227 = ORIENTED_EDGE ( 'NONE', *, *, #1503, .T. ) ;
#1228 = DIRECTION ( 'NONE',  ( -1.000000000000000000, 1.387778780781445922E-16, 0.000000000000000000 ) ) ;
#1229 = ORIENTED_EDGE ( 'NONE', *, *, #906, .T. ) ;
#1230 = CARTESIAN_POINT ( 'NONE',  ( 14.00000000000028955, -13.00000000000000000, 10.50000000000000000 ) ) ;
#1231 = PLANE ( 'NONE',  #377 ) ;
#1232 = EDGE_LOOP ( 'NONE', ( #567, #1029, #1088, #1116 ) ) ;
#1233 = DIRECTION ( 'NONE',  ( -0.7071067811865263675, -0.7071067811865686670, 8.659560562354793575E-17 ) ) ;
#1234 = ORIENTED_EDGE ( 'NONE', *, *, #924, .T. ) ;
#1235 = DIRECTION ( 'NONE',  ( -1.391702203685997576E-14, 1.000000000000000000, -0.000000000000000000 ) ) ;
#1236 = DIRECTION ( 'NONE',  ( 0.8192319205190401465, -0.5734623443633288797, 0.000000000000000000 ) ) ;
#1237 = ORIENTED_EDGE ( 'NONE', *, *, #1115, .F. ) ;
#1238 = ORIENTED_EDGE ( 'NONE', *, *, #678, .F. ) ;
#1239 = AXIS2_PLACEMENT_3D ( 'NONE', #1061, #425, #1400 ) ;
#1240 = VECTOR ( 'NONE', #449, 1000.000000000000000 ) ;
#1241 = ORIENTED_EDGE ( 'NONE', *, *, #536, .T. ) ;
#1242 = LINE ( 'NONE', #1149, #839 ) ;
#1243 = AXIS2_PLACEMENT_3D ( 'NONE', #884, #170, #771 ) ;
#1244 = AXIS2_PLACEMENT_3D ( 'NONE', #1414, #349, #14 ) ;
#1245 = ORIENTED_EDGE ( 'NONE', *, *, #786, .F. ) ;
#1246 = CARTESIAN_POINT ( 'NONE',  ( 19.50000000000000000, -13.00000000000000000, 17.50000000000000000 ) ) ;
#1247 = DIRECTION ( 'NONE',  ( -1.000000000000000000, 0.000000000000000000, 0.000000000000000000 ) ) ;
#1248 = FACE_OUTER_BOUND ( 'NONE', #545, .T. ) ;
#1249 = EDGE_LOOP ( 'NONE', ( #780, #503 ) ) ;
#1250 = LINE ( 'NONE', #557, #1221 ) ;
#1251 = CONTEXT_DEPENDENT_SHAPE_REPRESENTATION ( #878, #1175 ) ;
#1252 = FACE_OUTER_BOUND ( 'NONE', #115, .T. ) ;
#1253 = LINE ( 'NONE', #1333, #1358 ) ;
#1254 = DIRECTION ( 'NONE',  ( 0.000000000000000000, 0.000000000000000000, -1.000000000000000000 ) ) ;
#1255 = EDGE_LOOP ( 'NONE', ( #775, #1278 ) ) ;
#1256 = ORIENTED_EDGE ( 'NONE', *, *, #1072, .F. ) ;
#1257 = CARTESIAN_POINT ( 'NONE',  ( 4.999999999999982236, -1.832683650539678763E-13, 17.50000000000000000 ) ) ;
#1258 = ADVANCED_FACE ( 'NONE', ( #1252 ), #169, .F. ) ;
#1259 = VERTEX_POINT ( 'NONE', #525 ) ;
#1260 = FACE_OUTER_BOUND ( 'NONE', #1130, .T. ) ;
#1261 = FACE_OUTER_BOUND ( 'NONE', #1023, .T. ) ;
#1262 = DIRECTION ( 'NONE',  ( -1.000000000000000000, 1.734723475976807341E-16, 0.000000000000000000 ) ) ;
#1263 = ORIENTED_EDGE ( 'NONE', *, *, #1107, .T. ) ;
#1264 = DIRECTION ( 'NONE',  ( 0.000000000000000000, 0.000000000000000000, -1.000000000000000000 ) ) ;
#1265 = CIRCLE ( 'NONE', #133, 0.5000000000000004441 ) ;
#1266 = VECTOR ( 'NONE', #84, 1000.000000000000000 ) ;
#1267 = CIRCLE ( 'NONE', #533, 2.149999999999994138 ) ;
#1268 = LINE ( 'NONE', #1496, #764 ) ;
#1269 = EDGE_CURVE ( 'NONE', #749, #374, #1048, .T. ) ;
#1270 = CARTESIAN_POINT ( 'NONE',  ( 18.50000000000000000, 7.500000000000001776, -17.50000000000000000 ) ) ;
#1271 = DIRECTION ( 'NONE',  ( -1.387778780781242149E-14, 1.000000000000000000, 0.000000000000000000 ) ) ;
#1272 = ORIENTED_EDGE ( 'NONE', *, *, #1269, .F. ) ;
#1273 = CARTESIAN_POINT ( 'NONE',  ( 20.00000000000000000, -12.49999999999999822, -17.50000000000000000 ) ) ;
#1274 = LINE ( 'NONE', #1187, #504 ) ;
#1275 = EDGE_CURVE ( 'NONE', #1159, #299, #787, .T. ) ;
#1276 = DIRECTION ( 'NONE',  ( -1.000000000000000000, -1.371641818214220234E-14, 0.000000000000000000 ) ) ;
#1277 = LINE ( 'NONE', #1158, #1266 ) ;
#1278 = ORIENTED_EDGE ( 'NONE', *, *, #1190, .T. ) ;
#1279 = LINE ( 'NONE', #47, #131 ) ;
#1280 = ORIENTED_EDGE ( 'NONE', *, *, #936, .T. ) ;
#1281 = DIRECTION ( 'NONE',  ( -0.000000000000000000, -0.000000000000000000, -1.000000000000000000 ) ) ;
#1282 = EDGE_CURVE ( 'NONE', #631, #95, #432, .T. ) ;
#1283 = DIRECTION ( 'NONE',  ( -1.000000000000000000, -0.000000000000000000, -0.000000000000000000 ) ) ;
#1284 = CARTESIAN_POINT ( 'NONE',  ( 14.00000000000001243, 7.000000000000246914, 10.50000000000000000 ) ) ;
#1285 = ORIENTED_EDGE ( 'NONE', *, *, #399, .T. ) ;
#1286 = CARTESIAN_POINT ( 'NONE',  ( -20.00000000000000000, -13.00000000000000000, 17.50000000000000000 ) ) ;
#1287 = EDGE_LOOP ( 'NONE', ( #1397, #1263, #840, #63 ) ) ;
#1288 = DIRECTION ( 'NONE',  ( -0.000000000000000000, -0.000000000000000000, 1.000000000000000000 ) ) ;
#1289 = VECTOR ( 'NONE', #1264, 1000.000000000000000 ) ;
#1290 = VECTOR ( 'NONE', #1262, 1000.000000000000000 ) ;
#1291 = LINE ( 'NONE', #781, #692 ) ;
#1292 = VECTOR ( 'NONE', #1283, 1000.000000000000000 ) ;
#1293 = DIRECTION ( 'NONE',  ( -1.391702203685997576E-14, 1.000000000000000000, -0.000000000000000000 ) ) ;
#1294 = ADVANCED_FACE ( 'NONE', ( #219 ), #186, .F. ) ;
#1295 = VECTOR ( 'NONE', #1169, 1000.000000000000114 ) ;
#1296 = EDGE_CURVE ( 'NONE', #1086, #1007, #1274, .T. ) ;
#1297 = ORIENTED_EDGE ( 'NONE', *, *, #880, .T. ) ;
#1298 = CARTESIAN_POINT ( 'NONE',  ( 18.50000000000000000, -4.999999999999999112, -17.50000000000000000 ) ) ;
#1299 = LINE ( 'NONE', #468, #1519 ) ;
#1300 = EDGE_CURVE ( 'NONE', #573, #960, #103, .T. ) ;
#1301 = CARTESIAN_POINT ( 'NONE',  ( -13.99999999999998757, 6.999999999999855227, -10.50000000000000000 ) ) ;
#1302 = ORIENTED_EDGE ( 'NONE', *, *, #254, .F. ) ;
#1303 = FACE_OUTER_BOUND ( 'NONE', #58, .T. ) ;
#1304 = LINE ( 'NONE', #463, #943 ) ;
#1305 = EDGE_CURVE ( 'NONE', #1110, #268, #1410, .T. ) ;
#1306 = DIRECTION ( 'NONE',  ( 0.000000000000000000, 0.000000000000000000, -1.000000000000000000 ) ) ;
#1307 = DIRECTION ( 'NONE',  ( 1.000000000000000000, 1.734723475976807341E-16, 0.000000000000000000 ) ) ;
#1308 = CARTESIAN_POINT ( 'NONE',  ( 18.50000000000000000, 7.500000000000001776, 17.50000000000000000 ) ) ;
#1309 = FACE_OUTER_BOUND ( 'NONE', #15, .T. ) ;
#1310 = ORIENTED_EDGE ( 'NONE', *, *, #738, .F. ) ;
#1311 = AXIS2_PLACEMENT_3D ( 'NONE', #198, #1514, #794 ) ;
#1312 = AXIS2_PLACEMENT_3D ( 'NONE', #593, #710, #608 ) ;
#1313 = CARTESIAN_POINT ( 'NONE',  ( -20.00000000000000000, -13.00000000000000000, 17.50000000000000000 ) ) ;
#1314 = VECTOR ( 'NONE', #920, 1000.000000000000000 ) ;
#1315 = LINE ( 'NONE', #691, #262 ) ;
#1316 = VERTEX_POINT ( 'NONE', #1071 ) ;
#1317 = DIRECTION ( 'NONE',  ( -0.6804510993672784336, 0.7327934916262985876, 0.000000000000000000 ) ) ;
#1318 = EDGE_CURVE ( 'NONE', #1350, #860, #609, .T. ) ;
#1319 = DIRECTION ( 'NONE',  ( -0.000000000000000000, -0.000000000000000000, -1.000000000000000000 ) ) ;
#1320 = ORIENTED_EDGE ( 'NONE', *, *, #1366, .T. ) ;
#1321 = FACE_OUTER_BOUND ( 'NONE', #1001, .T. ) ;
#1322 = CARTESIAN_POINT ( 'NONE',  ( -13.99999999999971045, -13.00000000000000000, -10.50000000000000000 ) ) ;
#1323 = ORIENTED_EDGE ( 'NONE', *, *, #1468, .T. ) ;
#1324 = LINE ( 'NONE', #1203, #1124 ) ;
#1325 = DIRECTION ( 'NONE',  ( -0.000000000000000000, -0.000000000000000000, -1.000000000000000000 ) ) ;
#1326 = LINE ( 'NONE', #1085, #564 ) ;
#1327 = ORIENTED_EDGE ( 'NONE', *, *, #252, .F. ) ;
#1328 =( LENGTH_UNIT ( ) NAMED_UNIT ( * ) SI_UNIT ( .MILLI., .METRE. ) );
#1329 = PLANE ( 'NONE',  #1524 ) ;
#1330 = VERTEX_POINT ( 'NONE', #797 ) ;
#1331 = ORIENTED_EDGE ( 'NONE', *, *, #993, .T. ) ;
#1332 = ORIENTED_EDGE ( 'NONE', *, *, #1056, .F. ) ;
#1333 = CARTESIAN_POINT ( 'NONE',  ( -11.35000000000024301, -12.99999999999996270, -10.50000000000000000 ) ) ;
#1334 = CIRCLE ( 'NONE', #213, 0.5000000000000004441 ) ;
#1335 = AXIS2_PLACEMENT_3D ( 'NONE', #344, #21, #1419 ) ;
#1336 = EDGE_CURVE ( 'NONE', #384, #1111, #544, .T. ) ;
#1337 = ORIENTED_EDGE ( 'NONE', *, *, #648, .F. ) ;
#1338 = ORIENTED_EDGE ( 'NONE', *, *, #1018, .T. ) ;
#1339 = EDGE_CURVE ( 'NONE', #1457, #1153, #925, .T. ) ;
#1340 = CARTESIAN_POINT ( 'NONE',  ( -1.778091562876227587E-14, -1.838806884535415520E-13, 17.50000000000000000 ) ) ;
#1341 = CARTESIAN_POINT ( 'NONE',  ( -11.84999999999999076, 6.999999999999888090, -10.50000000000000000 ) ) ;
#1342 = ORIENTED_EDGE ( 'NONE', *, *, #902, .F. ) ;
#1343 = FACE_OUTER_BOUND ( 'NONE', #464, .T. ) ;
#1344 = ORIENTED_EDGE ( 'NONE', *, *, #906, .F. ) ;
#1345 = LINE ( 'NONE', #381, #818 ) ;
#1346 = ADVANCED_BREP_SHAPE_REPRESENTATION ( '', ( #575, #663 ), #355 ) ;
#1347 = ORIENTED_EDGE ( 'NONE', *, *, #779, .T. ) ;
#1348 = PRODUCT_CONTEXT ( 'NONE', #931, 'mechanical' ) ;
#1349 = EDGE_CURVE ( 'NONE', #960, #206, #316, .T. ) ;
#1350 = VERTEX_POINT ( 'NONE', #1162 ) ;
#1351 = DIRECTION ( 'NONE',  ( 1.387778780781445922E-16, 1.000000000000000000, -0.000000000000000000 ) ) ;
#1352 = CARTESIAN_POINT ( 'NONE',  ( -1.778091562876227587E-14, -1.838806884535415520E-13, 17.50000000000000000 ) ) ;
#1353 = EDGE_LOOP ( 'NONE', ( #1227, #926, #483, #360 ) ) ;
#1354 = CARTESIAN_POINT ( 'NONE',  ( -11.35000000000020748, -13.00000000000000000, 10.50000000000000000 ) ) ;
#1355 = AXIS2_PLACEMENT_3D ( 'NONE', #909, #1460, #1006 ) ;
#1356 = CIRCLE ( 'NONE', #690, 2.149999999999992362 ) ;
#1357 = CARTESIAN_POINT ( 'NONE',  ( -20.00000000000000000, -6.999999999999999112, -17.50000000000000000 ) ) ;
#1358 = VECTOR ( 'NONE', #994, 1000.000000000000000 ) ;
#1359 = AXIS2_PLACEMENT_3D ( 'NONE', #112, #481, #1066 ) ;
#1360 = ORIENTED_EDGE ( 'NONE', *, *, #445, .F. ) ;
#1361 = DIRECTION ( 'NONE',  ( -0.5734623443633288797, -0.8192319205190401465, 0.000000000000000000 ) ) ;
#1362 = DIRECTION ( 'NONE',  ( -1.391702203685997576E-14, 1.000000000000000000, -0.000000000000000000 ) ) ;
#1363 = DIRECTION ( 'NONE',  ( 0.7071067811865422437, 0.7071067811865529018, 8.659560562354988325E-17 ) ) ;
#1364 = EDGE_LOOP ( 'NONE', ( #754, #1302, #845, #120 ) ) ;
#1365 = DIRECTION ( 'NONE',  ( 1.000000000000000000, 0.000000000000000000, 0.000000000000000000 ) ) ;
#1366 = EDGE_CURVE ( 'NONE', #1007, #826, #1039, .T. ) ;
#1367 = ORIENTED_EDGE ( 'NONE', *, *, #143, .T. ) ;
#1368 = FACE_BOUND ( 'NONE', #561, .T. ) ;
#1369 = DIRECTION ( 'NONE',  ( 1.387778780781445922E-16, 1.000000000000000000, -0.000000000000000000 ) ) ;
#1370 = DIRECTION ( 'NONE',  ( -1.387778780781781415E-14, 1.000000000000000000, 0.000000000000000000 ) ) ;
#1371 = ORIENTED_EDGE ( 'NONE', *, *, #1466, .F. ) ;
#1372 = LINE ( 'NONE', #881, #1216 ) ;
#1373 = CARTESIAN_POINT ( 'NONE',  ( -18.00000000000000000, 8.000000000000001776, 17.50000000000000000 ) ) ;
#1374 = LINE ( 'NONE', #424, #38 ) ;
#1375 = CARTESIAN_POINT ( 'NONE',  ( -13.99999999999971045, -13.00000000000047429, -10.50000000000000000 ) ) ;
#1376 = ORIENTED_EDGE ( 'NONE', *, *, #548, .F. ) ;
#1377 = CARTESIAN_POINT ( 'NONE',  ( 8.500000000000000000, 8.000000000000003553, 17.50000000000000000 ) ) ;
#1378 = AXIS2_PLACEMENT_3D ( 'NONE', #521, #1463, #1034 ) ;
#1379 = CONICAL_SURFACE ( 'NONE', #230, 2.149999999999999023, 0.7853981633974571608 ) ;
#1380 = VECTOR ( 'NONE', #288, 1000.000000000000000 ) ;
#1381 = AXIS2_PLACEMENT_3D ( 'NONE', #956, #487, #977 ) ;
#1382 = VECTOR ( 'NONE', #24, 1000.000000000000000 ) ;
#1383 = LINE ( 'NONE', #1373, #1427 ) ;
#1384 = EDGE_CURVE ( 'NONE', #1222, #246, #568, .T. ) ;
#1385 = LINE ( 'NONE', #171, #1020 ) ;
#1386 = CYLINDRICAL_SURFACE ( 'NONE', #1197, 2.149999999999997247 ) ;
#1387 = ORIENTED_EDGE ( 'NONE', *, *, #1115, .T. ) ;
#1388 = LINE ( 'NONE', #1377, #354 ) ;
#1389 = EDGE_LOOP ( 'NONE', ( #53, #201, #1084, #746 ) ) ;
#1390 = CARTESIAN_POINT ( 'NONE',  ( 18.50000000000000000, -4.999999999999999112, 17.50000000000000000 ) ) ;
#1391 = DIRECTION ( 'NONE',  ( -1.000000000000000000, 0.000000000000000000, 0.000000000000000000 ) ) ;
#1392 = EDGE_CURVE ( 'NONE', #95, #1316, #949, .T. ) ;
#1393 = DIRECTION ( 'NONE',  ( 1.000000000000000000, 0.000000000000000000, 0.000000000000000000 ) ) ;
#1394 = ORIENTED_EDGE ( 'NONE', *, *, #1468, .F. ) ;
#1395 = ORIENTED_EDGE ( 'NONE', *, *, #966, .F. ) ;
#1396 = DIRECTION ( 'NONE',  ( -0.5734623443633288797, 0.8192319205190401465, 0.000000000000000000 ) ) ;
#1397 = ORIENTED_EDGE ( 'NONE', *, *, #500, .T. ) ;
#1398 = DIRECTION ( 'NONE',  ( -1.391702203685997576E-14, 1.000000000000000000, -0.000000000000000000 ) ) ;
#1399 = DIRECTION ( 'NONE',  ( 0.000000000000000000, 0.000000000000000000, -1.000000000000000000 ) ) ;
#1400 = DIRECTION ( 'NONE',  ( 0.000000000000000000, 0.000000000000000000, 1.000000000000000000 ) ) ;
#1401 = DIRECTION ( 'NONE',  ( 0.6000000000000004219, -0.7999999999999997113, 0.000000000000000000 ) ) ;
#1402 = AXIS2_PLACEMENT_3D ( 'NONE', #412, #167, #800 ) ;
#1403 = VECTOR ( 'NONE', #930, 1000.000000000000000 ) ;
#1404 = DIRECTION ( 'NONE',  ( 0.000000000000000000, 0.000000000000000000, -1.000000000000000000 ) ) ;
#1405 = CARTESIAN_POINT ( 'NONE',  ( -19.50000000000000000, -12.49999999999999822, 17.50000000000000000 ) ) ;
#1406 = AXIS2_PLACEMENT_3D ( 'NONE', #846, #485, #1417 ) ;
#1407 = VECTOR ( 'NONE', #915, 1000.000000000000114 ) ;
#1408 = EDGE_CURVE ( 'NONE', #1153, #996, #422, .T. ) ;
#1409 = EDGE_LOOP ( 'NONE', ( #108, #199, #882, #606 ) ) ;
#1410 = LINE ( 'NONE', #1298, #866 ) ;
#1411 = CARTESIAN_POINT ( 'NONE',  ( 11.85000000000001563, 7.000000000000221156, 10.50000000000000000 ) ) ;
#1412 = DIRECTION ( 'NONE',  ( -0.000000000000000000, -0.000000000000000000, -1.000000000000000000 ) ) ;
#1413 = ORIENTED_EDGE ( 'NONE', *, *, #597, .F. ) ;
#1414 = CARTESIAN_POINT ( 'NONE',  ( -14.00000000000000178, 8.000000000000001776, 10.50000000000000000 ) ) ;
#1415 = EDGE_LOOP ( 'NONE', ( #509, #955 ) ) ;
#1416 = DIRECTION ( 'NONE',  ( 1.000000000000000000, 0.000000000000000000, 0.000000000000000000 ) ) ;
#1417 = DIRECTION ( 'NONE',  ( -1.000000000000000000, 0.000000000000000000, 0.000000000000000000 ) ) ;
#1418 = ORIENTED_EDGE ( 'NONE', *, *, #252, .T. ) ;
#1419 = DIRECTION ( 'NONE',  ( 1.000000000000000000, 1.374686528132638060E-14, 0.000000000000000000 ) ) ;
#1420 = EDGE_CURVE ( 'NONE', #70, #807, #1265, .T. ) ;
#1421 = DIRECTION ( 'NONE',  ( -1.000000000000000000, -1.371641818214221339E-14, 0.000000000000000000 ) ) ;
#1422 = EDGE_CURVE ( 'NONE', #268, #1439, #938, .T. ) ;
#1423 = VERTEX_POINT ( 'NONE', #552 ) ;
#1424 = CIRCLE ( 'NONE', #1312, 2.149999999999997247 ) ;
#1425 = SURFACE_STYLE_USAGE ( .BOTH. , #853 ) ;
#1426 = EDGE_CURVE ( 'NONE', #709, #1464, #1388, .T. ) ;
#1427 = VECTOR ( 'NONE', #325, 1000.000000000000000 ) ;
#1428 = FACE_BOUND ( 'NONE', #1249, .T. ) ;
#1429 = PRODUCT_DEFINITION_FORMATION_WITH_SPECIFIED_SOURCE ( 'ANY', '', #443, .NOT_KNOWN. ) ;
#1430 = CIRCLE ( 'NONE', #1481, 2.149999999999999023 ) ;
#1431 = ADVANCED_FACE ( 'NONE', ( #82 ), #1045, .F. ) ;
#1432 = ORIENTED_EDGE ( 'NONE', *, *, #376, .F. ) ;
#1433 = CARTESIAN_POINT ( 'NONE',  ( -7.499999999999996447, -13.00000000000000000, -17.50000000000000000 ) ) ;
#1434 = CARTESIAN_POINT ( 'NONE',  ( -17.15000000000020819, 8.000000000000001776, -10.50000000000000000 ) ) ;
#1435 = CARTESIAN_POINT ( 'NONE',  ( 14.00000000000001243, 7.000000000000246914, 10.50000000000000000 ) ) ;
#1436 = ORIENTED_EDGE ( 'NONE', *, *, #327, .T. ) ;
#1437 = DIRECTION ( 'NONE',  ( -1.000000000000000000, -1.371641818214223232E-14, 0.000000000000000000 ) ) ;
#1438 = ADVANCED_FACE ( 'NONE', ( #339 ), #1379, .F. ) ;
#1439 = VERTEX_POINT ( 'NONE', #1308 ) ;
#1440 = LINE ( 'NONE', #361, #287 ) ;
#1441 = CARTESIAN_POINT ( 'NONE',  ( 16.15000000000001279, 7.000000000000277112, 10.50000000000000000 ) ) ;
#1442 = LINE ( 'NONE', #1131, #261 ) ;
#1443 = VERTEX_POINT ( 'NONE', #965 ) ;
#1444 = VERTEX_POINT ( 'NONE', #985 ) ;
#1445 = ADVANCED_FACE ( 'NONE', ( #1303 ), #758, .F. ) ;
#1446 = ORIENTED_EDGE ( 'NONE', *, *, #585, .T. ) ;
#1447 = FACE_OUTER_BOUND ( 'NONE', #914, .T. ) ;
#1448 = AXIS2_PLACEMENT_3D ( 'NONE', #226, #1515, #1055 ) ;
#1449 = VECTOR ( 'NONE', #501, 1000.000000000000000 ) ;
#1450 = AXIS2_PLACEMENT_3D ( 'NONE', #806, #571, #303 ) ;
#1451 = ADVANCED_FACE ( 'NONE', ( #467 ), #352, .F. ) ;
#1452 = VERTEX_POINT ( 'NONE', #109 ) ;
#1453 = AXIS2_PLACEMENT_3D ( 'NONE', #1224, #142, #623 ) ;
#1454 = CARTESIAN_POINT ( 'NONE',  ( 18.50000000000000000, -4.999999999999999112, -17.50000000000000000 ) ) ;
#1455 = VERTEX_POINT ( 'NONE', #129 ) ;
#1456 = CARTESIAN_POINT ( 'NONE',  ( 20.00000000000000000, -12.49999999999999822, 17.50000000000000000 ) ) ;
#1457 = VERTEX_POINT ( 'NONE', #1102 ) ;
#1458 = ORIENTED_EDGE ( 'NONE', *, *, #597, .T. ) ;
#1459 = ORIENTED_EDGE ( 'NONE', *, *, #1305, .F. ) ;
#1460 = DIRECTION ( 'NONE',  ( 1.734723475976807341E-16, -1.000000000000000000, 0.000000000000000000 ) ) ;
#1461 = ORIENTED_EDGE ( 'NONE', *, *, #1223, .T. ) ;
#1462 = DIRECTION ( 'NONE',  ( -1.000000000000000000, 0.000000000000000000, 0.000000000000000000 ) ) ;
#1463 = DIRECTION ( 'NONE',  ( 1.000000000000000000, 0.000000000000000000, -0.000000000000000000 ) ) ;
#1464 = VERTEX_POINT ( 'NONE', #139 ) ;
#1465 = FACE_OUTER_BOUND ( 'NONE', #279, .T. ) ;
#1466 = EDGE_CURVE ( 'NONE', #1070, #1063, #1324, .T. ) ;
#1467 = CARTESIAN_POINT ( 'NONE',  ( 7.500000000000003553, -12.99999999999999822, 17.50000000000000000 ) ) ;
#1468 = EDGE_CURVE ( 'NONE', #174, #165, #1424, .T. ) ;
#1469 = ORIENTED_EDGE ( 'NONE', *, *, #430, .T. ) ;
#1470 = ADVANCED_FACE ( 'NONE', ( #731, #584, #12 ), #600, .F. ) ;
#1471 = CYLINDRICAL_SURFACE ( 'NONE', #586, 5.000000000000000000 ) ;
#1472 = CARTESIAN_POINT ( 'NONE',  ( -13.99999999999971756, -12.50000000000051337, 10.50000000000000000 ) ) ;
#1473 = ADVANCED_FACE ( 'NONE', ( #236 ), #477, .F. ) ;
#1474 = FACE_OUTER_BOUND ( 'NONE', #1058, .T. ) ;
#1475 = ORIENTED_EDGE ( 'NONE', *, *, #1526, .F. ) ;
#1476 = APPLICATION_PROTOCOL_DEFINITION ( 'draft international standard', 'automotive_design', 1998, #577 ) ;
#1477 = PRESENTATION_LAYER_ASSIGNMENT (  '', '', ( #611 ) ) ;
#1478 = AXIS2_PLACEMENT_3D ( 'NONE', #864, #888, #1365 ) ;
#1479 = CARTESIAN_POINT ( 'NONE',  ( -13.99999999999971045, -13.00000000000000000, -10.50000000000000000 ) ) ;
#1480 = CIRCLE ( 'NONE', #1453, 2.149999999999997247 ) ;
#1481 = AXIS2_PLACEMENT_3D ( 'NONE', #959, #1199, #345 ) ;
#1482 = CIRCLE ( 'NONE', #898, 2.149999999999999023 ) ;
#1483 = PRODUCT_RELATED_PRODUCT_CATEGORY ( 'part', '', ( #1074 ) ) ;
#1484 = CARTESIAN_POINT ( 'NONE',  ( 18.00000000000000000, 8.000000000000001776, -17.50000000000000000 ) ) ;
#1485 = DIRECTION ( 'NONE',  ( -1.391702203685997576E-14, 1.000000000000000000, -0.000000000000000000 ) ) ;
#1486 = DIRECTION ( 'NONE',  ( -1.000000000000000000, 0.000000000000000000, 0.000000000000000000 ) ) ;
#1487 = EDGE_LOOP ( 'NONE', ( #1011, #1238, #180, #34 ) ) ;
#1488 = EDGE_CURVE ( 'NONE', #420, #1507, #16, .T. ) ;
#1489 = EDGE_LOOP ( 'NONE', ( #1093, #1113 ) ) ;
#1490 = CARTESIAN_POINT ( 'NONE',  ( -8.500000000000000000, 8.000000000000003553, 17.50000000000000000 ) ) ;
#1491 = CYLINDRICAL_SURFACE ( 'NONE', #431, 2.149999999999999023 ) ;
#1492 = FACE_OUTER_BOUND ( 'NONE', #599, .T. ) ;
#1493 = LINE ( 'NONE', #1042, #89 ) ;
#1494 = ORIENTED_EDGE ( 'NONE', *, *, #308, .F. ) ;
#1495 = CARTESIAN_POINT ( 'NONE',  ( -18.50000000000000000, -4.999999999999999112, 17.50000000000000000 ) ) ;
#1496 = CARTESIAN_POINT ( 'NONE',  ( 16.15000000000028280, -13.00000000000005684, -10.50000000000000000 ) ) ;
#1497 = EDGE_CURVE ( 'NONE', #193, #332, #65, .T. ) ;
#1498 = CARTESIAN_POINT ( 'NONE',  ( -7.499999999999996447, -13.00000000000000000, 17.50000000000000000 ) ) ;
#1499 = ORIENTED_EDGE ( 'NONE', *, *, #1275, .F. ) ;
#1500 = ORIENTED_EDGE ( 'NONE', *, *, #993, .F. ) ;
#1501 = DIRECTION ( 'NONE',  ( -0.000000000000000000, -0.000000000000000000, -1.000000000000000000 ) ) ;
#1502 = AXIS2_PLACEMENT_3D ( 'NONE', #451, #1271, #1511 ) ;
#1503 = EDGE_CURVE ( 'NONE', #1316, #206, #251, .T. ) ;
#1504 = VECTOR ( 'NONE', #940, 1000.000000000000000 ) ;
#1505 = LINE ( 'NONE', #203, #612 ) ;
#1506 = DIRECTION ( 'NONE',  ( 0.7071067811865441310, 0.7071067811865510144, 8.659560562355010512E-17 ) ) ;
#1507 = VERTEX_POINT ( 'NONE', #992 ) ;
#1508 = ORIENTED_EDGE ( 'NONE', *, *, #1408, .T. ) ;
#1509 = CARTESIAN_POINT ( 'NONE',  ( 19.50000000000000000, -12.49999999999999822, -17.50000000000000000 ) ) ;
#1510 = FACE_OUTER_BOUND ( 'NONE', #486, .T. ) ;
#1511 = DIRECTION ( 'NONE',  ( -1.000000000000000000, -1.371641818214220234E-14, 0.000000000000000000 ) ) ;
#1512 = DIRECTION ( 'NONE',  ( 1.000000000000000000, 0.000000000000000000, 0.000000000000000000 ) ) ;
#1513 = DIRECTION ( 'NONE',  ( 0.000000000000000000, 1.000000000000000000, 0.000000000000000000 ) ) ;
#1514 = DIRECTION ( 'NONE',  ( -0.8192319205190401465, -0.5734623443633288797, 0.000000000000000000 ) ) ;
#1515 = DIRECTION ( 'NONE',  ( -0.000000000000000000, -0.000000000000000000, -1.000000000000000000 ) ) ;
#1516 = ORIENTED_EDGE ( 'NONE', *, *, #989, .F. ) ;
#1517 = DIRECTION ( 'NONE',  ( -1.734723475976807341E-16, -1.000000000000000000, 0.000000000000000000 ) ) ;
#1518 = AXIS2_PLACEMENT_3D ( 'NONE', #1322, #37, #241 ) ;
#1519 = VECTOR ( 'NONE', #951, 1000.000000000000000 ) ;
#1520 = CIRCLE ( 'NONE', #891, 3.149999999999809397 ) ;
#1521 = DIRECTION ( 'NONE',  ( -1.000000000000000000, -0.000000000000000000, -0.000000000000000000 ) ) ;
#1522 = CIRCLE ( 'NONE', #508, 2.649999999999430589 ) ;
#1523 = DIRECTION ( 'NONE',  ( 1.000000000000000000, 0.000000000000000000, 0.000000000000000000 ) ) ;
#1524 = AXIS2_PLACEMENT_3D ( 'NONE', #249, #1236, #497 ) ;
#1525 = ORIENTED_EDGE ( 'NONE', *, *, #191, .F. ) ;
#1526 = EDGE_CURVE ( 'NONE', #165, #330, #1440, .T. ) ;
#1527 = DIRECTION ( 'NONE',  ( 0.7327934916262985876, 0.6804510993672784336, 0.000000000000000000 ) ) ;
#1528 = LINE ( 'NONE', #594, #1100 ) ;
#1529 = DIRECTION ( 'NONE',  ( -1.000000000000000000, -1.371641818214220234E-14, 0.000000000000000000 ) ) ;
#1530 = NEXT_ASSEMBLY_USAGE_OCCURRENCE ( 'NAUO1', ' ', ' ', #560, #894, $ ) ;
ENDSEC;
END-ISO-10303-21;
