ISO-10303-21;
HEADER;
FILE_DESCRIPTION (( 'STEP AP214' ),
    '1' );
FILE_NAME ('B452 Фланцевый опорный подшипник KFL00 для валов O 10 мм.STEP',
    '2025-07-11T14:24:25',
    ( '' ),
    ( '' ),
    'SwSTEP 2.0',
    'SolidWorks 2025',
    '' );
FILE_SCHEMA (( 'AUTOMOTIVE_DESIGN' ));
ENDSEC;

DATA;
#1 = ORIENTED_EDGE ( 'NONE', *, *, #709, .F. ) ;
#2 = DIRECTION ( 'NONE',  ( -0.000000000000000000, -1.000000000000000000, -0.000000000000000000 ) ) ;
#3 = EDGE_CURVE ( 'NONE', #265, #328, #190, .T. ) ;
#4 = PLANE ( 'NONE',  #767 ) ;
#5 = VECTOR ( 'NONE', #55, 1000.000000000000000 ) ;
#6 = DIRECTION ( 'NONE',  ( 0.000000000000000000, 0.000000000000000000, 1.000000000000000000 ) ) ;
#7 = AXIS2_PLACEMENT_3D ( 'NONE', #384, #712, #1140 ) ;
#8 = CARTESIAN_POINT ( 'NONE',  ( 0.000000000000000000, 16.00000000000000000, 0.000000000000000000 ) ) ;
#9 = VERTEX_POINT ( 'NONE', #1265 ) ;
#10 = DIRECTION ( 'NONE',  ( -0.000000000000000000, -1.000000000000000000, -0.000000000000000000 ) ) ;
#11 = CIRCLE ( 'NONE', #1086, 7.000000000000000000 ) ;
#12 = AXIS2_PLACEMENT_3D ( 'NONE', #1110, #135, #20 ) ;
#13 = EDGE_LOOP ( 'NONE', ( #437, #791, #255, #849 ) ) ;
#14 = DIRECTION ( 'NONE',  ( 0.000000000000000000, 0.000000000000000000, -1.000000000000000000 ) ) ;
#15 = AXIS2_PLACEMENT_3D ( 'NONE', #76, #106, #252 ) ;
#16 = LINE ( 'NONE', #1115, #956 ) ;
#17 = EDGE_CURVE ( 'NONE', #1105, #1204, #359, .T. ) ;
#18 = ORIENTED_EDGE ( 'NONE', *, *, #186, .F. ) ;
#19 = DIRECTION ( 'NONE',  ( 0.000000000000000000, 0.000000000000000000, -1.000000000000000000 ) ) ;
#20 = DIRECTION ( 'NONE',  ( 0.000000000000000000, 0.000000000000000000, 1.000000000000000000 ) ) ;
#21 = ORIENTED_EDGE ( 'NONE', *, *, #1361, .F. ) ;
#22 = DIRECTION ( 'NONE',  ( 0.000000000000000000, 0.000000000000000000, -1.000000000000000000 ) ) ;
#23 = DIRECTION ( 'NONE',  ( 0.000000000000000000, 0.000000000000000000, 1.000000000000000000 ) ) ;
#24 = DIRECTION ( 'NONE',  ( 0.000000000000000000, 0.000000000000000000, -1.000000000000000000 ) ) ;
#25 = EDGE_LOOP ( 'NONE', ( #1358, #536, #103, #259 ) ) ;
#26 = EDGE_LOOP ( 'NONE', ( #756, #680, #695, #899 ) ) ;
#27 = CIRCLE ( 'NONE', #831, 4.000000000000000000 ) ;
#28 = DIRECTION ( 'NONE',  ( 0.000000000000000000, 0.000000000000000000, 1.000000000000000000 ) ) ;
#29 = COLOUR_RGB ( '',0.4078431372549019551, 0.4196078431372549100, 0.4313725490196078649 ) ;
#30 = CIRCLE ( 'NONE', #206, 4.999999999999999112 ) ;
#31 = DIRECTION ( 'NONE',  ( 0.000000000000000000, -1.000000000000000000, 0.000000000000000000 ) ) ;
#32 = CIRCLE ( 'NONE', #1084, 16.69999999999999929 ) ;
#33 = EDGE_CURVE ( 'NONE', #779, #922, #722, .T. ) ;
#34 = AXIS2_PLACEMENT_3D ( 'NONE', #1092, #761, #975 ) ;
#35 = CARTESIAN_POINT ( 'NONE',  ( 28.49999999999999645, 5.500000000000000000, -3.320659704926542499 ) ) ;
#36 = EDGE_CURVE ( 'NONE', #1212, #1290, #1127, .T. ) ;
#37 = ORIENTED_EDGE ( 'NONE', *, *, #44, .T. ) ;
#38 = CARTESIAN_POINT ( 'NONE',  ( -17.99999999999999645, 2.000000000000000000, 6.406530519991120443 ) ) ;
#39 = CARTESIAN_POINT ( 'NONE',  ( 0.000000000000000000, 5.500000000000000000, 0.000000000000000000 ) ) ;
#40 = CIRCLE ( 'NONE', #1288, 17.50000000000000000 ) ;
#41 = LINE ( 'NONE', #1114, #1303 ) ;
#42 = FACE_OUTER_BOUND ( 'NONE', #26, .T. ) ;
#43 = FACE_OUTER_BOUND ( 'NONE', #757, .T. ) ;
#44 = EDGE_CURVE ( 'NONE', #1292, #582, #1078, .T. ) ;
#45 = LINE ( 'NONE', #1367, #624 ) ;
#46 = ORIENTED_EDGE ( 'NONE', *, *, #417, .F. ) ;
#47 = CARTESIAN_POINT ( 'NONE',  ( 15.41935305178170879, 5.500000000000000000, 9.580695613406636113 ) ) ;
#48 = LINE ( 'NONE', #485, #1141 ) ;
#49 = DIRECTION ( 'NONE',  ( 0.000000000000000000, 1.000000000000000000, 0.000000000000000000 ) ) ;
#50 = ORIENTED_EDGE ( 'NONE', *, *, #934, .F. ) ;
#51 = FACE_OUTER_BOUND ( 'NONE', #854, .T. ) ;
#52 = ORIENTED_EDGE ( 'NONE', *, *, #510, .T. ) ;
#53 = ADVANCED_FACE ( 'NONE', ( #898 ), #468, .F. ) ;
#54 = AXIS2_PLACEMENT_3D ( 'NONE', #1095, #663, #83 ) ;
#55 = DIRECTION ( 'NONE',  ( 0.9709287767392565938, 0.000000000000000000, -0.2393685662312635132 ) ) ;
#56 = CYLINDRICAL_SURFACE ( 'NONE', #313, 3.500000000000000000 ) ;
#57 = CARTESIAN_POINT ( 'NONE',  ( -13.75025399070791288, 5.500000000000000000, 10.82499492799055574 ) ) ;
#58 = VECTOR ( 'NONE', #78, 1000.000000000000114 ) ;
#59 = AXIS2_PLACEMENT_3D ( 'NONE', #425, #199, #1058 ) ;
#60 = DIRECTION ( 'NONE',  ( 0.000000000000000000, 0.000000000000000000, 1.000000000000000000 ) ) ;
#61 = DIRECTION ( 'NONE',  ( -0.000000000000000000, -1.000000000000000000, -0.000000000000000000 ) ) ;
#62 = EDGE_CURVE ( 'NONE', #228, #274, #544, .T. ) ;
#63 = ORIENTED_EDGE ( 'NONE', *, *, #198, .F. ) ;
#64 = EDGE_CURVE ( 'NONE', #245, #460, #1060, .T. ) ;
#65 = DIRECTION ( 'NONE',  ( 0.9709287767392565938, -0.000000000000000000, 0.2393685662312635132 ) ) ;
#66 = VECTOR ( 'NONE', #371, 1000.000000000000000 ) ;
#67 = EDGE_CURVE ( 'NONE', #991, #288, #655, .T. ) ;
#68 = DIRECTION ( 'NONE',  ( 0.000000000000000000, 1.000000000000000000, -0.000000000000000000 ) ) ;
#69 = CIRCLE ( 'NONE', #627, 14.09999999999999964 ) ;
#70 = VERTEX_POINT ( 'NONE', #888 ) ;
#71 = DIRECTION ( 'NONE',  ( 0.000000000000000000, 0.000000000000000000, 1.000000000000000000 ) ) ;
#72 = DIRECTION ( 'NONE',  ( -0.000000000000000000, -1.000000000000000000, -0.000000000000000000 ) ) ;
#73 = LINE ( 'NONE', #285, #251 ) ;
#74 = LINE ( 'NONE', #1059, #229 ) ;
#75 = ORIENTED_EDGE ( 'NONE', *, *, #1047, .T. ) ;
#76 = CARTESIAN_POINT ( 'NONE',  ( 0.000000000000000000, 11.00000000000000000, 0.000000000000000000 ) ) ;
#77 = LINE ( 'NONE', #1030, #5 ) ;
#78 = DIRECTION ( 'NONE',  ( 0.9296459673882966346, 0.000000000000000000, -0.3684540342005743208 ) ) ;
#79 = AXIS2_PLACEMENT_3D ( 'NONE', #327, #1409, #1012 ) ;
#80 = EDGE_CURVE ( 'NONE', #222, #711, #567, .T. ) ;
#81 = CARTESIAN_POINT ( 'NONE',  ( 0.000000000000000000, 2.000000000000000000, 0.000000000000000000 ) ) ;
#82 = EDGE_LOOP ( 'NONE', ( #416, #1325, #707, #1161 ) ) ;
#83 = DIRECTION ( 'NONE',  ( 0.000000000000000000, 0.000000000000000000, 1.000000000000000000 ) ) ;
#84 = AXIS2_PLACEMENT_3D ( 'NONE', #623, #838, #719 ) ;
#85 = CARTESIAN_POINT ( 'NONE',  ( -5.374999300151054094, 5.500000000000000000, -13.56165480706943249 ) ) ;
#86 = VERTEX_POINT ( 'NONE', #463 ) ;
#87 = CARTESIAN_POINT ( 'NONE',  ( -22.49999999999999645, 0.000000000000000000, 0.000000000000000000 ) ) ;
#88 = ADVANCED_FACE ( 'NONE', ( #1329 ), #1118, .F. ) ;
#89 = VERTEX_POINT ( 'NONE', #264 ) ;
#90 = DIRECTION ( 'NONE',  ( -0.000000000000000000, -1.000000000000000000, -0.000000000000000000 ) ) ;
#91 = LINE ( 'NONE', #652, #99 ) ;
#92 = ORIENTED_EDGE ( 'NONE', *, *, #1381, .F. ) ;
#93 = FACE_OUTER_BOUND ( 'NONE', #821, .T. ) ;
#94 = VERTEX_POINT ( 'NONE', #151 ) ;
#95 = ADVANCED_FACE ( 'NONE', ( #918, #1221 ), #780, .T. ) ;
#96 = ORIENTED_EDGE ( 'NONE', *, *, #799, .F. ) ;
#97 = DIRECTION ( 'NONE',  ( -0.000000000000000000, -1.000000000000000000, 0.000000000000000000 ) ) ;
#98 = DIRECTION ( 'NONE',  ( 0.000000000000000000, 0.000000000000000000, 1.000000000000000000 ) ) ;
#99 = VECTOR ( 'NONE', #549, 1000.000000000000000 ) ;
#100 = AXIS2_PLACEMENT_3D ( 'NONE', #1341, #1121, #19 ) ;
#101 = ORIENTED_EDGE ( 'NONE', *, *, #409, .T. ) ;
#102 = VECTOR ( 'NONE', #1252, 1000.000000000000000 ) ;
#103 = ORIENTED_EDGE ( 'NONE', *, *, #1022, .F. ) ;
#104 = CIRCLE ( 'NONE', #1336, 16.69999999999999929 ) ;
#105 = ORIENTED_EDGE ( 'NONE', *, *, #137, .F. ) ;
#106 = DIRECTION ( 'NONE',  ( -0.000000000000000000, -1.000000000000000000, -0.000000000000000000 ) ) ;
#107 = ORIENTED_EDGE ( 'NONE', *, *, #917, .T. ) ;
#108 = EDGE_CURVE ( 'NONE', #984, #1136, #1003, .T. ) ;
#109 = CARTESIAN_POINT ( 'NONE',  ( -28.86845403420056755, 5.500000000000000000, 4.250305672314829586 ) ) ;
#110 = DIRECTION ( 'NONE',  ( 0.2393685662312637075, -0.000000000000000000, 0.9709287767392565938 ) ) ;
#111 = ADVANCED_FACE ( 'NONE', ( #1120 ), #772, .T. ) ;
#112 = EDGE_LOOP ( 'NONE', ( #1194, #1147, #936, #1101 ) ) ;
#113 = CYLINDRICAL_SURFACE ( 'NONE', #226, 16.69999999999999929 ) ;
#114 = CARTESIAN_POINT ( 'NONE',  ( 15.41935305178171056, 5.500000000000000000, -9.580695613406637889 ) ) ;
#115 = ORIENTED_EDGE ( 'NONE', *, *, #671, .F. ) ;
#116 = ORIENTED_EDGE ( 'NONE', *, *, #435, .F. ) ;
#117 = PLANE ( 'NONE',  #1330 ) ;
#118 = EDGE_CURVE ( 'NONE', #1204, #1212, #465, .T. ) ;
#119 = EDGE_CURVE ( 'NONE', #177, #991, #1205, .T. ) ;
#120 = ORIENTED_EDGE ( 'NONE', *, *, #1011, .F. ) ;
#121 = LINE ( 'NONE', #587, #969 ) ;
#122 = CARTESIAN_POINT ( 'NONE',  ( -29.50000000000000000, 0.000000000000000000, 3.320659704926532285 ) ) ;
#123 = VERTEX_POINT ( 'NONE', #155 ) ;
#124 = PLANE ( 'NONE',  #513 ) ;
#125 = CARTESIAN_POINT ( 'NONE',  ( 0.000000000000000000, 16.00000000000000000, 0.000000000000000000 ) ) ;
#126 = EDGE_CURVE ( 'NONE', #619, #1143, #246, .T. ) ;
#127 = DIRECTION ( 'NONE',  ( 0.000000000000000000, 0.000000000000000000, -1.000000000000000000 ) ) ;
#128 = ORIENTED_EDGE ( 'NONE', *, *, #108, .T. ) ;
#129 = DIRECTION ( 'NONE',  ( 0.000000000000000000, 0.000000000000000000, 1.000000000000000000 ) ) ;
#130 = AXIS2_PLACEMENT_3D ( 'NONE', #232, #368, #168 ) ;
#131 = DIRECTION ( 'NONE',  ( -0.000000000000000000, 1.000000000000000000, -0.000000000000000000 ) ) ;
#132 = ORIENTED_EDGE ( 'NONE', *, *, #80, .T. ) ;
#133 = CARTESIAN_POINT ( 'NONE',  ( -22.49999999999999645, 0.000000000000000000, 3.500000000000000000 ) ) ;
#134 = PRODUCT_DEFINITION_FORMATION_WITH_SPECIFIED_SOURCE ( 'ANY', '', #637, .NOT_KNOWN. ) ;
#135 = DIRECTION ( 'NONE',  ( 0.000000000000000000, 1.000000000000000000, -0.000000000000000000 ) ) ;
#136 = ORIENTED_EDGE ( 'NONE', *, *, #775, .F. ) ;
#137 = EDGE_CURVE ( 'NONE', #1138, #1153, #188, .T. ) ;
#138 = CARTESIAN_POINT ( 'NONE',  ( 0.000000000000000000, 11.00000000000000000, 0.000000000000000000 ) ) ;
#139 = CIRCLE ( 'NONE', #362, 4.999999999999999112 ) ;
#140 = CARTESIAN_POINT ( 'NONE',  ( 0.000000000000000000, 11.00000000000000000, -16.69999999999999929 ) ) ;
#141 = CARTESIAN_POINT ( 'NONE',  ( 0.000000000000000000, 2.000000000000000000, 0.000000000000000000 ) ) ;
#142 = DIRECTION ( 'NONE',  ( 0.000000000000000000, 0.000000000000000000, -1.000000000000000000 ) ) ;
#143 = LINE ( 'NONE', #473, #788 ) ;
#144 = FACE_OUTER_BOUND ( 'NONE', #25, .T. ) ;
#145 = CARTESIAN_POINT ( 'NONE',  ( -15.41935305178170523, 5.500000000000000000, 9.580695613406634337 ) ) ;
#146 = ORIENTED_EDGE ( 'NONE', *, *, #523, .F. ) ;
#147 = FACE_BOUND ( 'NONE', #386, .T. ) ;
#148 = DIRECTION ( 'NONE',  ( 0.000000000000000000, 1.000000000000000000, -0.000000000000000000 ) ) ;
#149 = EDGE_CURVE ( 'NONE', #177, #430, #16, .T. ) ;
#150 = FACE_BOUND ( 'NONE', #1405, .T. ) ;
#151 = CARTESIAN_POINT ( 'NONE',  ( 0.000000000000000000, 16.00000000000000000, -4.999999999999999112 ) ) ;
#152 = VERTEX_POINT ( 'NONE', #575 ) ;
#153 = CARTESIAN_POINT ( 'NONE',  ( -29.50000000000000000, 5.500000000000000000, 0.000000000000000000 ) ) ;
#154 = VECTOR ( 'NONE', #1291, 1000.000000000000000 ) ;
#155 = CARTESIAN_POINT ( 'NONE',  ( -28.86845403420057465, 0.000000000000000000, 4.250305672314826033 ) ) ;
#156 = MECHANICAL_DESIGN_GEOMETRIC_PRESENTATION_REPRESENTATION (  '', ( #834 ), #615 ) ;
#157 = EDGE_CURVE ( 'NONE', #1241, #705, #1315, .T. ) ;
#158 = VECTOR ( 'NONE', #778, 1000.000000000000000 ) ;
#159 = DIRECTION ( 'NONE',  ( 0.000000000000000000, 0.000000000000000000, 1.000000000000000000 ) ) ;
#160 = FACE_OUTER_BOUND ( 'NONE', #943, .T. ) ;
#161 = VECTOR ( 'NONE', #431, 1000.000000000000000 ) ;
#162 = ORIENTED_EDGE ( 'NONE', *, *, #1061, .T. ) ;
#163 = DIRECTION ( 'NONE',  ( 0.2393685662312635132, 0.000000000000000000, -0.9709287767392565938 ) ) ;
#164 = ORIENTED_EDGE ( 'NONE', *, *, #1401, .F. ) ;
#165 = AXIS2_PLACEMENT_3D ( 'NONE', #786, #998, #28 ) ;
#166 = CIRCLE ( 'NONE', #817, 7.000000000000000000 ) ;
#167 = DIRECTION ( 'NONE',  ( -0.000000000000000000, -1.000000000000000000, -0.000000000000000000 ) ) ;
#168 = DIRECTION ( 'NONE',  ( 0.000000000000000000, 0.000000000000000000, -1.000000000000000000 ) ) ;
#169 = EDGE_CURVE ( 'NONE', #1241, #1201, #254, .T. ) ;
#170 = CYLINDRICAL_SURFACE ( 'NONE', #1055, 17.50000000000000000 ) ;
#171 = ADVANCED_FACE ( 'NONE', ( #1324, #1211, #147, #477 ), #1346, .T. ) ;
#172 = ORIENTED_EDGE ( 'NONE', *, *, #1316, .T. ) ;
#173 = ORIENTED_EDGE ( 'NONE', *, *, #1172, .F. ) ;
#174 = ORIENTED_EDGE ( 'NONE', *, *, #36, .F. ) ;
#175 = PRESENTATION_STYLE_ASSIGNMENT (( #298 ) ) ;
#176 = LINE ( 'NONE', #407, #909 ) ;
#177 = VERTEX_POINT ( 'NONE', #122 ) ;
#178 = CARTESIAN_POINT ( 'NONE',  ( 0.000000000000000000, 2.000000000000000000, 0.000000000000000000 ) ) ;
#179 = EDGE_CURVE ( 'NONE', #1204, #1105, #1239, .T. ) ;
#180 = ORIENTED_EDGE ( 'NONE', *, *, #1319, .T. ) ;
#181 = CIRCLE ( 'NONE', #469, 4.999999999999999112 ) ;
#182 = CIRCLE ( 'NONE', #694, 3.999999999999998224 ) ;
#183 = CARTESIAN_POINT ( 'NONE',  ( 0.000000000000000000, 0.000000000000000000, 0.000000000000000000 ) ) ;
#184 = VECTOR ( 'NONE', #927, 1000.000000000000000 ) ;
#185 = ORIENTED_EDGE ( 'NONE', *, *, #220, .F. ) ;
#186 = EDGE_CURVE ( 'NONE', #1165, #1301, #989, .T. ) ;
#187 = DIRECTION ( 'NONE',  ( -0.9296459673882967456, 0.000000000000000000, -0.3684540342005739877 ) ) ;
#188 = CIRCLE ( 'NONE', #165, 17.50000000000000000 ) ;
#189 = CYLINDRICAL_SURFACE ( 'NONE', #1185, 15.50000000000000000 ) ;
#190 = LINE ( 'NONE', #85, #339 ) ;
#191 = CARTESIAN_POINT ( 'NONE',  ( -16.89316918858400385, 5.500000000000000000, 13.29927948295982532 ) ) ;
#192 = ORIENTED_EDGE ( 'NONE', *, *, #409, .F. ) ;
#193 = CARTESIAN_POINT ( 'NONE',  ( 0.000000000000000000, 16.00000000000000000, 0.000000000000000000 ) ) ;
#194 = EDGE_CURVE ( 'NONE', #94, #228, #139, .T. ) ;
#195 = DIRECTION ( 'NONE',  ( -0.000000000000000000, -1.000000000000000000, -0.000000000000000000 ) ) ;
#196 = ORIENTED_EDGE ( 'NONE', *, *, #220, .T. ) ;
#197 = DIRECTION ( 'NONE',  ( 0.000000000000000000, 0.000000000000000000, 1.000000000000000000 ) ) ;
#198 = EDGE_CURVE ( 'NONE', #1006, #250, #1317, .T. ) ;
#199 = DIRECTION ( 'NONE',  ( 0.000000000000000000, 1.000000000000000000, -0.000000000000000000 ) ) ;
#200 = DIRECTION ( 'NONE',  ( -0.000000000000000000, 1.000000000000000000, -0.000000000000000000 ) ) ;
#201 = ORIENTED_EDGE ( 'NONE', *, *, #373, .T. ) ;
#202 = ORIENTED_EDGE ( 'NONE', *, *, #440, .F. ) ;
#203 = ADVANCED_FACE ( 'NONE', ( #1023 ), #1350, .T. ) ;
#204 = CARTESIAN_POINT ( 'NONE',  ( 22.50000000000000355, 0.000000000000000000, -5.510910596163088767E-15 ) ) ;
#205 = DIRECTION ( 'NONE',  ( 0.000000000000000000, 0.000000000000000000, 1.000000000000000000 ) ) ;
#206 = AXIS2_PLACEMENT_3D ( 'NONE', #556, #872, #580 ) ;
#207 = VERTEX_POINT ( 'NONE', #399 ) ;
#208 = FACE_OUTER_BOUND ( 'NONE', #728, .T. ) ;
#209 = APPLICATION_PROTOCOL_DEFINITION ( 'draft international standard', 'automotive_design', 1998, #451 ) ;
#210 = ORIENTED_EDGE ( 'NONE', *, *, #411, .F. ) ;
#211 = AXIS2_PLACEMENT_3D ( 'NONE', #141, #661, #366 ) ;
#212 = CARTESIAN_POINT ( 'NONE',  ( 0.000000000000000000, 11.00000000000000000, -14.09999999999999964 ) ) ;
#213 = CARTESIAN_POINT ( 'NONE',  ( -16.89316918858400385, 0.000000000000000000, 13.29927948295982532 ) ) ;
#214 = VECTOR ( 'NONE', #1180, 1000.000000000000114 ) ;
#215 = EDGE_CURVE ( 'NONE', #475, #1165, #45, .T. ) ;
#216 = AXIS2_PLACEMENT_3D ( 'NONE', #628, #90, #748 ) ;
#217 = ORIENTED_EDGE ( 'NONE', *, *, #1268, .T. ) ;
#218 = DIRECTION ( 'NONE',  ( 0.000000000000000000, -1.000000000000000000, 0.000000000000000000 ) ) ;
#219 = ORIENTED_EDGE ( 'NONE', *, *, #1306, .T. ) ;
#220 = EDGE_CURVE ( 'NONE', #784, #1138, #260, .T. ) ;
#221 = ADVANCED_FACE ( 'NONE', ( #489 ), #1145, .F. ) ;
#222 = VERTEX_POINT ( 'NONE', #1237 ) ;
#223 = CARTESIAN_POINT ( 'NONE',  ( -28.86845403420057465, 5.500000000000000000, 4.250305672314826033 ) ) ;
#224 = AXIS2_PLACEMENT_3D ( 'NONE', #1407, #438, #325 ) ;
#225 = CIRCLE ( 'NONE', #100, 4.999999999999999112 ) ;
#226 = AXIS2_PLACEMENT_3D ( 'NONE', #138, #880, #750 ) ;
#227 = FACE_OUTER_BOUND ( 'NONE', #686, .T. ) ;
#228 = VERTEX_POINT ( 'NONE', #1119 ) ;
#229 = VECTOR ( 'NONE', #1162, 1000.000000000000000 ) ;
#230 = CARTESIAN_POINT ( 'NONE',  ( 0.000000000000000000, 9.000000000000000000, 0.000000000000000000 ) ) ;
#231 = ORIENTED_EDGE ( 'NONE', *, *, #179, .T. ) ;
#232 = CARTESIAN_POINT ( 'NONE',  ( 0.000000000000000000, 2.000000000000000000, 0.000000000000000000 ) ) ;
#233 = DIRECTION ( 'NONE',  ( 0.000000000000000000, 0.000000000000000000, 1.000000000000000000 ) ) ;
#234 = ORIENTED_EDGE ( 'NONE', *, *, #1131, .F. ) ;
#235 = AXIS2_PLACEMENT_3D ( 'NONE', #392, #273, #808 ) ;
#236 = CYLINDRICAL_SURFACE ( 'NONE', #253, 1.000000000000000000 ) ;
#237 = DIRECTION ( 'NONE',  ( 0.000000000000000000, 0.000000000000000000, 1.000000000000000000 ) ) ;
#238 = ORIENTED_EDGE ( 'NONE', *, *, #519, .F. ) ;
#239 = CARTESIAN_POINT ( 'NONE',  ( 16.89316918858400385, 0.000000000000000000, 13.29927948295982709 ) ) ;
#240 = EDGE_CURVE ( 'NONE', #842, #649, #1132, .T. ) ;
#241 = CARTESIAN_POINT ( 'NONE',  ( -29.50000000000000000, 5.500000000000000000, 0.000000000000000000 ) ) ;
#242 = ORIENTED_EDGE ( 'NONE', *, *, #876, .F. ) ;
#243 = DIRECTION ( 'NONE',  ( -0.000000000000000000, -1.000000000000000000, -0.000000000000000000 ) ) ;
#244 = DIRECTION ( 'NONE',  ( 2.602085213965210642E-15, 0.000000000000000000, 1.000000000000000000 ) ) ;
#245 = VERTEX_POINT ( 'NONE', #819 ) ;
#246 = LINE ( 'NONE', #1100, #774 ) ;
#247 = ORIENTED_EDGE ( 'NONE', *, *, #435, .T. ) ;
#248 = DIRECTION ( 'NONE',  ( 0.000000000000000000, 0.000000000000000000, 1.000000000000000000 ) ) ;
#249 = EDGE_LOOP ( 'NONE', ( #1192, #1210 ) ) ;
#250 = VERTEX_POINT ( 'NONE', #482 ) ;
#251 = VECTOR ( 'NONE', #720, 1000.000000000000000 ) ;
#252 = DIRECTION ( 'NONE',  ( 0.000000000000000000, 0.000000000000000000, -1.000000000000000000 ) ) ;
#253 = AXIS2_PLACEMENT_3D ( 'NONE', #35, #1098, #1025 ) ;
#254 = LINE ( 'NONE', #459, #702 ) ;
#255 = ORIENTED_EDGE ( 'NONE', *, *, #1361, .T. ) ;
#256 = PLANE ( 'NONE',  #1332 ) ;
#257 = ORIENTED_EDGE ( 'NONE', *, *, #1122, .T. ) ;
#258 = ADVANCED_FACE ( 'NONE', ( #1243 ), #938, .F. ) ;
#259 = ORIENTED_EDGE ( 'NONE', *, *, #675, .T. ) ;
#260 = CIRCLE ( 'NONE', #1065, 17.50000000000000000 ) ;
#261 = EDGE_CURVE ( 'NONE', #1111, #307, #1093, .T. ) ;
#262 = CARTESIAN_POINT ( 'NONE',  ( -22.49999999999999645, 5.500000000000000000, 3.500000000000000000 ) ) ;
#263 = FACE_BOUND ( 'NONE', #929, .T. ) ;
#264 = CARTESIAN_POINT ( 'NONE',  ( 13.56465996625053805, 0.000000000000000000, 7.500000000000000000 ) ) ;
#265 = VERTEX_POINT ( 'NONE', #266 ) ;
#266 = CARTESIAN_POINT ( 'NONE',  ( -28.86845403420057465, 5.500000000000000000, -4.250305672314825145 ) ) ;
#267 = DIRECTION ( 'NONE',  ( -0.000000000000000000, -1.000000000000000000, -0.000000000000000000 ) ) ;
#268 = ADVANCED_FACE ( 'NONE', ( #687 ), #1015, .F. ) ;
#269 = CARTESIAN_POINT ( 'NONE',  ( 15.41935305178170879, 0.000000000000000000, 9.580695613406636113 ) ) ;
#270 = FACE_OUTER_BOUND ( 'NONE', #716, .T. ) ;
#271 = ORIENTED_EDGE ( 'NONE', *, *, #591, .F. ) ;
#272 = ORIENTED_EDGE ( 'NONE', *, *, #1011, .T. ) ;
#273 = DIRECTION ( 'NONE',  ( -0.3684540342005740432, 0.000000000000000000, -0.9296459673882968566 ) ) ;
#274 = VERTEX_POINT ( 'NONE', #476 ) ;
#275 = AXIS2_PLACEMENT_3D ( 'NONE', #980, #334, #343 ) ;
#276 = DIRECTION ( 'NONE',  ( 0.000000000000000000, 1.000000000000000000, -0.000000000000000000 ) ) ;
#277 = ADVANCED_FACE ( 'NONE', ( #51 ), #1230, .T. ) ;
#278 = CARTESIAN_POINT ( 'NONE',  ( 0.000000000000000000, 5.500000000000000000, 0.000000000000000000 ) ) ;
#279 = AXIS2_PLACEMENT_3D ( 'NONE', #1104, #1087, #1322 ) ;
#280 = ORIENTED_EDGE ( 'NONE', *, *, #591, .T. ) ;
#281 = DIRECTION ( 'NONE',  ( -0.000000000000000000, -0.000000000000000000, 1.000000000000000000 ) ) ;
#282 = EDGE_CURVE ( 'NONE', #307, #1111, #1364, .T. ) ;
#283 = ORIENTED_EDGE ( 'NONE', *, *, #169, .F. ) ;
#284 = CARTESIAN_POINT ( 'NONE',  ( 17.99999999999999645, 2.000000000000000000, -6.406530519991121331 ) ) ;
#285 = CARTESIAN_POINT ( 'NONE',  ( 0.000000000000000000, 11.00000000000000000, -16.69999999999999929 ) ) ;
#286 = LINE ( 'NONE', #57, #102 ) ;
#287 = ADVANCED_FACE ( 'NONE', ( #316 ), #723, .F. ) ;
#288 = VERTEX_POINT ( 'NONE', #745 ) ;
#289 = AXIS2_PLACEMENT_3D ( 'NONE', #1134, #1149, #290 ) ;
#290 = DIRECTION ( 'NONE',  ( 0.000000000000000000, 0.000000000000000000, -1.000000000000000000 ) ) ;
#291 = FACE_OUTER_BOUND ( 'NONE', #112, .T. ) ;
#292 = ORIENTED_EDGE ( 'NONE', *, *, #440, .T. ) ;
#293 = ADVANCED_FACE ( 'NONE', ( #1267 ), #528, .T. ) ;
#294 = CARTESIAN_POINT ( 'NONE',  ( -22.49999999999999645, 5.500000000000000000, 0.000000000000000000 ) ) ;
#295 = ORIENTED_EDGE ( 'NONE', *, *, #1273, .F. ) ;
#296 = EDGE_CURVE ( 'NONE', #9, #456, #613, .T. ) ;
#297 = FACE_OUTER_BOUND ( 'NONE', #960, .T. ) ;
#298 = SURFACE_STYLE_USAGE ( .BOTH. , #1262 ) ;
#299 = VECTOR ( 'NONE', #1372, 1000.000000000000000 ) ;
#300 = LINE ( 'NONE', #629, #1251 ) ;
#301 = CARTESIAN_POINT ( 'NONE',  ( -22.49999999999999645, 0.000000000000000000, 0.000000000000000000 ) ) ;
#302 = DIRECTION ( 'NONE',  ( -0.000000000000000000, -1.000000000000000000, -0.000000000000000000 ) ) ;
#303 = ORIENTED_EDGE ( 'NONE', *, *, #1258, .F. ) ;
#304 = EDGE_LOOP ( 'NONE', ( #1014, #280, #397, #370, #1043, #1, #1164, #355, #704, #1099, #666, #192, #1181, #1178, #347, #353, #1305 ) ) ;
#305 = DIRECTION ( 'NONE',  ( 0.000000000000000000, -1.000000000000000000, 0.000000000000000000 ) ) ;
#306 = ORIENTED_EDGE ( 'NONE', *, *, #282, .F. ) ;
#307 = VERTEX_POINT ( 'NONE', #1257 ) ;
#308 = DIRECTION ( 'NONE',  ( -0.000000000000000000, -1.000000000000000000, -0.000000000000000000 ) ) ;
#309 = FACE_OUTER_BOUND ( 'NONE', #363, .T. ) ;
#310 = AXIS2_PLACEMENT_3D ( 'NONE', #213, #1309, #98 ) ;
#311 = LINE ( 'NONE', #212, #578 ) ;
#312 = DIRECTION ( 'NONE',  ( 0.000000000000000000, 1.000000000000000000, -0.000000000000000000 ) ) ;
#313 = AXIS2_PLACEMENT_3D ( 'NONE', #1363, #195, #1090 ) ;
#314 = DIRECTION ( 'NONE',  ( 0.000000000000000000, 0.000000000000000000, 1.000000000000000000 ) ) ;
#315 = ORIENTED_EDGE ( 'NONE', *, *, #429, .T. ) ;
#316 = FACE_OUTER_BOUND ( 'NONE', #421, .T. ) ;
#317 = CARTESIAN_POINT ( 'NONE',  ( 28.49999999999999645, 5.500000000000000000, 3.320659704926537614 ) ) ;
#318 = FACE_OUTER_BOUND ( 'NONE', #249, .T. ) ;
#319 = AXIS2_PLACEMENT_3D ( 'NONE', #38, #1126, #1027 ) ;
#320 = AXIS2_PLACEMENT_3D ( 'NONE', #1005, #110, #654 ) ;
#321 = EDGE_CURVE ( 'NONE', #1404, #600, #866, .T. ) ;
#322 = ORIENTED_EDGE ( 'NONE', *, *, #519, .T. ) ;
#323 = VERTEX_POINT ( 'NONE', #833 ) ;
#324 = DIRECTION ( 'NONE',  ( 0.000000000000000000, 0.000000000000000000, 1.000000000000000000 ) ) ;
#325 = DIRECTION ( 'NONE',  ( 0.000000000000000000, 0.000000000000000000, 1.000000000000000000 ) ) ;
#326 = ORIENTED_EDGE ( 'NONE', *, *, #62, .F. ) ;
#327 = CARTESIAN_POINT ( 'NONE',  ( -17.99999999999999645, 2.000000000000000000, -6.406530519991121331 ) ) ;
#328 = VERTEX_POINT ( 'NONE', #955 ) ;
#329 = VERTEX_POINT ( 'NONE', #1387 ) ;
#330 = CARTESIAN_POINT ( 'NONE',  ( -22.49999999999999645, 5.500000000000000000, 0.000000000000000000 ) ) ;
#331 = AXIS2_PLACEMENT_3D ( 'NONE', #525, #963, #1413 ) ;
#332 = VECTOR ( 'NONE', #10, 1000.000000000000000 ) ;
#333 = CIRCLE ( 'NONE', #1214, 3.500000000000000000 ) ;
#334 = DIRECTION ( 'NONE',  ( -0.000000000000000000, -1.000000000000000000, -0.000000000000000000 ) ) ;
#335 = DIRECTION ( 'NONE',  ( 0.000000000000000000, 0.000000000000000000, 1.000000000000000000 ) ) ;
#336 = ADVANCED_FACE ( 'NONE', ( #93 ), #851, .T. ) ;
#337 = ORIENTED_EDGE ( 'NONE', *, *, #510, .F. ) ;
#338 = CARTESIAN_POINT ( 'NONE',  ( -13.75025399070791288, 5.500000000000000000, -10.82499492799055041 ) ) ;
#339 = VECTOR ( 'NONE', #526, 1000.000000000000114 ) ;
#340 = EDGE_LOOP ( 'NONE', ( #1235, #322, #442, #699, #283, #958, #1297, #800, #398, #1245, #37, #863, #132, #292, #196, #434, #1036 ) ) ;
#341 = CARTESIAN_POINT ( 'NONE',  ( 13.56465996625053805, 2.000000000000000000, 7.500000000000000000 ) ) ;
#342 = AXIS2_PLACEMENT_3D ( 'NONE', #415, #950, #1380 ) ;
#343 = DIRECTION ( 'NONE',  ( 0.000000000000000000, 0.000000000000000000, -1.000000000000000000 ) ) ;
#344 = ORIENTED_EDGE ( 'NONE', *, *, #1047, .F. ) ;
#345 = ADVANCED_FACE ( 'NONE', ( #208 ), #1154, .F. ) ;
#346 = CARTESIAN_POINT ( 'NONE',  ( 28.86845403420056755, 5.500000000000000000, 4.250305672314836691 ) ) ;
#347 = ORIENTED_EDGE ( 'NONE', *, *, #1131, .T. ) ;
#348 = DIRECTION ( 'NONE',  ( -0.3684540342005743763, 0.000000000000000000, 0.9296459673882967456 ) ) ;
#349 = DIRECTION ( 'NONE',  ( -0.9296459673882967456, 0.000000000000000000, -0.3684540342005739877 ) ) ;
#350 = ORIENTED_EDGE ( 'NONE', *, *, #296, .F. ) ;
#351 = PRODUCT_DEFINITION_CONTEXT ( 'detailed design', #451, 'design' ) ;
#352 = ADVANCED_FACE ( 'NONE', ( #1166 ), #422, .F. ) ;
#353 = ORIENTED_EDGE ( 'NONE', *, *, #609, .T. ) ;
#354 = DIRECTION ( 'NONE',  ( -0.000000000000000000, -1.000000000000000000, -0.000000000000000000 ) ) ;
#355 = ORIENTED_EDGE ( 'NONE', *, *, #1345, .F. ) ;
#356 = CIRCLE ( 'NONE', #1333, 1.000000000000000000 ) ;
#357 = DIRECTION ( 'NONE',  ( 0.9296459673882967456, 0.000000000000000000, 0.3684540342005739877 ) ) ;
#358 = LINE ( 'NONE', #559, #1277 ) ;
#359 = CIRCLE ( 'NONE', #1220, 3.500000000000000000 ) ;
#360 = CYLINDRICAL_SURFACE ( 'NONE', #717, 15.50000000000000000 ) ;
#361 = EDGE_CURVE ( 'NONE', #1290, #1212, #1403, .T. ) ;
#362 = AXIS2_PLACEMENT_3D ( 'NONE', #8, #449, #894 ) ;
#363 = EDGE_LOOP ( 'NONE', ( #1071, #773 ) ) ;
#364 = AXIS2_PLACEMENT_3D ( 'NONE', #81, #511, #1053 ) ;
#365 = EDGE_CURVE ( 'NONE', #991, #1201, #1340, .T. ) ;
#366 = DIRECTION ( 'NONE',  ( 0.000000000000000000, -0.000000000000000000, -1.000000000000000000 ) ) ;
#367 = CARTESIAN_POINT ( 'NONE',  ( 0.000000000000000000, 16.00000000000000000, 0.000000000000000000 ) ) ;
#368 = DIRECTION ( 'NONE',  ( 0.000000000000000000, -1.000000000000000000, 0.000000000000000000 ) ) ;
#369 = CARTESIAN_POINT ( 'NONE',  ( 22.50000000000000355, 5.500000000000000000, -5.510910596163088767E-15 ) ) ;
#370 = ORIENTED_EDGE ( 'NONE', *, *, #1273, .T. ) ;
#371 = DIRECTION ( 'NONE',  ( -0.000000000000000000, -1.000000000000000000, -0.000000000000000000 ) ) ;
#372 = ORIENTED_EDGE ( 'NONE', *, *, #1388, .F. ) ;
#373 = EDGE_CURVE ( 'NONE', #436, #619, #40, .T. ) ;
#374 = CARTESIAN_POINT ( 'NONE',  ( -17.99999999999999645, 2.000000000000000000, -6.406530519991121331 ) ) ;
#375 = DIRECTION ( 'NONE',  ( -0.000000000000000000, -1.000000000000000000, -0.000000000000000000 ) ) ;
#376 = EDGE_LOOP ( 'NONE', ( #777, #1174, #901, #622 ) ) ;
#377 = CARTESIAN_POINT ( 'NONE',  ( -28.49999999999999645, 5.500000000000000000, -3.320659704926530065 ) ) ;
#378 = CIRCLE ( 'NONE', #593, 1.000000000000000000 ) ;
#379 = ADVANCED_FACE ( 'NONE', ( #746, #309 ), #614, .T. ) ;
#380 = ORIENTED_EDGE ( 'NONE', *, *, #1370, .F. ) ;
#381 = EDGE_CURVE ( 'NONE', #1390, #391, #1020, .T. ) ;
#382 = LINE ( 'NONE', #507, #1253 ) ;
#383 = DIRECTION ( 'NONE',  ( -0.000000000000000000, -1.000000000000000000, -0.000000000000000000 ) ) ;
#384 = CARTESIAN_POINT ( 'NONE',  ( 17.99999999999999645, 2.000000000000000000, 6.406530519991120443 ) ) ;
#385 = CIRCLE ( 'NONE', #59, 1.000000000000000000 ) ;
#386 = EDGE_LOOP ( 'NONE', ( #994, #1357 ) ) ;
#387 = ORIENTED_EDGE ( 'NONE', *, *, #1227, .T. ) ;
#388 = ADVANCED_FACE ( 'NONE', ( #1074 ), #499, .T. ) ;
#389 = LINE ( 'NONE', #585, #765 ) ;
#390 = DIRECTION ( 'NONE',  ( 0.000000000000000000, 0.000000000000000000, 1.000000000000000000 ) ) ;
#391 = VERTEX_POINT ( 'NONE', #1261 ) ;
#392 = CARTESIAN_POINT ( 'NONE',  ( 5.374999300151049653, 5.500000000000000000, 13.56165480706943427 ) ) ;
#393 = EDGE_LOOP ( 'NONE', ( #1050, #1371, #939, #879 ) ) ;
#394 =( NAMED_UNIT ( * ) PLANE_ANGLE_UNIT ( ) SI_UNIT ( $, .RADIAN. ) );
#395 = CARTESIAN_POINT ( 'NONE',  ( 28.49999999999999645, 0.000000000000000000, -3.320659704926542499 ) ) ;
#396 = ADVANCED_FACE ( 'NONE', ( #297 ), #725, .F. ) ;
#397 = ORIENTED_EDGE ( 'NONE', *, *, #853, .T. ) ;
#398 = ORIENTED_EDGE ( 'NONE', *, *, #414, .T. ) ;
#399 = CARTESIAN_POINT ( 'NONE',  ( 13.75025399070791110, 0.000000000000000000, -10.82499492799055574 ) ) ;
#400 = ORIENTED_EDGE ( 'NONE', *, *, #1232, .F. ) ;
#401 = VECTOR ( 'NONE', #959, 1000.000000000000000 ) ;
#402 = DIRECTION ( 'NONE',  ( 0.000000000000000000, 0.000000000000000000, -1.000000000000000000 ) ) ;
#403 = FILL_AREA_STYLE ('',( #412 ) ) ;
#404 = VECTOR ( 'NONE', #1170, 1000.000000000000000 ) ;
#405 = CARTESIAN_POINT ( 'NONE',  ( 22.50000000000000355, 0.000000000000000000, 3.499999999999994227 ) ) ;
#406 = EDGE_CURVE ( 'NONE', #1033, #845, #166, .T. ) ;
#407 = CARTESIAN_POINT ( 'NONE',  ( 17.99999999999999645, 0.000000000000000000, 6.406530519991120443 ) ) ;
#408 = DIRECTION ( 'NONE',  ( -0.000000000000000000, -1.000000000000000000, -0.000000000000000000 ) ) ;
#409 = EDGE_CURVE ( 'NONE', #1282, #1006, #752, .T. ) ;
#410 = ORIENTED_EDGE ( 'NONE', *, *, #775, .T. ) ;
#411 = EDGE_CURVE ( 'NONE', #391, #1390, #69, .T. ) ;
#412 = FILL_AREA_STYLE_COLOUR ( '', #29 ) ;
#413 = CARTESIAN_POINT ( 'NONE',  ( 0.000000000000000000, 9.000000000000000000, -7.000000000000000000 ) ) ;
#414 = EDGE_CURVE ( 'NONE', #495, #250, #639, .T. ) ;
#415 = CARTESIAN_POINT ( 'NONE',  ( 0.000000000000000000, 5.500000000000000000, 0.000000000000000000 ) ) ;
#416 = ORIENTED_EDGE ( 'NONE', *, *, #1258, .T. ) ;
#417 = EDGE_CURVE ( 'NONE', #207, #1349, #562, .T. ) ;
#418 = LINE ( 'NONE', #625, #404 ) ;
#419 = ORIENTED_EDGE ( 'NONE', *, *, #17, .T. ) ;
#420 = CARTESIAN_POINT ( 'NONE',  ( 0.000000000000000000, 2.000000000000000000, -4.999999999999999112 ) ) ;
#421 = EDGE_LOOP ( 'NONE', ( #419, #1066, #448, #372 ) ) ;
#422 = CYLINDRICAL_SURFACE ( 'NONE', #706, 4.000000000000000000 ) ;
#423 = DIRECTION ( 'NONE',  ( 0.000000000000000000, 1.000000000000000000, -0.000000000000000000 ) ) ;
#424 = ADVANCED_FACE ( 'NONE', ( #144 ), #1337, .F. ) ;
#425 = CARTESIAN_POINT ( 'NONE',  ( -28.49999999999999645, 5.500000000000000000, -3.320659704926530065 ) ) ;
#426 = CARTESIAN_POINT ( 'NONE',  ( 29.50000000000000000, 0.000000000000000000, -3.320659704926542499 ) ) ;
#427 = ORIENTED_EDGE ( 'NONE', *, *, #1208, .F. ) ;
#428 = CLOSED_SHELL ( 'NONE', ( #539, #388, #543, #396, #618, #287, #293, #345, #691, #483, #783, #730, #203, #1219, #336, #258, #1130, #971, #813, #171, #1293, #88, #461, #1073, #638, #111, #379, #277, #949, #801, #1326, #762, #690, #53, #352, #758, #1019, #424, #844, #221, #1247, #742, #268, #95 ) ) ;
#429 = EDGE_CURVE ( 'NONE', #1269, #594, #444, .T. ) ;
#430 = VERTEX_POINT ( 'NONE', #579 ) ;
#431 = DIRECTION ( 'NONE',  ( -0.000000000000000000, -0.000000000000000000, 1.000000000000000000 ) ) ;
#432 = LINE ( 'NONE', #869, #154 ) ;
#433 = AXIS2_PLACEMENT_3D ( 'NONE', #377, #931, #1359 ) ;
#434 = ORIENTED_EDGE ( 'NONE', *, *, #137, .T. ) ;
#435 = EDGE_CURVE ( 'NONE', #288, #430, #598, .T. ) ;
#436 = VERTEX_POINT ( 'NONE', #508 ) ;
#437 = ORIENTED_EDGE ( 'NONE', *, *, #1275, .F. ) ;
#438 = DIRECTION ( 'NONE',  ( 0.000000000000000000, 1.000000000000000000, -0.000000000000000000 ) ) ;
#439 = EDGE_LOOP ( 'NONE', ( #982, #669, #234, #588 ) ) ;
#440 = EDGE_CURVE ( 'NONE', #711, #784, #1068, .T. ) ;
#441 = CARTESIAN_POINT ( 'NONE',  ( -17.99999999999999645, 0.000000000000000000, 6.406530519991120443 ) ) ;
#442 = ORIENTED_EDGE ( 'NONE', *, *, #67, .F. ) ;
#443 = CYLINDRICAL_SURFACE ( 'NONE', #1231, 3.500000000000000000 ) ;
#444 = LINE ( 'NONE', #887, #868 ) ;
#445 = AXIS2_PLACEMENT_3D ( 'NONE', #692, #554, #466 ) ;
#446 = CYLINDRICAL_SURFACE ( 'NONE', #1355, 3.999999999999998224 ) ;
#447 = CARTESIAN_POINT ( 'NONE',  ( -5.374999300151054094, 5.500000000000000000, -13.56165480706943249 ) ) ;
#448 = ORIENTED_EDGE ( 'NONE', *, *, #361, .F. ) ;
#449 = DIRECTION ( 'NONE',  ( 0.000000000000000000, 1.000000000000000000, -0.000000000000000000 ) ) ;
#450 = ORIENTED_EDGE ( 'NONE', *, *, #985, .F. ) ;
#451 = APPLICATION_CONTEXT ( 'automotive_design' ) ;
#452 = FACE_OUTER_BOUND ( 'NONE', #1410, .T. ) ;
#453 = VECTOR ( 'NONE', #131, 1000.000000000000000 ) ;
#454 = CARTESIAN_POINT ( 'NONE',  ( -13.56465996625053450, 0.000000000000000000, 7.500000000000003553 ) ) ;
#455 = AXIS2_PLACEMENT_3D ( 'NONE', #284, #163, #944 ) ;
#456 = VERTEX_POINT ( 'NONE', #405 ) ;
#457 = AXIS2_PLACEMENT_3D ( 'NONE', #946, #1375, #197 ) ;
#458 = CARTESIAN_POINT ( 'NONE',  ( 5.374999300151049653, 0.000000000000000000, 13.56165480706943427 ) ) ;
#459 = CARTESIAN_POINT ( 'NONE',  ( -5.374999300151054982, 5.500000000000000000, 13.56165480706943427 ) ) ;
#460 = VERTEX_POINT ( 'NONE', #846 ) ;
#461 = ADVANCED_FACE ( 'NONE', ( #740 ), #840, .T. ) ;
#462 = DIRECTION ( 'NONE',  ( -0.000000000000000000, -1.000000000000000000, 0.000000000000000000 ) ) ;
#463 = CARTESIAN_POINT ( 'NONE',  ( 13.56465996625053450, 0.000000000000000000, -7.500000000000001776 ) ) ;
#464 = ORIENTED_EDGE ( 'NONE', *, *, #1044, .F. ) ;
#465 = LINE ( 'NONE', #262, #1385 ) ;
#466 = DIRECTION ( 'NONE',  ( 0.000000000000000000, 0.000000000000000000, -1.000000000000000000 ) ) ;
#467 = EDGE_CURVE ( 'NONE', #735, #9, #818, .T. ) ;
#468 = CYLINDRICAL_SURFACE ( 'NONE', #279, 4.000000000000000000 ) ;
#469 = AXIS2_PLACEMENT_3D ( 'NONE', #367, #1207, #23 ) ;
#470 = ORIENTED_EDGE ( 'NONE', *, *, #799, .T. ) ;
#471 = VECTOR ( 'NONE', #2, 1000.000000000000000 ) ;
#472 = CIRCLE ( 'NONE', #530, 7.000000000000000000 ) ;
#473 = CARTESIAN_POINT ( 'NONE',  ( 13.56465996625053450, 2.000000000000000000, -7.500000000000001776 ) ) ;
#474 = CARTESIAN_POINT ( 'NONE',  ( 13.75025399070791110, 5.500000000000000000, -10.82499492799055574 ) ) ;
#475 = VERTEX_POINT ( 'NONE', #1299 ) ;
#476 = CARTESIAN_POINT ( 'NONE',  ( 6.123233995736765296E-16, 2.000000000000000000, 4.999999999999999112 ) ) ;
#477 = FACE_BOUND ( 'NONE', #1083, .T. ) ;
#478 = CARTESIAN_POINT ( 'NONE',  ( -5.374999300151054982, 5.500000000000000000, 13.56165480706943427 ) ) ;
#479 = CARTESIAN_POINT ( 'NONE',  ( 22.50000000000000355, 5.500000000000000000, -3.500000000000005773 ) ) ;
#480 = ORIENTED_EDGE ( 'NONE', *, *, #1116, .F. ) ;
#481 = EDGE_CURVE ( 'NONE', #460, #245, #11, .T. ) ;
#482 = CARTESIAN_POINT ( 'NONE',  ( 28.86845403420057465, 5.500000000000000000, 4.250305672314834915 ) ) ;
#483 = ADVANCED_FACE ( 'NONE', ( #650 ), #1198, .F. ) ;
#484 = CARTESIAN_POINT ( 'NONE',  ( 5.374999300151049653, 0.000000000000000000, -13.56165480706943605 ) ) ;
#485 = CARTESIAN_POINT ( 'NONE',  ( -5.374999300151054982, 0.000000000000000000, 13.56165480706943427 ) ) ;
#486 = DIRECTION ( 'NONE',  ( 0.000000000000000000, 0.000000000000000000, 1.000000000000000000 ) ) ;
#487 = ORIENTED_EDGE ( 'NONE', *, *, #604, .T. ) ;
#488 = ORIENTED_EDGE ( 'NONE', *, *, #194, .F. ) ;
#489 = FACE_OUTER_BOUND ( 'NONE', #1156, .T. ) ;
#490 = VECTOR ( 'NONE', #1109, 1000.000000000000000 ) ;
#491 = ORIENTED_EDGE ( 'NONE', *, *, #67, .T. ) ;
#492 = CIRCLE ( 'NONE', #573, 15.50000000000000000 ) ;
#493 = CARTESIAN_POINT ( 'NONE',  ( 8.572527594031473190E-16, 16.00000000000000000, 7.000000000000000000 ) ) ;
#494 = DIRECTION ( 'NONE',  ( -1.000000000000000000, 0.000000000000000000, 0.000000000000000000 ) ) ;
#495 = VERTEX_POINT ( 'NONE', #47 ) ;
#496 = DIRECTION ( 'NONE',  ( 0.000000000000000000, 1.000000000000000000, -0.000000000000000000 ) ) ;
#497 = AXIS2_PLACEMENT_3D ( 'NONE', #39, #676, #237 ) ;
#498 = ORIENTED_EDGE ( 'NONE', *, *, #1268, .F. ) ;
#499 = CYLINDRICAL_SURFACE ( 'NONE', #1386, 7.000000000000000000 ) ;
#500 = CARTESIAN_POINT ( 'NONE',  ( 0.000000000000000000, 9.000000000000000000, -14.09999999999999964 ) ) ;
#501 = CARTESIAN_POINT ( 'NONE',  ( -29.50000000000000000, 5.500000000000000000, -3.320659704926530065 ) ) ;
#502 = CARTESIAN_POINT ( 'NONE',  ( -5.374999300151054094, 0.000000000000000000, -13.56165480706943249 ) ) ;
#503 = EDGE_LOOP ( 'NONE', ( #306, #1088 ) ) ;
#504 = ORIENTED_EDGE ( 'NONE', *, *, #1260, .T. ) ;
#505 = EDGE_LOOP ( 'NONE', ( #326, #217, #387, #850 ) ) ;
#506 = DIRECTION ( 'NONE',  ( 0.000000000000000000, 1.000000000000000000, -0.000000000000000000 ) ) ;
#507 = CARTESIAN_POINT ( 'NONE',  ( 17.99999999999999645, 0.000000000000000000, 6.406530519991120443 ) ) ;
#508 = CARTESIAN_POINT ( 'NONE',  ( -13.75025399070791288, 0.000000000000000000, 10.82499492799055574 ) ) ;
#509 = CARTESIAN_POINT ( 'NONE',  ( 0.000000000000000000, 11.00000000000000000, 0.000000000000000000 ) ) ;
#510 = EDGE_CURVE ( 'NONE', #323, #1390, #311, .T. ) ;
#511 = DIRECTION ( 'NONE',  ( 0.000000000000000000, -1.000000000000000000, 0.000000000000000000 ) ) ;
#512 = ORIENTED_EDGE ( 'NONE', *, *, #149, .F. ) ;
#513 = AXIS2_PLACEMENT_3D ( 'NONE', #478, #348, #1233 ) ;
#514 = VECTOR ( 'NONE', #920, 1000.000000000000000 ) ;
#515 = CARTESIAN_POINT ( 'NONE',  ( -13.56465996625053805, 2.000000000000000000, -7.500000000000000000 ) ) ;
#516 = VERTEX_POINT ( 'NONE', #1383 ) ;
#517 = VECTOR ( 'NONE', #72, 1000.000000000000000 ) ;
#518 = CARTESIAN_POINT ( 'NONE',  ( -28.86845403420056755, 5.500000000000000000, -4.250305672314827810 ) ) ;
#519 = EDGE_CURVE ( 'NONE', #265, #288, #385, .T. ) ;
#520 = AXIS2_PLACEMENT_3D ( 'NONE', #153, #826, #60 ) ;
#521 = LINE ( 'NONE', #109, #401 ) ;
#522 = DIRECTION ( 'NONE',  ( 0.000000000000000000, 1.000000000000000000, -0.000000000000000000 ) ) ;
#523 = EDGE_CURVE ( 'NONE', #1165, #1063, #847, .T. ) ;
#524 = DIRECTION ( 'NONE',  ( -0.000000000000000000, -1.000000000000000000, -0.000000000000000000 ) ) ;
#525 = CARTESIAN_POINT ( 'NONE',  ( 0.000000000000000000, 11.00000000000000000, 0.000000000000000000 ) ) ;
#526 = DIRECTION ( 'NONE',  ( 0.9296459673882966346, 0.000000000000000000, -0.3684540342005743208 ) ) ;
#527 = ORIENTED_EDGE ( 'NONE', *, *, #118, .F. ) ;
#528 = CYLINDRICAL_SURFACE ( 'NONE', #1113, 17.50000000000000000 ) ;
#529 = EDGE_LOOP ( 'NONE', ( #136, #1094, #52, #210 ) ) ;
#530 = AXIS2_PLACEMENT_3D ( 'NONE', #941, #606, #1369 ) ;
#531 = ORIENTED_EDGE ( 'NONE', *, *, #715, .F. ) ;
#532 = EDGE_CURVE ( 'NONE', #250, #1292, #859, .T. ) ;
#533 = CARTESIAN_POINT ( 'NONE',  ( 28.49999999999999645, 0.000000000000000000, 3.320659704926537614 ) ) ;
#534 = AXIS2_PLACEMENT_3D ( 'NONE', #369, #1229, #127 ) ;
#535 = AXIS2_PLACEMENT_3D ( 'NONE', #891, #1313, #657 ) ;
#536 = ORIENTED_EDGE ( 'NONE', *, *, #564, .F. ) ;
#537 = ORIENTED_EDGE ( 'NONE', *, *, #910, .F. ) ;
#538 = EDGE_LOOP ( 'NONE', ( #1249, #1224, #563, #400 ) ) ;
#539 = ADVANCED_FACE ( 'NONE', ( #43 ), #360, .F. ) ;
#540 = CARTESIAN_POINT ( 'NONE',  ( -28.49999999999999645, 0.000000000000000000, -3.320659704926530065 ) ) ;
#541 = DIRECTION ( 'NONE',  ( 0.000000000000000000, 1.000000000000000000, -0.000000000000000000 ) ) ;
#542 = LINE ( 'NONE', #983, #713 ) ;
#543 = ADVANCED_FACE ( 'NONE', ( #806 ), #113, .T. ) ;
#544 = LINE ( 'NONE', #1209, #1310 ) ;
#545 = ORIENTED_EDGE ( 'NONE', *, *, #688, .F. ) ;
#546 = DIRECTION ( 'NONE',  ( -0.9296459673882966346, 0.000000000000000000, 0.3684540342005743208 ) ) ;
#547 = CARTESIAN_POINT ( 'NONE',  ( 13.75025399070791110, 0.000000000000000000, 10.82499492799055574 ) ) ;
#548 = DIRECTION ( 'NONE',  ( 0.000000000000000000, 1.000000000000000000, -0.000000000000000000 ) ) ;
#549 = DIRECTION ( 'NONE',  ( 0.000000000000000000, -1.000000000000000000, 0.000000000000000000 ) ) ;
#550 = ORIENTED_EDGE ( 'NONE', *, *, #44, .F. ) ;
#551 = PLANE ( 'NONE',  #7 ) ;
#552 = DIRECTION ( 'NONE',  ( -0.000000000000000000, -1.000000000000000000, -0.000000000000000000 ) ) ;
#553 = EDGE_LOOP ( 'NONE', ( #1295, #1366 ) ) ;
#554 = DIRECTION ( 'NONE',  ( 0.000000000000000000, -1.000000000000000000, 0.000000000000000000 ) ) ;
#555 = VECTOR ( 'NONE', #1103, 1000.000000000000000 ) ;
#556 = CARTESIAN_POINT ( 'NONE',  ( 0.000000000000000000, 2.000000000000000000, 0.000000000000000000 ) ) ;
#557 = DIRECTION ( 'NONE',  ( 0.000000000000000000, 1.000000000000000000, 0.000000000000000000 ) ) ;
#558 = ORIENTED_EDGE ( 'NONE', *, *, #467, .F. ) ;
#559 = CARTESIAN_POINT ( 'NONE',  ( -17.99999999999999645, 0.000000000000000000, 6.406530519991120443 ) ) ;
#560 = AXIS2_PLACEMENT_3D ( 'NONE', #1331, #569, #1007 ) ;
#561 = AXIS2_PLACEMENT_3D ( 'NONE', #1272, #1280, #843 ) ;
#562 = CIRCLE ( 'NONE', #937, 4.000000000000000000 ) ;
#563 = ORIENTED_EDGE ( 'NONE', *, *, #406, .T. ) ;
#564 = EDGE_CURVE ( 'NONE', #1351, #89, #1302, .T. ) ;
#565 = FACE_BOUND ( 'NONE', #584, .T. ) ;
#566 = DIRECTION ( 'NONE',  ( 0.000000000000000000, 0.000000000000000000, -1.000000000000000000 ) ) ;
#567 = LINE ( 'NONE', #665, #999 ) ;
#568 = ORIENTED_EDGE ( 'NONE', *, *, #186, .T. ) ;
#569 = DIRECTION ( 'NONE',  ( 0.000000000000000000, 1.000000000000000000, -0.000000000000000000 ) ) ;
#570 = EDGE_CURVE ( 'NONE', #516, #785, #1137, .T. ) ;
#571 = DIRECTION ( 'NONE',  ( 0.000000000000000000, 1.000000000000000000, -0.000000000000000000 ) ) ;
#572 = ORIENTED_EDGE ( 'NONE', *, *, #1286, .F. ) ;
#573 = AXIS2_PLACEMENT_3D ( 'NONE', #178, #820, #1412 ) ;
#574 = CARTESIAN_POINT ( 'NONE',  ( -13.56465996625053450, 2.000000000000000000, 7.500000000000003553 ) ) ;
#575 = CARTESIAN_POINT ( 'NONE',  ( -15.41935305178170701, 0.000000000000000000, 9.580695613406634337 ) ) ;
#576 = CARTESIAN_POINT ( 'NONE',  ( -13.75025399070791288, 5.500000000000000000, 10.82499492799055574 ) ) ;
#577 = LINE ( 'NONE', #1017, #514 ) ;
#578 = VECTOR ( 'NONE', #524, 1000.000000000000000 ) ;
#579 = CARTESIAN_POINT ( 'NONE',  ( -29.50000000000000000, 0.000000000000000000, -3.320659704926530065 ) ) ;
#580 = DIRECTION ( 'NONE',  ( 0.000000000000000000, 0.000000000000000000, -1.000000000000000000 ) ) ;
#581 = EDGE_CURVE ( 'NONE', #123, #177, #930, .T. ) ;
#582 = VERTEX_POINT ( 'NONE', #1368 ) ;
#583 = ORIENTED_EDGE ( 'NONE', *, *, #1187, .T. ) ;
#584 = EDGE_LOOP ( 'NONE', ( #115, #21 ) ) ;
#585 = CARTESIAN_POINT ( 'NONE',  ( -22.49999999999999645, 5.500000000000000000, -3.500000000000000000 ) ) ;
#586 = EDGE_CURVE ( 'NONE', #600, #475, #492, .T. ) ;
#587 = CARTESIAN_POINT ( 'NONE',  ( 28.86845403420056755, 5.500000000000000000, -4.250305672314838468 ) ) ;
#588 = ORIENTED_EDGE ( 'NONE', *, *, #893, .F. ) ;
#589 = CARTESIAN_POINT ( 'NONE',  ( 16.89316918858400385, 5.500000000000000000, 13.29927948295982709 ) ) ;
#590 = CARTESIAN_POINT ( 'NONE',  ( -15.41935305178171056, 0.000000000000000000, -9.580695613406630784 ) ) ;
#591 = EDGE_CURVE ( 'NONE', #430, #903, #1144, .T. ) ;
#592 = EDGE_CURVE ( 'NONE', #516, #1269, #1298, .T. ) ;
#593 = AXIS2_PLACEMENT_3D ( 'NONE', #533, #972, #776 ) ;
#594 = VERTEX_POINT ( 'NONE', #1406 ) ;
#595 = CIRCLE ( 'NONE', #1377, 3.500000000000000000 ) ;
#596 = AXIS2_PLACEMENT_3D ( 'NONE', #1334, #148, #1344 ) ;
#597 =( LENGTH_UNIT ( ) NAMED_UNIT ( * ) SI_UNIT ( .MILLI., .METRE. ) );
#598 = LINE ( 'NONE', #501, #897 ) ;
#599 = DIRECTION ( 'NONE',  ( -0.000000000000000000, -1.000000000000000000, 0.000000000000000000 ) ) ;
#600 = VERTEX_POINT ( 'NONE', #764 ) ;
#601 = AXIS2_PLACEMENT_3D ( 'NONE', #1158, #862, #314 ) ;
#602 = ORIENTED_EDGE ( 'NONE', *, *, #215, .T. ) ;
#603 = DIRECTION ( 'NONE',  ( -0.000000000000000000, -1.000000000000000000, -0.000000000000000000 ) ) ;
#604 = EDGE_CURVE ( 'NONE', #1351, #842, #886, .T. ) ;
#605 = CARTESIAN_POINT ( 'NONE',  ( 22.50000000000000355, 0.000000000000000000, -5.510910596163088767E-15 ) ) ;
#606 = DIRECTION ( 'NONE',  ( 0.000000000000000000, 1.000000000000000000, -0.000000000000000000 ) ) ;
#607 = DIRECTION ( 'NONE',  ( -0.000000000000000000, -1.000000000000000000, -0.000000000000000000 ) ) ;
#608 = EDGE_LOOP ( 'NONE', ( #350, #558, #180, #1206 ) ) ;
#609 = EDGE_CURVE ( 'NONE', #152, #123, #48, .T. ) ;
#610 = CARTESIAN_POINT ( 'NONE',  ( 0.000000000000000000, 0.000000000000000000, 0.000000000000000000 ) ) ;
#611 =( NAMED_UNIT ( * ) SI_UNIT ( $, .STERADIAN. ) SOLID_ANGLE_UNIT ( ) );
#612 = DIRECTION ( 'NONE',  ( 0.000000000000000000, 0.000000000000000000, -1.000000000000000000 ) ) ;
#613 = LINE ( 'NONE', #1159, #915 ) ;
#614 = PLANE ( 'NONE',  #84 ) ;
#615 =( GEOMETRIC_REPRESENTATION_CONTEXT ( 3 ) GLOBAL_UNCERTAINTY_ASSIGNED_CONTEXT ( ( #659 ) ) GLOBAL_UNIT_ASSIGNED_CONTEXT ( ( #822, #1139, #611 ) ) REPRESENTATION_CONTEXT ( 'NONE', 'WORKASPACE' ) );
#616 = ORIENTED_EDGE ( 'NONE', *, *, #1160, .F. ) ;
#617 = DIRECTION ( 'NONE',  ( 0.000000000000000000, 0.000000000000000000, -1.000000000000000000 ) ) ;
#618 = ADVANCED_FACE ( 'NONE', ( #1031 ), #56, .F. ) ;
#619 = VERTEX_POINT ( 'NONE', #547 ) ;
#620 = ORIENTED_EDGE ( 'NONE', *, *, #261, .T. ) ;
#621 = CARTESIAN_POINT ( 'NONE',  ( 0.000000000000000000, 16.00000000000000000, 0.000000000000000000 ) ) ;
#622 = ORIENTED_EDGE ( 'NONE', *, *, #1061, .F. ) ;
#623 = CARTESIAN_POINT ( 'NONE',  ( 0.000000000000000000, 16.00000000000000000, 0.000000000000000000 ) ) ;
#624 = VECTOR ( 'NONE', #1035, 1000.000000000000000 ) ;
#625 = CARTESIAN_POINT ( 'NONE',  ( 17.99999999999999645, 2.000000000000000000, 6.406530519991120443 ) ) ;
#626 = ORIENTED_EDGE ( 'NONE', *, *, #893, .T. ) ;
#627 = AXIS2_PLACEMENT_3D ( 'NONE', #997, #548, #6 ) ;
#628 = CARTESIAN_POINT ( 'NONE',  ( 0.000000000000000000, 11.00000000000000000, 0.000000000000000000 ) ) ;
#629 = CARTESIAN_POINT ( 'NONE',  ( 17.99999999999999645, 2.000000000000000000, 6.406530519991120443 ) ) ;
#630 = DIRECTION ( 'NONE',  ( 0.000000000000000000, 0.000000000000000000, 1.000000000000000000 ) ) ;
#631 = VERTEX_POINT ( 'NONE', #1175 ) ;
#632 = DIRECTION ( 'NONE',  ( 0.000000000000000000, 0.000000000000000000, -1.000000000000000000 ) ) ;
#633 = CARTESIAN_POINT ( 'NONE',  ( 0.000000000000000000, 9.000000000000000000, 0.000000000000000000 ) ) ;
#634 = CARTESIAN_POINT ( 'NONE',  ( 0.000000000000000000, 9.000000000000000000, 0.000000000000000000 ) ) ;
#635 = CARTESIAN_POINT ( 'NONE',  ( 2.045160154576079814E-15, 5.500000000000000000, 16.69999999999999929 ) ) ;
#636 = DIRECTION ( 'NONE',  ( 0.000000000000000000, 0.000000000000000000, 1.000000000000000000 ) ) ;
#637 = PRODUCT ( 'B452 \X2\0424043b0430043d044604350432044b0439\X0\ \X2\043e043f043e0440043d044b0439\X0\ \X2\043f043e043404480438043f043d0438043a\X0\ KFL00 \X2\0434043b044f\X0\ \X2\04320430043b043e0432\X0\ \X2\00d8\X0\ 10 \X2\043c043c\X0\', 'B452 \X2\0424043b0430043d044604350432044b0439\X0\ \X2\043e043f043e0440043d044b0439\X0\ \X2\043f043e043404480438043f043d0438043a\X0\ KFL00 \X2\0434043b044f\X0\ \X2\04320430043b043e0432\X0\ \X2\00d8\X0\ 10 \X2\043c043c\X0\', '', ( #747 ) ) ;
#638 = ADVANCED_FACE ( 'NONE', ( #729, #1067 ), #974, .T. ) ;
#639 = LINE ( 'NONE', #771, #1176 ) ;
#640 = EDGE_CURVE ( 'NONE', #152, #1241, #664, .T. ) ;
#641 = ORIENTED_EDGE ( 'NONE', *, *, #1163, .F. ) ;
#642 = VECTOR ( 'NONE', #65, 1000.000000000000000 ) ;
#643 = LINE ( 'NONE', #978, #490 ) ;
#644 = AXIS2_PLACEMENT_3D ( 'NONE', #183, #305, #617 ) ;
#645 = AXIS2_PLACEMENT_3D ( 'NONE', #1240, #708, #612 ) ;
#646 = DIRECTION ( 'NONE',  ( 0.000000000000000000, -1.000000000000000000, 0.000000000000000000 ) ) ;
#647 = AXIS2_PLACEMENT_3D ( 'NONE', #1076, #97, #970 ) ;
#648 = DIRECTION ( 'NONE',  ( 0.000000000000000000, 1.000000000000000000, -0.000000000000000000 ) ) ;
#649 = VERTEX_POINT ( 'NONE', #454 ) ;
#650 = FACE_OUTER_BOUND ( 'NONE', #1271, .T. ) ;
#651 = EDGE_CURVE ( 'NONE', #785, #594, #1215, .T. ) ;
#652 = CARTESIAN_POINT ( 'NONE',  ( 29.50000000000000000, 5.500000000000000000, 3.320659704926537614 ) ) ;
#653 = AXIS2_PLACEMENT_3D ( 'NONE', #621, #308, #734 ) ;
#654 = DIRECTION ( 'NONE',  ( 0.9709287767392565938, 0.000000000000000000, -0.2393685662312637075 ) ) ;
#655 = LINE ( 'NONE', #241, #815 ) ;
#656 = VERTEX_POINT ( 'NONE', #962 ) ;
#657 = DIRECTION ( 'NONE',  ( 0.9709287767392565938, 0.000000000000000000, 0.2393685662312637075 ) ) ;
#658 = ORIENTED_EDGE ( 'NONE', *, *, #640, .T. ) ;
#659 = UNCERTAINTY_MEASURE_WITH_UNIT (LENGTH_MEASURE( 1.000000000000000082E-05 ), #822, 'distance_accuracy_value', 'NONE');
#660 = ADVANCED_BREP_SHAPE_REPRESENTATION ( 'B452 \X2\0424043b0430043d044604350432044b0439\X0\ \X2\043e043f043e0440043d044b0439\X0\ \X2\043f043e043404480438043f043d0438043a\X0\ KFL00 \X2\0434043b044f\X0\ \X2\04320430043b043e0432\X0\ \X2\00d8\X0\ 10 \X2\043c043c\X0\', ( #1400, #34 ), #1167 ) ;
#661 = DIRECTION ( 'NONE',  ( 0.000000000000000000, -1.000000000000000000, 0.000000000000000000 ) ) ;
#662 = ORIENTED_EDGE ( 'NONE', *, *, #1338, .F. ) ;
#663 = DIRECTION ( 'NONE',  ( 0.000000000000000000, 1.000000000000000000, -0.000000000000000000 ) ) ;
#664 = LINE ( 'NONE', #145, #555 ) ;
#665 = CARTESIAN_POINT ( 'NONE',  ( 5.374999300151049653, 5.500000000000000000, -13.56165480706943605 ) ) ;
#666 = ORIENTED_EDGE ( 'NONE', *, *, #1160, .T. ) ;
#667 = CYLINDRICAL_SURFACE ( 'NONE', #275, 4.000000000000000000 ) ;
#668 = CARTESIAN_POINT ( 'NONE',  ( -16.89316918858400385, 5.500000000000000000, 13.29927948295982532 ) ) ;
#669 = ORIENTED_EDGE ( 'NONE', *, *, #640, .F. ) ;
#670 = CARTESIAN_POINT ( 'NONE',  ( 29.50000000000000000, 5.500000000000000000, 3.320659704926537614 ) ) ;
#671 = EDGE_CURVE ( 'NONE', #952, #456, #333, .T. ) ;
#672 = AXIS2_PLACEMENT_3D ( 'NONE', #589, #1038, #945 ) ;
#673 = EDGE_LOOP ( 'NONE', ( #105, #1343, #1411, #470 ) ) ;
#674 = AXIS2_PLACEMENT_3D ( 'NONE', #633, #965, #790 ) ;
#675 = EDGE_CURVE ( 'NONE', #1063, #656, #418, .T. ) ;
#676 = DIRECTION ( 'NONE',  ( 0.000000000000000000, 1.000000000000000000, -0.000000000000000000 ) ) ;
#677 = APPLICATION_CONTEXT ( 'automotive_design' ) ;
#678 = CARTESIAN_POINT ( 'NONE',  ( -15.41935305178170701, 5.500000000000000000, 9.580695613406634337 ) ) ;
#679 = AXIS2_PLACEMENT_3D ( 'NONE', #294, #302, #727 ) ;
#680 = ORIENTED_EDGE ( 'NONE', *, *, #1096, .T. ) ;
#681 = ORIENTED_EDGE ( 'NONE', *, *, #908, .T. ) ;
#682 = CARTESIAN_POINT ( 'NONE',  ( -29.50000000000000000, 5.500000000000000000, 3.320659704926532285 ) ) ;
#683 = DIRECTION ( 'NONE',  ( -0.000000000000000000, -1.000000000000000000, -0.000000000000000000 ) ) ;
#684 = DIRECTION ( 'NONE',  ( -0.000000000000000000, -1.000000000000000000, -0.000000000000000000 ) ) ;
#685 = ORIENTED_EDGE ( 'NONE', *, *, #1028, .F. ) ;
#686 = EDGE_LOOP ( 'NONE', ( #545, #185, #942, #1108 ) ) ;
#687 = FACE_OUTER_BOUND ( 'NONE', #393, .T. ) ;
#688 = EDGE_CURVE ( 'NONE', #1138, #779, #1056, .T. ) ;
#689 = DIRECTION ( 'NONE',  ( 0.000000000000000000, 0.000000000000000000, -1.000000000000000000 ) ) ;
#690 = ADVANCED_FACE ( 'NONE', ( #1408 ), #446, .F. ) ;
#691 = ADVANCED_FACE ( 'NONE', ( #1323 ), #890, .F. ) ;
#692 = CARTESIAN_POINT ( 'NONE',  ( 0.000000000000000000, 0.000000000000000000, 0.000000000000000000 ) ) ;
#693 = LINE ( 'NONE', #701, #792 ) ;
#694 = AXIS2_PLACEMENT_3D ( 'NONE', #239, #312, #233 ) ;
#695 = ORIENTED_EDGE ( 'NONE', *, *, #853, .F. ) ;
#696 = VECTOR ( 'NONE', #167, 1000.000000000000000 ) ;
#697 = AXIS2_PLACEMENT_3D ( 'NONE', #932, #1244, #1042 ) ;
#698 = ORIENTED_EDGE ( 'NONE', *, *, #198, .T. ) ;
#699 = ORIENTED_EDGE ( 'NONE', *, *, #365, .T. ) ;
#700 = LINE ( 'NONE', #1373, #642 ) ;
#701 = CARTESIAN_POINT ( 'NONE',  ( -13.56465996625053805, 2.000000000000000000, -7.500000000000000000 ) ) ;
#702 = VECTOR ( 'NONE', #900, 1000.000000000000114 ) ;
#703 = AXIS2_PLACEMENT_3D ( 'NONE', #1248, #1225, #923 ) ;
#704 = ORIENTED_EDGE ( 'NONE', *, *, #910, .T. ) ;
#705 = VERTEX_POINT ( 'NONE', #576 ) ;
#706 = AXIS2_PLACEMENT_3D ( 'NONE', #191, #607, #1064 ) ;
#707 = ORIENTED_EDGE ( 'NONE', *, *, #870, .F. ) ;
#708 = DIRECTION ( 'NONE',  ( 0.000000000000000000, -1.000000000000000000, 0.000000000000000000 ) ) ;
#709 = EDGE_CURVE ( 'NONE', #207, #779, #1378, .T. ) ;
#710 = VERTEX_POINT ( 'NONE', #140 ) ;
#711 = VERTEX_POINT ( 'NONE', #114 ) ;
#712 = DIRECTION ( 'NONE',  ( 1.000000000000000000, -0.000000000000000000, 0.000000000000000000 ) ) ;
#713 = VECTOR ( 'NONE', #218, 1000.000000000000000 ) ;
#714 = AXIS2_PLACEMENT_3D ( 'NONE', #1009, #31, #913 ) ;
#715 = EDGE_CURVE ( 'NONE', #1079, #274, #30, .T. ) ;
#716 = EDGE_LOOP ( 'NONE', ( #1392, #1308, #781, #315 ) ) ;
#717 = AXIS2_PLACEMENT_3D ( 'NONE', #916, #793, #1218 ) ;
#718 = AXIS2_PLACEMENT_3D ( 'NONE', #395, #599, #816 ) ;
#719 = DIRECTION ( 'NONE',  ( 0.000000000000000000, 0.000000000000000000, 1.000000000000000000 ) ) ;
#720 = DIRECTION ( 'NONE',  ( -0.000000000000000000, -1.000000000000000000, -0.000000000000000000 ) ) ;
#721 = CARTESIAN_POINT ( 'NONE',  ( -28.86845403420057465, 0.000000000000000000, -4.250305672314825145 ) ) ;
#722 = CIRCLE ( 'NONE', #601, 17.50000000000000000 ) ;
#723 = CYLINDRICAL_SURFACE ( 'NONE', #679, 3.500000000000000000 ) ;
#724 = ORIENTED_EDGE ( 'NONE', *, *, #908, .F. ) ;
#725 = CYLINDRICAL_SURFACE ( 'NONE', #15, 14.09999999999999964 ) ;
#726 = FACE_OUTER_BOUND ( 'NONE', #763, .T. ) ;
#727 = DIRECTION ( 'NONE',  ( 0.000000000000000000, 0.000000000000000000, -1.000000000000000000 ) ) ;
#728 = EDGE_LOOP ( 'NONE', ( #1255, #738, #1040, #787 ) ) ;
#729 = FACE_BOUND ( 'NONE', #1184, .T. ) ;
#730 = ADVANCED_FACE ( 'NONE', ( #42 ), #4, .T. ) ;
#731 = EDGE_CURVE ( 'NONE', #1349, #711, #1123, .T. ) ;
#732 = LINE ( 'NONE', #935, #184 ) ;
#733 = EDGE_LOOP ( 'NONE', ( #1311, #583, #101, #698 ) ) ;
#734 = DIRECTION ( 'NONE',  ( 0.000000000000000000, 0.000000000000000000, -1.000000000000000000 ) ) ;
#735 = VERTEX_POINT ( 'NONE', #479 ) ;
#736 = AXIS2_PLACEMENT_3D ( 'NONE', #803, #683, #1228 ) ;
#737 = SHAPE_DEFINITION_REPRESENTATION ( #878, #660 ) ;
#738 = ORIENTED_EDGE ( 'NONE', *, *, #62, .T. ) ;
#739 = VECTOR ( 'NONE', #61, 1000.000000000000000 ) ;
#740 = FACE_OUTER_BOUND ( 'NONE', #744, .T. ) ;
#741 = CARTESIAN_POINT ( 'NONE',  ( 0.000000000000000000, 11.00000000000000000, 0.000000000000000000 ) ) ;
#742 = ADVANCED_FACE ( 'NONE', ( #270 ), #1294, .F. ) ;
#743 = DIRECTION ( 'NONE',  ( 0.000000000000000000, 1.000000000000000000, -0.000000000000000000 ) ) ;
#744 = EDGE_LOOP ( 'NONE', ( #812, #450, #871, #924 ) ) ;
#745 = CARTESIAN_POINT ( 'NONE',  ( -29.50000000000000000, 5.500000000000000000, -3.320659704926530065 ) ) ;
#746 = FACE_BOUND ( 'NONE', #827, .T. ) ;
#747 = PRODUCT_CONTEXT ( 'NONE', #677, 'mechanical' ) ;
#748 = DIRECTION ( 'NONE',  ( 0.000000000000000000, 0.000000000000000000, -1.000000000000000000 ) ) ;
#749 = CARTESIAN_POINT ( 'NONE',  ( 8.572527594031473190E-16, 9.000000000000000000, 7.000000000000000000 ) ) ;
#750 = DIRECTION ( 'NONE',  ( 0.000000000000000000, 0.000000000000000000, -1.000000000000000000 ) ) ;
#751 = EDGE_LOOP ( 'NONE', ( #1029, #658, #1152, #162 ) ) ;
#752 = LINE ( 'NONE', #458, #214 ) ;
#753 = ORIENTED_EDGE ( 'NONE', *, *, #1382, .T. ) ;
#754 = DIRECTION ( 'NONE',  ( -0.000000000000000000, -1.000000000000000000, 0.000000000000000000 ) ) ;
#755 = LINE ( 'NONE', #1085, #1107 ) ;
#756 = ORIENTED_EDGE ( 'NONE', *, *, #3, .T. ) ;
#757 = EDGE_LOOP ( 'NONE', ( #1069, #825, #681, #1097 ) ) ;
#758 = ADVANCED_FACE ( 'NONE', ( #759 ), #986, .F. ) ;
#759 = FACE_OUTER_BOUND ( 'NONE', #82, .T. ) ;
#760 = EDGE_CURVE ( 'NONE', #1153, #328, #1124, .T. ) ;
#761 = DIRECTION ( 'NONE',  ( 0.000000000000000000, 0.000000000000000000, 1.000000000000000000 ) ) ;
#762 = ADVANCED_FACE ( 'NONE', ( #160 ), #667, .F. ) ;
#763 = EDGE_LOOP ( 'NONE', ( #128, #257, #550, #1054 ) ) ;
#764 = CARTESIAN_POINT ( 'NONE',  ( 0.000000000000000000, 2.000000000000000000, -15.50000000000000000 ) ) ;
#765 = VECTOR ( 'NONE', #828, 1000.000000000000000 ) ;
#766 = CARTESIAN_POINT ( 'NONE',  ( 29.50000000000000000, 5.500000000000000000, -3.320659704926542499 ) ) ;
#767 = AXIS2_PLACEMENT_3D ( 'NONE', #447, #1018, #546 ) ;
#768 = ORIENTED_EDGE ( 'NONE', *, *, #1388, .T. ) ;
#769 = CARTESIAN_POINT ( 'NONE',  ( 15.41935305178170879, 5.500000000000000000, -9.580695613406637889 ) ) ;
#770 = ORIENTED_EDGE ( 'NONE', *, *, #126, .F. ) ;
#771 = CARTESIAN_POINT ( 'NONE',  ( 5.374999300151049653, 5.500000000000000000, 13.56165480706943427 ) ) ;
#772 = CYLINDRICAL_SURFACE ( 'NONE', #796, 7.000000000000000000 ) ;
#773 = ORIENTED_EDGE ( 'NONE', *, *, #481, .T. ) ;
#774 = VECTOR ( 'NONE', #557, 1000.000000000000000 ) ;
#775 = EDGE_CURVE ( 'NONE', #631, #391, #1186, .T. ) ;
#776 = DIRECTION ( 'NONE',  ( 3.469446951953614189E-15, 0.000000000000000000, 1.000000000000000000 ) ) ;
#777 = ORIENTED_EDGE ( 'NONE', *, *, #365, .F. ) ;
#778 = DIRECTION ( 'NONE',  ( -0.000000000000000000, -1.000000000000000000, -0.000000000000000000 ) ) ;
#779 = VERTEX_POINT ( 'NONE', #921 ) ;
#780 = PLANE ( 'NONE',  #211 ) ;
#781 = ORIENTED_EDGE ( 'NONE', *, *, #1316, .F. ) ;
#782 = DIRECTION ( 'NONE',  ( -0.9709287767392565938, -0.000000000000000000, -0.2393685662312637075 ) ) ;
#783 = ADVANCED_FACE ( 'NONE', ( #227 ), #170, .T. ) ;
#784 = VERTEX_POINT ( 'NONE', #474 ) ;
#785 = VERTEX_POINT ( 'NONE', #441 ) ;
#786 = CARTESIAN_POINT ( 'NONE',  ( 0.000000000000000000, 5.500000000000000000, 0.000000000000000000 ) ) ;
#787 = ORIENTED_EDGE ( 'NONE', *, *, #1227, .F. ) ;
#788 = VECTOR ( 'NONE', #902, 1000.000000000000000 ) ;
#789 = CARTESIAN_POINT ( 'NONE',  ( -16.89316918858400740, 0.000000000000000000, -13.29927948295981821 ) ) ;
#790 = DIRECTION ( 'NONE',  ( 0.000000000000000000, 0.000000000000000000, 1.000000000000000000 ) ) ;
#791 = ORIENTED_EDGE ( 'NONE', *, *, #296, .T. ) ;
#792 = VECTOR ( 'NONE', #1129, 1000.000000000000000 ) ;
#793 = DIRECTION ( 'NONE',  ( -0.000000000000000000, -1.000000000000000000, -0.000000000000000000 ) ) ;
#794 = CARTESIAN_POINT ( 'NONE',  ( 22.50000000000000355, 5.500000000000000000, -5.510910596163088767E-15 ) ) ;
#795 = VECTOR ( 'NONE', #1216, 1000.000000000000000 ) ;
#796 = AXIS2_PLACEMENT_3D ( 'NONE', #1226, #1195, #22 ) ;
#797 = DIRECTION ( 'NONE',  ( 0.000000000000000000, 0.000000000000000000, -1.000000000000000000 ) ) ;
#798 = ORIENTED_EDGE ( 'NONE', *, *, #126, .T. ) ;
#799 = EDGE_CURVE ( 'NONE', #922, #1153, #1193, .T. ) ;
#800 = ORIENTED_EDGE ( 'NONE', *, *, #1381, .T. ) ;
#801 = ADVANCED_FACE ( 'NONE', ( #1234 ), #236, .T. ) ;
#802 = CARTESIAN_POINT ( 'NONE',  ( 29.50000000000000000, 0.000000000000000000, 0.000000000000000000 ) ) ;
#803 = CARTESIAN_POINT ( 'NONE',  ( 0.000000000000000000, 2.000000000000000000, 0.000000000000000000 ) ) ;
#804 = CARTESIAN_POINT ( 'NONE',  ( -13.75025399070791288, 5.500000000000000000, -10.82499492799055218 ) ) ;
#805 = ORIENTED_EDGE ( 'NONE', *, *, #895, .F. ) ;
#806 = FACE_OUTER_BOUND ( 'NONE', #1318, .T. ) ;
#807 = ORIENTED_EDGE ( 'NONE', *, *, #532, .F. ) ;
#808 = DIRECTION ( 'NONE',  ( -0.9296459673882967456, 0.000000000000000000, 0.3684540342005739877 ) ) ;
#809 = ORIENTED_EDGE ( 'NONE', *, *, #1275, .T. ) ;
#810 = CARTESIAN_POINT ( 'NONE',  ( 22.50000000000000355, 5.500000000000000000, -3.500000000000005773 ) ) ;
#811 = DIRECTION ( 'NONE',  ( 0.000000000000000000, 0.000000000000000000, -1.000000000000000000 ) ) ;
#812 = ORIENTED_EDGE ( 'NONE', *, *, #917, .F. ) ;
#813 = ADVANCED_FACE ( 'NONE', ( #1106 ), #1342, .F. ) ;
#814 = DIRECTION ( 'NONE',  ( -0.9709287767392565938, 0.000000000000000000, 0.2393685662312637075 ) ) ;
#815 = VECTOR ( 'NONE', #24, 1000.000000000000000 ) ;
#816 = DIRECTION ( 'NONE',  ( -3.469446951953614189E-15, 0.000000000000000000, 1.000000000000000000 ) ) ;
#817 = AXIS2_PLACEMENT_3D ( 'NONE', #230, #648, #335 ) ;
#818 = CIRCLE ( 'NONE', #647, 3.500000000000000000 ) ;
#819 = CARTESIAN_POINT ( 'NONE',  ( 0.000000000000000000, 16.00000000000000000, -7.000000000000000000 ) ) ;
#820 = DIRECTION ( 'NONE',  ( 0.000000000000000000, -1.000000000000000000, 0.000000000000000000 ) ) ;
#821 = EDGE_LOOP ( 'NONE', ( #201, #798, #641, #626 ) ) ;
#822 =( LENGTH_UNIT ( ) NAMED_UNIT ( * ) SI_UNIT ( .MILLI., .METRE. ) );
#823 = CARTESIAN_POINT ( 'NONE',  ( 28.86845403420057465, 0.000000000000000000, 4.250305672314834915 ) ) ;
#824 = EDGE_CURVE ( 'NONE', #1404, #882, #693, .T. ) ;
#825 = ORIENTED_EDGE ( 'NONE', *, *, #1208, .T. ) ;
#826 = DIRECTION ( 'NONE',  ( -1.000000000000000000, 0.000000000000000000, 0.000000000000000000 ) ) ;
#827 = EDGE_LOOP ( 'NONE', ( #488, #498 ) ) ;
#828 = DIRECTION ( 'NONE',  ( -0.000000000000000000, -1.000000000000000000, -0.000000000000000000 ) ) ;
#829 = LINE ( 'NONE', #518, #1256 ) ;
#830 = EDGE_CURVE ( 'NONE', #222, #329, #121, .T. ) ;
#831 = AXIS2_PLACEMENT_3D ( 'NONE', #789, #276, #248 ) ;
#832 = ORIENTED_EDGE ( 'NONE', *, *, #870, .T. ) ;
#833 = CARTESIAN_POINT ( 'NONE',  ( 0.000000000000000000, 11.00000000000000000, -14.09999999999999964 ) ) ;
#834 = STYLED_ITEM ( 'NONE', ( #175 ), #1400 ) ;
#835 = ORIENTED_EDGE ( 'NONE', *, *, #675, .F. ) ;
#836 = AXIS2_PLACEMENT_3D ( 'NONE', #125, #995, #142 ) ;
#837 = CIRCLE ( 'NONE', #718, 1.000000000000000000 ) ;
#838 = DIRECTION ( 'NONE',  ( 0.000000000000000000, 1.000000000000000000, -0.000000000000000000 ) ) ;
#839 = SURFACE_STYLE_FILL_AREA ( #403 ) ;
#840 = CYLINDRICAL_SURFACE ( 'NONE', #216, 16.69999999999999929 ) ;
#841 = CARTESIAN_POINT ( 'NONE',  ( 29.50000000000000000, 5.500000000000000000, 0.000000000000000000 ) ) ;
#842 = VERTEX_POINT ( 'NONE', #881 ) ;
#843 = DIRECTION ( 'NONE',  ( 0.000000000000000000, 0.000000000000000000, -1.000000000000000000 ) ) ;
#844 = ADVANCED_FACE ( 'NONE', ( #1304 ), #551, .F. ) ;
#845 = VERTEX_POINT ( 'NONE', #413 ) ;
#846 = CARTESIAN_POINT ( 'NONE',  ( 8.572527594031473190E-16, 16.00000000000000000, 7.000000000000000000 ) ) ;
#847 = LINE ( 'NONE', #860, #161 ) ;
#848 = LINE ( 'NONE', #502, #58 ) ;
#849 = ORIENTED_EDGE ( 'NONE', *, *, #1319, .F. ) ;
#850 = ORIENTED_EDGE ( 'NONE', *, *, #715, .T. ) ;
#851 = CYLINDRICAL_SURFACE ( 'NONE', #561, 17.50000000000000000 ) ;
#852 = ORIENTED_EDGE ( 'NONE', *, *, #830, .T. ) ;
#853 = EDGE_CURVE ( 'NONE', #903, #973, #848, .T. ) ;
#854 = EDGE_LOOP ( 'NONE', ( #238, #1217, #271, #116 ) ) ;
#855 = CARTESIAN_POINT ( 'NONE',  ( -22.49999999999999645, 5.500000000000000000, -3.500000000000000000 ) ) ;
#856 = ORIENTED_EDGE ( 'NONE', *, *, #1096, .F. ) ;
#857 = DIRECTION ( 'NONE',  ( 0.000000000000000000, 0.000000000000000000, 1.000000000000000000 ) ) ;
#858 = CIRCLE ( 'NONE', #672, 3.999999999999998224 ) ;
#859 = CIRCLE ( 'NONE', #1034, 1.000000000000000000 ) ;
#860 = CARTESIAN_POINT ( 'NONE',  ( 17.99999999999999645, 2.000000000000000000, 6.406530519991120443 ) ) ;
#861 = CARTESIAN_POINT ( 'NONE',  ( 0.000000000000000000, 5.500000000000000000, -17.50000000000000000 ) ) ;
#862 = DIRECTION ( 'NONE',  ( 0.000000000000000000, 1.000000000000000000, -0.000000000000000000 ) ) ;
#863 = ORIENTED_EDGE ( 'NONE', *, *, #876, .T. ) ;
#864 = AXIS2_PLACEMENT_3D ( 'NONE', #1223, #684, #797 ) ;
#865 = APPLICATION_PROTOCOL_DEFINITION ( 'draft international standard', 'automotive_design', 1998, #677 ) ;
#866 = CIRCLE ( 'NONE', #364, 15.50000000000000000 ) ;
#867 = ORIENTED_EDGE ( 'NONE', *, *, #64, .F. ) ;
#868 = VECTOR ( 'NONE', #383, 1000.000000000000000 ) ;
#869 = CARTESIAN_POINT ( 'NONE',  ( 13.75025399070791110, 5.500000000000000000, -10.82499492799055574 ) ) ;
#870 = EDGE_CURVE ( 'NONE', #842, #516, #732, .T. ) ;
#871 = ORIENTED_EDGE ( 'NONE', *, *, #1328, .T. ) ;
#872 = DIRECTION ( 'NONE',  ( 0.000000000000000000, -1.000000000000000000, 0.000000000000000000 ) ) ;
#873 = CARTESIAN_POINT ( 'NONE',  ( 16.89316918858400385, 0.000000000000000000, -13.29927948295982709 ) ) ;
#874 = ORIENTED_EDGE ( 'NONE', *, *, #1232, .T. ) ;
#875 = DIRECTION ( 'NONE',  ( 0.000000000000000000, 1.000000000000000000, -0.000000000000000000 ) ) ;
#876 = EDGE_CURVE ( 'NONE', #582, #222, #356, .T. ) ;
#877 = DIRECTION ( 'NONE',  ( -0.000000000000000000, -1.000000000000000000, -0.000000000000000000 ) ) ;
#878 = PRODUCT_DEFINITION_SHAPE ( 'NONE', 'NONE',  #1037 ) ;
#879 = ORIENTED_EDGE ( 'NONE', *, *, #570, .T. ) ;
#880 = DIRECTION ( 'NONE',  ( -0.000000000000000000, -1.000000000000000000, -0.000000000000000000 ) ) ;
#881 = CARTESIAN_POINT ( 'NONE',  ( -13.56465996625053450, 2.000000000000000000, 7.500000000000003553 ) ) ;
#882 = VERTEX_POINT ( 'NONE', #1246 ) ;
#883 = ORIENTED_EDGE ( 'NONE', *, *, #830, .F. ) ;
#884 = DIRECTION ( 'NONE',  ( 0.000000000000000000, 0.000000000000000000, -1.000000000000000000 ) ) ;
#885 = CARTESIAN_POINT ( 'NONE',  ( 17.99999999999999645, 2.000000000000000000, 6.406530519991120443 ) ) ;
#886 = CIRCLE ( 'NONE', #130, 15.50000000000000000 ) ;
#887 = CARTESIAN_POINT ( 'NONE',  ( -17.99999999999999645, 2.000000000000000000, -6.406530519991121331 ) ) ;
#888 = CARTESIAN_POINT ( 'NONE',  ( 2.045160154576079814E-15, 11.00000000000000000, 16.69999999999999929 ) ) ;
#889 = ORIENTED_EDGE ( 'NONE', *, *, #586, .T. ) ;
#890 = CYLINDRICAL_SURFACE ( 'NONE', #836, 4.999999999999999112 ) ;
#891 = CARTESIAN_POINT ( 'NONE',  ( -17.99999999999999645, 2.000000000000000000, 6.406530519991120443 ) ) ;
#892 = EDGE_LOOP ( 'NONE', ( #531, #1398 ) ) ;
#893 = EDGE_CURVE ( 'NONE', #705, #436, #286, .T. ) ;
#894 = DIRECTION ( 'NONE',  ( 0.000000000000000000, 0.000000000000000000, 1.000000000000000000 ) ) ;
#895 = EDGE_CURVE ( 'NONE', #1301, #656, #176, .T. ) ;
#896 = CYLINDRICAL_SURFACE ( 'NONE', #289, 1.000000000000000000 ) ;
#897 = VECTOR ( 'NONE', #1046, 1000.000000000000000 ) ;
#898 = FACE_OUTER_BOUND ( 'NONE', #1238, .T. ) ;
#899 = ORIENTED_EDGE ( 'NONE', *, *, #948, .T. ) ;
#900 = DIRECTION ( 'NONE',  ( -0.9296459673882966346, 0.000000000000000000, -0.3684540342005743208 ) ) ;
#901 = ORIENTED_EDGE ( 'NONE', *, *, #581, .F. ) ;
#902 = DIRECTION ( 'NONE',  ( -0.000000000000000000, -1.000000000000000000, -0.000000000000000000 ) ) ;
#903 = VERTEX_POINT ( 'NONE', #721 ) ;
#904 = DIRECTION ( 'NONE',  ( -0.000000000000000000, -1.000000000000000000, 0.000000000000000000 ) ) ;
#905 = CARTESIAN_POINT ( 'NONE',  ( 5.374999300151049653, 5.500000000000000000, -13.56165480706943605 ) ) ;
#906 = VECTOR ( 'NONE', #1276, 1000.000000000000000 ) ;
#907 = DIRECTION ( 'NONE',  ( -0.000000000000000000, -1.000000000000000000, -0.000000000000000000 ) ) ;
#908 = EDGE_CURVE ( 'NONE', #1075, #86, #1254, .T. ) ;
#909 = VECTOR ( 'NONE', #281, 1000.000000000000000 ) ;
#910 = EDGE_CURVE ( 'NONE', #329, #1136, #837, .T. ) ;
#911 = AXIS2_PLACEMENT_3D ( 'NONE', #841, #494, #205 ) ;
#912 = CARTESIAN_POINT ( 'NONE',  ( 17.99999999999999645, 2.000000000000000000, -6.406530519991121331 ) ) ;
#913 = DIRECTION ( 'NONE',  ( 0.000000000000000000, 0.000000000000000000, -1.000000000000000000 ) ) ;
#914 = CARTESIAN_POINT ( 'NONE',  ( -16.89316918858400740, 5.500000000000000000, -13.29927948295981821 ) ) ;
#915 = VECTOR ( 'NONE', #1072, 1000.000000000000000 ) ;
#916 = CARTESIAN_POINT ( 'NONE',  ( 0.000000000000000000, 2.000000000000000000, 0.000000000000000000 ) ) ;
#917 = EDGE_CURVE ( 'NONE', #70, #1111, #74, .T. ) ;
#918 = FACE_BOUND ( 'NONE', #892, .T. ) ;
#919 = DIRECTION ( 'NONE',  ( -0.3684540342005740432, 0.000000000000000000, 0.9296459673882968566 ) ) ;
#920 = DIRECTION ( 'NONE',  ( 0.9709287767392565938, 0.000000000000000000, -0.2393685662312635132 ) ) ;
#921 = CARTESIAN_POINT ( 'NONE',  ( 0.000000000000000000, 0.000000000000000000, -17.50000000000000000 ) ) ;
#922 = VERTEX_POINT ( 'NONE', #1039 ) ;
#923 = DIRECTION ( 'NONE',  ( 0.000000000000000000, 0.000000000000000000, 1.000000000000000000 ) ) ;
#924 = ORIENTED_EDGE ( 'NONE', *, *, #282, .T. ) ;
#925 = LINE ( 'NONE', #493, #696 ) ;
#926 = DIRECTION ( 'NONE',  ( -0.9296459673882966346, 0.000000000000000000, -0.3684540342005743208 ) ) ;
#927 = DIRECTION ( 'NONE',  ( -0.9709287767392565938, -0.000000000000000000, -0.2393685662312637075 ) ) ;
#928 = ORIENTED_EDGE ( 'NONE', *, *, #36, .T. ) ;
#929 = EDGE_LOOP ( 'NONE', ( #1242, #303, #572, #380, #805, #1339, #724, #1266, #164 ) ) ;
#930 = CIRCLE ( 'NONE', #697, 1.000000000000000000 ) ;
#931 = DIRECTION ( 'NONE',  ( 0.000000000000000000, -1.000000000000000000, 0.000000000000000000 ) ) ;
#932 = CARTESIAN_POINT ( 'NONE',  ( -28.49999999999999645, 0.000000000000000000, 3.320659704926532285 ) ) ;
#933 = EDGE_LOOP ( 'NONE', ( #662, #867, #874, #272 ) ) ;
#934 = EDGE_CURVE ( 'NONE', #70, #710, #104, .T. ) ;
#935 = CARTESIAN_POINT ( 'NONE',  ( -17.99999999999999645, 2.000000000000000000, 6.406530519991120443 ) ) ;
#936 = ORIENTED_EDGE ( 'NONE', *, *, #604, .F. ) ;
#937 = AXIS2_PLACEMENT_3D ( 'NONE', #873, #981, #129 ) ;
#938 = PLANE ( 'NONE',  #235 ) ;
#939 = ORIENTED_EDGE ( 'NONE', *, *, #592, .F. ) ;
#940 = DIRECTION ( 'NONE',  ( 0.000000000000000000, 0.000000000000000000, 1.000000000000000000 ) ) ;
#941 = CARTESIAN_POINT ( 'NONE',  ( 0.000000000000000000, 9.000000000000000000, 0.000000000000000000 ) ) ;
#942 = ORIENTED_EDGE ( 'NONE', *, *, #1172, .T. ) ;
#943 = EDGE_LOOP ( 'NONE', ( #1360, #96, #295, #856 ) ) ;
#944 = DIRECTION ( 'NONE',  ( -0.9709287767392565938, 0.000000000000000000, -0.2393685662312635132 ) ) ;
#945 = DIRECTION ( 'NONE',  ( 0.000000000000000000, 0.000000000000000000, 1.000000000000000000 ) ) ;
#946 = CARTESIAN_POINT ( 'NONE',  ( 16.89316918858400385, 5.500000000000000000, -13.29927948295982709 ) ) ;
#947 = DIRECTION ( 'NONE',  ( -0.000000000000000000, -1.000000000000000000, -0.000000000000000000 ) ) ;
#948 = EDGE_CURVE ( 'NONE', #903, #265, #829, .T. ) ;
#949 = ADVANCED_FACE ( 'NONE', ( #1384 ), #1354, .T. ) ;
#950 = DIRECTION ( 'NONE',  ( 0.000000000000000000, 1.000000000000000000, -0.000000000000000000 ) ) ;
#951 = AXIS2_PLACEMENT_3D ( 'NONE', #794, #462, #159 ) ;
#952 = VERTEX_POINT ( 'NONE', #1135 ) ;
#953 = DIRECTION ( 'NONE',  ( 0.000000000000000000, 1.000000000000000000, -0.000000000000000000 ) ) ;
#954 = ORIENTED_EDGE ( 'NONE', *, *, #731, .F. ) ;
#955 = CARTESIAN_POINT ( 'NONE',  ( -15.41935305178171056, 5.500000000000000000, -9.580695613406630784 ) ) ;
#956 = VECTOR ( 'NONE', #689, 1000.000000000000000 ) ;
#957 = DIRECTION ( 'NONE',  ( 0.000000000000000000, 0.000000000000000000, 1.000000000000000000 ) ) ;
#958 = ORIENTED_EDGE ( 'NONE', *, *, #157, .T. ) ;
#959 = DIRECTION ( 'NONE',  ( 0.000000000000000000, -1.000000000000000000, 0.000000000000000000 ) ) ;
#960 = EDGE_LOOP ( 'NONE', ( #75, #410, #1013, #337 ) ) ;
#961 = CARTESIAN_POINT ( 'NONE',  ( -28.49999999999999645, 5.500000000000000000, 3.320659704926532285 ) ) ;
#962 = CARTESIAN_POINT ( 'NONE',  ( 17.99999999999999645, 0.000000000000000000, 6.406530519991120443 ) ) ;
#963 = DIRECTION ( 'NONE',  ( 0.000000000000000000, 1.000000000000000000, -0.000000000000000000 ) ) ;
#964 = ORIENTED_EDGE ( 'NONE', *, *, #361, .T. ) ;
#965 = DIRECTION ( 'NONE',  ( 0.000000000000000000, 1.000000000000000000, -0.000000000000000000 ) ) ;
#966 = CIRCLE ( 'NONE', #445, 15.50000000000000000 ) ;
#967 = CIRCLE ( 'NONE', #714, 15.50000000000000000 ) ;
#968 = ORIENTED_EDGE ( 'NONE', *, *, #215, .F. ) ;
#969 = VECTOR ( 'NONE', #646, 1000.000000000000000 ) ;
#970 = DIRECTION ( 'NONE',  ( 0.000000000000000000, 0.000000000000000000, 1.000000000000000000 ) ) ;
#971 = ADVANCED_FACE ( 'NONE', ( #726 ), #1051, .F. ) ;
#972 = DIRECTION ( 'NONE',  ( -0.000000000000000000, -1.000000000000000000, 0.000000000000000000 ) ) ;
#973 = VERTEX_POINT ( 'NONE', #590 ) ;
#974 = PLANE ( 'NONE',  #674 ) ;
#975 = DIRECTION ( 'NONE',  ( 1.000000000000000000, 0.000000000000000000, 0.000000000000000000 ) ) ;
#976 = ORIENTED_EDGE ( 'NONE', *, *, #1328, .F. ) ;
#977 = CARTESIAN_POINT ( 'NONE',  ( -17.99999999999999645, 2.000000000000000000, 6.406530519991120443 ) ) ;
#978 = CARTESIAN_POINT ( 'NONE',  ( 0.000000000000000000, 2.000000000000000000, -15.50000000000000000 ) ) ;
#979 = CARTESIAN_POINT ( 'NONE',  ( 0.000000000000000000, 5.500000000000000000, -17.50000000000000000 ) ) ;
#980 = CARTESIAN_POINT ( 'NONE',  ( -16.89316918858400740, 5.500000000000000000, -13.29927948295981821 ) ) ;
#981 = DIRECTION ( 'NONE',  ( 0.000000000000000000, 1.000000000000000000, -0.000000000000000000 ) ) ;
#982 = ORIENTED_EDGE ( 'NONE', *, *, #157, .F. ) ;
#983 = CARTESIAN_POINT ( 'NONE',  ( -15.41935305178170701, 5.500000000000000000, -9.580695613406630784 ) ) ;
#984 = VERTEX_POINT ( 'NONE', #1032 ) ;
#985 = EDGE_CURVE ( 'NONE', #710, #70, #32, .T. ) ;
#986 = PLANE ( 'NONE',  #535 ) ;
#987 = ORIENTED_EDGE ( 'NONE', *, *, #824, .T. ) ;
#988 = UNCERTAINTY_MEASURE_WITH_UNIT (LENGTH_MEASURE( 1.000000000000000082E-05 ), #597, 'distance_accuracy_value', 'NONE');
#989 = LINE ( 'NONE', #912, #1285 ) ;
#990 = CIRCLE ( 'NONE', #54, 14.09999999999999964 ) ;
#991 = VERTEX_POINT ( 'NONE', #1263 ) ;
#992 = CARTESIAN_POINT ( 'NONE',  ( 0.000000000000000000, 0.000000000000000000, 0.000000000000000000 ) ) ;
#993 = VECTOR ( 'NONE', #49, 1000.000000000000000 ) ;
#994 = ORIENTED_EDGE ( 'NONE', *, *, #17, .F. ) ;
#995 = DIRECTION ( 'NONE',  ( -0.000000000000000000, -1.000000000000000000, -0.000000000000000000 ) ) ;
#996 = ORIENTED_EDGE ( 'NONE', *, *, #80, .F. ) ;
#997 = CARTESIAN_POINT ( 'NONE',  ( 0.000000000000000000, 9.000000000000000000, 0.000000000000000000 ) ) ;
#998 = DIRECTION ( 'NONE',  ( 0.000000000000000000, 1.000000000000000000, -0.000000000000000000 ) ) ;
#999 = VECTOR ( 'NONE', #349, 1000.000000000000114 ) ;
#1000 = ORIENTED_EDGE ( 'NONE', *, *, #1187, .F. ) ;
#1001 = CARTESIAN_POINT ( 'NONE',  ( 0.000000000000000000, 16.00000000000000000, 0.000000000000000000 ) ) ;
#1002 = CARTESIAN_POINT ( 'NONE',  ( 17.99999999999999645, 0.000000000000000000, -6.406530519991121331 ) ) ;
#1003 = LINE ( 'NONE', #802, #1312 ) ;
#1004 = DIRECTION ( 'NONE',  ( 0.000000000000000000, 0.000000000000000000, 1.000000000000000000 ) ) ;
#1005 = CARTESIAN_POINT ( 'NONE',  ( 17.99999999999999645, 2.000000000000000000, 6.406530519991120443 ) ) ;
#1006 = VERTEX_POINT ( 'NONE', #823 ) ;
#1007 = DIRECTION ( 'NONE',  ( 0.000000000000000000, 0.000000000000000000, 1.000000000000000000 ) ) ;
#1008 = CIRCLE ( 'NONE', #951, 3.500000000000000000 ) ;
#1009 = CARTESIAN_POINT ( 'NONE',  ( 0.000000000000000000, 0.000000000000000000, 0.000000000000000000 ) ) ;
#1010 = PRESENTATION_LAYER_ASSIGNMENT (  '', '', ( #834 ) ) ;
#1011 = EDGE_CURVE ( 'NONE', #845, #1033, #472, .T. ) ;
#1012 = DIRECTION ( 'NONE',  ( -0.9709287767392565938, 0.000000000000000000, 0.2393685662312635132 ) ) ;
#1013 = ORIENTED_EDGE ( 'NONE', *, *, #381, .F. ) ;
#1014 = ORIENTED_EDGE ( 'NONE', *, *, #149, .T. ) ;
#1015 = PLANE ( 'NONE',  #319 ) ;
#1016 = DIRECTION ( 'NONE',  ( 0.000000000000000000, 0.000000000000000000, 1.000000000000000000 ) ) ;
#1017 = CARTESIAN_POINT ( 'NONE',  ( -17.99999999999999645, 2.000000000000000000, -6.406530519991121331 ) ) ;
#1018 = DIRECTION ( 'NONE',  ( -0.3684540342005743763, 0.000000000000000000, -0.9296459673882967456 ) ) ;
#1019 = ADVANCED_FACE ( 'NONE', ( #291 ), #189, .F. ) ;
#1020 = CIRCLE ( 'NONE', #1151, 14.09999999999999964 ) ;
#1021 = ORIENTED_EDGE ( 'NONE', *, *, #895, .T. ) ;
#1022 = EDGE_CURVE ( 'NONE', #1063, #1351, #300, .T. ) ;
#1023 = FACE_OUTER_BOUND ( 'NONE', #1197, .T. ) ;
#1024 = LINE ( 'NONE', #484, #1081 ) ;
#1025 = DIRECTION ( 'NONE',  ( 0.000000000000000000, 0.000000000000000000, -1.000000000000000000 ) ) ;
#1026 = ORIENTED_EDGE ( 'NONE', *, *, #321, .F. ) ;
#1027 = DIRECTION ( 'NONE',  ( 0.000000000000000000, 0.000000000000000000, 1.000000000000000000 ) ) ;
#1028 = EDGE_CURVE ( 'NONE', #1282, #619, #182, .T. ) ;
#1029 = ORIENTED_EDGE ( 'NONE', *, *, #609, .F. ) ;
#1030 = CARTESIAN_POINT ( 'NONE',  ( -17.99999999999999645, 0.000000000000000000, -6.406530519991121331 ) ) ;
#1031 = FACE_OUTER_BOUND ( 'NONE', #13, .T. ) ;
#1032 = CARTESIAN_POINT ( 'NONE',  ( 29.50000000000000000, 0.000000000000000000, 3.320659704926537614 ) ) ;
#1033 = VERTEX_POINT ( 'NONE', #749 ) ;
#1034 = AXIS2_PLACEMENT_3D ( 'NONE', #317, #1283, #324 ) ;
#1035 = DIRECTION ( 'NONE',  ( 0.9709287767392565938, -0.000000000000000000, 0.2393685662312635132 ) ) ;
#1036 = ORIENTED_EDGE ( 'NONE', *, *, #760, .T. ) ;
#1037 = PRODUCT_DEFINITION ( 'UNKNOWN', '', #134, #351 ) ;
#1038 = DIRECTION ( 'NONE',  ( -0.000000000000000000, -1.000000000000000000, 0.000000000000000000 ) ) ;
#1039 = CARTESIAN_POINT ( 'NONE',  ( -13.75025399070791288, 0.000000000000000000, -10.82499492799055041 ) ) ;
#1040 = ORIENTED_EDGE ( 'NONE', *, *, #1314, .T. ) ;
#1041 = CARTESIAN_POINT ( 'NONE',  ( 0.000000000000000000, 5.500000000000000000, 0.000000000000000000 ) ) ;
#1042 = DIRECTION ( 'NONE',  ( 0.000000000000000000, 0.000000000000000000, 1.000000000000000000 ) ) ;
#1043 = ORIENTED_EDGE ( 'NONE', *, *, #33, .F. ) ;
#1044 = EDGE_CURVE ( 'NONE', #1292, #984, #91, .T. ) ;
#1045 = DIRECTION ( 'NONE',  ( -0.000000000000000000, -1.000000000000000000, 0.000000000000000000 ) ) ;
#1046 = DIRECTION ( 'NONE',  ( 0.000000000000000000, -1.000000000000000000, 0.000000000000000000 ) ) ;
#1047 = EDGE_CURVE ( 'NONE', #323, #631, #990, .T. ) ;
#1048 = CARTESIAN_POINT ( 'NONE',  ( 0.000000000000000000, 2.000000000000000000, 0.000000000000000000 ) ) ;
#1049 = DIRECTION ( 'NONE',  ( 0.000000000000000000, 0.000000000000000000, 1.000000000000000000 ) ) ;
#1050 = ORIENTED_EDGE ( 'NONE', *, *, #651, .T. ) ;
#1051 = PLANE ( 'NONE',  #911 ) ;
#1052 = PRODUCT_RELATED_PRODUCT_CATEGORY ( 'part', '', ( #637 ) ) ;
#1053 = DIRECTION ( 'NONE',  ( 0.000000000000000000, 0.000000000000000000, -1.000000000000000000 ) ) ;
#1054 = ORIENTED_EDGE ( 'NONE', *, *, #1044, .T. ) ;
#1055 = AXIS2_PLACEMENT_3D ( 'NONE', #278, #375, #811 ) ;
#1056 = LINE ( 'NONE', #979, #471 ) ;
#1057 = EDGE_LOOP ( 'NONE', ( #832, #1125, #172, #1279, #889, #602, #1179, #1379, #487 ) ) ;
#1058 = DIRECTION ( 'NONE',  ( 0.000000000000000000, 0.000000000000000000, 1.000000000000000000 ) ) ;
#1059 = CARTESIAN_POINT ( 'NONE',  ( 2.045160154576079814E-15, 11.00000000000000000, 16.69999999999999929 ) ) ;
#1060 = CIRCLE ( 'NONE', #12, 7.000000000000000000 ) ;
#1061 = EDGE_CURVE ( 'NONE', #1201, #123, #521, .T. ) ;
#1062 = CARTESIAN_POINT ( 'NONE',  ( -22.49999999999999645, 5.500000000000000000, 0.000000000000000000 ) ) ;
#1063 = VERTEX_POINT ( 'NONE', #885 ) ;
#1064 = DIRECTION ( 'NONE',  ( 0.000000000000000000, 0.000000000000000000, -1.000000000000000000 ) ) ;
#1065 = AXIS2_PLACEMENT_3D ( 'NONE', #1041, #496, #71 ) ;
#1066 = ORIENTED_EDGE ( 'NONE', *, *, #118, .T. ) ;
#1067 = FACE_OUTER_BOUND ( 'NONE', #553, .T. ) ;
#1068 = CIRCLE ( 'NONE', #457, 4.000000000000000000 ) ;
#1069 = ORIENTED_EDGE ( 'NONE', *, *, #586, .F. ) ;
#1070 = CARTESIAN_POINT ( 'NONE',  ( 13.75025399070791110, 5.500000000000000000, 10.82499492799055574 ) ) ;
#1071 = ORIENTED_EDGE ( 'NONE', *, *, #64, .T. ) ;
#1072 = DIRECTION ( 'NONE',  ( -0.000000000000000000, -1.000000000000000000, -0.000000000000000000 ) ) ;
#1073 = ADVANCED_FACE ( 'NONE', ( #1284, #318 ), #117, .T. ) ;
#1074 = FACE_OUTER_BOUND ( 'NONE', #538, .T. ) ;
#1075 = VERTEX_POINT ( 'NONE', #1391 ) ;
#1076 = CARTESIAN_POINT ( 'NONE',  ( 22.50000000000000355, 5.500000000000000000, -5.510910596163088767E-15 ) ) ;
#1077 = LINE ( 'NONE', #766, #906 ) ;
#1078 = LINE ( 'NONE', #1200, #795 ) ;
#1079 = VERTEX_POINT ( 'NONE', #420 ) ;
#1080 = CIRCLE ( 'NONE', #331, 14.09999999999999964 ) ;
#1081 = VECTOR ( 'NONE', #187, 1000.000000000000114 ) ;
#1082 = VECTOR ( 'NONE', #566, 1000.000000000000000 ) ;
#1083 = EDGE_LOOP ( 'NONE', ( #1142, #809 ) ) ;
#1084 = AXIS2_PLACEMENT_3D ( 'NONE', #1150, #1365, #390 ) ;
#1085 = CARTESIAN_POINT ( 'NONE',  ( 15.41935305178170701, 0.000000000000000000, 9.580695613406636113 ) ) ;
#1086 = AXIS2_PLACEMENT_3D ( 'NONE', #1001, #541, #1189 ) ;
#1087 = DIRECTION ( 'NONE',  ( -0.000000000000000000, -1.000000000000000000, -0.000000000000000000 ) ) ;
#1088 = ORIENTED_EDGE ( 'NONE', *, *, #261, .F. ) ;
#1089 = DIRECTION ( 'NONE',  ( -0.000000000000000000, -1.000000000000000000, 0.000000000000000000 ) ) ;
#1090 = DIRECTION ( 'NONE',  ( 0.000000000000000000, 0.000000000000000000, -1.000000000000000000 ) ) ;
#1091 = EDGE_LOOP ( 'NONE', ( #1021, #835, #146, #568 ) ) ;
#1092 = CARTESIAN_POINT ( 'NONE',  ( 0.000000000000000000, 0.000000000000000000, 0.000000000000000000 ) ) ;
#1093 = CIRCLE ( 'NONE', #703, 16.69999999999999929 ) ;
#1094 = ORIENTED_EDGE ( 'NONE', *, *, #1116, .T. ) ;
#1095 = CARTESIAN_POINT ( 'NONE',  ( 0.000000000000000000, 11.00000000000000000, 0.000000000000000000 ) ) ;
#1096 = EDGE_CURVE ( 'NONE', #328, #973, #542, .T. ) ;
#1097 = ORIENTED_EDGE ( 'NONE', *, *, #1260, .F. ) ;
#1098 = DIRECTION ( 'NONE',  ( 0.000000000000000000, -1.000000000000000000, 0.000000000000000000 ) ) ;
#1099 = ORIENTED_EDGE ( 'NONE', *, *, #108, .F. ) ;
#1100 = CARTESIAN_POINT ( 'NONE',  ( 13.75025399070791110, 5.500000000000000000, 10.82499492799055574 ) ) ;
#1101 = ORIENTED_EDGE ( 'NONE', *, *, #564, .T. ) ;
#1102 = CARTESIAN_POINT ( 'NONE',  ( -22.49999999999999645, 0.000000000000000000, -3.500000000000000000 ) ) ;
#1103 = DIRECTION ( 'NONE',  ( -0.000000000000000000, 1.000000000000000000, -0.000000000000000000 ) ) ;
#1104 = CARTESIAN_POINT ( 'NONE',  ( 16.89316918858400385, 5.500000000000000000, 13.29927948295982709 ) ) ;
#1105 = VERTEX_POINT ( 'NONE', #855 ) ;
#1106 = FACE_OUTER_BOUND ( 'NONE', #608, .T. ) ;
#1107 = VECTOR ( 'NONE', #1183, 1000.000000000000000 ) ;
#1108 = ORIENTED_EDGE ( 'NONE', *, *, #709, .T. ) ;
#1109 = DIRECTION ( 'NONE',  ( -0.000000000000000000, -1.000000000000000000, -0.000000000000000000 ) ) ;
#1110 = CARTESIAN_POINT ( 'NONE',  ( 0.000000000000000000, 16.00000000000000000, 0.000000000000000000 ) ) ;
#1111 = VERTEX_POINT ( 'NONE', #635 ) ;
#1112 = DIRECTION ( 'NONE',  ( 0.000000000000000000, 0.000000000000000000, -1.000000000000000000 ) ) ;
#1113 = AXIS2_PLACEMENT_3D ( 'NONE', #1173, #408, #632 ) ;
#1114 = CARTESIAN_POINT ( 'NONE',  ( 0.000000000000000000, 16.00000000000000000, -7.000000000000000000 ) ) ;
#1115 = CARTESIAN_POINT ( 'NONE',  ( -29.50000000000000000, 0.000000000000000000, -0.000000000000000000 ) ) ;
#1116 = EDGE_CURVE ( 'NONE', #631, #323, #1080, .T. ) ;
#1117 = FACE_OUTER_BOUND ( 'NONE', #304, .T. ) ;
#1118 = CYLINDRICAL_SURFACE ( 'NONE', #864, 14.09999999999999964 ) ;
#1119 = CARTESIAN_POINT ( 'NONE',  ( 6.123233995736765296E-16, 16.00000000000000000, 4.999999999999999112 ) ) ;
#1120 = FACE_OUTER_BOUND ( 'NONE', #933, .T. ) ;
#1121 = DIRECTION ( 'NONE',  ( 0.000000000000000000, -1.000000000000000000, 0.000000000000000000 ) ) ;
#1122 = EDGE_CURVE ( 'NONE', #1136, #582, #1077, .T. ) ;
#1123 = LINE ( 'NONE', #769, #993 ) ;
#1124 = CIRCLE ( 'NONE', #1397, 4.000000000000000000 ) ;
#1125 = ORIENTED_EDGE ( 'NONE', *, *, #592, .T. ) ;
#1126 = DIRECTION ( 'NONE',  ( -1.000000000000000000, 0.000000000000000000, 0.000000000000000000 ) ) ;
#1127 = CIRCLE ( 'NONE', #1402, 3.500000000000000000 ) ;
#1128 = AXIS2_PLACEMENT_3D ( 'NONE', #668, #904, #1016 ) ;
#1129 = DIRECTION ( 'NONE',  ( -0.000000000000000000, -1.000000000000000000, -0.000000000000000000 ) ) ;
#1130 = ADVANCED_FACE ( 'NONE', ( #1395 ), #443, .F. ) ;
#1131 = EDGE_CURVE ( 'NONE', #436, #152, #1374, .T. ) ;
#1132 = LINE ( 'NONE', #574, #66 ) ;
#1133 = EDGE_LOOP ( 'NONE', ( #344, #480 ) ) ;
#1134 = CARTESIAN_POINT ( 'NONE',  ( 28.49999999999999645, 5.500000000000000000, 3.320659704926537614 ) ) ;
#1135 = CARTESIAN_POINT ( 'NONE',  ( 22.50000000000000355, 0.000000000000000000, -3.500000000000005773 ) ) ;
#1136 = VERTEX_POINT ( 'NONE', #426 ) ;
#1137 = LINE ( 'NONE', #1146, #739 ) ;
#1138 = VERTEX_POINT ( 'NONE', #861 ) ;
#1139 =( NAMED_UNIT ( * ) PLANE_ANGLE_UNIT ( ) SI_UNIT ( $, .RADIAN. ) );
#1140 = DIRECTION ( 'NONE',  ( 0.000000000000000000, 0.000000000000000000, -1.000000000000000000 ) ) ;
#1141 = VECTOR ( 'NONE', #926, 1000.000000000000114 ) ;
#1142 = ORIENTED_EDGE ( 'NONE', *, *, #467, .T. ) ;
#1143 = VERTEX_POINT ( 'NONE', #1070 ) ;
#1144 = CIRCLE ( 'NONE', #1169, 1.000000000000000000 ) ;
#1145 = PLANE ( 'NONE',  #455 ) ;
#1146 = CARTESIAN_POINT ( 'NONE',  ( -17.99999999999999645, 2.000000000000000000, 6.406530519991120443 ) ) ;
#1147 = ORIENTED_EDGE ( 'NONE', *, *, #240, .F. ) ;
#1148 = DIRECTION ( 'NONE',  ( 0.000000000000000000, 0.000000000000000000, 1.000000000000000000 ) ) ;
#1149 = DIRECTION ( 'NONE',  ( 0.000000000000000000, -1.000000000000000000, 0.000000000000000000 ) ) ;
#1150 = CARTESIAN_POINT ( 'NONE',  ( 0.000000000000000000, 11.00000000000000000, 0.000000000000000000 ) ) ;
#1151 = AXIS2_PLACEMENT_3D ( 'NONE', #634, #423, #1148 ) ;
#1152 = ORIENTED_EDGE ( 'NONE', *, *, #169, .T. ) ;
#1153 = VERTEX_POINT ( 'NONE', #338 ) ;
#1154 = CYLINDRICAL_SURFACE ( 'NONE', #653, 4.999999999999999112 ) ;
#1155 = EDGE_LOOP ( 'NONE', ( #202, #954, #46, #173 ) ) ;
#1156 = EDGE_LOOP ( 'NONE', ( #753, #18, #968, #504 ) ) ;
#1157 = DIRECTION ( 'NONE',  ( 0.000000000000000000, 0.000000000000000000, 1.000000000000000000 ) ) ;
#1158 = CARTESIAN_POINT ( 'NONE',  ( 0.000000000000000000, 0.000000000000000000, 0.000000000000000000 ) ) ;
#1159 = CARTESIAN_POINT ( 'NONE',  ( 22.50000000000000355, 5.500000000000000000, 3.499999999999994227 ) ) ;
#1160 = EDGE_CURVE ( 'NONE', #984, #1006, #378, .T. ) ;
#1161 = ORIENTED_EDGE ( 'NONE', *, *, #240, .T. ) ;
#1162 = DIRECTION ( 'NONE',  ( -0.000000000000000000, -1.000000000000000000, -0.000000000000000000 ) ) ;
#1163 = EDGE_CURVE ( 'NONE', #705, #1143, #1396, .T. ) ;
#1164 = ORIENTED_EDGE ( 'NONE', *, *, #417, .T. ) ;
#1165 = VERTEX_POINT ( 'NONE', #1399 ) ;
#1166 = FACE_OUTER_BOUND ( 'NONE', #439, .T. ) ;
#1167 =( GEOMETRIC_REPRESENTATION_CONTEXT ( 3 ) GLOBAL_UNCERTAINTY_ASSIGNED_CONTEXT ( ( #988 ) ) GLOBAL_UNIT_ASSIGNED_CONTEXT ( ( #597, #394, #1250 ) ) REPRESENTATION_CONTEXT ( 'NONE', 'WORKASPACE' ) );
#1168 = EDGE_LOOP ( 'NONE', ( #242, #1287, #537, #883 ) ) ;
#1169 = AXIS2_PLACEMENT_3D ( 'NONE', #540, #754, #1182 ) ;
#1170 = DIRECTION ( 'NONE',  ( -0.000000000000000000, -1.000000000000000000, -0.000000000000000000 ) ) ;
#1171 = DIRECTION ( 'NONE',  ( 0.000000000000000000, 0.000000000000000000, -1.000000000000000000 ) ) ;
#1172 = EDGE_CURVE ( 'NONE', #784, #207, #432, .T. ) ;
#1173 = CARTESIAN_POINT ( 'NONE',  ( 0.000000000000000000, 5.500000000000000000, 0.000000000000000000 ) ) ;
#1174 = ORIENTED_EDGE ( 'NONE', *, *, #119, .F. ) ;
#1175 = CARTESIAN_POINT ( 'NONE',  ( 1.726751986797767995E-15, 11.00000000000000000, 14.09999999999999964 ) ) ;
#1176 = VECTOR ( 'NONE', #1296, 1000.000000000000114 ) ;
#1177 = DIRECTION ( 'NONE',  ( 0.000000000000000000, 0.000000000000000000, 1.000000000000000000 ) ) ;
#1178 = ORIENTED_EDGE ( 'NONE', *, *, #373, .F. ) ;
#1179 = ORIENTED_EDGE ( 'NONE', *, *, #523, .T. ) ;
#1180 = DIRECTION ( 'NONE',  ( 0.9296459673882967456, 0.000000000000000000, -0.3684540342005739877 ) ) ;
#1181 = ORIENTED_EDGE ( 'NONE', *, *, #1028, .T. ) ;
#1182 = DIRECTION ( 'NONE',  ( 0.000000000000000000, 0.000000000000000000, 1.000000000000000000 ) ) ;
#1183 = DIRECTION ( 'NONE',  ( -0.000000000000000000, -1.000000000000000000, -0.000000000000000000 ) ) ;
#1184 = EDGE_LOOP ( 'NONE', ( #120, #1236 ) ) ;
#1185 = AXIS2_PLACEMENT_3D ( 'NONE', #1048, #947, #1376 ) ;
#1186 = LINE ( 'NONE', #1348, #158 ) ;
#1187 = EDGE_CURVE ( 'NONE', #495, #1282, #755, .T. ) ;
#1188 = EDGE_LOOP ( 'NONE', ( #527, #231, #768, #174 ) ) ;
#1189 = DIRECTION ( 'NONE',  ( 0.000000000000000000, 0.000000000000000000, 1.000000000000000000 ) ) ;
#1190 = DIRECTION ( 'NONE',  ( -0.9709287767392565938, 0.000000000000000000, 0.2393685662312637075 ) ) ;
#1191 = AXIS2_PLACEMENT_3D ( 'NONE', #905, #919, #357 ) ;
#1192 = ORIENTED_EDGE ( 'NONE', *, *, #985, .T. ) ;
#1193 = LINE ( 'NONE', #804, #1281 ) ;
#1194 = ORIENTED_EDGE ( 'NONE', *, *, #1286, .T. ) ;
#1195 = DIRECTION ( 'NONE',  ( -0.000000000000000000, -1.000000000000000000, -0.000000000000000000 ) ) ;
#1196 = AXIS2_PLACEMENT_3D ( 'NONE', #961, #1393, #857 ) ;
#1197 = EDGE_LOOP ( 'NONE', ( #491, #247, #512, #1274 ) ) ;
#1198 = PLANE ( 'NONE',  #1191 ) ;
#1199 = CARTESIAN_POINT ( 'NONE',  ( -22.49999999999999645, 5.500000000000000000, 3.500000000000000000 ) ) ;
#1200 = CARTESIAN_POINT ( 'NONE',  ( 29.50000000000000000, 5.500000000000000000, 0.000000000000000000 ) ) ;
#1201 = VERTEX_POINT ( 'NONE', #223 ) ;
#1202 = CARTESIAN_POINT ( 'NONE',  ( 16.89316918858400385, 5.500000000000000000, -13.29927948295982709 ) ) ;
#1203 = DIRECTION ( 'NONE',  ( 0.000000000000000000, 1.000000000000000000, 0.000000000000000000 ) ) ;
#1204 = VERTEX_POINT ( 'NONE', #1199 ) ;
#1205 = LINE ( 'NONE', #682, #453 ) ;
#1206 = ORIENTED_EDGE ( 'NONE', *, *, #671, .T. ) ;
#1207 = DIRECTION ( 'NONE',  ( 0.000000000000000000, 1.000000000000000000, -0.000000000000000000 ) ) ;
#1208 = EDGE_CURVE ( 'NONE', #600, #1075, #643, .T. ) ;
#1209 = CARTESIAN_POINT ( 'NONE',  ( 6.123233995736765296E-16, 16.00000000000000000, 4.999999999999999112 ) ) ;
#1210 = ORIENTED_EDGE ( 'NONE', *, *, #934, .T. ) ;
#1211 = FACE_BOUND ( 'NONE', #503, .T. ) ;
#1212 = VERTEX_POINT ( 'NONE', #133 ) ;
#1213 = FACE_OUTER_BOUND ( 'NONE', #751, .T. ) ;
#1214 = AXIS2_PLACEMENT_3D ( 'NONE', #204, #1389, #1394 ) ;
#1215 = LINE ( 'NONE', #1321, #1082 ) ;
#1216 = DIRECTION ( 'NONE',  ( 0.000000000000000000, 0.000000000000000000, -1.000000000000000000 ) ) ;
#1217 = ORIENTED_EDGE ( 'NONE', *, *, #948, .F. ) ;
#1218 = DIRECTION ( 'NONE',  ( 0.000000000000000000, 0.000000000000000000, -1.000000000000000000 ) ) ;
#1219 = ADVANCED_FACE ( 'NONE', ( #1213 ), #124, .T. ) ;
#1220 = AXIS2_PLACEMENT_3D ( 'NONE', #1062, #1278, #630 ) ;
#1221 = FACE_OUTER_BOUND ( 'NONE', #1057, .T. ) ;
#1222 = CARTESIAN_POINT ( 'NONE',  ( 0.000000000000000000, 16.00000000000000000, -4.999999999999999112 ) ) ;
#1223 = CARTESIAN_POINT ( 'NONE',  ( 0.000000000000000000, 11.00000000000000000, 0.000000000000000000 ) ) ;
#1224 = ORIENTED_EDGE ( 'NONE', *, *, #1338, .T. ) ;
#1225 = DIRECTION ( 'NONE',  ( 0.000000000000000000, 1.000000000000000000, -0.000000000000000000 ) ) ;
#1226 = CARTESIAN_POINT ( 'NONE',  ( 0.000000000000000000, 16.00000000000000000, 0.000000000000000000 ) ) ;
#1227 = EDGE_CURVE ( 'NONE', #94, #1079, #1327, .T. ) ;
#1228 = DIRECTION ( 'NONE',  ( 0.000000000000000000, 0.000000000000000000, -1.000000000000000000 ) ) ;
#1229 = DIRECTION ( 'NONE',  ( -0.000000000000000000, -1.000000000000000000, -0.000000000000000000 ) ) ;
#1230 = CYLINDRICAL_SURFACE ( 'NONE', #433, 0.9999999999999995559 ) ;
#1231 = AXIS2_PLACEMENT_3D ( 'NONE', #330, #1300, #1171 ) ;
#1232 = EDGE_CURVE ( 'NONE', #245, #845, #41, .T. ) ;
#1233 = DIRECTION ( 'NONE',  ( 0.9296459673882966346, 0.000000000000000000, 0.3684540342005743208 ) ) ;
#1234 = FACE_OUTER_BOUND ( 'NONE', #1168, .T. ) ;
#1235 = ORIENTED_EDGE ( 'NONE', *, *, #3, .F. ) ;
#1236 = ORIENTED_EDGE ( 'NONE', *, *, #406, .F. ) ;
#1237 = CARTESIAN_POINT ( 'NONE',  ( 28.86845403420057465, 5.500000000000000000, -4.250305672314836691 ) ) ;
#1238 = EDGE_LOOP ( 'NONE', ( #92, #770, #685, #1000 ) ) ;
#1239 = CIRCLE ( 'NONE', #560, 3.500000000000000000 ) ;
#1240 = CARTESIAN_POINT ( 'NONE',  ( -28.49999999999999645, 5.500000000000000000, 3.320659704926532285 ) ) ;
#1241 = VERTEX_POINT ( 'NONE', #678 ) ;
#1242 = ORIENTED_EDGE ( 'NONE', *, *, #651, .F. ) ;
#1243 = FACE_OUTER_BOUND ( 'NONE', #733, .T. ) ;
#1244 = DIRECTION ( 'NONE',  ( -0.000000000000000000, -1.000000000000000000, 0.000000000000000000 ) ) ;
#1245 = ORIENTED_EDGE ( 'NONE', *, *, #532, .T. ) ;
#1246 = CARTESIAN_POINT ( 'NONE',  ( -13.56465996625053805, 0.000000000000000000, -7.500000000000000000 ) ) ;
#1247 = ADVANCED_FACE ( 'NONE', ( #1335 ), #1320, .F. ) ;
#1248 = CARTESIAN_POINT ( 'NONE',  ( 0.000000000000000000, 5.500000000000000000, 0.000000000000000000 ) ) ;
#1249 = ORIENTED_EDGE ( 'NONE', *, *, #481, .F. ) ;
#1250 =( NAMED_UNIT ( * ) SI_UNIT ( $, .STERADIAN. ) SOLID_ANGLE_UNIT ( ) );
#1251 = VECTOR ( 'NONE', #1190, 1000.000000000000000 ) ;
#1252 = DIRECTION ( 'NONE',  ( -0.000000000000000000, -1.000000000000000000, -0.000000000000000000 ) ) ;
#1253 = VECTOR ( 'NONE', #814, 1000.000000000000000 ) ;
#1254 = CIRCLE ( 'NONE', #644, 15.50000000000000000 ) ;
#1255 = ORIENTED_EDGE ( 'NONE', *, *, #194, .T. ) ;
#1256 = VECTOR ( 'NONE', #200, 1000.000000000000000 ) ;
#1257 = CARTESIAN_POINT ( 'NONE',  ( 0.000000000000000000, 5.500000000000000000, -16.69999999999999929 ) ) ;
#1258 = EDGE_CURVE ( 'NONE', #649, #785, #358, .T. ) ;
#1259 = ORIENTED_EDGE ( 'NONE', *, *, #731, .T. ) ;
#1260 = EDGE_CURVE ( 'NONE', #475, #86, #143, .T. ) ;
#1261 = CARTESIAN_POINT ( 'NONE',  ( 1.726751986797767995E-15, 9.000000000000000000, 14.09999999999999964 ) ) ;
#1262 = SURFACE_SIDE_STYLE ('',( #839 ) ) ;
#1263 = CARTESIAN_POINT ( 'NONE',  ( -29.50000000000000000, 5.500000000000000000, 3.320659704926532285 ) ) ;
#1264 = AXIS2_PLACEMENT_3D ( 'NONE', #87, #522, #1049 ) ;
#1265 = CARTESIAN_POINT ( 'NONE',  ( 22.50000000000000355, 5.500000000000000000, 3.499999999999994227 ) ) ;
#1266 = ORIENTED_EDGE ( 'NONE', *, *, #1306, .F. ) ;
#1267 = FACE_OUTER_BOUND ( 'NONE', #673, .T. ) ;
#1268 = EDGE_CURVE ( 'NONE', #228, #94, #181, .T. ) ;
#1269 = VERTEX_POINT ( 'NONE', #374 ) ;
#1270 = CARTESIAN_POINT ( 'NONE',  ( 28.49999999999999645, 5.500000000000000000, -3.320659704926542499 ) ) ;
#1271 = EDGE_LOOP ( 'NONE', ( #1356, #1259, #996, #852 ) ) ;
#1272 = CARTESIAN_POINT ( 'NONE',  ( 0.000000000000000000, 5.500000000000000000, 0.000000000000000000 ) ) ;
#1273 = EDGE_CURVE ( 'NONE', #973, #922, #27, .T. ) ;
#1274 = ORIENTED_EDGE ( 'NONE', *, *, #119, .T. ) ;
#1275 = EDGE_CURVE ( 'NONE', #9, #735, #1008, .T. ) ;
#1276 = DIRECTION ( 'NONE',  ( -0.000000000000000000, 1.000000000000000000, -0.000000000000000000 ) ) ;
#1277 = VECTOR ( 'NONE', #782, 1000.000000000000000 ) ;
#1278 = DIRECTION ( 'NONE',  ( 0.000000000000000000, 1.000000000000000000, -0.000000000000000000 ) ) ;
#1279 = ORIENTED_EDGE ( 'NONE', *, *, #321, .T. ) ;
#1280 = DIRECTION ( 'NONE',  ( -0.000000000000000000, -1.000000000000000000, -0.000000000000000000 ) ) ;
#1281 = VECTOR ( 'NONE', #1203, 1000.000000000000000 ) ;
#1282 = VERTEX_POINT ( 'NONE', #269 ) ;
#1283 = DIRECTION ( 'NONE',  ( 0.000000000000000000, 1.000000000000000000, -0.000000000000000000 ) ) ;
#1284 = FACE_BOUND ( 'NONE', #1133, .T. ) ;
#1285 = VECTOR ( 'NONE', #552, 1000.000000000000000 ) ;
#1286 = EDGE_CURVE ( 'NONE', #89, #649, #966, .T. ) ;
#1287 = ORIENTED_EDGE ( 'NONE', *, *, #1122, .F. ) ;
#1288 = AXIS2_PLACEMENT_3D ( 'NONE', #610, #506, #957 ) ;
#1289 = EDGE_LOOP ( 'NONE', ( #427, #1026, #987, #219 ) ) ;
#1290 = VERTEX_POINT ( 'NONE', #1102 ) ;
#1291 = DIRECTION ( 'NONE',  ( -0.000000000000000000, -1.000000000000000000, -0.000000000000000000 ) ) ;
#1292 = VERTEX_POINT ( 'NONE', #670 ) ;
#1293 = ADVANCED_FACE ( 'NONE', ( #263, #1117, #150, #565 ), #256, .F. ) ;
#1294 = PLANE ( 'NONE',  #79 ) ;
#1295 = ORIENTED_EDGE ( 'NONE', *, *, #381, .T. ) ;
#1296 = DIRECTION ( 'NONE',  ( 0.9296459673882967456, 0.000000000000000000, -0.3684540342005739877 ) ) ;
#1297 = ORIENTED_EDGE ( 'NONE', *, *, #1163, .T. ) ;
#1298 = LINE ( 'NONE', #977, #1307 ) ;
#1299 = CARTESIAN_POINT ( 'NONE',  ( 13.56465996625053450, 2.000000000000000000, -7.500000000000001776 ) ) ;
#1300 = DIRECTION ( 'NONE',  ( -0.000000000000000000, -1.000000000000000000, -0.000000000000000000 ) ) ;
#1301 = VERTEX_POINT ( 'NONE', #1002 ) ;
#1302 = LINE ( 'NONE', #341, #517 ) ;
#1303 = VECTOR ( 'NONE', #354, 1000.000000000000000 ) ;
#1304 = FACE_OUTER_BOUND ( 'NONE', #1091, .T. ) ;
#1305 = ORIENTED_EDGE ( 'NONE', *, *, #581, .T. ) ;
#1306 = EDGE_CURVE ( 'NONE', #882, #1075, #967, .T. ) ;
#1307 = VECTOR ( 'NONE', #884, 1000.000000000000000 ) ;
#1308 = ORIENTED_EDGE ( 'NONE', *, *, #824, .F. ) ;
#1309 = DIRECTION ( 'NONE',  ( 0.000000000000000000, 1.000000000000000000, -0.000000000000000000 ) ) ;
#1310 = VECTOR ( 'NONE', #877, 1000.000000000000000 ) ;
#1311 = ORIENTED_EDGE ( 'NONE', *, *, #414, .F. ) ;
#1312 = VECTOR ( 'NONE', #1112, 1000.000000000000000 ) ;
#1313 = DIRECTION ( 'NONE',  ( -0.2393685662312637075, 0.000000000000000000, 0.9709287767392565938 ) ) ;
#1314 = EDGE_CURVE ( 'NONE', #274, #1079, #225, .T. ) ;
#1315 = CIRCLE ( 'NONE', #1128, 4.000000000000000000 ) ;
#1316 = EDGE_CURVE ( 'NONE', #1269, #1404, #577, .T. ) ;
#1317 = LINE ( 'NONE', #346, #299 ) ;
#1318 = EDGE_LOOP ( 'NONE', ( #50, #107, #620, #976 ) ) ;
#1319 = EDGE_CURVE ( 'NONE', #735, #952, #1347, .T. ) ;
#1320 = CYLINDRICAL_SURFACE ( 'NONE', #736, 15.50000000000000000 ) ;
#1321 = CARTESIAN_POINT ( 'NONE',  ( -17.99999999999999645, 0.000000000000000000, 6.406530519991120443 ) ) ;
#1322 = DIRECTION ( 'NONE',  ( 0.000000000000000000, 0.000000000000000000, -1.000000000000000000 ) ) ;
#1323 = FACE_OUTER_BOUND ( 'NONE', #505, .T. ) ;
#1324 = FACE_OUTER_BOUND ( 'NONE', #340, .T. ) ;
#1325 = ORIENTED_EDGE ( 'NONE', *, *, #570, .F. ) ;
#1326 = ADVANCED_FACE ( 'NONE', ( #452 ), #896, .T. ) ;
#1327 = LINE ( 'NONE', #1222, #1352 ) ;
#1328 = EDGE_CURVE ( 'NONE', #710, #307, #73, .T. ) ;
#1329 = FACE_OUTER_BOUND ( 'NONE', #529, .T. ) ;
#1330 = AXIS2_PLACEMENT_3D ( 'NONE', #741, #875, #1177 ) ;
#1331 = CARTESIAN_POINT ( 'NONE',  ( -22.49999999999999645, 5.500000000000000000, 0.000000000000000000 ) ) ;
#1332 = AXIS2_PLACEMENT_3D ( 'NONE', #992, #571, #1004 ) ;
#1333 = AXIS2_PLACEMENT_3D ( 'NONE', #1270, #953, #1157 ) ;
#1334 = CARTESIAN_POINT ( 'NONE',  ( 0.000000000000000000, 0.000000000000000000, 0.000000000000000000 ) ) ;
#1335 = FACE_OUTER_BOUND ( 'NONE', #1289, .T. ) ;
#1336 = AXIS2_PLACEMENT_3D ( 'NONE', #509, #68, #486 ) ;
#1337 = PLANE ( 'NONE',  #320 ) ;
#1338 = EDGE_CURVE ( 'NONE', #460, #1033, #925, .T. ) ;
#1339 = ORIENTED_EDGE ( 'NONE', *, *, #1382, .F. ) ;
#1340 = CIRCLE ( 'NONE', #1196, 1.000000000000000000 ) ;
#1341 = CARTESIAN_POINT ( 'NONE',  ( 0.000000000000000000, 2.000000000000000000, 0.000000000000000000 ) ) ;
#1342 = CYLINDRICAL_SURFACE ( 'NONE', #534, 3.500000000000000000 ) ;
#1343 = ORIENTED_EDGE ( 'NONE', *, *, #688, .T. ) ;
#1344 = DIRECTION ( 'NONE',  ( 0.000000000000000000, 0.000000000000000000, 1.000000000000000000 ) ) ;
#1345 = EDGE_CURVE ( 'NONE', #329, #1349, #1024, .T. ) ;
#1346 = PLANE ( 'NONE',  #497 ) ;
#1347 = LINE ( 'NONE', #810, #332 ) ;
#1348 = CARTESIAN_POINT ( 'NONE',  ( 1.726751986797767995E-15, 11.00000000000000000, 14.09999999999999964 ) ) ;
#1349 = VERTEX_POINT ( 'NONE', #1353 ) ;
#1350 = PLANE ( 'NONE',  #520 ) ;
#1351 = VERTEX_POINT ( 'NONE', #1362 ) ;
#1352 = VECTOR ( 'NONE', #907, 1000.000000000000000 ) ;
#1353 = CARTESIAN_POINT ( 'NONE',  ( 15.41935305178171056, 0.000000000000000000, -9.580695613406637889 ) ) ;
#1354 = CYLINDRICAL_SURFACE ( 'NONE', #645, 1.000000000000000000 ) ;
#1355 = AXIS2_PLACEMENT_3D ( 'NONE', #1202, #243, #14 ) ;
#1356 = ORIENTED_EDGE ( 'NONE', *, *, #1345, .T. ) ;
#1357 = ORIENTED_EDGE ( 'NONE', *, *, #179, .F. ) ;
#1358 = ORIENTED_EDGE ( 'NONE', *, *, #1370, .T. ) ;
#1359 = DIRECTION ( 'NONE',  ( 0.000000000000000000, 0.000000000000000000, -1.000000000000000000 ) ) ;
#1360 = ORIENTED_EDGE ( 'NONE', *, *, #760, .F. ) ;
#1361 = EDGE_CURVE ( 'NONE', #456, #952, #595, .T. ) ;
#1362 = CARTESIAN_POINT ( 'NONE',  ( 13.56465996625053805, 2.000000000000000000, 7.500000000000000000 ) ) ;
#1363 = CARTESIAN_POINT ( 'NONE',  ( 22.50000000000000355, 5.500000000000000000, -5.510910596163088767E-15 ) ) ;
#1364 = CIRCLE ( 'NONE', #342, 16.69999999999999929 ) ;
#1365 = DIRECTION ( 'NONE',  ( 0.000000000000000000, 1.000000000000000000, -0.000000000000000000 ) ) ;
#1366 = ORIENTED_EDGE ( 'NONE', *, *, #411, .T. ) ;
#1367 = CARTESIAN_POINT ( 'NONE',  ( 17.99999999999999645, 2.000000000000000000, -6.406530519991121331 ) ) ;
#1368 = CARTESIAN_POINT ( 'NONE',  ( 29.50000000000000000, 5.500000000000000000, -3.320659704926542499 ) ) ;
#1369 = DIRECTION ( 'NONE',  ( 0.000000000000000000, 0.000000000000000000, 1.000000000000000000 ) ) ;
#1370 = EDGE_CURVE ( 'NONE', #656, #89, #382, .T. ) ;
#1371 = ORIENTED_EDGE ( 'NONE', *, *, #429, .F. ) ;
#1372 = DIRECTION ( 'NONE',  ( -0.000000000000000000, 1.000000000000000000, -0.000000000000000000 ) ) ;
#1373 = CARTESIAN_POINT ( 'NONE',  ( 17.99999999999999645, 0.000000000000000000, -6.406530519991121331 ) ) ;
#1374 = CIRCLE ( 'NONE', #310, 4.000000000000000000 ) ;
#1375 = DIRECTION ( 'NONE',  ( -0.000000000000000000, -1.000000000000000000, 0.000000000000000000 ) ) ;
#1376 = DIRECTION ( 'NONE',  ( 0.000000000000000000, 0.000000000000000000, -1.000000000000000000 ) ) ;
#1377 = AXIS2_PLACEMENT_3D ( 'NONE', #605, #1045, #940 ) ;
#1378 = CIRCLE ( 'NONE', #596, 17.50000000000000000 ) ;
#1379 = ORIENTED_EDGE ( 'NONE', *, *, #1022, .T. ) ;
#1380 = DIRECTION ( 'NONE',  ( 0.000000000000000000, 0.000000000000000000, 1.000000000000000000 ) ) ;
#1381 = EDGE_CURVE ( 'NONE', #1143, #495, #858, .T. ) ;
#1382 = EDGE_CURVE ( 'NONE', #86, #1301, #700, .T. ) ;
#1383 = CARTESIAN_POINT ( 'NONE',  ( -17.99999999999999645, 2.000000000000000000, 6.406530519991120443 ) ) ;
#1384 = FACE_OUTER_BOUND ( 'NONE', #376, .T. ) ;
#1385 = VECTOR ( 'NONE', #267, 1000.000000000000000 ) ;
#1386 = AXIS2_PLACEMENT_3D ( 'NONE', #193, #603, #402 ) ;
#1387 = CARTESIAN_POINT ( 'NONE',  ( 28.86845403420057465, 0.000000000000000000, -4.250305672314836691 ) ) ;
#1388 = EDGE_CURVE ( 'NONE', #1105, #1290, #389, .T. ) ;
#1389 = DIRECTION ( 'NONE',  ( -0.000000000000000000, -1.000000000000000000, 0.000000000000000000 ) ) ;
#1390 = VERTEX_POINT ( 'NONE', #500 ) ;
#1391 = CARTESIAN_POINT ( 'NONE',  ( 0.000000000000000000, 0.000000000000000000, -15.50000000000000000 ) ) ;
#1392 = ORIENTED_EDGE ( 'NONE', *, *, #1401, .T. ) ;
#1393 = DIRECTION ( 'NONE',  ( 0.000000000000000000, 1.000000000000000000, -0.000000000000000000 ) ) ;
#1394 = DIRECTION ( 'NONE',  ( 0.000000000000000000, 0.000000000000000000, 1.000000000000000000 ) ) ;
#1395 = FACE_OUTER_BOUND ( 'NONE', #1188, .T. ) ;
#1396 = CIRCLE ( 'NONE', #224, 17.50000000000000000 ) ;
#1397 = AXIS2_PLACEMENT_3D ( 'NONE', #914, #1089, #244 ) ;
#1398 = ORIENTED_EDGE ( 'NONE', *, *, #1314, .F. ) ;
#1399 = CARTESIAN_POINT ( 'NONE',  ( 17.99999999999999645, 2.000000000000000000, -6.406530519991121331 ) ) ;
#1400 = MANIFOLD_SOLID_BREP ( '\X2\0412044b044004350437\X0\-\X2\0412044b0442044f043d04430442044c\X0\1', #428 ) ;
#1401 = EDGE_CURVE ( 'NONE', #594, #882, #77, .T. ) ;
#1402 = AXIS2_PLACEMENT_3D ( 'NONE', #301, #743, #636 ) ;
#1403 = CIRCLE ( 'NONE', #1264, 3.500000000000000000 ) ;
#1404 = VERTEX_POINT ( 'NONE', #515 ) ;
#1405 = EDGE_LOOP ( 'NONE', ( #964, #928 ) ) ;
#1406 = CARTESIAN_POINT ( 'NONE',  ( -17.99999999999999645, 0.000000000000000000, -6.406530519991121331 ) ) ;
#1407 = CARTESIAN_POINT ( 'NONE',  ( 0.000000000000000000, 5.500000000000000000, 0.000000000000000000 ) ) ;
#1408 = FACE_OUTER_BOUND ( 'NONE', #1155, .T. ) ;
#1409 = DIRECTION ( 'NONE',  ( -0.2393685662312635132, 0.000000000000000000, -0.9709287767392565938 ) ) ;
#1410 = EDGE_LOOP ( 'NONE', ( #807, #63, #616, #464 ) ) ;
#1411 = ORIENTED_EDGE ( 'NONE', *, *, #33, .T. ) ;
#1412 = DIRECTION ( 'NONE',  ( 0.000000000000000000, 0.000000000000000000, -1.000000000000000000 ) ) ;
#1413 = DIRECTION ( 'NONE',  ( 0.000000000000000000, 0.000000000000000000, 1.000000000000000000 ) ) ;
ENDSEC;
END-ISO-10303-21;
