ISO-10303-21;
HEADER;
FILE_DESCRIPTION (( 'STEP AP214' ),
    '1' );
FILE_NAME ('B516 Шаговый двигатель Nema 23.STEP',
    '2026-01-28T10:54:00',
    ( '' ),
    ( '' ),
    'SwSTEP 2.0',
    'SolidWorks 2026',
    '' );
FILE_SCHEMA (( 'AUTOMOTIVE_DESIGN' ));
ENDSEC;

DATA;
#1 = CARTESIAN_POINT ( 'NONE',  ( -28.19999999999999929, 17.75000000000000711, 45.50000000000000000 ) ) ;
#2 = CARTESIAN_POINT ( 'NONE',  ( 25.05000000000000426, 13.25000000000001066, 42.70000000000000284 ) ) ;
#3 = EDGE_CURVE ( 'NONE', #1685, #3823, #964, .T. ) ;
#4 = CARTESIAN_POINT ( 'NONE',  ( 19.27300264743538349, -28.19999999999999929, 40.50000000000000000 ) ) ;
#5 = EDGE_LOOP ( 'NONE', ( #2393, #248, #2587, #2889 ) ) ;
#6 = ORIENTED_EDGE ( 'NONE', *, *, #1816, .T. ) ;
#7 = DIRECTION ( 'NONE',  ( -1.000000000000000000, 0.000000000000000000, 0.000000000000000000 ) ) ;
#8 = ORIENTED_EDGE ( 'NONE', *, *, #3560, .T. ) ;
#9 = FACE_OUTER_BOUND ( 'NONE', #3952, .T. ) ;
#10 = DIRECTION ( 'NONE',  ( -1.000000000000000000, 0.000000000000000000, 0.000000000000000000 ) ) ;
#11 = ORIENTED_EDGE ( 'NONE', *, *, #2287, .F. ) ;
#12 = DIRECTION ( 'NONE',  ( -0.000000000000000000, -0.000000000000000000, 1.000000000000000000 ) ) ;
#13 = LINE ( 'NONE', #2779, #1796 ) ;
#14 = CARTESIAN_POINT ( 'NONE',  ( -27.19999999999999929, 19.27300264743537639, 40.50000000000000000 ) ) ;
#15 = VERTEX_POINT ( 'NONE', #984 ) ;
#16 = ORIENTED_EDGE ( 'NONE', *, *, #1093, .T. ) ;
#17 = CARTESIAN_POINT ( 'NONE',  ( 24.19999999999999929, -14.90000000000000924, 42.70000000000000284 ) ) ;
#18 = DIRECTION ( 'NONE',  ( -0.000000000000000000, -0.000000000000000000, -1.000000000000000000 ) ) ;
#19 = CARTESIAN_POINT ( 'NONE',  ( -23.30000000000000071, 14.50000000000000888, 42.70000000000000284 ) ) ;
#20 = FACE_OUTER_BOUND ( 'NONE', #4337, .T. ) ;
#21 = EDGE_CURVE ( 'NONE', #3994, #2640, #3459, .T. ) ;
#22 = ADVANCED_FACE ( 'NONE', ( #3992 ), #2630, .F. ) ;
#23 = ORIENTED_EDGE ( 'NONE', *, *, #2896, .F. ) ;
#24 = ORIENTED_EDGE ( 'NONE', *, *, #3542, .T. ) ;
#25 = FACE_OUTER_BOUND ( 'NONE', #1177, .T. ) ;
#26 = EDGE_LOOP ( 'NONE', ( #201, #2327, #1187, #2237 ) ) ;
#27 = EDGE_CURVE ( 'NONE', #1948, #3423, #1369, .T. ) ;
#28 = CARTESIAN_POINT ( 'NONE',  ( 25.85000000000000142, -15.75000000000001066, 41.20000000000000284 ) ) ;
#29 = ORIENTED_EDGE ( 'NONE', *, *, #3914, .F. ) ;
#30 = CARTESIAN_POINT ( 'NONE',  ( -25.44999999999999929, 14.50000000000000888, 42.20000000000000284 ) ) ;
#31 = CARTESIAN_POINT ( 'NONE',  ( 26.70000000000000284, -14.10000000000001030, 41.20000000000000284 ) ) ;
#32 = FACE_OUTER_BOUND ( 'NONE', #4457, .T. ) ;
#33 = AXIS2_PLACEMENT_3D ( 'NONE', #2499, #448, #2097 ) ;
#34 = VERTEX_POINT ( 'NONE', #1279 ) ;
#35 = ORIENTED_EDGE ( 'NONE', *, *, #94, .T. ) ;
#36 = CARTESIAN_POINT ( 'NONE',  ( -25.05000000000000426, -14.10000000000001030, 41.20000000000000284 ) ) ;
#37 = DIRECTION ( 'NONE',  ( 1.000000000000000000, 0.000000000000000000, 0.000000000000000000 ) ) ;
#38 = TOROIDAL_SURFACE ( 'NONE', #333, 1.649999999999997913, 0.5000000000000000000 ) ;
#39 = DIRECTION ( 'NONE',  ( 1.000000000000000000, 0.000000000000000000, 0.000000000000000000 ) ) ;
#40 = CARTESIAN_POINT ( 'NONE',  ( 22.19999999999999929, 14.50000000000000888, 45.50000000000000000 ) ) ;
#41 = CIRCLE ( 'NONE', #2929, 1.000000000000000888 ) ;
#42 = ORIENTED_EDGE ( 'NONE', *, *, #1985, .T. ) ;
#43 = ORIENTED_EDGE ( 'NONE', *, *, #4283, .T. ) ;
#44 = EDGE_CURVE ( 'NONE', #4120, #2913, #4017, .T. ) ;
#45 = EDGE_CURVE ( 'NONE', #1948, #3556, #3499, .T. ) ;
#46 = VECTOR ( 'NONE', #2756, 1000.000000000000000 ) ;
#47 = DIRECTION ( 'NONE',  ( 0.000000000000000000, 0.000000000000000000, -1.000000000000000000 ) ) ;
#48 = EDGE_LOOP ( 'NONE', ( #2591, #2495, #2895, #2002 ) ) ;
#49 = CIRCLE ( 'NONE', #931, 3.249999999999999556 ) ;
#50 = LINE ( 'NONE', #4119, #851 ) ;
#51 = ORIENTED_EDGE ( 'NONE', *, *, #419, .F. ) ;
#52 = VECTOR ( 'NONE', #3202, 1000.000000000000000 ) ;
#53 = EDGE_CURVE ( 'NONE', #3207, #1380, #1010, .T. ) ;
#54 = DIRECTION ( 'NONE',  ( -0.000000000000000000, -1.000000000000000000, -0.000000000000000000 ) ) ;
#55 = AXIS2_PLACEMENT_3D ( 'NONE', #3478, #2500, #3807 ) ;
#56 = CARTESIAN_POINT ( 'NONE',  ( 19.75000000000001776, 24.75000000000000000, 54.64213562373092969 ) ) ;
#57 = ORIENTED_EDGE ( 'NONE', *, *, #677, .F. ) ;
#58 = CARTESIAN_POINT ( 'NONE',  ( 22.19999999999999929, -14.50000000000000888, 45.50000000000000000 ) ) ;
#59 = CIRCLE ( 'NONE', #1799, 2.149999999999999023 ) ;
#60 = VECTOR ( 'NONE', #2207, 1000.000000000000000 ) ;
#61 = ORIENTED_EDGE ( 'NONE', *, *, #1772, .F. ) ;
#62 = DIRECTION ( 'NONE',  ( 1.000000000000000000, -0.000000000000000000, -0.000000000000000000 ) ) ;
#63 = DIRECTION ( 'NONE',  ( 0.000000000000000000, -0.000000000000000000, 1.000000000000000000 ) ) ;
#64 = AXIS2_PLACEMENT_3D ( 'NONE', #1456, #3505, #2491 ) ;
#65 = CARTESIAN_POINT ( 'NONE',  ( 24.19999999999999929, -24.19999999999999929, 0.000000000000000000 ) ) ;
#66 = AXIS2_PLACEMENT_3D ( 'NONE', #2964, #273, #4320 ) ;
#67 = LINE ( 'NONE', #2408, #796 ) ;
#68 = ORIENTED_EDGE ( 'NONE', *, *, #589, .T. ) ;
#69 = FACE_OUTER_BOUND ( 'NONE', #3016, .T. ) ;
#70 = ORIENTED_EDGE ( 'NONE', *, *, #3942, .T. ) ;
#71 = CARTESIAN_POINT ( 'NONE',  ( 25.44999999999999929, -14.50000000000000888, 40.50000000000000000 ) ) ;
#72 = EDGE_CURVE ( 'NONE', #3121, #2996, #2504, .T. ) ;
#73 = DIRECTION ( 'NONE',  ( 0.000000000000000000, 0.000000000000000000, 1.000000000000000000 ) ) ;
#74 = VERTEX_POINT ( 'NONE', #1370 ) ;
#75 = FACE_BOUND ( 'NONE', #658, .T. ) ;
#76 = DIRECTION ( 'NONE',  ( 1.000000000000000000, 0.000000000000000000, 0.000000000000000000 ) ) ;
#77 = ADVANCED_FACE ( 'NONE', ( #4188, #1036 ), #771, .F. ) ;
#78 = ADVANCED_FACE ( 'NONE', ( #1842 ), #1781, .F. ) ;
#79 = DIRECTION ( 'NONE',  ( 0.000000000000000000, 0.000000000000000000, 1.000000000000000000 ) ) ;
#80 = ORIENTED_EDGE ( 'NONE', *, *, #2860, .T. ) ;
#81 = PLANE ( 'NONE',  #2515 ) ;
#82 = ORIENTED_EDGE ( 'NONE', *, *, #4137, .F. ) ;
#83 = FACE_OUTER_BOUND ( 'NONE', #188, .T. ) ;
#84 = CARTESIAN_POINT ( 'NONE',  ( -26.07499999999999574, 23.57499999999999929, 40.50000000000000000 ) ) ;
#85 = DIRECTION ( 'NONE',  ( 0.000000000000000000, 0.000000000000000000, -1.000000000000000000 ) ) ;
#86 = CARTESIAN_POINT ( 'NONE',  ( 25.05000000000000426, -14.10000000000001030, 41.20000000000000284 ) ) ;
#87 = ORIENTED_EDGE ( 'NONE', *, *, #4077, .T. ) ;
#88 = CARTESIAN_POINT ( 'NONE',  ( 26.70000000000000284, 14.90000000000000924, 41.20000000000000284 ) ) ;
#89 = VERTEX_POINT ( 'NONE', #123 ) ;
#90 = DIRECTION ( 'NONE',  ( 1.000000000000000000, 0.000000000000000000, 0.000000000000000000 ) ) ;
#91 = ORIENTED_EDGE ( 'NONE', *, *, #976, .F. ) ;
#92 = CARTESIAN_POINT ( 'NONE',  ( 0.000000000000000000, 0.000000000000000000, 41.20000000000000284 ) ) ;
#93 = FACE_OUTER_BOUND ( 'NONE', #744, .T. ) ;
#94 = EDGE_CURVE ( 'NONE', #2493, #622, #3897, .T. ) ;
#95 = CARTESIAN_POINT ( 'NONE',  ( -24.19999999999999929, 14.90000000000000924, 42.70000000000000284 ) ) ;
#96 = ORIENTED_EDGE ( 'NONE', *, *, #3402, .F. ) ;
#97 = DIRECTION ( 'NONE',  ( 0.000000000000000000, 0.000000000000000000, 1.000000000000000000 ) ) ;
#98 = ADVANCED_FACE ( 'NONE', ( #2486 ), #3161, .F. ) ;
#99 = ADVANCED_FACE ( 'NONE', ( #3546 ), #405, .F. ) ;
#100 = ORIENTED_EDGE ( 'NONE', *, *, #3861, .F. ) ;
#101 = DIRECTION ( 'NONE',  ( -1.000000000000000000, 0.000000000000000000, -0.000000000000000000 ) ) ;
#102 = ORIENTED_EDGE ( 'NONE', *, *, #367, .T. ) ;
#103 = DIRECTION ( 'NONE',  ( -0.000000000000000000, -0.000000000000000000, 1.000000000000000000 ) ) ;
#104 = ADVANCED_FACE ( 'NONE', ( #1469 ), #2119, .T. ) ;
#105 = AXIS2_PLACEMENT_3D ( 'NONE', #3961, #2616, #3980 ) ;
#106 = CARTESIAN_POINT ( 'NONE',  ( 26.70000000000000284, 14.90000000000000924, 42.70000000000000284 ) ) ;
#107 = DIRECTION ( 'NONE',  ( -1.000000000000000000, -0.000000000000000000, -0.000000000000000000 ) ) ;
#108 = CIRCLE ( 'NONE', #184, 2.499999999999998668 ) ;
#109 = ORIENTED_EDGE ( 'NONE', *, *, #2916, .F. ) ;
#110 = CARTESIAN_POINT ( 'NONE',  ( 25.44999999999999929, 14.50000000000000888, 42.20000000000000284 ) ) ;
#111 = ORIENTED_EDGE ( 'NONE', *, *, #3666, .T. ) ;
#112 = DIRECTION ( 'NONE',  ( -0.000000000000000000, -0.000000000000000000, -1.000000000000000000 ) ) ;
#113 = CIRCLE ( 'NONE', #2355, 3.174999999999999822 ) ;
#114 = CARTESIAN_POINT ( 'NONE',  ( -25.05000000000000426, 15.75000000000001066, 41.20000000000000284 ) ) ;
#115 = VECTOR ( 'NONE', #4447, 1000.000000000000000 ) ;
#116 = ORIENTED_EDGE ( 'NONE', *, *, #221, .F. ) ;
#117 = CARTESIAN_POINT ( 'NONE',  ( -19.27300264743537639, 28.19999999999999929, 40.50000000000000000 ) ) ;
#118 = DIRECTION ( 'NONE',  ( -1.000000000000000000, 6.308085367188392213E-16, 0.000000000000000000 ) ) ;
#119 = AXIS2_PLACEMENT_3D ( 'NONE', #1849, #2409, #3775 ) ;
#120 = DIRECTION ( 'NONE',  ( 0.000000000000000000, 0.000000000000000000, -1.000000000000000000 ) ) ;
#121 = EDGE_LOOP ( 'NONE', ( #3498, #4403, #3309, #582 ) ) ;
#122 = AXIS2_PLACEMENT_3D ( 'NONE', #3074, #1098, #63 ) ;
#123 = CARTESIAN_POINT ( 'NONE',  ( -20.27300264743537639, 27.19999999999999929, 40.50000000000000000 ) ) ;
#124 = EDGE_LOOP ( 'NONE', ( #2801, #365, #3472, #2315 ) ) ;
#125 = CARTESIAN_POINT ( 'NONE',  ( 28.19999999999999929, -28.19999999999999929, 40.50000000000000000 ) ) ;
#126 = VECTOR ( 'NONE', #2185, 1000.000000000000000 ) ;
#127 = EDGE_CURVE ( 'NONE', #535, #4300, #4110, .T. ) ;
#128 = EDGE_CURVE ( 'NONE', #908, #2940, #2167, .T. ) ;
#129 = CARTESIAN_POINT ( 'NONE',  ( 28.19999999999999929, -28.19999999999999929, 45.50000000000000000 ) ) ;
#130 = ORIENTED_EDGE ( 'NONE', *, *, #4130, .F. ) ;
#131 = AXIS2_PLACEMENT_3D ( 'NONE', #1265, #832, #3558 ) ;
#132 = VECTOR ( 'NONE', #1559, 1000.000000000000000 ) ;
#133 = DIRECTION ( 'NONE',  ( 1.000000000000000000, 0.000000000000000000, 0.000000000000000000 ) ) ;
#134 = DIRECTION ( 'NONE',  ( -1.000000000000000000, -2.168404344971012812E-15, -0.000000000000000000 ) ) ;
#135 = LINE ( 'NONE', #2511, #1145 ) ;
#136 = VECTOR ( 'NONE', #3112, 1000.000000000000000 ) ;
#137 = ADVANCED_FACE ( 'NONE', ( #1700 ), #81, .F. ) ;
#138 = ADVANCED_FACE ( 'NONE', ( #2857 ), #2824, .T. ) ;
#139 = AXIS2_PLACEMENT_3D ( 'NONE', #739, #3859, #410 ) ;
#140 = ORIENTED_EDGE ( 'NONE', *, *, #1803, .T. ) ;
#141 = CARTESIAN_POINT ( 'NONE',  ( -23.80000000000000071, 14.50000000000000888, 42.20000000000000284 ) ) ;
#142 = ORIENTED_EDGE ( 'NONE', *, *, #1929, .T. ) ;
#143 = DIRECTION ( 'NONE',  ( 1.000000000000000000, 0.000000000000000000, 0.000000000000000000 ) ) ;
#144 = EDGE_CURVE ( 'NONE', #1932, #3207, #2666, .T. ) ;
#145 = FACE_OUTER_BOUND ( 'NONE', #124, .T. ) ;
#146 = ORIENTED_EDGE ( 'NONE', *, *, #1035, .F. ) ;
#147 = DIRECTION ( 'NONE',  ( -1.000000000000000000, 0.000000000000000000, 0.000000000000000000 ) ) ;
#148 = CARTESIAN_POINT ( 'NONE',  ( 25.44999999999999929, -17.75000000000000711, 45.50000000000000000 ) ) ;
#149 = PRESENTATION_STYLE_ASSIGNMENT (( #1890 ) ) ;
#150 = EDGE_LOOP ( 'NONE', ( #2321, #1813, #2715, #1051 ) ) ;
#151 = PLANE ( 'NONE',  #720 ) ;
#152 = VERTEX_POINT ( 'NONE', #4202 ) ;
#153 = CARTESIAN_POINT ( 'NONE',  ( 25.05000000000000071, -14.90000000000000924, 41.20000000000000284 ) ) ;
#154 = CARTESIAN_POINT ( 'NONE',  ( -23.57499999999999929, 23.57499999999999929, 40.50000000000000000 ) ) ;
#155 = ORIENTED_EDGE ( 'NONE', *, *, #3380, .T. ) ;
#156 = DIRECTION ( 'NONE',  ( -0.000000000000000000, -0.000000000000000000, 1.000000000000000000 ) ) ;
#157 = EDGE_CURVE ( 'NONE', #3446, #2643, #645, .T. ) ;
#158 = DIRECTION ( 'NONE',  ( 0.000000000000000000, -1.000000000000000000, 0.000000000000000000 ) ) ;
#159 = ORIENTED_EDGE ( 'NONE', *, *, #3233, .F. ) ;
#160 = DIRECTION ( 'NONE',  ( -0.000000000000000000, -0.000000000000000000, -1.000000000000000000 ) ) ;
#161 = ADVANCED_FACE ( 'NONE', ( #2905 ), #523, .T. ) ;
#162 = VERTEX_POINT ( 'NONE', #3345 ) ;
#163 = EDGE_CURVE ( 'NONE', #3286, #2615, #1198, .T. ) ;
#164 = DIRECTION ( 'NONE',  ( -0.000000000000000000, -0.000000000000000000, -1.000000000000000000 ) ) ;
#165 = LINE ( 'NONE', #114, #2005 ) ;
#166 = VERTEX_POINT ( 'NONE', #837 ) ;
#167 = PLANE ( 'NONE',  #702 ) ;
#168 = LINE ( 'NONE', #1889, #1152 ) ;
#169 = EDGE_CURVE ( 'NONE', #2937, #2166, #1248, .T. ) ;
#170 = CARTESIAN_POINT ( 'NONE',  ( 25.85000000000000142, -14.90000000000000924, 41.20000000000000284 ) ) ;
#171 = ORIENTED_EDGE ( 'NONE', *, *, #3239, .T. ) ;
#172 = CYLINDRICAL_SURFACE ( 'NONE', #495, 3.249999999999999556 ) ;
#173 = ORIENTED_EDGE ( 'NONE', *, *, #1748, .T. ) ;
#174 = DIRECTION ( 'NONE',  ( -0.000000000000000000, -0.000000000000000000, -1.000000000000000000 ) ) ;
#175 = DIRECTION ( 'NONE',  ( 1.000000000000000000, 0.000000000000000000, 0.000000000000000000 ) ) ;
#176 = ORIENTED_EDGE ( 'NONE', *, *, #752, .T. ) ;
#177 = DIRECTION ( 'NONE',  ( -1.000000000000000000, -0.000000000000000000, -0.000000000000000000 ) ) ;
#178 = CARTESIAN_POINT ( 'NONE',  ( -25.85000000000000142, 13.25000000000001243, 42.70000000000000284 ) ) ;
#179 = AXIS2_PLACEMENT_3D ( 'NONE', #3040, #3670, #587 ) ;
#180 = ORIENTED_EDGE ( 'NONE', *, *, #3063, .F. ) ;
#181 = CARTESIAN_POINT ( 'NONE',  ( 24.20000000000000284, 28.19999999999999929, 40.50000000000000000 ) ) ;
#182 = EDGE_LOOP ( 'NONE', ( #2716, #3660, #2401, #2110 ) ) ;
#183 = FACE_BOUND ( 'NONE', #3898, .T. ) ;
#184 = AXIS2_PLACEMENT_3D ( 'NONE', #154, #1541, #865 ) ;
#185 = EDGE_CURVE ( 'NONE', #2646, #1872, #2955, .T. ) ;
#186 = EDGE_CURVE ( 'NONE', #3848, #1231, #3650, .T. ) ;
#187 = CARTESIAN_POINT ( 'NONE',  ( 24.19999999999999929, -14.10000000000001030, 41.20000000000000284 ) ) ;
#188 = EDGE_LOOP ( 'NONE', ( #4189, #3330, #2265, #1387 ) ) ;
#189 = DIRECTION ( 'NONE',  ( 0.000000000000000000, 0.000000000000000000, 1.000000000000000000 ) ) ;
#190 = AXIS2_PLACEMENT_3D ( 'NONE', #1741, #2799, #4165 ) ;
#191 = CARTESIAN_POINT ( 'NONE',  ( -24.19999999999999929, 24.19999999999999929, 0.000000000000000000 ) ) ;
#192 = AXIS2_PLACEMENT_3D ( 'NONE', #4030, #1292, #310 ) ;
#193 = ADVANCED_FACE ( 'NONE', ( #3272, #2572 ), #1178, .T. ) ;
#194 = ORIENTED_EDGE ( 'NONE', *, *, #1218, .T. ) ;
#195 = DIRECTION ( 'NONE',  ( 0.000000000000000000, -0.000000000000000000, 1.000000000000000000 ) ) ;
#196 = ORIENTED_EDGE ( 'NONE', *, *, #2958, .F. ) ;
#197 = VECTOR ( 'NONE', #2590, 1000.000000000000000 ) ;
#198 = AXIS2_PLACEMENT_3D ( 'NONE', #946, #2354, #4389 ) ;
#200 = VECTOR ( 'NONE', #530, 1000.000000000000000 ) ;
#199 = CARTESIAN_POINT ( 'NONE',  ( 26.70000000000000284, -14.10000000000001030, 41.20000000000000284 ) ) ;
#201 = ORIENTED_EDGE ( 'NONE', *, *, #2861, .T. ) ;
#202 = CARTESIAN_POINT ( 'NONE',  ( 0.000000000000000000, 0.000000000000000000, 0.000000000000000000 ) ) ;
#203 = VECTOR ( 'NONE', #1111, 1000.000000000000000 ) ;
#204 = VERTEX_POINT ( 'NONE', #3677 ) ;
#205 = FACE_OUTER_BOUND ( 'NONE', #3931, .T. ) ;
#206 = PLANE ( 'NONE',  #858 ) ;
#207 = VECTOR ( 'NONE', #2031, 1000.000000000000000 ) ;
#208 = AXIS2_PLACEMENT_3D ( 'NONE', #1694, #3433, #660 ) ;
#209 = CIRCLE ( 'NONE', #3671, 1.000000000000000888 ) ;
#210 = EDGE_LOOP ( 'NONE', ( #1954, #518, #3635, #741 ) ) ;
#211 = DIRECTION ( 'NONE',  ( 1.000000000000000000, 0.000000000000000000, 0.000000000000000000 ) ) ;
#212 = AXIS2_PLACEMENT_3D ( 'NONE', #3975, #3905, #826 ) ;
#213 = ORIENTED_EDGE ( 'NONE', *, *, #887, .F. ) ;
#214 = VECTOR ( 'NONE', #4063, 1000.000000000000000 ) ;
#215 = DIRECTION ( 'NONE',  ( -1.000000000000000000, 0.000000000000000000, 0.000000000000000000 ) ) ;
#216 = AXIS2_PLACEMENT_3D ( 'NONE', #3880, #2608, #85 ) ;
#217 = LINE ( 'NONE', #651, #3086 ) ;
#218 = ORIENTED_EDGE ( 'NONE', *, *, #805, .F. ) ;
#219 = DIRECTION ( 'NONE',  ( -0.000000000000000000, -0.000000000000000000, 1.000000000000000000 ) ) ;
#220 = DIRECTION ( 'NONE',  ( 1.000000000000000000, 0.000000000000000000, 0.000000000000000000 ) ) ;
#221 = EDGE_CURVE ( 'NONE', #4399, #1341, #1515, .T. ) ;
#222 = CARTESIAN_POINT ( 'NONE',  ( 25.44999999999999929, 14.50000000000000888, 40.50000000000000000 ) ) ;
#223 = EDGE_LOOP ( 'NONE', ( #1696, #3080, #2151, #3039 ) ) ;
#224 = CARTESIAN_POINT ( 'NONE',  ( 24.19999999999999929, 14.10000000000001030, 41.20000000000000284 ) ) ;
#225 = VERTEX_POINT ( 'NONE', #3583 ) ;
#226 = EDGE_CURVE ( 'NONE', #3556, #3540, #1433, .T. ) ;
#227 = EDGE_CURVE ( 'NONE', #3051, #15, #3325, .T. ) ;
#228 = LINE ( 'NONE', #4293, #1204 ) ;
#229 = VERTEX_POINT ( 'NONE', #2885 ) ;
#230 = VERTEX_POINT ( 'NONE', #499 ) ;
#231 = CARTESIAN_POINT ( 'NONE',  ( 25.05000000000000071, -14.90000000000000924, 42.70000000000000284 ) ) ;
#232 = PRODUCT_DEFINITION_SHAPE ( 'NONE', 'NONE',  #243 ) ;
#233 = DIRECTION ( 'NONE',  ( -0.000000000000000000, -0.000000000000000000, -1.000000000000000000 ) ) ;
#234 = VERTEX_POINT ( 'NONE', #4246 ) ;
#235 = ORIENTED_EDGE ( 'NONE', *, *, #3857, .T. ) ;
#236 = CARTESIAN_POINT ( 'NONE',  ( -26.79166666666666430, -20.18583553952948151, -40.50000000000000000 ) ) ;
#237 = CARTESIAN_POINT ( 'NONE',  ( 25.85000000000000142, -13.25000000000001243, 41.20000000000000284 ) ) ;
#238 = EDGE_LOOP ( 'NONE', ( #1984, #1402, #3243, #1063, #1413 ) ) ;
#239 = DIRECTION ( 'NONE',  ( -1.000000000000000000, 0.000000000000000000, 0.000000000000000000 ) ) ;
#240 = FACE_OUTER_BOUND ( 'NONE', #4427, .T. ) ;
#241 = LINE ( 'NONE', #3023, #1076 ) ;
#242 = ORIENTED_EDGE ( 'NONE', *, *, #1881, .F. ) ;
#243 = PRODUCT_DEFINITION ( 'UNKNOWN', '', #1488, #4132 ) ;
#244 = LINE ( 'NONE', #3412, #3876 ) ;
#245 = DIRECTION ( 'NONE',  ( -1.000000000000000000, 0.000000000000000000, 0.000000000000000000 ) ) ;
#246 = ORIENTED_EDGE ( 'NONE', *, *, #1394, .F. ) ;
#247 = CARTESIAN_POINT ( 'NONE',  ( 24.19999999999999929, -14.90000000000000924, 41.20000000000000284 ) ) ;
#248 = ORIENTED_EDGE ( 'NONE', *, *, #2406, .T. ) ;
#249 = ADVANCED_FACE ( 'NONE', ( #1870 ), #3254, .F. ) ;
#250 = ADVANCED_FACE ( 'NONE', ( #2977 ), #151, .F. ) ;
#251 = ORIENTED_EDGE ( 'NONE', *, *, #3346, .T. ) ;
#252 = DIRECTION ( 'NONE',  ( -0.000000000000000000, -1.000000000000000000, -0.000000000000000000 ) ) ;
#253 = CARTESIAN_POINT ( 'NONE',  ( -25.85000000000000142, -14.10000000000001030, 42.70000000000000284 ) ) ;
#254 = ADVANCED_FACE ( 'NONE', ( #3610 ), #172, .F. ) ;
#255 = ORIENTED_EDGE ( 'NONE', *, *, #4291, .F. ) ;
#256 = CARTESIAN_POINT ( 'NONE',  ( 23.57499999999999929, -23.57500000000000639, 45.50000000000000000 ) ) ;
#257 = ORIENTED_EDGE ( 'NONE', *, *, #221, .T. ) ;
#258 = CARTESIAN_POINT ( 'NONE',  ( 25.44999999999999929, -14.50000000000000888, 42.20000000000000284 ) ) ;
#259 = CARTESIAN_POINT ( 'NONE',  ( 25.85000000000000142, -13.25000000000001243, 41.20000000000000284 ) ) ;
#260 = ORIENTED_EDGE ( 'NONE', *, *, #169, .F. ) ;
#261 = DIRECTION ( 'NONE',  ( 0.000000000000000000, -0.000000000000000000, -1.000000000000000000 ) ) ;
#262 = CARTESIAN_POINT ( 'NONE',  ( 19.27300264743538705, 28.19999999999999929, 40.50000000000000000 ) ) ;
#263 = VECTOR ( 'NONE', #2397, 1000.000000000000000 ) ;
#264 = CARTESIAN_POINT ( 'NONE',  ( 26.79166666666666430, 20.18583553952948861, -40.50000000000000000 ) ) ;
#265 = VECTOR ( 'NONE', #959, 1000.000000000000000 ) ;
#266 = ORIENTED_EDGE ( 'NONE', *, *, #4396, .T. ) ;
#267 = CARTESIAN_POINT ( 'NONE',  ( -26.70000000000000284, 14.10000000000001030, 41.20000000000000284 ) ) ;
#268 = DIRECTION ( 'NONE',  ( 1.000000000000000000, 0.000000000000000000, 0.000000000000000000 ) ) ;
#269 = DIRECTION ( 'NONE',  ( -0.000000000000000000, -0.000000000000000000, -1.000000000000000000 ) ) ;
#270 = ORIENTED_EDGE ( 'NONE', *, *, #2319, .T. ) ;
#271 = AXIS2_PLACEMENT_3D ( 'NONE', #290, #591, #4160 ) ;
#272 = ORIENTED_EDGE ( 'NONE', *, *, #417, .F. ) ;
#273 = DIRECTION ( 'NONE',  ( 1.000000000000000000, 0.000000000000000000, 0.000000000000000000 ) ) ;
#274 = CARTESIAN_POINT ( 'NONE',  ( 23.30000000000000071, -14.50000000000000888, 40.50000000000000000 ) ) ;
#275 = ADVANCED_FACE ( 'NONE', ( #1221 ), #3965, .F. ) ;
#276 = AXIS2_PLACEMENT_3D ( 'NONE', #4073, #2367, #4034 ) ;
#277 = VERTEX_POINT ( 'NONE', #544 ) ;
#278 = AXIS2_PLACEMENT_3D ( 'NONE', #3238, #158, #1206 ) ;
#279 = DIRECTION ( 'NONE',  ( -0.000000000000000000, -0.000000000000000000, -1.000000000000000000 ) ) ;
#280 = CARTESIAN_POINT ( 'NONE',  ( -25.44999999999999929, 11.25000000000001066, 45.50000000000000000 ) ) ;
#281 = VECTOR ( 'NONE', #2051, 1000.000000000000000 ) ;
#282 = EDGE_CURVE ( 'NONE', #3937, #229, #4332, .T. ) ;
#283 = CARTESIAN_POINT ( 'NONE',  ( 19.00000000000000000, 2.326828918379970970E-15, 47.09999999999999432 ) ) ;
#284 = ORIENTED_EDGE ( 'NONE', *, *, #3507, .F. ) ;
#285 = LINE ( 'NONE', #4089, #769 ) ;
#286 = VECTOR ( 'NONE', #3907, 1000.000000000000000 ) ;
#287 = CARTESIAN_POINT ( 'NONE',  ( 19.27300264743538705, -28.19999999999999929, 40.50000000000000000 ) ) ;
#288 = LINE ( 'NONE', #3712, #2874 ) ;
#289 = VECTOR ( 'NONE', #2580, 1000.000000000000000 ) ;
#290 = CARTESIAN_POINT ( 'NONE',  ( 25.85000000000000142, -14.90000000000000924, 41.20000000000000284 ) ) ;
#291 = ORIENTED_EDGE ( 'NONE', *, *, #308, .T. ) ;
#292 = CARTESIAN_POINT ( 'NONE',  ( -26.70000000000000284, -14.10000000000001030, 41.20000000000000284 ) ) ;
#293 = DIRECTION ( 'NONE',  ( -0.000000000000000000, -0.000000000000000000, -1.000000000000000000 ) ) ;
#294 = VECTOR ( 'NONE', #4080, 1000.000000000000000 ) ;
#295 = CARTESIAN_POINT ( 'NONE',  ( -19.27300264743537639, -27.19999999999999929, 40.50000000000000000 ) ) ;
#296 = ORIENTED_EDGE ( 'NONE', *, *, #2259, .T. ) ;
#297 = ORIENTED_EDGE ( 'NONE', *, *, #3802, .F. ) ;
#298 = DIRECTION ( 'NONE',  ( -0.000000000000000000, -0.000000000000000000, -1.000000000000000000 ) ) ;
#299 = CARTESIAN_POINT ( 'NONE',  ( 23.30000000000000071, -14.50000000000000888, 42.70000000000000284 ) ) ;
#300 = CARTESIAN_POINT ( 'NONE',  ( 0.000000000000000000, 0.000000000000000000, 44.09999999999999432 ) ) ;
#301 = CYLINDRICAL_SURFACE ( 'NONE', #366, 2.499999999999998668 ) ;
#302 = CARTESIAN_POINT ( 'NONE',  ( 25.44999999999999929, -14.50000000000000888, 42.20000000000000284 ) ) ;
#303 = UNCERTAINTY_MEASURE_WITH_UNIT (LENGTH_MEASURE( 1.000000000000000082E-05 ), #715, 'distance_accuracy_value', 'NONE');
#304 = CARTESIAN_POINT ( 'NONE',  ( -25.44999999999999929, -14.50000000000000888, 40.50000000000000000 ) ) ;
#305 = ORIENTED_EDGE ( 'NONE', *, *, #4113, .T. ) ;
#306 = DIRECTION ( 'NONE',  ( 1.000000000000000000, 2.168404344971012812E-15, -0.000000000000000000 ) ) ;
#307 = EDGE_CURVE ( 'NONE', #3637, #1598, #634, .T. ) ;
#308 = EDGE_CURVE ( 'NONE', #4057, #4411, #2670, .T. ) ;
#309 = DIRECTION ( 'NONE',  ( -0.000000000000000000, -0.000000000000000000, -1.000000000000000000 ) ) ;
#310 = DIRECTION ( 'NONE',  ( 1.000000000000000000, 0.000000000000000000, 0.000000000000000000 ) ) ;
#311 = ORIENTED_EDGE ( 'NONE', *, *, #3778, .F. ) ;
#312 = CARTESIAN_POINT ( 'NONE',  ( -25.05000000000000426, 13.25000000000001066, 41.20000000000000284 ) ) ;
#313 = ADVANCED_FACE ( 'NONE', ( #2735 ), #3413, .F. ) ;
#314 = DIRECTION ( 'NONE',  ( 1.000000000000000000, 0.000000000000000000, 0.000000000000000000 ) ) ;
#315 = DIRECTION ( 'NONE',  ( 0.000000000000000000, 0.000000000000000000, 1.000000000000000000 ) ) ;
#316 = ORIENTED_EDGE ( 'NONE', *, *, #3428, .F. ) ;
#317 = ORIENTED_EDGE ( 'NONE', *, *, #1394, .T. ) ;
#318 = CARTESIAN_POINT ( 'NONE',  ( 26.70000000000000284, -14.90000000000000924, 42.70000000000000284 ) ) ;
#319 = DIRECTION ( 'NONE',  ( -2.168404344971012812E-15, -1.000000000000000000, 0.000000000000000000 ) ) ;
#320 = CARTESIAN_POINT ( 'NONE',  ( -25.05000000000000426, -14.10000000000001030, 42.70000000000000284 ) ) ;
#321 = LINE ( 'NONE', #391, #512 ) ;
#322 = DIRECTION ( 'NONE',  ( 0.000000000000000000, 0.000000000000000000, 1.000000000000000000 ) ) ;
#323 = CARTESIAN_POINT ( 'NONE',  ( -27.19999999999999929, 19.27300264743537639, -40.50000000000000000 ) ) ;
#324 = VERTEX_POINT ( 'NONE', #2341 ) ;
#325 = ORIENTED_EDGE ( 'NONE', *, *, #2739, .T. ) ;
#326 = FACE_OUTER_BOUND ( 'NONE', #5, .T. ) ;
#327 = ORIENTED_EDGE ( 'NONE', *, *, #2983, .F. ) ;
#328 = EDGE_CURVE ( 'NONE', #2294, #1605, #3049, .T. ) ;
#329 = EDGE_CURVE ( 'NONE', #1521, #2372, #2004, .T. ) ;
#330 = LINE ( 'NONE', #1382, #46 ) ;
#331 = VERTEX_POINT ( 'NONE', #1982 ) ;
#332 = CARTESIAN_POINT ( 'NONE',  ( -26.70000000000000284, -14.10000000000001030, 41.20000000000000284 ) ) ;
#333 = AXIS2_PLACEMENT_3D ( 'NONE', #2419, #701, #2071 ) ;
#334 = DIRECTION ( 'NONE',  ( 0.000000000000000000, 0.000000000000000000, 1.000000000000000000 ) ) ;
#335 = EDGE_CURVE ( 'NONE', #1848, #152, #2711, .T. ) ;
#336 = EDGE_CURVE ( 'NONE', #4224, #3273, #2998, .T. ) ;
#337 = DIRECTION ( 'NONE',  ( 0.000000000000000000, 0.000000000000000000, 1.000000000000000000 ) ) ;
#338 = EDGE_LOOP ( 'NONE', ( #4096, #4115, #830, #1755 ) ) ;
#339 = EDGE_LOOP ( 'NONE', ( #2782, #3343, #2242, #4146, #3263, #3448, #836, #3918 ) ) ;
#340 = AXIS2_PLACEMENT_3D ( 'NONE', #3479, #384, #402 ) ;
#341 = DIRECTION ( 'NONE',  ( 1.000000000000000000, 0.000000000000000000, 0.000000000000000000 ) ) ;
#342 = CARTESIAN_POINT ( 'NONE',  ( 28.19999999999999929, -28.19999999999999929, 40.50000000000000000 ) ) ;
#343 = AXIS2_PLACEMENT_3D ( 'NONE', #1025, #2975, #1266 ) ;
#344 = DIRECTION ( 'NONE',  ( -0.000000000000000000, -0.000000000000000000, -1.000000000000000000 ) ) ;
#345 = DIRECTION ( 'NONE',  ( -0.000000000000000000, -0.000000000000000000, 1.000000000000000000 ) ) ;
#346 = AXIS2_PLACEMENT_3D ( 'NONE', #489, #3194, #90 ) ;
#347 = CIRCLE ( 'NONE', #3519, 4.999999999999990230 ) ;
#348 = DIRECTION ( 'NONE',  ( -0.000000000000000000, -0.000000000000000000, -1.000000000000000000 ) ) ;
#349 = CIRCLE ( 'NONE', #790, 2.499999999999998668 ) ;
#350 = VERTEX_POINT ( 'NONE', #1049 ) ;
#351 = EDGE_LOOP ( 'NONE', ( #4250, #3258 ) ) ;
#352 = CARTESIAN_POINT ( 'NONE',  ( -26.70000000000000284, 14.90000000000000924, 41.20000000000000284 ) ) ;
#353 = ORIENTED_EDGE ( 'NONE', *, *, #411, .T. ) ;
#354 = CARTESIAN_POINT ( 'NONE',  ( 26.70000000000000284, -14.10000000000001030, 41.20000000000000284 ) ) ;
#355 = AXIS2_PLACEMENT_3D ( 'NONE', #974, #2322, #1319 ) ;
#356 = VECTOR ( 'NONE', #3455, 1000.000000000000000 ) ;
#357 = AXIS2_PLACEMENT_3D ( 'NONE', #1074, #3484, #3140 ) ;
#358 = PLANE ( 'NONE',  #1716 ) ;
#359 = EDGE_LOOP ( 'NONE', ( #680, #754, #598, #3081 ) ) ;
#360 = DIRECTION ( 'NONE',  ( -1.000000000000000000, 0.000000000000000000, 0.000000000000000000 ) ) ;
#361 = CARTESIAN_POINT ( 'NONE',  ( 25.05000000000000426, 15.75000000000001066, 41.20000000000000284 ) ) ;
#362 = EDGE_CURVE ( 'NONE', #528, #3336, #2149, .T. ) ;
#363 = TOROIDAL_SURFACE ( 'NONE', #2304, 1.649999999999997913, 0.5000000000000000000 ) ;
#364 = CARTESIAN_POINT ( 'NONE',  ( 25.44999999999999929, 11.25000000000001066, 40.50000000000000000 ) ) ;
#365 = ORIENTED_EDGE ( 'NONE', *, *, #2981, .T. ) ;
#366 = AXIS2_PLACEMENT_3D ( 'NONE', #256, #1637, #3729 ) ;
#367 = EDGE_CURVE ( 'NONE', #4120, #3630, #1338, .T. ) ;
#368 = EDGE_CURVE ( 'NONE', #3781, #846, #1321, .T. ) ;
#369 = ORIENTED_EDGE ( 'NONE', *, *, #596, .T. ) ;
#370 = DIRECTION ( 'NONE',  ( 1.000000000000000000, 0.000000000000000000, 0.000000000000000000 ) ) ;
#371 = DIRECTION ( 'NONE',  ( -0.000000000000000000, -0.000000000000000000, 1.000000000000000000 ) ) ;
#372 = EDGE_CURVE ( 'NONE', #3139, #1377, #4450, .T. ) ;
#373 = CYLINDRICAL_SURFACE ( 'NONE', #64, 1.000000000000000888 ) ;
#374 = CARTESIAN_POINT ( 'NONE',  ( -24.75000000000000000, 24.75000000000000000, -40.50000000000000000 ) ) ;
#375 = DIRECTION ( 'NONE',  ( -0.000000000000000000, -0.000000000000000000, 1.000000000000000000 ) ) ;
#376 = ORIENTED_EDGE ( 'NONE', *, *, #2043, .T. ) ;
#377 = ORIENTED_EDGE ( 'NONE', *, *, #53, .F. ) ;
#378 = DIRECTION ( 'NONE',  ( 1.000000000000000000, 6.308085367188392213E-16, 0.000000000000000000 ) ) ;
#379 = ORIENTED_EDGE ( 'NONE', *, *, #2547, .F. ) ;
#380 = LINE ( 'NONE', #1801, #1430 ) ;
#381 = ORIENTED_EDGE ( 'NONE', *, *, #450, .T. ) ;
#382 = LINE ( 'NONE', #3477, #4207 ) ;
#383 = CARTESIAN_POINT ( 'NONE',  ( 23.57499999999999929, 23.57500000000000639, 45.50000000000000000 ) ) ;
#384 = DIRECTION ( 'NONE',  ( -0.000000000000000000, -0.000000000000000000, 1.000000000000000000 ) ) ;
#385 = ORIENTED_EDGE ( 'NONE', *, *, #45, .T. ) ;
#386 = ORIENTED_EDGE ( 'NONE', *, *, #4113, .F. ) ;
#387 = CARTESIAN_POINT ( 'NONE',  ( 23.57499999999999929, -23.57500000000000639, 40.50000000000000000 ) ) ;
#388 = CARTESIAN_POINT ( 'NONE',  ( -27.59999999999999787, 14.50000000000000888, 42.70000000000000284 ) ) ;
#389 = EDGE_CURVE ( 'NONE', #4404, #3207, #997, .T. ) ;
#390 = EDGE_CURVE ( 'NONE', #1017, #162, #1649, .T. ) ;
#391 = CARTESIAN_POINT ( 'NONE',  ( 28.19999999999999929, -28.19999999999999929, 40.50000000000000000 ) ) ;
#392 = DIRECTION ( 'NONE',  ( -0.000000000000000000, -0.000000000000000000, -1.000000000000000000 ) ) ;
#393 = EDGE_CURVE ( 'NONE', #1752, #4008, #2740, .T. ) ;
#394 = ORIENTED_EDGE ( 'NONE', *, *, #3206, .T. ) ;
#395 = ORIENTED_EDGE ( 'NONE', *, *, #21, .T. ) ;
#396 = CARTESIAN_POINT ( 'NONE',  ( -26.70000000000000284, -14.10000000000001030, 42.70000000000000284 ) ) ;
#397 = VERTEX_POINT ( 'NONE', #3697 ) ;
#398 = CARTESIAN_POINT ( 'NONE',  ( -28.19999999999999929, 19.27300264743537639, -40.50000000000000000 ) ) ;
#399 = ORIENTED_EDGE ( 'NONE', *, *, #2606, .F. ) ;
#400 = CARTESIAN_POINT ( 'NONE',  ( 0.000000000000000000, 0.000000000000000000, 44.09999999999999432 ) ) ;
#401 = AXIS2_PLACEMENT_3D ( 'NONE', #323, #3901, #133 ) ;
#402 = DIRECTION ( 'NONE',  ( 1.000000000000000000, 0.000000000000000000, 0.000000000000000000 ) ) ;
#403 = AXIS2_PLACEMENT_3D ( 'NONE', #1686, #607, #1621 ) ;
#404 = ORIENTED_EDGE ( 'NONE', *, *, #4374, .T. ) ;
#405 = PLANE ( 'NONE',  #1863 ) ;
#406 = ORIENTED_EDGE ( 'NONE', *, *, #1748, .F. ) ;
#407 = CARTESIAN_POINT ( 'NONE',  ( 24.75000000000000000, -24.75000000000000000, 54.64213562373092969 ) ) ;
#408 = CARTESIAN_POINT ( 'NONE',  ( -25.44999999999999929, -11.25000000000001066, 45.50000000000000000 ) ) ;
#409 = CIRCLE ( 'NONE', #704, 0.5000000000000004441 ) ;
#410 = DIRECTION ( 'NONE',  ( -1.000000000000000000, 0.000000000000000000, 0.000000000000000000 ) ) ;
#411 = EDGE_CURVE ( 'NONE', #2668, #2249, #940, .T. ) ;
#412 = LINE ( 'NONE', #3168, #3236 ) ;
#413 = AXIS2_PLACEMENT_3D ( 'NONE', #1604, #4417, #1980 ) ;
#414 = EDGE_LOOP ( 'NONE', ( #3582, #1923, #4052, #3110 ) ) ;
#415 = VECTOR ( 'NONE', #4023, 1000.000000000000000 ) ;
#416 = FACE_OUTER_BOUND ( 'NONE', #1896, .T. ) ;
#417 = EDGE_CURVE ( 'NONE', #2640, #3994, #3315, .T. ) ;
#418 = EDGE_LOOP ( 'NONE', ( #80, #57, #109, #3682 ) ) ;
#419 = EDGE_CURVE ( 'NONE', #3966, #3848, #3165, .T. ) ;
#420 = CIRCLE ( 'NONE', #1144, 2.149999999999999023 ) ;
#421 = CIRCLE ( 'NONE', #780, 3.174999999999999822 ) ;
#422 = DIRECTION ( 'NONE',  ( -1.000000000000000000, 0.000000000000000000, 0.000000000000000000 ) ) ;
#423 = ORIENTED_EDGE ( 'NONE', *, *, #2842, .T. ) ;
#424 = VECTOR ( 'NONE', #3026, 1000.000000000000000 ) ;
#425 = DIRECTION ( 'NONE',  ( -1.000000000000000000, 0.000000000000000000, 0.000000000000000000 ) ) ;
#426 = CYLINDRICAL_SURFACE ( 'NONE', #3242, 2.149999999999999023 ) ;
#427 = AXIS2_PLACEMENT_3D ( 'NONE', #3725, #2276, #4014 ) ;
#428 = AXIS2_PLACEMENT_3D ( 'NONE', #31, #76, #2798 ) ;
#429 = VECTOR ( 'NONE', #886, 1000.000000000000000 ) ;
#430 = DIRECTION ( 'NONE',  ( 0.000000000000000000, 0.000000000000000000, 1.000000000000000000 ) ) ;
#431 = EDGE_LOOP ( 'NONE', ( #3609, #1179 ) ) ;
#432 = DIRECTION ( 'NONE',  ( -0.000000000000000000, -0.000000000000000000, -1.000000000000000000 ) ) ;
#433 = VECTOR ( 'NONE', #2432, 1000.000000000000000 ) ;
#434 = VECTOR ( 'NONE', #4112, 1000.000000000000000 ) ;
#435 = ORIENTED_EDGE ( 'NONE', *, *, #1985, .F. ) ;
#436 = DIRECTION ( 'NONE',  ( -0.000000000000000000, -0.000000000000000000, -1.000000000000000000 ) ) ;
#437 = AXIS2_PLACEMENT_3D ( 'NONE', #3167, #3077, #4434 ) ;
#438 = CIRCLE ( 'NONE', #1029, 5.000000000000000000 ) ;
#439 = DIRECTION ( 'NONE',  ( 0.000000000000000000, 1.000000000000000000, 0.000000000000000000 ) ) ;
#440 = ADVANCED_FACE ( 'NONE', ( #2420 ), #1713, .T. ) ;
#441 = ORIENTED_EDGE ( 'NONE', *, *, #4055, .F. ) ;
#442 = DIRECTION ( 'NONE',  ( -0.000000000000000000, 0.000000000000000000, 1.000000000000000000 ) ) ;
#443 = ORIENTED_EDGE ( 'NONE', *, *, #3092, .F. ) ;
#444 = EDGE_CURVE ( 'NONE', #2892, #2825, #1626, .T. ) ;
#445 = EDGE_CURVE ( 'NONE', #1823, #1809, #1481, .T. ) ;
#446 = DIRECTION ( 'NONE',  ( -0.000000000000000000, -0.000000000000000000, 1.000000000000000000 ) ) ;
#447 = ORIENTED_EDGE ( 'NONE', *, *, #3584, .T. ) ;
#448 = DIRECTION ( 'NONE',  ( -0.000000000000000000, 0.000000000000000000, -1.000000000000000000 ) ) ;
#449 = CARTESIAN_POINT ( 'NONE',  ( -28.19999999999999929, 19.27300264743537639, -40.50000000000000000 ) ) ;
#450 = EDGE_CURVE ( 'NONE', #1124, #1214, #577, .T. ) ;
#451 = CYLINDRICAL_SURFACE ( 'NONE', #2650, 2.149999999999999023 ) ;
#452 = EDGE_LOOP ( 'NONE', ( #1887, #3640, #1066, #1527, #2538, #379, #2189 ) ) ;
#453 = CARTESIAN_POINT ( 'NONE',  ( 25.44999999999999929, -17.75000000000000711, 45.50000000000000000 ) ) ;
#454 = ORIENTED_EDGE ( 'NONE', *, *, #3613, .T. ) ;
#455 = CARTESIAN_POINT ( 'NONE',  ( 28.19999999999999929, -28.19999999999999929, 40.50000000000000000 ) ) ;
#456 = CARTESIAN_POINT ( 'NONE',  ( 25.85000000000000142, 15.75000000000001066, 41.20000000000000284 ) ) ;
#457 = CARTESIAN_POINT ( 'NONE',  ( 28.19999999999999929, 19.27300264743538349, -40.50000000000000000 ) ) ;
#458 = FACE_OUTER_BOUND ( 'NONE', #3576, .T. ) ;
#459 = ORIENTED_EDGE ( 'NONE', *, *, #1113, .F. ) ;
#460 = CARTESIAN_POINT ( 'NONE',  ( -25.85000000000000142, -13.25000000000001243, 42.70000000000000284 ) ) ;
#461 = ORIENTED_EDGE ( 'NONE', *, *, #758, .F. ) ;
#462 = DIRECTION ( 'NONE',  ( -0.000000000000000000, -0.000000000000000000, -1.000000000000000000 ) ) ;
#463 = LINE ( 'NONE', #2614, #197 ) ;
#464 = ORIENTED_EDGE ( 'NONE', *, *, #2021, .T. ) ;
#465 = CARTESIAN_POINT ( 'NONE',  ( 26.70000000000000284, 14.90000000000000924, 41.20000000000000284 ) ) ;
#466 = LINE ( 'NONE', #148, #2453 ) ;
#467 = EDGE_CURVE ( 'NONE', #1406, #397, #2518, .T. ) ;
#468 = ADVANCED_FACE ( 'NONE', ( #767 ), #1403, .T. ) ;
#469 = DIRECTION ( 'NONE',  ( 0.000000000000000000, 0.000000000000000000, 1.000000000000000000 ) ) ;
#470 = ORIENTED_EDGE ( 'NONE', *, *, #2838, .T. ) ;
#471 = DIRECTION ( 'NONE',  ( 1.000000000000000000, 0.000000000000000000, -0.000000000000000000 ) ) ;
#472 = ORIENTED_EDGE ( 'NONE', *, *, #3351, .F. ) ;
#473 = CARTESIAN_POINT ( 'NONE',  ( 28.19999999999999929, 24.19999999999999929, 40.50000000000000000 ) ) ;
#474 = ADVANCED_FACE ( 'NONE', ( #93 ), #1740, .F. ) ;
#475 = EDGE_CURVE ( 'NONE', #2326, #1017, #723, .T. ) ;
#476 = CARTESIAN_POINT ( 'NONE',  ( -25.85000000000000142, 13.25000000000001243, 41.20000000000000284 ) ) ;
#477 = ORIENTED_EDGE ( 'NONE', *, *, #1087, .T. ) ;
#478 = CARTESIAN_POINT ( 'NONE',  ( 25.85000000000000142, 14.90000000000000924, 41.20000000000000284 ) ) ;
#479 = VECTOR ( 'NONE', #2060, 1000.000000000000000 ) ;
#480 = VECTOR ( 'NONE', #2818, 1000.000000000000000 ) ;
#481 = CARTESIAN_POINT ( 'NONE',  ( 25.05000000000000426, -14.10000000000001030, 41.20000000000000284 ) ) ;
#482 = DIRECTION ( 'NONE',  ( -0.000000000000000000, -0.000000000000000000, 1.000000000000000000 ) ) ;
#483 = AXIS2_PLACEMENT_3D ( 'NONE', #1385, #3029, #3719 ) ;
#484 = ORIENTED_EDGE ( 'NONE', *, *, #1494, .T. ) ;
#485 = CARTESIAN_POINT ( 'NONE',  ( -25.05000000000000426, -13.25000000000001066, 41.20000000000000284 ) ) ;
#486 = VERTEX_POINT ( 'NONE', #3117 ) ;
#487 = FACE_BOUND ( 'NONE', #2214, .T. ) ;
#488 = VECTOR ( 'NONE', #2695, 1000.000000000000000 ) ;
#489 = CARTESIAN_POINT ( 'NONE',  ( 25.44999999999999929, -14.50000000000000888, 40.50000000000000000 ) ) ;
#490 = VECTOR ( 'NONE', #3133, 1000.000000000000000 ) ;
#491 = ORIENTED_EDGE ( 'NONE', *, *, #3013, .T. ) ;
#492 = CARTESIAN_POINT ( 'NONE',  ( -27.59999999999999787, 14.50000000000000888, 40.50000000000000000 ) ) ;
#493 = FACE_OUTER_BOUND ( 'NONE', #2481, .T. ) ;
#494 = VECTOR ( 'NONE', #1241, 1000.000000000000000 ) ;
#495 = AXIS2_PLACEMENT_3D ( 'NONE', #3295, #2926, #4286 ) ;
#496 = DIRECTION ( 'NONE',  ( -1.000000000000000000, 0.000000000000000000, 0.000000000000000000 ) ) ;
#497 = ORIENTED_EDGE ( 'NONE', *, *, #948, .T. ) ;
#498 = VECTOR ( 'NONE', #1880, 1000.000000000000000 ) ;
#499 = CARTESIAN_POINT ( 'NONE',  ( 28.19999999999999929, -19.27300264743538705, 40.50000000000000000 ) ) ;
#500 = EDGE_LOOP ( 'NONE', ( #2954, #4316, #2762, #866 ) ) ;
#501 = CARTESIAN_POINT ( 'NONE',  ( -25.85000000000000142, 13.25000000000001243, 42.70000000000000284 ) ) ;
#502 = LINE ( 'NONE', #2577, #1423 ) ;
#503 = VERTEX_POINT ( 'NONE', #1068 ) ;
#504 = AXIS2_PLACEMENT_3D ( 'NONE', #2617, #3981, #118 ) ;
#505 = EDGE_CURVE ( 'NONE', #4038, #3964, #1464, .T. ) ;
#506 = AXIS2_PLACEMENT_3D ( 'NONE', #3274, #174, #3524 ) ;
#507 = EDGE_CURVE ( 'NONE', #2034, #1199, #3893, .T. ) ;
#508 = CARTESIAN_POINT ( 'NONE',  ( 26.70000000000000284, -14.10000000000001030, 42.70000000000000284 ) ) ;
#509 = CARTESIAN_POINT ( 'NONE',  ( -25.05000000000000071, -14.90000000000000924, 41.20000000000000284 ) ) ;
#510 = VECTOR ( 'NONE', #970, 1000.000000000000000 ) ;
#511 = EDGE_CURVE ( 'NONE', #2400, #3637, #3517, .T. ) ;
#512 = VECTOR ( 'NONE', #1099, 1000.000000000000000 ) ;
#513 = VERTEX_POINT ( 'NONE', #2527 ) ;
#514 = CYLINDRICAL_SURFACE ( 'NONE', #212, 2.149999999999999023 ) ;
#515 = EDGE_LOOP ( 'NONE', ( #619, #4307, #3709, #291 ) ) ;
#516 = LINE ( 'NONE', #3957, #1590 ) ;
#517 = DIRECTION ( 'NONE',  ( -1.000000000000000000, 0.000000000000000000, 0.000000000000000000 ) ) ;
#518 = ORIENTED_EDGE ( 'NONE', *, *, #227, .F. ) ;
#519 = LINE ( 'NONE', #2246, #2999 ) ;
#520 = CARTESIAN_POINT ( 'NONE',  ( -25.44999999999999929, -14.50000000000000888, 40.50000000000000000 ) ) ;
#521 = SURFACE_SIDE_STYLE ('',( #3581 ) ) ;
#522 = ORIENTED_EDGE ( 'NONE', *, *, #3375, .T. ) ;
#523 = CYLINDRICAL_SURFACE ( 'NONE', #2803, 1.000000000000000888 ) ;
#524 = ORIENTED_EDGE ( 'NONE', *, *, #3840, .T. ) ;
#525 = DIRECTION ( 'NONE',  ( 0.000000000000000000, 0.000000000000000000, -1.000000000000000000 ) ) ;
#526 = LINE ( 'NONE', #1895, #3718 ) ;
#527 = ORIENTED_EDGE ( 'NONE', *, *, #4233, .T. ) ;
#528 = VERTEX_POINT ( 'NONE', #813 ) ;
#529 = LINE ( 'NONE', #2556, #2164 ) ;
#530 = DIRECTION ( 'NONE',  ( -0.000000000000000000, -0.000000000000000000, 1.000000000000000000 ) ) ;
#531 = EDGE_CURVE ( 'NONE', #234, #1762, #13, .T. ) ;
#532 = EDGE_CURVE ( 'NONE', #2772, #547, #2373, .T. ) ;
#533 = EDGE_LOOP ( 'NONE', ( #1470, #3814, #1882, #3327 ) ) ;
#534 = DIRECTION ( 'NONE',  ( -1.000000000000000000, 0.000000000000000000, 0.000000000000000000 ) ) ;
#535 = VERTEX_POINT ( 'NONE', #4143 ) ;
#536 = DIRECTION ( 'NONE',  ( 0.000000000000000000, 0.000000000000000000, -1.000000000000000000 ) ) ;
#537 = ADVANCED_FACE ( 'NONE', ( #2834 ), #426, .T. ) ;
#538 = FACE_OUTER_BOUND ( 'NONE', #1095, .T. ) ;
#539 = ORIENTED_EDGE ( 'NONE', *, *, #1525, .T. ) ;
#540 = CARTESIAN_POINT ( 'NONE',  ( 25.05000000000000426, -13.25000000000001066, 41.20000000000000284 ) ) ;
#541 = PLANE ( 'NONE',  #504 ) ;
#542 = CARTESIAN_POINT ( 'NONE',  ( -19.27300264743537639, 27.19999999999999929, 40.50000000000000000 ) ) ;
#543 = VERTEX_POINT ( 'NONE', #728 ) ;
#544 = CARTESIAN_POINT ( 'NONE',  ( 25.85000000000000142, -13.25000000000001243, 41.20000000000000284 ) ) ;
#545 = ORIENTED_EDGE ( 'NONE', *, *, #2876, .T. ) ;
#546 = CARTESIAN_POINT ( 'NONE',  ( -25.85000000000000142, -14.10000000000001030, 41.20000000000000284 ) ) ;
#547 = VERTEX_POINT ( 'NONE', #2163 ) ;
#548 = SHAPE_DEFINITION_REPRESENTATION ( #232, #3184 ) ;
#549 = ORIENTED_EDGE ( 'NONE', *, *, #1339, .F. ) ;
#550 = CARTESIAN_POINT ( 'NONE',  ( -25.85000000000000142, -14.90000000000000924, 42.70000000000000284 ) ) ;
#551 = DIRECTION ( 'NONE',  ( -1.000000000000000000, 6.938893903907242183E-16, 0.000000000000000000 ) ) ;
#552 = CIRCLE ( 'NONE', #3075, 4.999999999999984013 ) ;
#553 = VERTEX_POINT ( 'NONE', #1448 ) ;
#554 = EDGE_CURVE ( 'NONE', #3982, #556, #2098, .T. ) ;
#555 = CARTESIAN_POINT ( 'NONE',  ( 0.000000000000000000, 0.000000000000000000, 47.09999999999999432 ) ) ;
#556 = VERTEX_POINT ( 'NONE', #1804 ) ;
#557 = DIRECTION ( 'NONE',  ( -0.000000000000000000, -0.000000000000000000, -1.000000000000000000 ) ) ;
#558 = CARTESIAN_POINT ( 'NONE',  ( 25.44999999999999929, -14.50000000000000888, 40.50000000000000000 ) ) ;
#559 = ORIENTED_EDGE ( 'NONE', *, *, #3125, .F. ) ;
#560 = LINE ( 'NONE', #3249, #2271 ) ;
#561 = ADVANCED_FACE ( 'NONE', ( #3850 ), #3181, .F. ) ;
#562 = ADVANCED_FACE ( 'NONE', ( #4162, #3830 ), #3496, .T. ) ;
#563 = VECTOR ( 'NONE', #1176, 1000.000000000000000 ) ;
#564 = CARTESIAN_POINT ( 'NONE',  ( 25.05000000000000426, -14.10000000000001030, 41.20000000000000284 ) ) ;
#565 = VERTEX_POINT ( 'NONE', #1910 ) ;
#566 = DIRECTION ( 'NONE',  ( 1.000000000000000000, 0.000000000000000000, 0.000000000000000000 ) ) ;
#567 = ORIENTED_EDGE ( 'NONE', *, *, #2719, .F. ) ;
#568 = VECTOR ( 'NONE', #3313, 1000.000000000000000 ) ;
#569 = VECTOR ( 'NONE', #439, 1000.000000000000000 ) ;
#571 = VECTOR ( 'NONE', #4406, 1000.000000000000000 ) ;
#570 = DIRECTION ( 'NONE',  ( -1.000000000000000000, 0.000000000000000000, 0.000000000000000000 ) ) ;
#572 = ORIENTED_EDGE ( 'NONE', *, *, #2876, .F. ) ;
#573 = VECTOR ( 'NONE', #1453, 1000.000000000000000 ) ;
#574 = EDGE_LOOP ( 'NONE', ( #2732, #4453, #159, #4125 ) ) ;
#575 = FACE_BOUND ( 'NONE', #1976, .T. ) ;
#576 = DIRECTION ( 'NONE',  ( -0.000000000000000000, -0.000000000000000000, 1.000000000000000000 ) ) ;
#577 = CIRCLE ( 'NONE', #2010, 2.499999999999998668 ) ;
#578 = AXIS2_PLACEMENT_3D ( 'NONE', #2337, #678, #3085 ) ;
#579 = ORIENTED_EDGE ( 'NONE', *, *, #3554, .T. ) ;
#580 = CARTESIAN_POINT ( 'NONE',  ( -19.27300264743537639, 27.19999999999999929, -40.50000000000000000 ) ) ;
#581 = VECTOR ( 'NONE', #875, 1000.000000000000000 ) ;
#582 = ORIENTED_EDGE ( 'NONE', *, *, #3861, .T. ) ;
#583 = LINE ( 'NONE', #4345, #2936 ) ;
#584 = AXIS2_PLACEMENT_3D ( 'NONE', #1409, #688, #3841 ) ;
#585 = LINE ( 'NONE', #1600, #2935 ) ;
#586 = ORIENTED_EDGE ( 'NONE', *, *, #2127, .F. ) ;
#587 = DIRECTION ( 'NONE',  ( -1.000000000000000000, 0.000000000000000000, -0.000000000000000000 ) ) ;
#588 = DIRECTION ( 'NONE',  ( -0.000000000000000000, -0.000000000000000000, -1.000000000000000000 ) ) ;
#589 = EDGE_CURVE ( 'NONE', #3564, #1968, #2638, .T. ) ;
#590 = EDGE_CURVE ( 'NONE', #1945, #1249, #3812, .T. ) ;
#591 = DIRECTION ( 'NONE',  ( 1.000000000000000000, 0.000000000000000000, 0.000000000000000000 ) ) ;
#592 = EDGE_LOOP ( 'NONE', ( #3906, #3900, #2133, #1609 ) ) ;
#593 = DIRECTION ( 'NONE',  ( -0.000000000000000000, 1.000000000000000000, 0.000000000000000000 ) ) ;
#594 = CARTESIAN_POINT ( 'NONE',  ( 19.75000000000001776, -24.75000000000000000, 54.64213562373092969 ) ) ;
#595 = EDGE_LOOP ( 'NONE', ( #3656, #1375, #461, #2174 ) ) ;
#596 = EDGE_CURVE ( 'NONE', #3336, #4383, #4281, .T. ) ;
#597 = FACE_OUTER_BOUND ( 'NONE', #1192, .T. ) ;
#598 = ORIENTED_EDGE ( 'NONE', *, *, #1139, .F. ) ;
#599 = ORIENTED_EDGE ( 'NONE', *, *, #2020, .F. ) ;
#600 = DIRECTION ( 'NONE',  ( -1.000000000000000000, 0.000000000000000000, 0.000000000000000000 ) ) ;
#601 = CARTESIAN_POINT ( 'NONE',  ( 25.44999999999999929, 14.50000000000000888, 42.70000000000000284 ) ) ;
#602 = ORIENTED_EDGE ( 'NONE', *, *, #644, .T. ) ;
#603 = ORIENTED_EDGE ( 'NONE', *, *, #4130, .T. ) ;
#604 = DIRECTION ( 'NONE',  ( -0.000000000000000000, -0.000000000000000000, -1.000000000000000000 ) ) ;
#605 = CARTESIAN_POINT ( 'NONE',  ( -23.57499999999999929, 23.57499999999999929, 45.50000000000000000 ) ) ;
#606 = ORIENTED_EDGE ( 'NONE', *, *, #1911, .T. ) ;
#607 = DIRECTION ( 'NONE',  ( 0.000000000000000000, 0.000000000000000000, 1.000000000000000000 ) ) ;
#608 = CARTESIAN_POINT ( 'NONE',  ( 19.75000000000001776, 24.75000000000000000, 40.50000000000000000 ) ) ;
#609 = DIRECTION ( 'NONE',  ( 1.000000000000000000, 0.000000000000000000, 0.000000000000000000 ) ) ;
#610 = CARTESIAN_POINT ( 'NONE',  ( 28.19999999999999929, 17.75000000000000711, 40.50000000000000000 ) ) ;
#611 = ORIENTED_EDGE ( 'NONE', *, *, #2313, .T. ) ;
#612 = LINE ( 'NONE', #267, #2428 ) ;
#613 = DIRECTION ( 'NONE',  ( -1.000000000000000000, 0.000000000000000000, 0.000000000000000000 ) ) ;
#614 = ADVANCED_FACE ( 'NONE', ( #1216 ), #2181, .F. ) ;
#615 = ADVANCED_FACE ( 'NONE', ( #2247 ), #3250, .F. ) ;
#616 = PLANE ( 'NONE',  #483 ) ;
#617 = ORIENTED_EDGE ( 'NONE', *, *, #669, .F. ) ;
#618 = EDGE_CURVE ( 'NONE', #331, #503, #168, .T. ) ;
#619 = ORIENTED_EDGE ( 'NONE', *, *, #3098, .T. ) ;
#620 = DIRECTION ( 'NONE',  ( -0.000000000000000000, -0.000000000000000000, 1.000000000000000000 ) ) ;
#621 = CARTESIAN_POINT ( 'NONE',  ( -25.05000000000000071, 14.90000000000000924, 41.20000000000000284 ) ) ;
#622 = VERTEX_POINT ( 'NONE', #2566 ) ;
#623 = CARTESIAN_POINT ( 'NONE',  ( 21.07499999999999929, 23.57500000000000639, 45.50000000000000000 ) ) ;
#624 = DIRECTION ( 'NONE',  ( 1.000000000000000000, 0.000000000000000000, 0.000000000000000000 ) ) ;
#625 = VECTOR ( 'NONE', #1243, 1000.000000000000000 ) ;
#626 = CARTESIAN_POINT ( 'NONE',  ( -24.19999999999999929, -14.90000000000000924, 41.20000000000000284 ) ) ;
#627 = ORIENTED_EDGE ( 'NONE', *, *, #3421, .F. ) ;
#628 = CARTESIAN_POINT ( 'NONE',  ( 25.44999999999999929, -11.25000000000001066, 40.50000000000000000 ) ) ;
#629 = DIRECTION ( 'NONE',  ( -1.000000000000000000, 0.000000000000000000, 0.000000000000000000 ) ) ;
#630 = DIRECTION ( 'NONE',  ( 0.000000000000000000, 1.000000000000000000, 0.000000000000000000 ) ) ;
#631 = LINE ( 'NONE', #3065, #1786 ) ;
#632 = ORIENTED_EDGE ( 'NONE', *, *, #3152, .T. ) ;
#633 = CARTESIAN_POINT ( 'NONE',  ( -23.80000000000000071, 14.50000000000000888, 42.70000000000000284 ) ) ;
#634 = LINE ( 'NONE', #4380, #1937 ) ;
#635 = DIRECTION ( 'NONE',  ( 0.000000000000000000, 0.000000000000000000, 1.000000000000000000 ) ) ;
#636 = ORIENTED_EDGE ( 'NONE', *, *, #1966, .T. ) ;
#637 = CIRCLE ( 'NONE', #4360, 5.000000000000000000 ) ;
#638 = ORIENTED_EDGE ( 'NONE', *, *, #2797, .F. ) ;
#639 = PLANE ( 'NONE',  #873 ) ;
#640 = VECTOR ( 'NONE', #2039, 1000.000000000000000 ) ;
#641 = CARTESIAN_POINT ( 'NONE',  ( -1.449137674618943272, 2.825000000000000178, 66.99999999999998579 ) ) ;
#642 = VECTOR ( 'NONE', #2898, 1000.000000000000000 ) ;
#643 = ADVANCED_FACE ( 'NONE', ( #2199 ), #1838, .T. ) ;
#644 = EDGE_CURVE ( 'NONE', #2937, #1848, #466, .T. ) ;
#645 = CIRCLE ( 'NONE', #4367, 0.5000000000000004441 ) ;
#646 = VERTEX_POINT ( 'NONE', #4329 ) ;
#647 = DIRECTION ( 'NONE',  ( -0.000000000000000000, 0.000000000000000000, -1.000000000000000000 ) ) ;
#648 = AXIS2_PLACEMENT_3D ( 'NONE', #1091, #2853, #3156 ) ;
#649 = AXIS2_PLACEMENT_3D ( 'NONE', #455, #1826, #101 ) ;
#650 = ADVANCED_FACE ( 'NONE', ( #493 ), #1573, .F. ) ;
#651 = CARTESIAN_POINT ( 'NONE',  ( -25.85000000000000142, -14.90000000000000924, 41.20000000000000284 ) ) ;
#652 = ORIENTED_EDGE ( 'NONE', *, *, #1690, .T. ) ;
#653 = AXIS2_PLACEMENT_3D ( 'NONE', #3384, #309, #2392 ) ;
#654 = CARTESIAN_POINT ( 'NONE',  ( -26.07499999999999574, 23.57499999999999929, 45.50000000000000000 ) ) ;
#655 = VECTOR ( 'NONE', #2055, 1000.000000000000000 ) ;
#656 = CARTESIAN_POINT ( 'NONE',  ( -28.19999999999999929, -11.25000000000001243, 45.50000000000000000 ) ) ;
#657 = PLANE ( 'NONE',  #413 ) ;
#658 = EDGE_LOOP ( 'NONE', ( #4275, #3622, #3651, #2578, #1676, #2352, #3148, #676, #3147, #2674, #91, #2070 ) ) ;
#659 = LINE ( 'NONE', #2049, #3367 ) ;
#660 = DIRECTION ( 'NONE',  ( 1.000000000000000000, 0.000000000000000000, 0.000000000000000000 ) ) ;
#661 = VECTOR ( 'NONE', #620, 1000.000000000000000 ) ;
#662 = CARTESIAN_POINT ( 'NONE',  ( 28.19999999999999929, -28.19999999999999929, -40.50000000000000000 ) ) ;
#663 = ORIENTED_EDGE ( 'NONE', *, *, #2279, .F. ) ;
#664 = VERTEX_POINT ( 'NONE', #1535 ) ;
#665 = DIRECTION ( 'NONE',  ( -1.000000000000000000, -0.000000000000000000, -0.000000000000000000 ) ) ;
#666 = DIRECTION ( 'NONE',  ( 0.000000000000000000, 0.000000000000000000, 1.000000000000000000 ) ) ;
#667 = DIRECTION ( 'NONE',  ( -1.000000000000000000, 0.000000000000000000, 0.000000000000000000 ) ) ;
#668 = CYLINDRICAL_SURFACE ( 'NONE', #3532, 19.00000000000000000 ) ;
#669 = EDGE_CURVE ( 'NONE', #770, #1426, #3962, .T. ) ;
#670 = ADVANCED_FACE ( 'NONE', ( #854 ), #541, .F. ) ;
#671 = CARTESIAN_POINT ( 'NONE',  ( -26.70000000000000284, 14.10000000000001030, 42.70000000000000284 ) ) ;
#672 = LINE ( 'NONE', #1162, #4218 ) ;
#673 = ORIENTED_EDGE ( 'NONE', *, *, #445, .T. ) ;
#674 = DIRECTION ( 'NONE',  ( -1.000000000000000000, 2.168404344971012812E-15, 0.000000000000000000 ) ) ;
#675 = LINE ( 'NONE', #1959, #1376 ) ;
#676 = ORIENTED_EDGE ( 'NONE', *, *, #3779, .F. ) ;
#677 = EDGE_CURVE ( 'NONE', #1841, #980, #3579, .T. ) ;
#678 = DIRECTION ( 'NONE',  ( -0.000000000000000000, -0.000000000000000000, -1.000000000000000000 ) ) ;
#679 = CARTESIAN_POINT ( 'NONE',  ( 0.000000000000000000, 0.000000000000000000, 45.50000000000000000 ) ) ;
#680 = ORIENTED_EDGE ( 'NONE', *, *, #3705, .F. ) ;
#681 = LINE ( 'NONE', #4379, #2871 ) ;
#682 = DIRECTION ( 'NONE',  ( 4.081702296416008108E-15, -1.000000000000000000, 0.000000000000000000 ) ) ;
#683 = PLANE ( 'NONE',  #1490 ) ;
#684 = ORIENTED_EDGE ( 'NONE', *, *, #2896, .T. ) ;
#685 = EDGE_LOOP ( 'NONE', ( #1580, #1487, #3186, #636 ) ) ;
#686 = DIRECTION ( 'NONE',  ( -0.000000000000000000, 1.000000000000000000, 0.000000000000000000 ) ) ;
#687 = DIRECTION ( 'NONE',  ( -0.000000000000000000, -0.000000000000000000, -1.000000000000000000 ) ) ;
#688 = DIRECTION ( 'NONE',  ( -0.000000000000000000, -0.000000000000000000, -1.000000000000000000 ) ) ;
#689 = CARTESIAN_POINT ( 'NONE',  ( -25.05000000000000426, -14.10000000000001030, 41.20000000000000284 ) ) ;
#690 = EDGE_CURVE ( 'NONE', #1491, #324, #3022, .T. ) ;
#691 = CARTESIAN_POINT ( 'NONE',  ( -26.70000000000000284, 14.10000000000001030, 42.70000000000000284 ) ) ;
#692 = EDGE_LOOP ( 'NONE', ( #2396, #1300, #1026, #3611 ) ) ;
#693 = ORIENTED_EDGE ( 'NONE', *, *, #2021, .F. ) ;
#694 = PLANE ( 'NONE',  #2877 ) ;
#695 = ORIENTED_EDGE ( 'NONE', *, *, #4201, .T. ) ;
#696 = LINE ( 'NONE', #2729, #2454 ) ;
#697 = EDGE_CURVE ( 'NONE', #34, #3382, #1510, .T. ) ;
#698 = ADVANCED_FACE ( 'NONE', ( #1174 ), #944, .T. ) ;
#699 = CARTESIAN_POINT ( 'NONE',  ( 19.27300264743538705, -27.19999999999999929, 40.50000000000000000 ) ) ;
#700 = VERTEX_POINT ( 'NONE', #2548 ) ;
#701 = DIRECTION ( 'NONE',  ( -0.000000000000000000, -0.000000000000000000, -1.000000000000000000 ) ) ;
#702 = AXIS2_PLACEMENT_3D ( 'NONE', #92, #1215, #1480 ) ;
#703 = CARTESIAN_POINT ( 'NONE',  ( 27.59999999999999787, 14.50000000000000888, 42.70000000000000284 ) ) ;
#704 = AXIS2_PLACEMENT_3D ( 'NONE', #2210, #3653, #570 ) ;
#705 = LINE ( 'NONE', #1760, #3935 ) ;
#706 = ORIENTED_EDGE ( 'NONE', *, *, #336, .F. ) ;
#707 = ORIENTED_EDGE ( 'NONE', *, *, #2490, .F. ) ;
#708 = CARTESIAN_POINT ( 'NONE',  ( 24.19999999999999929, -24.19999999999999929, 45.50000000000000000 ) ) ;
#709 = CARTESIAN_POINT ( 'NONE',  ( 25.85000000000000142, 15.75000000000001066, 41.20000000000000284 ) ) ;
#710 = CIRCLE ( 'NONE', #3300, 19.00000000000000000 ) ;
#711 = DIRECTION ( 'NONE',  ( 0.000000000000000000, 0.000000000000000000, -1.000000000000000000 ) ) ;
#712 = DIRECTION ( 'NONE',  ( 1.000000000000000000, 0.000000000000000000, 0.000000000000000000 ) ) ;
#713 = AXIS2_PLACEMENT_3D ( 'NONE', #3758, #3879, #3422 ) ;
#714 = AXIS2_PLACEMENT_3D ( 'NONE', #2475, #3842, #3506 ) ;
#715 =( LENGTH_UNIT ( ) NAMED_UNIT ( * ) SI_UNIT ( .MILLI., .METRE. ) );
#716 = VECTOR ( 'NONE', #910, 1000.000000000000000 ) ;
#717 = VERTEX_POINT ( 'NONE', #2688 ) ;
#718 = ORIENTED_EDGE ( 'NONE', *, *, #475, .F. ) ;
#719 = LINE ( 'NONE', #352, #1088 ) ;
#720 = AXIS2_PLACEMENT_3D ( 'NONE', #224, #1538, #2228 ) ;
#721 = ORIENTED_EDGE ( 'NONE', *, *, #1257, .T. ) ;
#722 = CARTESIAN_POINT ( 'NONE',  ( 21.07499999999999929, -23.57500000000000639, 40.50000000000000000 ) ) ;
#723 = CIRCLE ( 'NONE', #3877, 2.149999999999999023 ) ;
#724 = AXIS2_PLACEMENT_3D ( 'NONE', #708, #3122, #341 ) ;
#725 = DIRECTION ( 'NONE',  ( 1.000000000000000000, -4.081702296416008108E-15, 0.000000000000000000 ) ) ;
#726 = VERTEX_POINT ( 'NONE', #2026 ) ;
#727 = FACE_OUTER_BOUND ( 'NONE', #1222, .T. ) ;
#728 = CARTESIAN_POINT ( 'NONE',  ( -25.44999999999999929, 17.75000000000000711, 40.50000000000000000 ) ) ;
#729 = VECTOR ( 'NONE', #4301, 1000.000000000000000 ) ;
#730 = EDGE_CURVE ( 'NONE', #1436, #2400, #3672, .T. ) ;
#731 = EDGE_CURVE ( 'NONE', #3336, #528, #2090, .T. ) ;
#732 = DIRECTION ( 'NONE',  ( -0.000000000000000000, -0.000000000000000000, -1.000000000000000000 ) ) ;
#733 = ORIENTED_EDGE ( 'NONE', *, *, #4423, .T. ) ;
#734 = CIRCLE ( 'NONE', #4381, 1.649999999999998579 ) ;
#735 = ORIENTED_EDGE ( 'NONE', *, *, #1986, .F. ) ;
#736 = CARTESIAN_POINT ( 'NONE',  ( -25.85000000000000142, 15.75000000000001066, 42.70000000000000284 ) ) ;
#737 = LINE ( 'NONE', #756, #3525 ) ;
#738 = ADVANCED_FACE ( 'NONE', ( #326 ), #2727, .F. ) ;
#739 = CARTESIAN_POINT ( 'NONE',  ( 24.75000000000000000, 24.75000000000000000, 54.64213562373092969 ) ) ;
#740 = LINE ( 'NONE', #40, #1366 ) ;
#741 = ORIENTED_EDGE ( 'NONE', *, *, #834, .F. ) ;
#742 = VERTEX_POINT ( 'NONE', #608 ) ;
#743 = DIRECTION ( 'NONE',  ( 1.224646799147353207E-16, 1.000000000000000000, -0.000000000000000000 ) ) ;
#744 = EDGE_LOOP ( 'NONE', ( #539, #4318, #3832, #1119 ) ) ;
#745 = DIRECTION ( 'NONE',  ( 1.000000000000000000, 0.000000000000000000, 0.000000000000000000 ) ) ;
#746 = DIRECTION ( 'NONE',  ( 0.000000000000000000, -1.000000000000000000, -0.000000000000000000 ) ) ;
#747 = ORIENTED_EDGE ( 'NONE', *, *, #2655, .F. ) ;
#748 = CARTESIAN_POINT ( 'NONE',  ( 25.44999999999999929, 17.75000000000000711, 45.50000000000000000 ) ) ;
#749 = DIRECTION ( 'NONE',  ( -1.000000000000000000, 0.000000000000000000, 0.000000000000000000 ) ) ;
#750 = DIRECTION ( 'NONE',  ( 1.000000000000000000, 0.000000000000000000, 0.000000000000000000 ) ) ;
#751 = ORIENTED_EDGE ( 'NONE', *, *, #3177, .F. ) ;
#752 = EDGE_CURVE ( 'NONE', #543, #700, #3319, .T. ) ;
#753 = DIRECTION ( 'NONE',  ( -0.000000000000000000, -0.000000000000000000, -1.000000000000000000 ) ) ;
#754 = ORIENTED_EDGE ( 'NONE', *, *, #1576, .T. ) ;
#755 = CARTESIAN_POINT ( 'NONE',  ( -25.05000000000000071, 14.90000000000000924, 42.70000000000000284 ) ) ;
#756 = CARTESIAN_POINT ( 'NONE',  ( -3.174999999999999822, 0.000000000000000000, 66.99999999999998579 ) ) ;
#757 = EDGE_CURVE ( 'NONE', #350, #4404, #3043, .T. ) ;
#758 = EDGE_CURVE ( 'NONE', #4324, #3411, #2754, .T. ) ;
#759 = CARTESIAN_POINT ( 'NONE',  ( -27.59999999999999787, -14.50000000000000888, 40.50000000000000000 ) ) ;
#760 = DIRECTION ( 'NONE',  ( 0.000000000000000000, 1.000000000000000000, 0.000000000000000000 ) ) ;
#761 = ORIENTED_EDGE ( 'NONE', *, *, #778, .T. ) ;
#762 = DIRECTION ( 'NONE',  ( -1.000000000000000000, -0.000000000000000000, -0.000000000000000000 ) ) ;
#763 = ORIENTED_EDGE ( 'NONE', *, *, #1434, .T. ) ;
#764 = DIRECTION ( 'NONE',  ( -0.000000000000000000, -0.000000000000000000, -1.000000000000000000 ) ) ;
#765 = ORIENTED_EDGE ( 'NONE', *, *, #4018, .T. ) ;
#766 = DIRECTION ( 'NONE',  ( 1.000000000000000000, 0.000000000000000000, 0.000000000000000000 ) ) ;
#767 = FACE_OUTER_BOUND ( 'NONE', #150, .T. ) ;
#768 = CARTESIAN_POINT ( 'NONE',  ( -28.19999999999999929, 0.000000000000000000, 0.000000000000000000 ) ) ;
#769 = VECTOR ( 'NONE', #969, 1000.000000000000000 ) ;
#770 = VERTEX_POINT ( 'NONE', #991 ) ;
#771 = PLANE ( 'NONE',  #4443 ) ;
#772 = ORIENTED_EDGE ( 'NONE', *, *, #3779, .T. ) ;
#773 = CARTESIAN_POINT ( 'NONE',  ( -28.19999999999999929, -24.19999999999999929, 45.50000000000000000 ) ) ;
#774 = CIRCLE ( 'NONE', #2501, 0.5000000000000004441 ) ;
#775 = DIRECTION ( 'NONE',  ( -0.000000000000000000, -0.000000000000000000, -1.000000000000000000 ) ) ;
#776 = DIRECTION ( 'NONE',  ( -0.000000000000000000, -0.000000000000000000, -1.000000000000000000 ) ) ;
#777 = EDGE_CURVE ( 'NONE', #1323, #4120, #4373, .T. ) ;
#778 = EDGE_CURVE ( 'NONE', #331, #3286, #3693, .T. ) ;
#779 = ORIENTED_EDGE ( 'NONE', *, *, #3064, .T. ) ;
#780 = AXIS2_PLACEMENT_3D ( 'NONE', #1684, #1285, #1956 ) ;
#781 = CARTESIAN_POINT ( 'NONE',  ( 25.05000000000000071, 14.90000000000000924, 42.70000000000000284 ) ) ;
#782 = ORIENTED_EDGE ( 'NONE', *, *, #3145, .T. ) ;
#783 = LINE ( 'NONE', #3826, #2741 ) ;
#784 = AXIS2_PLACEMENT_3D ( 'NONE', #1412, #1728, #712 ) ;
#785 = EDGE_CURVE ( 'NONE', #879, #4384, #1644, .T. ) ;
#786 = FACE_OUTER_BOUND ( 'NONE', #2918, .T. ) ;
#787 = ORIENTED_EDGE ( 'NONE', *, *, #1724, .T. ) ;
#788 = VECTOR ( 'NONE', #3853, 1000.000000000000000 ) ;
#789 = DIRECTION ( 'NONE',  ( 0.000000000000000000, 0.000000000000000000, 1.000000000000000000 ) ) ;
#790 = AXIS2_PLACEMENT_3D ( 'NONE', #1747, #3123, #3816 ) ;
#791 = AXIS2_PLACEMENT_3D ( 'NONE', #2072, #293, #2759 ) ;
#792 = DIRECTION ( 'NONE',  ( -0.000000000000000000, -0.000000000000000000, 1.000000000000000000 ) ) ;
#793 = EDGE_LOOP ( 'NONE', ( #1327, #1825, #559, #1342 ) ) ;
#794 = DIRECTION ( 'NONE',  ( 0.000000000000000000, -0.000000000000000000, -1.000000000000000000 ) ) ;
#795 = AXIS2_PLACEMENT_3D ( 'NONE', #2045, #4047, #1999 ) ;
#796 = VECTOR ( 'NONE', #1474, 1000.000000000000000 ) ;
#797 = EDGE_LOOP ( 'NONE', ( #3945, #1588, #3052, #779 ) ) ;
#798 = CARTESIAN_POINT ( 'NONE',  ( -1.449137674618943272, 2.825000000000000178, 66.99999999999998579 ) ) ;
#799 = CIRCLE ( 'NONE', #4107, 4.999999999999990230 ) ;
#800 = CARTESIAN_POINT ( 'NONE',  ( 25.44999999999999929, 11.25000000000001066, 45.50000000000000000 ) ) ;
#801 = LINE ( 'NONE', #3549, #872 ) ;
#802 = DIRECTION ( 'NONE',  ( 1.000000000000000000, 0.000000000000000000, 0.000000000000000000 ) ) ;
#803 = EDGE_LOOP ( 'NONE', ( #915, #3516, #3662, #173, #423, #3130, #3296, #2457, #4187, #606, #1462, #251 ) ) ;
#804 = ADVANCED_FACE ( 'NONE', ( #240 ), #3425, .F. ) ;
#805 = EDGE_CURVE ( 'NONE', #547, #3854, #1978, .T. ) ;
#806 = DIRECTION ( 'NONE',  ( 0.000000000000000000, 0.000000000000000000, -1.000000000000000000 ) ) ;
#807 = ORIENTED_EDGE ( 'NONE', *, *, #1060, .T. ) ;
#808 = DIRECTION ( 'NONE',  ( -0.000000000000000000, -0.000000000000000000, 1.000000000000000000 ) ) ;
#809 = DIRECTION ( 'NONE',  ( 0.000000000000000000, 1.000000000000000000, 0.000000000000000000 ) ) ;
#810 = VERTEX_POINT ( 'NONE', #2662 ) ;
#811 = LINE ( 'NONE', #1193, #2849 ) ;
#812 = ADVANCED_FACE ( 'NONE', ( #4394 ), #1350, .F. ) ;
#813 = CARTESIAN_POINT ( 'NONE',  ( -21.07499999999999929, 23.57499999999999929, 45.50000000000000000 ) ) ;
#814 = LINE ( 'NONE', #882, #563 ) ;
#815 = EDGE_LOOP ( 'NONE', ( #454, #524 ) ) ;
#816 = EDGE_CURVE ( 'NONE', #4270, #2560, #1732, .T. ) ;
#817 = CARTESIAN_POINT ( 'NONE',  ( -28.19999999999999929, 17.75000000000000711, 45.50000000000000000 ) ) ;
#818 = ORIENTED_EDGE ( 'NONE', *, *, #2345, .T. ) ;
#819 = CARTESIAN_POINT ( 'NONE',  ( 25.05000000000000426, -14.10000000000001030, 41.20000000000000284 ) ) ;
#820 = CARTESIAN_POINT ( 'NONE',  ( 25.85000000000000142, 13.25000000000001243, 41.20000000000000284 ) ) ;
#821 = ORIENTED_EDGE ( 'NONE', *, *, #4109, .T. ) ;
#822 = CARTESIAN_POINT ( 'NONE',  ( 25.85000000000000142, 14.10000000000001030, 42.70000000000000284 ) ) ;
#823 = DIRECTION ( 'NONE',  ( 1.000000000000000000, 0.000000000000000000, 0.000000000000000000 ) ) ;
#824 = CARTESIAN_POINT ( 'NONE',  ( 24.75000000000000000, -24.75000000000000000, -40.50000000000000000 ) ) ;
#825 = ORIENTED_EDGE ( 'NONE', *, *, #2288, .F. ) ;
#826 = DIRECTION ( 'NONE',  ( -1.000000000000000000, 0.000000000000000000, 0.000000000000000000 ) ) ;
#827 = ORIENTED_EDGE ( 'NONE', *, *, #833, .F. ) ;
#828 = CARTESIAN_POINT ( 'NONE',  ( 25.85000000000000142, 14.90000000000000924, 41.20000000000000284 ) ) ;
#829 = CARTESIAN_POINT ( 'NONE',  ( 23.57499999999999929, -23.57500000000000639, 40.50000000000000000 ) ) ;
#830 = ORIENTED_EDGE ( 'NONE', *, *, #1911, .F. ) ;
#831 = CARTESIAN_POINT ( 'NONE',  ( 25.85000000000000142, -13.25000000000001243, 41.20000000000000284 ) ) ;
#832 = DIRECTION ( 'NONE',  ( 0.000000000000000000, -1.000000000000000000, 0.000000000000000000 ) ) ;
#833 = EDGE_CURVE ( 'NONE', #2206, #1312, #3598, .T. ) ;
#834 = EDGE_CURVE ( 'NONE', #3113, #3781, #3061, .T. ) ;
#835 = FILL_AREA_STYLE ('',( #2226 ) ) ;
#836 = ORIENTED_EDGE ( 'NONE', *, *, #949, .F. ) ;
#837 = CARTESIAN_POINT ( 'NONE',  ( -1.449137674618943272, 2.825000000000000178, 66.99999999999998579 ) ) ;
#838 = ORIENTED_EDGE ( 'NONE', *, *, #3320, .T. ) ;
#839 = CARTESIAN_POINT ( 'NONE',  ( 23.80000000000000071, 14.50000000000000888, 42.20000000000000284 ) ) ;
#840 = EDGE_CURVE ( 'NONE', #4224, #3654, #4090, .T. ) ;
#841 = CARTESIAN_POINT ( 'NONE',  ( -25.05000000000000071, -14.90000000000000924, 42.70000000000000284 ) ) ;
#842 = ORIENTED_EDGE ( 'NONE', *, *, #4455, .F. ) ;
#843 = CIRCLE ( 'NONE', #2567, 2.149999999999999023 ) ;
#844 = DIRECTION ( 'NONE',  ( 0.000000000000000000, 1.000000000000000000, 0.000000000000000000 ) ) ;
#845 = DIRECTION ( 'NONE',  ( 0.000000000000000000, 0.000000000000000000, -1.000000000000000000 ) ) ;
#846 = VERTEX_POINT ( 'NONE', #3761 ) ;
#847 = PLANE ( 'NONE',  #2378 ) ;
#848 = ORIENTED_EDGE ( 'NONE', *, *, #505, .F. ) ;
#849 = FACE_OUTER_BOUND ( 'NONE', #2459, .T. ) ;
#850 = DIRECTION ( 'NONE',  ( 0.000000000000000000, -0.000000000000000000, 1.000000000000000000 ) ) ;
#851 = VECTOR ( 'NONE', #2480, 1000.000000000000000 ) ;
#852 = ORIENTED_EDGE ( 'NONE', *, *, #1411, .T. ) ;
#853 = CARTESIAN_POINT ( 'NONE',  ( -23.57499999999999574, -23.57499999999999929, 40.50000000000000000 ) ) ;
#854 = FACE_OUTER_BOUND ( 'NONE', #26, .T. ) ;
#855 = VECTOR ( 'NONE', #103, 1000.000000000000000 ) ;
#856 = DIRECTION ( 'NONE',  ( -0.000000000000000000, -0.000000000000000000, -1.000000000000000000 ) ) ;
#857 = ORIENTED_EDGE ( 'NONE', *, *, #1363, .F. ) ;
#858 = AXIS2_PLACEMENT_3D ( 'NONE', #3618, #1497, #2239 ) ;
#859 = DIRECTION ( 'NONE',  ( 1.000000000000000000, -0.000000000000000000, 0.000000000000000000 ) ) ;
#860 = EDGE_CURVE ( 'NONE', #3299, #1884, #675, .T. ) ;
#861 = EDGE_CURVE ( 'NONE', #1484, #553, #1308, .T. ) ;
#862 = ORIENTED_EDGE ( 'NONE', *, *, #590, .T. ) ;
#863 = DIRECTION ( 'NONE',  ( 1.000000000000000000, -0.000000000000000000, -0.000000000000000000 ) ) ;
#864 = AXIS2_PLACEMENT_3D ( 'NONE', #3091, #4122, #245 ) ;
#865 = DIRECTION ( 'NONE',  ( 1.000000000000000000, 0.000000000000000000, 0.000000000000000000 ) ) ;
#866 = ORIENTED_EDGE ( 'NONE', *, *, #2346, .F. ) ;
#867 = VECTOR ( 'NONE', #3149, 1000.000000000000000 ) ;
#868 = CIRCLE ( 'NONE', #724, 4.000000000000000000 ) ;
#869 = ORIENTED_EDGE ( 'NONE', *, *, #3100, .T. ) ;
#870 = DIRECTION ( 'NONE',  ( -0.000000000000000000, 1.000000000000000000, -0.000000000000000000 ) ) ;
#871 = DIRECTION ( 'NONE',  ( 1.000000000000000000, 0.000000000000000000, 0.000000000000000000 ) ) ;
#872 = VECTOR ( 'NONE', #3209, 1000.000000000000000 ) ;
#873 = AXIS2_PLACEMENT_3D ( 'NONE', #2717, #2256, #1614 ) ;
#874 = EDGE_LOOP ( 'NONE', ( #1281, #1397, #435, #3828 ) ) ;
#875 = DIRECTION ( 'NONE',  ( -0.000000000000000000, 1.000000000000000000, -0.000000000000000000 ) ) ;
#876 = VERTEX_POINT ( 'NONE', #1438 ) ;
#877 = CARTESIAN_POINT ( 'NONE',  ( -1.449137674618943272, 2.825000000000000178, 47.09999999999999432 ) ) ;
#878 = PLANE ( 'NONE',  #1790 ) ;
#879 = VERTEX_POINT ( 'NONE', #1476 ) ;
#880 = CARTESIAN_POINT ( 'NONE',  ( 24.75000000000000000, 24.75000000000000000, -40.50000000000000000 ) ) ;
#881 = CARTESIAN_POINT ( 'NONE',  ( 21.07499999999999929, -23.57500000000000639, 45.50000000000000000 ) ) ;
#882 = CARTESIAN_POINT ( 'NONE',  ( 20.18583553952948861, -26.79166666666666430, 54.64213562373092969 ) ) ;
#883 = ORIENTED_EDGE ( 'NONE', *, *, #2443, .T. ) ;
#884 = CARTESIAN_POINT ( 'NONE',  ( 28.19999999999999929, -28.19999999999999929, 40.50000000000000000 ) ) ;
#885 = EDGE_LOOP ( 'NONE', ( #6, #3571, #862, #4226 ) ) ;
#886 = DIRECTION ( 'NONE',  ( -0.000000000000000000, -1.000000000000000000, -0.000000000000000000 ) ) ;
#887 = EDGE_CURVE ( 'NONE', #2873, #2704, #2412, .T. ) ;
#888 = DIRECTION ( 'NONE',  ( -0.000000000000000000, -1.000000000000000000, -0.000000000000000000 ) ) ;
#889 = EDGE_LOOP ( 'NONE', ( #3788, #3339, #3357, #663 ) ) ;
#890 = ORIENTED_EDGE ( 'NONE', *, *, #3613, .F. ) ;
#891 = LINE ( 'NONE', #1164, #498 ) ;
#892 = ADVANCED_FACE ( 'NONE', ( #2129 ), #3131, .F. ) ;
#893 = ADVANCED_FACE ( 'NONE', ( #4117 ), #1398, .F. ) ;
#894 = EDGE_LOOP ( 'NONE', ( #1583, #3059, #3138, #1915 ) ) ;
#895 = DIRECTION ( 'NONE',  ( 1.000000000000000000, 0.000000000000000000, 0.000000000000000000 ) ) ;
#896 = ORIENTED_EDGE ( 'NONE', *, *, #1442, .T. ) ;
#897 = CARTESIAN_POINT ( 'NONE',  ( 19.27300264743538705, 27.19999999999999929, -40.50000000000000000 ) ) ;
#898 = DIRECTION ( 'NONE',  ( -0.000000000000000000, -0.000000000000000000, 1.000000000000000000 ) ) ;
#899 = ORIENTED_EDGE ( 'NONE', *, *, #757, .F. ) ;
#900 = LINE ( 'NONE', #117, #625 ) ;
#901 = CARTESIAN_POINT ( 'NONE',  ( 28.19999999999999929, 17.75000000000000711, 45.50000000000000000 ) ) ;
#902 = CARTESIAN_POINT ( 'NONE',  ( -25.44999999999999929, -14.50000000000000888, 40.50000000000000000 ) ) ;
#903 = ORIENTED_EDGE ( 'NONE', *, *, #2319, .F. ) ;
#904 = DIRECTION ( 'NONE',  ( -0.000000000000000000, -0.000000000000000000, -1.000000000000000000 ) ) ;
#905 = ORIENTED_EDGE ( 'NONE', *, *, #3803, .T. ) ;
#906 = PLANE ( 'NONE',  #918 ) ;
#907 = ORIENTED_EDGE ( 'NONE', *, *, #393, .T. ) ;
#908 = VERTEX_POINT ( 'NONE', #2152 ) ;
#909 = CARTESIAN_POINT ( 'NONE',  ( 20.18583553952948861, -26.79166666666666430, 40.50000000000000000 ) ) ;
#910 = DIRECTION ( 'NONE',  ( -0.000000000000000000, -0.000000000000000000, 1.000000000000000000 ) ) ;
#911 = CIRCLE ( 'NONE', #3858, 4.999999999999984013 ) ;
#912 = CARTESIAN_POINT ( 'NONE',  ( -25.05000000000000071, 14.90000000000000924, 41.20000000000000284 ) ) ;
#913 = DIRECTION ( 'NONE',  ( -1.000000000000000000, 0.000000000000000000, 0.000000000000000000 ) ) ;
#914 = ADVANCED_FACE ( 'NONE', ( #3780 ), #363, .T. ) ;
#915 = ORIENTED_EDGE ( 'NONE', *, *, #2916, .T. ) ;
#916 = ADVANCED_FACE ( 'NONE', ( #3800 ), #694, .F. ) ;
#917 = FACE_OUTER_BOUND ( 'NONE', #2607, .T. ) ;
#918 = AXIS2_PLACEMENT_3D ( 'NONE', #820, #2188, #1847 ) ;
#919 = CARTESIAN_POINT ( 'NONE',  ( 25.85000000000000142, 15.75000000000001066, 41.20000000000000284 ) ) ;
#920 = ORIENTED_EDGE ( 'NONE', *, *, #3199, .T. ) ;
#921 = CARTESIAN_POINT ( 'NONE',  ( 26.70000000000000284, 14.10000000000001030, 41.20000000000000284 ) ) ;
#922 = AXIS2_PLACEMENT_3D ( 'NONE', #1245, #469, #2953 ) ;
#923 = DIRECTION ( 'NONE',  ( -6.308085367188392213E-16, -1.000000000000000000, 0.000000000000000000 ) ) ;
#924 = ADVANCED_FACE ( 'NONE', ( #69 ), #2494, .F. ) ;
#925 = AXIS2_PLACEMENT_3D ( 'NONE', #222, #4330, #3713 ) ;
#926 = DIRECTION ( 'NONE',  ( -0.000000000000000000, -0.000000000000000000, 1.000000000000000000 ) ) ;
#927 = ORIENTED_EDGE ( 'NONE', *, *, #3721, .F. ) ;
#928 = DIRECTION ( 'NONE',  ( 0.000000000000000000, 1.000000000000000000, 0.000000000000000000 ) ) ;
#929 = CARTESIAN_POINT ( 'NONE',  ( -26.70000000000000284, -14.10000000000001030, 42.70000000000000284 ) ) ;
#930 = ORIENTED_EDGE ( 'NONE', *, *, #3124, .T. ) ;
#931 = AXIS2_PLACEMENT_3D ( 'NONE', #304, #2724, #1930 ) ;
#932 = VECTOR ( 'NONE', #2147, 1000.000000000000000 ) ;
#933 = CYLINDRICAL_SURFACE ( 'NONE', #2134, 4.000000000000000000 ) ;
#934 = ORIENTED_EDGE ( 'NONE', *, *, #2820, .F. ) ;
#935 = DIRECTION ( 'NONE',  ( 1.000000000000000000, 0.000000000000000000, 0.000000000000000000 ) ) ;
#936 = AXIS2_PLACEMENT_3D ( 'NONE', #2620, #4313, #2298 ) ;
#937 = VERTEX_POINT ( 'NONE', #3491 ) ;
#938 = DIRECTION ( 'NONE',  ( -1.000000000000000000, 0.000000000000000000, 0.000000000000000000 ) ) ;
#939 = CARTESIAN_POINT ( 'NONE',  ( -25.44999999999999929, 17.75000000000000711, 45.50000000000000000 ) ) ;
#940 = CIRCLE ( 'NONE', #791, 3.249999999999999556 ) ;
#941 = AXIS2_PLACEMENT_3D ( 'NONE', #1540, #525, #2859 ) ;
#942 = CARTESIAN_POINT ( 'NONE',  ( -25.85000000000000142, -15.75000000000001066, 41.20000000000000284 ) ) ;
#943 = CYLINDRICAL_SURFACE ( 'NONE', #947, 1.000000000000000888 ) ;
#944 = TOROIDAL_SURFACE ( 'NONE', #3027, 1.649999999999997913, 0.5000000000000000000 ) ;
#945 = ORIENTED_EDGE ( 'NONE', *, *, #4396, .F. ) ;
#946 = CARTESIAN_POINT ( 'NONE',  ( 25.44999999999999929, -14.50000000000000888, 42.70000000000000284 ) ) ;
#947 = AXIS2_PLACEMENT_3D ( 'NONE', #1280, #3056, #2383 ) ;
#948 = EDGE_CURVE ( 'NONE', #1872, #1377, #2063, .T. ) ;
#949 = EDGE_CURVE ( 'NONE', #350, #3701, #1062, .T. ) ;
#950 = FACE_OUTER_BOUND ( 'NONE', #1833, .T. ) ;
#951 = ORIENTED_EDGE ( 'NONE', *, *, #1690, .F. ) ;
#952 = CARTESIAN_POINT ( 'NONE',  ( -25.44999999999999929, 14.50000000000000888, 40.50000000000000000 ) ) ;
#953 = DIRECTION ( 'NONE',  ( -0.000000000000000000, -0.000000000000000000, 1.000000000000000000 ) ) ;
#954 = EDGE_CURVE ( 'NONE', #2774, #1517, #719, .T. ) ;
#955 = DIRECTION ( 'NONE',  ( 1.000000000000000000, 6.308085367188392213E-16, -0.000000000000000000 ) ) ;
#956 = ORIENTED_EDGE ( 'NONE', *, *, #3267, .T. ) ;
#957 = CARTESIAN_POINT ( 'NONE',  ( 25.05000000000000071, -14.90000000000000924, 41.20000000000000284 ) ) ;
#958 = DIRECTION ( 'NONE',  ( 0.000000000000000000, 0.000000000000000000, 1.000000000000000000 ) ) ;
#959 = DIRECTION ( 'NONE',  ( -0.000000000000000000, -0.000000000000000000, -1.000000000000000000 ) ) ;
#960 = ORIENTED_EDGE ( 'NONE', *, *, #368, .F. ) ;
#961 = ORIENTED_EDGE ( 'NONE', *, *, #2345, .F. ) ;
#962 = CARTESIAN_POINT ( 'NONE',  ( -28.19999999999999929, 24.19999999999999929, 40.50000000000000000 ) ) ;
#963 = CARTESIAN_POINT ( 'NONE',  ( 24.75000000000000000, -24.75000000000000000, 54.64213562373092969 ) ) ;
#964 = LINE ( 'NONE', #2017, #3311 ) ;
#965 = DIRECTION ( 'NONE',  ( 1.000000000000000000, 0.000000000000000000, 0.000000000000000000 ) ) ;
#966 = FACE_OUTER_BOUND ( 'NONE', #414, .T. ) ;
#967 = CARTESIAN_POINT ( 'NONE',  ( 24.19999999999999929, 28.19999999999999929, 40.50000000000000000 ) ) ;
#968 = EDGE_LOOP ( 'NONE', ( #1745, #3431, #3400, #2752 ) ) ;
#969 = DIRECTION ( 'NONE',  ( -0.000000000000000000, -0.000000000000000000, -1.000000000000000000 ) ) ;
#970 = DIRECTION ( 'NONE',  ( 1.000000000000000000, -0.000000000000000000, -0.000000000000000000 ) ) ;
#971 = CARTESIAN_POINT ( 'NONE',  ( -25.85000000000000142, -13.25000000000001243, 41.20000000000000284 ) ) ;
#972 = FACE_OUTER_BOUND ( 'NONE', #3986, .T. ) ;
#973 = ORIENTED_EDGE ( 'NONE', *, *, #697, .T. ) ;
#974 = CARTESIAN_POINT ( 'NONE',  ( 0.000000000000000000, 0.000000000000000000, 47.09999999999999432 ) ) ;
#975 = CARTESIAN_POINT ( 'NONE',  ( 26.70000000000000284, -14.90000000000000924, 42.70000000000000284 ) ) ;
#976 = EDGE_CURVE ( 'NONE', #1809, #1718, #3473, .T. ) ;
#977 = EDGE_CURVE ( 'NONE', #1718, #513, #3173, .T. ) ;
#978 = CARTESIAN_POINT ( 'NONE',  ( -20.18583553952948151, -26.79166666666666430, 54.64213562373092969 ) ) ;
#979 = ORIENTED_EDGE ( 'NONE', *, *, #308, .F. ) ;
#980 = VERTEX_POINT ( 'NONE', #1459 ) ;
#981 = PLANE ( 'NONE',  #2388 ) ;
#982 = CYLINDRICAL_SURFACE ( 'NONE', #3808, 4.999999999999984013 ) ;
#983 = ADVANCED_FACE ( 'NONE', ( #25 ), #1415, .F. ) ;
#984 = CARTESIAN_POINT ( 'NONE',  ( 20.18583553952948861, 26.79166666666666430, 40.50000000000000000 ) ) ;
#985 = DIRECTION ( 'NONE',  ( -1.000000000000000000, 0.000000000000000000, 0.000000000000000000 ) ) ;
#986 = LINE ( 'NONE', #2750, #434 ) ;
#987 = AXIS2_PLACEMENT_3D ( 'NONE', #952, #3017, #3361 ) ;
#988 = CYLINDRICAL_SURFACE ( 'NONE', #1141, 2.499999999999998668 ) ;
#989 = EDGE_LOOP ( 'NONE', ( #4154, #404, #4195, #1753 ) ) ;
#990 = FACE_OUTER_BOUND ( 'NONE', #3862, .T. ) ;
#991 = CARTESIAN_POINT ( 'NONE',  ( 28.19999999999999929, -19.27300264743538705, -40.50000000000000000 ) ) ;
#992 = CARTESIAN_POINT ( 'NONE',  ( -25.05000000000000426, 14.10000000000001030, 42.70000000000000284 ) ) ;
#993 = CARTESIAN_POINT ( 'NONE',  ( -25.85000000000000142, 14.90000000000000924, 41.20000000000000284 ) ) ;
#994 = CIRCLE ( 'NONE', #4429, 3.249999999999999556 ) ;
#995 = ORIENTED_EDGE ( 'NONE', *, *, #127, .F. ) ;
#996 = LINE ( 'NONE', #4097, #263 ) ;
#997 = LINE ( 'NONE', #3786, #3951 ) ;
#998 = DIRECTION ( 'NONE',  ( -1.000000000000000000, 0.000000000000000000, 0.000000000000000000 ) ) ;
#999 = ORIENTED_EDGE ( 'NONE', *, *, #372, .F. ) ;
#1000 = EDGE_CURVE ( 'NONE', #3547, #1706, #2478, .T. ) ;
#1001 = EDGE_CURVE ( 'NONE', #230, #770, #3863, .T. ) ;
#1002 = AXIS2_PLACEMENT_3D ( 'NONE', #2244, #1212, #2178 ) ;
#1003 = EDGE_LOOP ( 'NONE', ( #1869, #1140, #3972, #3586 ) ) ;
#1004 = CARTESIAN_POINT ( 'NONE',  ( 25.44999999999999929, 17.75000000000000711, 45.50000000000000000 ) ) ;
#1005 = CIRCLE ( 'NONE', #3745, 4.999999999999984013 ) ;
#1006 = CARTESIAN_POINT ( 'NONE',  ( -20.27300264743537639, -27.19999999999999929, -40.50000000000000000 ) ) ;
#1007 = CIRCLE ( 'NONE', #3307, 1.649999999999998579 ) ;
#1008 = VECTOR ( 'NONE', #1356, 1000.000000000000000 ) ;
#1009 = ADVANCED_FACE ( 'NONE', ( #416 ), #2830, .F. ) ;
#1010 = LINE ( 'NONE', #3833, #126 ) ;
#1011 = VECTOR ( 'NONE', #2627, 1000.000000000000000 ) ;
#1012 = FACE_OUTER_BOUND ( 'NONE', #121, .T. ) ;
#1013 = DIRECTION ( 'NONE',  ( -0.000000000000000000, -0.000000000000000000, -1.000000000000000000 ) ) ;
#1014 = VECTOR ( 'NONE', #2901, 1000.000000000000000 ) ;
#1015 = AXIS2_PLACEMENT_3D ( 'NONE', #4093, #1023, #609 ) ;
#1016 = CARTESIAN_POINT ( 'NONE',  ( 25.85000000000000142, -15.75000000000001066, 41.20000000000000284 ) ) ;
#1017 = VERTEX_POINT ( 'NONE', #3638 ) ;
#1018 = AXIS2_PLACEMENT_3D ( 'NONE', #4442, #4349, #2360 ) ;
#1019 = DIRECTION ( 'NONE',  ( -0.000000000000000000, -0.000000000000000000, 1.000000000000000000 ) ) ;
#1020 = VECTOR ( 'NONE', #1100, 1000.000000000000000 ) ;
#1021 = DIRECTION ( 'NONE',  ( -0.000000000000000000, -1.000000000000000000, -0.000000000000000000 ) ) ;
#1022 = ORIENTED_EDGE ( 'NONE', *, *, #1793, .F. ) ;
#1023 = DIRECTION ( 'NONE',  ( 0.000000000000000000, 0.000000000000000000, 1.000000000000000000 ) ) ;
#1024 = AXIS2_PLACEMENT_3D ( 'NONE', #3126, #2125, #1077 ) ;
#1025 = CARTESIAN_POINT ( 'NONE',  ( 24.75000000000000000, 24.75000000000000000, 54.64213562373092969 ) ) ;
#1026 = ORIENTED_EDGE ( 'NONE', *, *, #3778, .T. ) ;
#1027 = LINE ( 'NONE', #332, #1128 ) ;
#1028 = CARTESIAN_POINT ( 'NONE',  ( -26.70000000000000284, -14.90000000000000924, 41.20000000000000284 ) ) ;
#1029 = AXIS2_PLACEMENT_3D ( 'NONE', #2376, #3163, #3815 ) ;
#1030 = CARTESIAN_POINT ( 'NONE',  ( -26.79166666666666430, 20.18583553952948151, -40.50000000000000000 ) ) ;
#1031 = ORIENTED_EDGE ( 'NONE', *, *, #1320, .T. ) ;
#1032 = EDGE_LOOP ( 'NONE', ( #3811, #1761, #3162, #3388 ) ) ;
#1033 = DIRECTION ( 'NONE',  ( 1.000000000000000000, 0.000000000000000000, -0.000000000000000000 ) ) ;
#1034 = FACE_OUTER_BOUND ( 'NONE', #2285, .T. ) ;
#1035 = EDGE_CURVE ( 'NONE', #4260, #1919, #3954, .T. ) ;
#1036 = FACE_BOUND ( 'NONE', #1475, .T. ) ;
#1037 = FACE_OUTER_BOUND ( 'NONE', #3294, .T. ) ;
#1038 = EDGE_CURVE ( 'NONE', #74, #2646, #3926, .T. ) ;
#1039 = EDGE_CURVE ( 'NONE', #1775, #3382, #3212, .T. ) ;
#1040 = DIRECTION ( 'NONE',  ( 0.000000000000000000, 1.000000000000000000, 0.000000000000000000 ) ) ;
#1041 = ORIENTED_EDGE ( 'NONE', *, *, #2983, .T. ) ;
#1042 = ORIENTED_EDGE ( 'NONE', *, *, #411, .F. ) ;
#1043 = DIRECTION ( 'NONE',  ( -1.000000000000000000, 0.000000000000000000, 0.000000000000000000 ) ) ;
#1044 = ORIENTED_EDGE ( 'NONE', *, *, #282, .F. ) ;
#1045 = FACE_OUTER_BOUND ( 'NONE', #4245, .T. ) ;
#1046 = FACE_OUTER_BOUND ( 'NONE', #1957, .T. ) ;
#1047 = VERTEX_POINT ( 'NONE', #4236 ) ;
#1048 = LINE ( 'NONE', #1463, #480 ) ;
#1049 = CARTESIAN_POINT ( 'NONE',  ( 19.27300264743538705, -28.19999999999999929, -40.50000000000000000 ) ) ;
#1050 = DIRECTION ( 'NONE',  ( -0.000000000000000000, 1.000000000000000000, -0.000000000000000000 ) ) ;
#1051 = ORIENTED_EDGE ( 'NONE', *, *, #3721, .T. ) ;
#1052 = ORIENTED_EDGE ( 'NONE', *, *, #2068, .F. ) ;
#1053 = DIRECTION ( 'NONE',  ( 0.000000000000000000, 0.000000000000000000, -1.000000000000000000 ) ) ;
#1054 = CARTESIAN_POINT ( 'NONE',  ( 25.44999999999999929, 14.50000000000000888, 40.50000000000000000 ) ) ;
#1055 = CARTESIAN_POINT ( 'NONE',  ( 25.85000000000000142, -14.10000000000001030, 42.70000000000000284 ) ) ;
#1056 = DIRECTION ( 'NONE',  ( -0.000000000000000000, -0.000000000000000000, 1.000000000000000000 ) ) ;
#1057 = CARTESIAN_POINT ( 'NONE',  ( -25.44999999999999929, 17.75000000000000711, 45.50000000000000000 ) ) ;
#1058 = EDGE_LOOP ( 'NONE', ( #2118, #2140, #96, #2771 ) ) ;
#1059 = VERTEX_POINT ( 'NONE', #2586 ) ;
#1060 = EDGE_CURVE ( 'NONE', #1017, #2326, #59, .T. ) ;
#1061 = ADVANCED_FACE ( 'NONE', ( #2939 ), #847, .F. ) ;
#1062 = LINE ( 'NONE', #3447, #1229 ) ;
#1063 = ORIENTED_EDGE ( 'NONE', *, *, #1608, .F. ) ;
#1064 = CARTESIAN_POINT ( 'NONE',  ( -19.27300264743537639, -28.19999999999999929, 40.50000000000000000 ) ) ;
#1065 = CARTESIAN_POINT ( 'NONE',  ( -25.05000000000000071, -14.90000000000000924, 41.20000000000000284 ) ) ;
#1066 = ORIENTED_EDGE ( 'NONE', *, *, #1442, .F. ) ;
#1067 = EDGE_CURVE ( 'NONE', #2643, #553, #2951, .T. ) ;
#1068 = CARTESIAN_POINT ( 'NONE',  ( -28.19999999999999929, 11.25000000000001421, 40.50000000000000000 ) ) ;
#1069 = AXIS2_PLACEMENT_3D ( 'NONE', #3681, #1298, #3434 ) ;
#1070 = DIRECTION ( 'NONE',  ( -1.000000000000000000, 0.000000000000000000, 0.000000000000000000 ) ) ;
#1071 = EDGE_LOOP ( 'NONE', ( #4215, #1771 ) ) ;
#1072 = EDGE_LOOP ( 'NONE', ( #1733, #735, #2498, #70 ) ) ;
#1073 = VECTOR ( 'NONE', #2596, 1000.000000000000000 ) ;
#1074 = CARTESIAN_POINT ( 'NONE',  ( -24.19999999999999929, -14.10000000000001030, 41.20000000000000284 ) ) ;
#1075 = FACE_OUTER_BOUND ( 'NONE', #2980, .T. ) ;
#1076 = VECTOR ( 'NONE', #2667, 1000.000000000000000 ) ;
#1077 = DIRECTION ( 'NONE',  ( -1.000000000000000000, 0.000000000000000000, 0.000000000000000000 ) ) ;
#1078 = DIRECTION ( 'NONE',  ( -0.000000000000000000, -1.000000000000000000, -0.000000000000000000 ) ) ;
#1079 = AXIS2_PLACEMENT_3D ( 'NONE', #237, #1995, #2991 ) ;
#1080 = VECTOR ( 'NONE', #1582, 1000.000000000000000 ) ;
#1081 = VECTOR ( 'NONE', #1389, 1000.000000000000000 ) ;
#1082 = EDGE_LOOP ( 'NONE', ( #2109, #2829, #3097, #2851 ) ) ;
#1083 = ORIENTED_EDGE ( 'NONE', *, *, #4341, .F. ) ;
#1084 = CARTESIAN_POINT ( 'NONE',  ( 24.19999999999999929, -14.90000000000000924, 41.20000000000000284 ) ) ;
#1085 = ORIENTED_EDGE ( 'NONE', *, *, #4164, .F. ) ;
#1086 = ADVANCED_FACE ( 'NONE', ( #3241 ), #514, .T. ) ;
#1087 = EDGE_CURVE ( 'NONE', #2173, #486, #4099, .T. ) ;
#1088 = VECTOR ( 'NONE', #2092, 1000.000000000000000 ) ;
#1089 = DIRECTION ( 'NONE',  ( -1.000000000000000000, 0.000000000000000000, 0.000000000000000000 ) ) ;
#1090 = EDGE_LOOP ( 'NONE', ( #142, #1383, #627, #1246 ) ) ;
#1091 = CARTESIAN_POINT ( 'NONE',  ( -25.85000000000000142, 14.90000000000000924, 41.20000000000000284 ) ) ;
#1092 = AXIS2_PLACEMENT_3D ( 'NONE', #2458, #2773, #3192 ) ;
#1093 = EDGE_CURVE ( 'NONE', #3590, #2493, #2193, .T. ) ;
#1094 = CARTESIAN_POINT ( 'NONE',  ( -25.05000000000000071, -14.90000000000000924, 41.20000000000000284 ) ) ;
#1095 = EDGE_LOOP ( 'NONE', ( #3927, #2963, #1219, #1556 ) ) ;
#1096 = ORIENTED_EDGE ( 'NONE', *, *, #2902, .T. ) ;
#1097 = CARTESIAN_POINT ( 'NONE',  ( 25.85000000000000142, -15.75000000000001066, 41.20000000000000284 ) ) ;
#1098 = DIRECTION ( 'NONE',  ( 0.000000000000000000, 1.000000000000000000, 0.000000000000000000 ) ) ;
#1099 = DIRECTION ( 'NONE',  ( -0.000000000000000000, -1.000000000000000000, -0.000000000000000000 ) ) ;
#1100 = DIRECTION ( 'NONE',  ( -0.000000000000000000, -0.000000000000000000, 1.000000000000000000 ) ) ;
#1101 = ORIENTED_EDGE ( 'NONE', *, *, #1743, .T. ) ;
#1102 = ORIENTED_EDGE ( 'NONE', *, *, #2182, .F. ) ;
#1103 = DIRECTION ( 'NONE',  ( -1.000000000000000000, 0.000000000000000000, -0.000000000000000000 ) ) ;
#1104 = VERTEX_POINT ( 'NONE', #181 ) ;
#1105 = CARTESIAN_POINT ( 'NONE',  ( -26.70000000000000284, 14.10000000000001030, 41.20000000000000284 ) ) ;
#1106 = ORIENTED_EDGE ( 'NONE', *, *, #1803, .F. ) ;
#1107 = DIRECTION ( 'NONE',  ( -0.000000000000000000, -0.000000000000000000, 1.000000000000000000 ) ) ;
#1108 = DIRECTION ( 'NONE',  ( -0.000000000000000000, -0.000000000000000000, 1.000000000000000000 ) ) ;
#1109 = CARTESIAN_POINT ( 'NONE',  ( -28.19999999999999929, 24.19999999999999929, 45.50000000000000000 ) ) ;
#1110 = VERTEX_POINT ( 'NONE', #1567 ) ;
#1111 = DIRECTION ( 'NONE',  ( -0.000000000000000000, -0.000000000000000000, 1.000000000000000000 ) ) ;
#1112 = EDGE_CURVE ( 'NONE', #1705, #3911, #1856, .T. ) ;
#1113 = EDGE_CURVE ( 'NONE', #3445, #2909, #1157, .T. ) ;
#1114 = ORIENTED_EDGE ( 'NONE', *, *, #954, .T. ) ;
#1115 = DIRECTION ( 'NONE',  ( -0.000000000000000000, -0.000000000000000000, 1.000000000000000000 ) ) ;
#1116 = EDGE_CURVE ( 'NONE', #4270, #1945, #2846, .T. ) ;
#1117 = FACE_OUTER_BOUND ( 'NONE', #359, .T. ) ;
#1118 = CARTESIAN_POINT ( 'NONE',  ( -25.05000000000000426, -15.75000000000001066, 41.20000000000000284 ) ) ;
#1119 = ORIENTED_EDGE ( 'NONE', *, *, #3997, .T. ) ;
#1120 = CARTESIAN_POINT ( 'NONE',  ( 25.44999999999999929, 14.50000000000000888, 42.20000000000000284 ) ) ;
#1121 = EDGE_LOOP ( 'NONE', ( #2445, #3596, #406, #2899 ) ) ;
#1122 = DIRECTION ( 'NONE',  ( 0.000000000000000000, -0.000000000000000000, -1.000000000000000000 ) ) ;
#1123 = CARTESIAN_POINT ( 'NONE',  ( -28.19999999999999929, 19.27300264743537639, 40.50000000000000000 ) ) ;
#1124 = VERTEX_POINT ( 'NONE', #4211 ) ;
#1125 = FACE_OUTER_BOUND ( 'NONE', #4024, .T. ) ;
#1126 = DIRECTION ( 'NONE',  ( -0.000000000000000000, -0.000000000000000000, -1.000000000000000000 ) ) ;
#1127 = FACE_OUTER_BOUND ( 'NONE', #1558, .T. ) ;
#1128 = VECTOR ( 'NONE', #4354, 1000.000000000000000 ) ;
#1129 = VERTEX_POINT ( 'NONE', #1142 ) ;
#1130 = DIRECTION ( 'NONE',  ( 0.000000000000000000, -1.000000000000000000, 0.000000000000000000 ) ) ;
#1131 = EDGE_LOOP ( 'NONE', ( #4327, #1742, #1939, #960, #1908, #61, #4362, #4387, #617, #1331, #3276, #2414, #3203, #3916, #42, #2455, #180, #477, #2532, #2054 ) ) ;
#1132 = CARTESIAN_POINT ( 'NONE',  ( 25.85000000000000142, -15.75000000000001066, 42.70000000000000284 ) ) ;
#1133 = ADVANCED_FACE ( 'NONE', ( #2517 ), #2559, .F. ) ;
#1134 = EDGE_CURVE ( 'NONE', #3955, #3776, #4256, .T. ) ;
#1135 = DIRECTION ( 'NONE',  ( 1.000000000000000000, -0.000000000000000000, -0.000000000000000000 ) ) ;
#1136 = AXIS2_PLACEMENT_3D ( 'NONE', #14, #2117, #750 ) ;
#1137 = DIRECTION ( 'NONE',  ( 0.000000000000000000, 0.000000000000000000, 1.000000000000000000 ) ) ;
#1138 = DIRECTION ( 'NONE',  ( 0.000000000000000000, 0.000000000000000000, 1.000000000000000000 ) ) ;
#1139 = EDGE_CURVE ( 'NONE', #4116, #2011, #2461, .T. ) ;
#1140 = ORIENTED_EDGE ( 'NONE', *, *, #2342, .F. ) ;
#1141 = AXIS2_PLACEMENT_3D ( 'NONE', #605, #3359, #3381 ) ;
#1142 = CARTESIAN_POINT ( 'NONE',  ( 25.85000000000000142, -14.10000000000001030, 41.20000000000000284 ) ) ;
#1143 = ORIENTED_EDGE ( 'NONE', *, *, #1577, .F. ) ;
#1144 = AXIS2_PLACEMENT_3D ( 'NONE', #258, #2332, #2019 ) ;
#1145 = VECTOR ( 'NONE', #845, 1000.000000000000000 ) ;
#1146 = DIRECTION ( 'NONE',  ( -1.000000000000000000, 0.000000000000000000, -0.000000000000000000 ) ) ;
#1147 = EDGE_LOOP ( 'NONE', ( #4241, #29, #2612, #684 ) ) ;
#1148 = VECTOR ( 'NONE', #3873, 1000.000000000000000 ) ;
#1149 = FACE_OUTER_BOUND ( 'NONE', #1780, .T. ) ;
#1150 = CARTESIAN_POINT ( 'NONE',  ( -24.19999999999999929, 14.90000000000000924, 41.20000000000000284 ) ) ;
#1151 = AXIS2_PLACEMENT_3D ( 'NONE', #292, #593, #2669 ) ;
#1152 = VECTOR ( 'NONE', #1865, 1000.000000000000000 ) ;
#1153 = CIRCLE ( 'NONE', #1015, 3.174999999999999822 ) ;
#1154 = CARTESIAN_POINT ( 'NONE',  ( 25.05000000000000426, 14.10000000000001030, 42.70000000000000284 ) ) ;
#1155 = ORIENTED_EDGE ( 'NONE', *, *, #307, .F. ) ;
#1156 = DIRECTION ( 'NONE',  ( -0.000000000000000000, -0.000000000000000000, -1.000000000000000000 ) ) ;
#1157 = CIRCLE ( 'NONE', #3326, 0.5000000000000004441 ) ;
#1158 = VERTEX_POINT ( 'NONE', #2989 ) ;
#1159 = LINE ( 'NONE', #2533, #1867 ) ;
#1160 = AXIS2_PLACEMENT_3D ( 'NONE', #2451, #3468, #39 ) ;
#1161 = ORIENTED_EDGE ( 'NONE', *, *, #2437, .T. ) ;
#1162 = CARTESIAN_POINT ( 'NONE',  ( -26.70000000000000284, -14.10000000000001030, 41.20000000000000284 ) ) ;
#1163 = ADVANCED_FACE ( 'NONE', ( #1681 ), #943, .T. ) ;
#1164 = CARTESIAN_POINT ( 'NONE',  ( -19.27300264743537639, -28.19999999999999929, 40.50000000000000000 ) ) ;
#1165 = ORIENTED_EDGE ( 'NONE', *, *, #4341, .T. ) ;
#1166 = DIRECTION ( 'NONE',  ( 0.000000000000000000, 0.000000000000000000, 1.000000000000000000 ) ) ;
#1167 = ADVANCED_FACE ( 'NONE', ( #3420 ), #1307, .F. ) ;
#1168 = ORIENTED_EDGE ( 'NONE', *, *, #3457, .F. ) ;
#1169 = ADVANCED_FACE ( 'NONE', ( #1012 ), #668, .T. ) ;
#1170 = PLANE ( 'NONE',  #4451 ) ;
#1171 = CARTESIAN_POINT ( 'NONE',  ( 25.44999999999999929, 11.25000000000001066, 45.50000000000000000 ) ) ;
#1172 = ORIENTED_EDGE ( 'NONE', *, *, #2690, .F. ) ;
#1173 = DIRECTION ( 'NONE',  ( -0.000000000000000000, 0.000000000000000000, 1.000000000000000000 ) ) ;
#1174 = FACE_OUTER_BOUND ( 'NONE', #4010, .T. ) ;
#1175 = ADVANCED_FACE ( 'NONE', ( #1597 ), #4343, .F. ) ;
#1176 = DIRECTION ( 'NONE',  ( -0.000000000000000000, -0.000000000000000000, -1.000000000000000000 ) ) ;
#1177 = EDGE_LOOP ( 'NONE', ( #4124, #24, #3762, #4247 ) ) ;
#1178 = PLANE ( 'NONE',  #936 ) ;
#1179 = ORIENTED_EDGE ( 'NONE', *, *, #2522, .F. ) ;
#1180 = FACE_OUTER_BOUND ( 'NONE', #885, .T. ) ;
#1181 = CARTESIAN_POINT ( 'NONE',  ( 28.19999999999999929, -28.19999999999999929, 40.50000000000000000 ) ) ;
#1182 = ORIENTED_EDGE ( 'NONE', *, *, #4282, .T. ) ;
#1183 = CARTESIAN_POINT ( 'NONE',  ( 24.20000000000000284, -28.19999999999999929, 45.50000000000000000 ) ) ;
#1184 = FACE_BOUND ( 'NONE', #3675, .T. ) ;
#1185 = ORIENTED_EDGE ( 'NONE', *, *, #1247, .F. ) ;
#1186 = DIRECTION ( 'NONE',  ( -2.168404344971012812E-15, 1.000000000000000000, 0.000000000000000000 ) ) ;
#1187 = ORIENTED_EDGE ( 'NONE', *, *, #840, .F. ) ;
#1188 = LINE ( 'NONE', #1240, #4437 ) ;
#1189 = EDGE_CURVE ( 'NONE', #2610, #1396, #3884, .T. ) ;
#1190 = ADVANCED_FACE ( 'NONE', ( #2280, #2331 ), #4388, .F. ) ;
#1191 = DIRECTION ( 'NONE',  ( -0.000000000000000000, -0.000000000000000000, -1.000000000000000000 ) ) ;
#1192 = EDGE_LOOP ( 'NONE', ( #257, #23, #1286, #1207 ) ) ;
#1193 = CARTESIAN_POINT ( 'NONE',  ( 25.05000000000000071, 14.90000000000000924, 41.20000000000000284 ) ) ;
#1194 = DIRECTION ( 'NONE',  ( -0.000000000000000000, -0.000000000000000000, -1.000000000000000000 ) ) ;
#1195 = ADVANCED_FACE ( 'NONE', ( #4019 ), #4062, .F. ) ;
#1196 =( NAMED_UNIT ( * ) SI_UNIT ( $, .STERADIAN. ) SOLID_ANGLE_UNIT ( ) );
#1197 = ORIENTED_EDGE ( 'NONE', *, *, #2044, .T. ) ;
#1198 = LINE ( 'NONE', #3917, #3736 ) ;
#1199 = VERTEX_POINT ( 'NONE', #1993 ) ;
#1200 = DIRECTION ( 'NONE',  ( -1.000000000000000000, 0.000000000000000000, 0.000000000000000000 ) ) ;
#1201 = VECTOR ( 'NONE', #4308, 1000.000000000000000 ) ;
#1202 = FACE_OUTER_BOUND ( 'NONE', #2216, .T. ) ;
#1203 = ORIENTED_EDGE ( 'NONE', *, *, #3409, .F. ) ;
#1204 = VECTOR ( 'NONE', #888, 1000.000000000000000 ) ;
#1205 = DIRECTION ( 'NONE',  ( -1.000000000000000000, 0.000000000000000000, 0.000000000000000000 ) ) ;
#1206 = DIRECTION ( 'NONE',  ( 0.000000000000000000, -0.000000000000000000, -1.000000000000000000 ) ) ;
#1207 = ORIENTED_EDGE ( 'NONE', *, *, #1751, .T. ) ;
#1208 = DIRECTION ( 'NONE',  ( 0.000000000000000000, 0.000000000000000000, 1.000000000000000000 ) ) ;
#1209 = ORIENTED_EDGE ( 'NONE', *, *, #2719, .T. ) ;
#1210 = FACE_OUTER_BOUND ( 'NONE', #1090, .T. ) ;
#1211 = AXIS2_PLACEMENT_3D ( 'NONE', #4220, #2922, #2883 ) ;
#1212 = DIRECTION ( 'NONE',  ( -0.000000000000000000, -0.000000000000000000, -1.000000000000000000 ) ) ;
#1213 = VECTOR ( 'NONE', #3342, 1000.000000000000000 ) ;
#1214 = VERTEX_POINT ( 'NONE', #2701 ) ;
#1215 = DIRECTION ( 'NONE',  ( 0.000000000000000000, 0.000000000000000000, -1.000000000000000000 ) ) ;
#1216 = FACE_OUTER_BOUND ( 'NONE', #3172, .T. ) ;
#1217 = AXIS2_PLACEMENT_3D ( 'NONE', #1789, #1056, #3860 ) ;
#1218 = EDGE_CURVE ( 'NONE', #1214, #2976, #3036, .T. ) ;
#1219 = ORIENTED_EDGE ( 'NONE', *, *, #2473, .F. ) ;
#1220 = CIRCLE ( 'NONE', #3386, 2.149999999999999023 ) ;
#1221 = FACE_OUTER_BOUND ( 'NONE', #339, .T. ) ;
#1222 = EDGE_LOOP ( 'NONE', ( #549, #1836, #890, #459 ) ) ;
#1223 = CYLINDRICAL_SURFACE ( 'NONE', #578, 1.000000000000000888 ) ;
#1224 = ADVANCED_FACE ( 'NONE', ( #3687 ), #301, .F. ) ;
#1225 = AXIS2_PLACEMENT_3D ( 'NONE', #125, #1518, #2887 ) ;
#1226 = EDGE_CURVE ( 'NONE', #2249, #331, #3335, .T. ) ;
#1227 = CARTESIAN_POINT ( 'NONE',  ( -26.07499999999999574, -23.57499999999999929, 45.50000000000000000 ) ) ;
#1228 = ORIENTED_EDGE ( 'NONE', *, *, #2958, .T. ) ;
#1229 = VECTOR ( 'NONE', #762, 1000.000000000000000 ) ;
#1230 = AXIS2_PLACEMENT_3D ( 'NONE', #1599, #3623, #3310 ) ;
#1231 = VERTEX_POINT ( 'NONE', #2474 ) ;
#1232 = CARTESIAN_POINT ( 'NONE',  ( -26.70000000000000284, -14.90000000000000924, 42.70000000000000284 ) ) ;
#1233 = CARTESIAN_POINT ( 'NONE',  ( 26.70000000000000284, -14.10000000000001030, 42.70000000000000284 ) ) ;
#1234 = EDGE_CURVE ( 'NONE', #3925, #1426, #2882, .T. ) ;
#1235 = VECTOR ( 'NONE', #2238, 1000.000000000000000 ) ;
#1236 = VECTOR ( 'NONE', #4405, 1000.000000000000000 ) ;
#1237 = EDGE_LOOP ( 'NONE', ( #4020, #1925, #1973, #2728 ) ) ;
#1238 = DIRECTION ( 'NONE',  ( -0.000000000000000000, -0.000000000000000000, -1.000000000000000000 ) ) ;
#1239 = ORIENTED_EDGE ( 'NONE', *, *, #3069, .F. ) ;
#1240 = CARTESIAN_POINT ( 'NONE',  ( 25.05000000000000426, -13.25000000000001066, 41.20000000000000284 ) ) ;
#1241 = DIRECTION ( 'NONE',  ( -0.000000000000000000, -0.000000000000000000, 1.000000000000000000 ) ) ;
#1242 = ORIENTED_EDGE ( 'NONE', *, *, #1465, .F. ) ;
#1243 = DIRECTION ( 'NONE',  ( -0.000000000000000000, -0.000000000000000000, 1.000000000000000000 ) ) ;
#1244 = DIRECTION ( 'NONE',  ( -0.000000000000000000, -0.000000000000000000, 1.000000000000000000 ) ) ;
#1245 = CARTESIAN_POINT ( 'NONE',  ( -19.27300264743537639, 27.19999999999999929, 40.50000000000000000 ) ) ;
#1246 = ORIENTED_EDGE ( 'NONE', *, *, #3881, .T. ) ;
#1247 = EDGE_CURVE ( 'NONE', #3139, #1323, #2827, .T. ) ;
#1248 = LINE ( 'NONE', #1892, #1791 ) ;
#1249 = VERTEX_POINT ( 'NONE', #759 ) ;
#1250 = LINE ( 'NONE', #1181, #2066 ) ;
#1251 = ORIENTED_EDGE ( 'NONE', *, *, #3889, .T. ) ;
#1252 = ADVANCED_FACE ( 'NONE', ( #1701 ), #1727, .T. ) ;
#1253 = ADVANCED_FACE ( 'NONE', ( #1117 ), #4191, .T. ) ;
#1254 = EDGE_LOOP ( 'NONE', ( #772, #3843, #1052, #2793 ) ) ;
#1255 = FACE_OUTER_BOUND ( 'NONE', #793, .T. ) ;
#1256 = PLANE ( 'NONE',  #1368 ) ;
#1257 = EDGE_CURVE ( 'NONE', #3445, #4045, #1392, .T. ) ;
#1258 = DIRECTION ( 'NONE',  ( 0.000000000000000000, 0.000000000000000000, 1.000000000000000000 ) ) ;
#1259 = CARTESIAN_POINT ( 'NONE',  ( 28.19999999999999929, -28.19999999999999929, 40.50000000000000000 ) ) ;
#1260 = ORIENTED_EDGE ( 'NONE', *, *, #1844, .F. ) ;
#1261 = LINE ( 'NONE', #3214, #1722 ) ;
#1262 = DIRECTION ( 'NONE',  ( 0.000000000000000000, 0.000000000000000000, -1.000000000000000000 ) ) ;
#1263 = ORIENTED_EDGE ( 'NONE', *, *, #1363, .T. ) ;
#1264 = LINE ( 'NONE', #921, #3504 ) ;
#1265 = CARTESIAN_POINT ( 'NONE',  ( 28.19999999999999929, 28.19999999999999929, 40.50000000000000000 ) ) ;
#1266 = DIRECTION ( 'NONE',  ( -1.000000000000000000, 0.000000000000000000, 0.000000000000000000 ) ) ;
#1267 = EDGE_LOOP ( 'NONE', ( #2912, #305 ) ) ;
#1268 = CARTESIAN_POINT ( 'NONE',  ( 26.07499999999999574, -23.57500000000000639, 45.50000000000000000 ) ) ;
#1269 = ORIENTED_EDGE ( 'NONE', *, *, #1226, .T. ) ;
#1270 = LINE ( 'NONE', #1877, #1776 ) ;
#1271 = ORIENTED_EDGE ( 'NONE', *, *, #3368, .T. ) ;
#1272 = DIRECTION ( 'NONE',  ( 0.000000000000000000, 0.000000000000000000, 1.000000000000000000 ) ) ;
#1273 = ORIENTED_EDGE ( 'NONE', *, *, #4255, .T. ) ;
#1274 = DIRECTION ( 'NONE',  ( 0.000000000000000000, -1.000000000000000000, 0.000000000000000000 ) ) ;
#1275 = FACE_OUTER_BOUND ( 'NONE', #574, .T. ) ;
#1276 = EDGE_CURVE ( 'NONE', #3350, #3691, #3144, .T. ) ;
#1277 = EDGE_CURVE ( 'NONE', #2011, #846, #3820, .T. ) ;
#1278 = VECTOR ( 'NONE', #2565, 1000.000000000000000 ) ;
#1279 = CARTESIAN_POINT ( 'NONE',  ( 28.19999999999999929, 17.75000000000000711, 45.50000000000000000 ) ) ;
#1280 = CARTESIAN_POINT ( 'NONE',  ( 19.27300264743538705, -27.19999999999999929, 54.64213562373092969 ) ) ;
#1281 = ORIENTED_EDGE ( 'NONE', *, *, #3534, .F. ) ;
#1282 = CARTESIAN_POINT ( 'NONE',  ( -24.19999999999999929, 14.10000000000001030, 42.70000000000000284 ) ) ;
#1283 = ADVANCED_FACE ( 'NONE', ( #1431 ), #373, .T. ) ;
#1284 = CIRCLE ( 'NONE', #3792, 1.000000000000000888 ) ;
#1285 = DIRECTION ( 'NONE',  ( 0.000000000000000000, 0.000000000000000000, 1.000000000000000000 ) ) ;
#1286 = ORIENTED_EDGE ( 'NONE', *, *, #3991, .F. ) ;
#1287 = CARTESIAN_POINT ( 'NONE',  ( -25.85000000000000142, 14.90000000000000924, 41.20000000000000284 ) ) ;
#1288 = AXIS2_PLACEMENT_3D ( 'NONE', #2618, #3223, #120 ) ;
#1289 = DIRECTION ( 'NONE',  ( 1.000000000000000000, -6.308085367188392213E-16, 0.000000000000000000 ) ) ;
#1290 = EDGE_CURVE ( 'NONE', #3679, #3121, #1749, .T. ) ;
#1291 = AXIS2_PLACEMENT_3D ( 'NONE', #3694, #4003, #2995 ) ;
#1292 = DIRECTION ( 'NONE',  ( 0.000000000000000000, 0.000000000000000000, 1.000000000000000000 ) ) ;
#1293 = ORIENTED_EDGE ( 'NONE', *, *, #2279, .T. ) ;
#1294 = LINE ( 'NONE', #1355, #4002 ) ;
#1295 = CARTESIAN_POINT ( 'NONE',  ( 24.19999999999999929, -14.10000000000001030, 41.20000000000000284 ) ) ;
#1296 = CIRCLE ( 'NONE', #3943, 2.499999999999998668 ) ;
#1297 = AXIS2_PLACEMENT_3D ( 'NONE', #4083, #1013, #1682 ) ;
#1299 = TOROIDAL_SURFACE ( 'NONE', #1435, 1.649999999999997913, 0.5000000000000000000 ) ;
#1298 = DIRECTION ( 'NONE',  ( 0.000000000000000000, 0.000000000000000000, 1.000000000000000000 ) ) ;
#1300 = ORIENTED_EDGE ( 'NONE', *, *, #3887, .T. ) ;
#1301 = AXIS2_PLACEMENT_3D ( 'NONE', #2551, #3983, #2205 ) ;
#1302 = ORIENTED_EDGE ( 'NONE', *, *, #4364, .T. ) ;
#1303 = DIRECTION ( 'NONE',  ( -0.000000000000000000, -0.000000000000000000, -1.000000000000000000 ) ) ;
#1304 = DIRECTION ( 'NONE',  ( -0.000000000000000000, -0.000000000000000000, 1.000000000000000000 ) ) ;
#1305 = VECTOR ( 'NONE', #1115, 1000.000000000000000 ) ;
#1306 = ORIENTED_EDGE ( 'NONE', *, *, #1526, .T. ) ;
#1307 = PLANE ( 'NONE',  #4035 ) ;
#1308 = CIRCLE ( 'NONE', #1946, 0.5000000000000004441 ) ;
#1309 = DIRECTION ( 'NONE',  ( 0.000000000000000000, 0.000000000000000000, 1.000000000000000000 ) ) ;
#1310 = AXIS2_PLACEMENT_3D ( 'NONE', #3754, #2681, #2968 ) ;
#1311 = LINE ( 'NONE', #1347, #1361 ) ;
#1312 = VERTEX_POINT ( 'NONE', #2766 ) ;
#1313 = CARTESIAN_POINT ( 'NONE',  ( -24.19999999999999929, -14.90000000000000924, 42.70000000000000284 ) ) ;
#1314 = EDGE_CURVE ( 'NONE', #3423, #3540, #4151, .T. ) ;
#1315 = ADVANCED_FACE ( 'NONE', ( #3819 ), #1765, .F. ) ;
#1316 = CARTESIAN_POINT ( 'NONE',  ( -24.19999999999999929, 14.10000000000001030, 41.20000000000000284 ) ) ;
#1317 = FACE_OUTER_BOUND ( 'NONE', #3211, .T. ) ;
#1318 = ORIENTED_EDGE ( 'NONE', *, *, #3145, .F. ) ;
#1319 = DIRECTION ( 'NONE',  ( 1.000000000000000000, 0.000000000000000000, 0.000000000000000000 ) ) ;
#1320 = EDGE_CURVE ( 'NONE', #3669, #4079, #2679, .T. ) ;
#1321 = LINE ( 'NONE', #2323, #4091 ) ;
#1322 = DIRECTION ( 'NONE',  ( 0.000000000000000000, 0.000000000000000000, -1.000000000000000000 ) ) ;
#1323 = VERTEX_POINT ( 'NONE', #2107 ) ;
#1324 = ORIENTED_EDGE ( 'NONE', *, *, #4262, .T. ) ;
#1325 = DIRECTION ( 'NONE',  ( 1.000000000000000000, 6.938893903907222067E-15, 0.000000000000000000 ) ) ;
#1326 = CARTESIAN_POINT ( 'NONE',  ( -24.19999999999999929, 28.19999999999999929, 45.50000000000000000 ) ) ;
#1327 = ORIENTED_EDGE ( 'NONE', *, *, #1576, .F. ) ;
#1328 = DIRECTION ( 'NONE',  ( -0.000000000000000000, -0.000000000000000000, -1.000000000000000000 ) ) ;
#1329 = LINE ( 'NONE', #3663, #2865 ) ;
#1330 = LINE ( 'NONE', #919, #2585 ) ;
#1331 = ORIENTED_EDGE ( 'NONE', *, *, #1449, .T. ) ;
#1332 = CARTESIAN_POINT ( 'NONE',  ( -1.449137674618943272, 2.825000000000000178, 66.99999999999998579 ) ) ;
#1333 = CARTESIAN_POINT ( 'NONE',  ( 0.000000000000000000, 0.000000000000000000, 45.50000000000000000 ) ) ;
#1334 = EDGE_CURVE ( 'NONE', #2651, #2184, #734, .T. ) ;
#1335 = EDGE_CURVE ( 'NONE', #3911, #3350, #321, .T. ) ;
#1336 = ORIENTED_EDGE ( 'NONE', *, *, #3699, .T. ) ;
#1337 = DIRECTION ( 'NONE',  ( 0.000000000000000000, -0.000000000000000000, 1.000000000000000000 ) ) ;
#1338 = LINE ( 'NONE', #3390, #1008 ) ;
#1339 = EDGE_CURVE ( 'NONE', #937, #3445, #2749, .T. ) ;
#1340 = CARTESIAN_POINT ( 'NONE',  ( -26.79166666666666430, 20.18583553952948151, 54.64213562373092969 ) ) ;
#1341 = VERTEX_POINT ( 'NONE', #1371 ) ;
#1342 = ORIENTED_EDGE ( 'NONE', *, *, #1277, .F. ) ;
#1343 = DIRECTION ( 'NONE',  ( -1.000000000000000000, 2.168404344971012812E-15, 0.000000000000000000 ) ) ;
#1344 = ORIENTED_EDGE ( 'NONE', *, *, #4158, .T. ) ;
#1345 = DIRECTION ( 'NONE',  ( 1.000000000000000000, 0.000000000000000000, 0.000000000000000000 ) ) ;
#1346 = VECTOR ( 'NONE', #3849, 1000.000000000000000 ) ;
#1347 = CARTESIAN_POINT ( 'NONE',  ( 24.19999999999999929, 14.10000000000001030, 42.70000000000000284 ) ) ;
#1348 = ORIENTED_EDGE ( 'NONE', *, *, #2176, .T. ) ;
#1349 = CARTESIAN_POINT ( 'NONE',  ( -25.85000000000000142, 15.75000000000001066, 41.20000000000000284 ) ) ;
#1350 = PLANE ( 'NONE',  #2456 ) ;
#1351 = ORIENTED_EDGE ( 'NONE', *, *, #3584, .F. ) ;
#1352 = DIRECTION ( 'NONE',  ( -0.000000000000000000, 0.000000000000000000, 1.000000000000000000 ) ) ;
#1353 = PLANE ( 'NONE',  #3228 ) ;
#1354 = VERTEX_POINT ( 'NONE', #1055 ) ;
#1355 = CARTESIAN_POINT ( 'NONE',  ( -24.19999999999999929, 14.10000000000001030, 42.70000000000000284 ) ) ;
#1356 = DIRECTION ( 'NONE',  ( 1.000000000000000000, 0.000000000000000000, 0.000000000000000000 ) ) ;
#1357 = ADVANCED_FACE ( 'NONE', ( #1037 ), #3441, .F. ) ;
#1358 = VECTOR ( 'NONE', #2320, 1000.000000000000000 ) ;
#1359 = CARTESIAN_POINT ( 'NONE',  ( -20.18583553952948151, 26.79166666666666430, 54.64213562373092969 ) ) ;
#1360 = ORIENTED_EDGE ( 'NONE', *, *, #1498, .T. ) ;
#1361 = VECTOR ( 'NONE', #1619, 1000.000000000000000 ) ;
#1362 = EDGE_CURVE ( 'NONE', #1841, #2892, #1852, .T. ) ;
#1363 = EDGE_CURVE ( 'NONE', #1199, #3179, #3528, .T. ) ;
#1364 = EDGE_LOOP ( 'NONE', ( #3509, #2676, #4407, #3888 ) ) ;
#1365 = DIRECTION ( 'NONE',  ( -0.000000000000000000, -0.000000000000000000, -1.000000000000000000 ) ) ;
#1366 = VECTOR ( 'NONE', #392, 1000.000000000000000 ) ;
#1367 = CARTESIAN_POINT ( 'NONE',  ( -25.05000000000000426, 14.10000000000001030, 41.20000000000000284 ) ) ;
#1368 = AXIS2_PLACEMENT_3D ( 'NONE', #4081, #1632, #2678 ) ;
#1369 = CIRCLE ( 'NONE', #4022, 2.499999999999998668 ) ;
#1370 = CARTESIAN_POINT ( 'NONE',  ( -25.85000000000000142, -13.25000000000001243, 42.70000000000000284 ) ) ;
#1371 = CARTESIAN_POINT ( 'NONE',  ( -25.85000000000000142, 14.10000000000001030, 42.70000000000000284 ) ) ;
#1372 = CARTESIAN_POINT ( 'NONE',  ( -5.000000000000000000, 0.000000000000000000, -36.50000000000000711 ) ) ;
#1373 = AXIS2_PLACEMENT_3D ( 'NONE', #3068, #334, #314 ) ;
#1374 = LINE ( 'NONE', #1522, #479 ) ;
#1375 = ORIENTED_EDGE ( 'NONE', *, *, #4159, .F. ) ;
#1376 = VECTOR ( 'NONE', #1622, 1000.000000000000000 ) ;
#1377 = VERTEX_POINT ( 'NONE', #1232 ) ;
#1378 = VECTOR ( 'NONE', #1503, 1000.000000000000000 ) ;
#1379 = DIRECTION ( 'NONE',  ( 0.000000000000000000, 1.000000000000000000, 0.000000000000000000 ) ) ;
#1380 = VERTEX_POINT ( 'NONE', #1183 ) ;
#1381 = VECTOR ( 'NONE', #2748, 1000.000000000000000 ) ;
#1382 = CARTESIAN_POINT ( 'NONE',  ( -26.70000000000000284, 14.90000000000000924, 42.70000000000000284 ) ) ;
#1383 = ORIENTED_EDGE ( 'NONE', *, *, #4390, .F. ) ;
#1384 = CARTESIAN_POINT ( 'NONE',  ( 25.44999999999999929, -17.75000000000000711, 45.50000000000000000 ) ) ;
#1385 = CARTESIAN_POINT ( 'NONE',  ( 0.000000000000000000, 0.000000000000000000, 47.09999999999999432 ) ) ;
#1386 = ORIENTED_EDGE ( 'NONE', *, *, #226, .F. ) ;
#1387 = ORIENTED_EDGE ( 'NONE', *, *, #2415, .T. ) ;
#1388 = CARTESIAN_POINT ( 'NONE',  ( -25.44999999999999929, 14.50000000000000888, 40.50000000000000000 ) ) ;
#1389 = DIRECTION ( 'NONE',  ( 1.000000000000000000, 6.308085367188392213E-16, -0.000000000000000000 ) ) ;
#1390 = ADVANCED_FACE ( 'NONE', ( #2890 ), #3237, .F. ) ;
#1391 = EDGE_CURVE ( 'NONE', #1605, #2704, #1523, .T. ) ;
#1392 = LINE ( 'NONE', #19, #1951 ) ;
#1393 = CARTESIAN_POINT ( 'NONE',  ( 25.05000000000000426, -15.75000000000001066, 42.70000000000000284 ) ) ;
#1394 = EDGE_CURVE ( 'NONE', #3511, #876, #1811, .T. ) ;
#1395 = CARTESIAN_POINT ( 'NONE',  ( 5.000000000000000000, 6.123233995736766282E-16, -36.50000000000000711 ) ) ;
#1396 = VERTEX_POINT ( 'NONE', #2910 ) ;
#1397 = ORIENTED_EDGE ( 'NONE', *, *, #4139, .T. ) ;
#1398 = PLANE ( 'NONE',  #3031 ) ;
#1399 = ORIENTED_EDGE ( 'NONE', *, *, #4283, .F. ) ;
#1400 = CARTESIAN_POINT ( 'NONE',  ( -25.85000000000000142, -15.75000000000001066, 41.20000000000000284 ) ) ;
#1401 = DIRECTION ( 'NONE',  ( -0.000000000000000000, 1.000000000000000000, -0.000000000000000000 ) ) ;
#1402 = ORIENTED_EDGE ( 'NONE', *, *, #4158, .F. ) ;
#1403 = CYLINDRICAL_SURFACE ( 'NONE', #55, 2.149999999999999023 ) ;
#1404 = DIRECTION ( 'NONE',  ( -1.000000000000000000, 0.000000000000000000, 0.000000000000000000 ) ) ;
#1405 = VERTEX_POINT ( 'NONE', #2171 ) ;
#1406 = VERTEX_POINT ( 'NONE', #3617 ) ;
#1407 = LINE ( 'NONE', #1097, #655 ) ;
#1408 = CARTESIAN_POINT ( 'NONE',  ( -5.000000000000000000, 0.000000000000000000, -40.50000000000000000 ) ) ;
#1409 = CARTESIAN_POINT ( 'NONE',  ( 27.19999999999999929, 19.27300264743538705, -40.50000000000000000 ) ) ;
#1410 = EDGE_CURVE ( 'NONE', #3797, #1158, #801, .T. ) ;
#1411 = EDGE_CURVE ( 'NONE', #3616, #4287, #1473, .T. ) ;
#1412 = CARTESIAN_POINT ( 'NONE',  ( 24.19999999999999929, 24.19999999999999929, 45.50000000000000000 ) ) ;
#1413 = ORIENTED_EDGE ( 'NONE', *, *, #3450, .F. ) ;
#1414 = ORIENTED_EDGE ( 'NONE', *, *, #3997, .F. ) ;
#1415 = CYLINDRICAL_SURFACE ( 'NONE', #4231, 4.999999999999990230 ) ;
#1416 = EDGE_CURVE ( 'NONE', #3423, #1948, #4104, .T. ) ;
#1417 = ORIENTED_EDGE ( 'NONE', *, *, #2820, .T. ) ;
#1418 = DIRECTION ( 'NONE',  ( 1.000000000000000000, 0.000000000000000000, 0.000000000000000000 ) ) ;
#1419 = ORIENTED_EDGE ( 'NONE', *, *, #2436, .T. ) ;
#1420 = CARTESIAN_POINT ( 'NONE',  ( 20.18583553952948861, 26.79166666666666430, -40.50000000000000000 ) ) ;
#1421 = AXIS2_PLACEMENT_3D ( 'NONE', #30, #4182, #766 ) ;
#1422 = DIRECTION ( 'NONE',  ( -0.000000000000000000, -0.000000000000000000, 1.000000000000000000 ) ) ;
#1423 = VECTOR ( 'NONE', #3633, 1000.000000000000000 ) ;
#1424 = PLANE ( 'NONE',  #190 ) ;
#1425 = EDGE_LOOP ( 'NONE', ( #951, #377, #3523, #1964 ) ) ;
#1426 = VERTEX_POINT ( 'NONE', #457 ) ;
#1427 = AXIS2_PLACEMENT_3D ( 'NONE', #2822, #3497, #3520 ) ;
#1428 = DIRECTION ( 'NONE',  ( 1.000000000000000000, 0.000000000000000000, 0.000000000000000000 ) ) ;
#1429 = DIRECTION ( 'NONE',  ( -0.000000000000000000, -0.000000000000000000, -1.000000000000000000 ) ) ;
#1430 = VECTOR ( 'NONE', #1401, 1000.000000000000000 ) ;
#1431 = FACE_OUTER_BOUND ( 'NONE', #4088, .T. ) ;
#1432 = CARTESIAN_POINT ( 'NONE',  ( -26.79166666666666430, -20.18583553952948151, 54.64213562373092969 ) ) ;
#1433 = CIRCLE ( 'NONE', #1301, 2.499999999999998668 ) ;
#1434 = EDGE_CURVE ( 'NONE', #4212, #1969, #1830, .T. ) ;
#1435 = AXIS2_PLACEMENT_3D ( 'NONE', #3704, #666, #2649 ) ;
#1436 = VERTEX_POINT ( 'NONE', #3594 ) ;
#1437 = ORIENTED_EDGE ( 'NONE', *, *, #3261, .F. ) ;
#1438 = CARTESIAN_POINT ( 'NONE',  ( 1.449137674618943272, 2.825000000000000178, 47.09999999999999432 ) ) ;
#1439 = ORIENTED_EDGE ( 'NONE', *, *, #4049, .T. ) ;
#1440 = DIRECTION ( 'NONE',  ( -0.000000000000000000, 1.000000000000000000, 0.000000000000000000 ) ) ;
#1441 = VECTOR ( 'NONE', #953, 1000.000000000000000 ) ;
#1442 = EDGE_CURVE ( 'NONE', #2112, #324, #2866, .T. ) ;
#1443 = VECTOR ( 'NONE', #370, 1000.000000000000000 ) ;
#1444 = EDGE_CURVE ( 'NONE', #2493, #4324, #3948, .T. ) ;
#1445 = CARTESIAN_POINT ( 'NONE',  ( 26.70000000000000284, 14.10000000000001030, 41.20000000000000284 ) ) ;
#1446 = ORIENTED_EDGE ( 'NONE', *, *, #3619, .T. ) ;
#1447 = CARTESIAN_POINT ( 'NONE',  ( -28.19999999999999929, 17.75000000000000711, 40.50000000000000000 ) ) ;
#1448 = CARTESIAN_POINT ( 'NONE',  ( 23.80000000000000071, -14.50000000000000888, 42.70000000000000284 ) ) ;
#1449 = EDGE_CURVE ( 'NONE', #770, #3355, #1805, .T. ) ;
#1450 = DIRECTION ( 'NONE',  ( -0.000000000000000000, -0.000000000000000000, -1.000000000000000000 ) ) ;
#1451 = EDGE_LOOP ( 'NONE', ( #3066, #3871, #1617, #1165 ) ) ;
#1452 = AXIS2_PLACEMENT_3D ( 'NONE', #3004, #4338, #600 ) ;
#1453 = DIRECTION ( 'NONE',  ( -0.000000000000000000, -0.000000000000000000, -1.000000000000000000 ) ) ;
#1454 = ORIENTED_EDGE ( 'NONE', *, *, #2765, .T. ) ;
#1455 = DIRECTION ( 'NONE',  ( 0.000000000000000000, -0.000000000000000000, 1.000000000000000000 ) ) ;
#1456 = CARTESIAN_POINT ( 'NONE',  ( 27.19999999999999929, -19.27300264743538705, 54.64213562373092969 ) ) ;
#1457 = CARTESIAN_POINT ( 'NONE',  ( -24.19999999999999929, -14.10000000000001030, 41.20000000000000284 ) ) ;
#1458 = EDGE_LOOP ( 'NONE', ( #763, #2204, #2046, #171 ) ) ;
#1459 = CARTESIAN_POINT ( 'NONE',  ( 25.05000000000000426, -14.10000000000001030, 42.70000000000000284 ) ) ;
#1460 = EDGE_LOOP ( 'NONE', ( #376, #747, #1106, #317 ) ) ;
#1461 = CARTESIAN_POINT ( 'NONE',  ( -23.30000000000000071, 14.50000000000000888, 40.50000000000000000 ) ) ;
#1462 = ORIENTED_EDGE ( 'NONE', *, *, #3198, .T. ) ;
#1463 = CARTESIAN_POINT ( 'NONE',  ( -27.59999999999999787, -14.50000000000000888, 42.70000000000000284 ) ) ;
#1464 = LINE ( 'NONE', #449, #1866 ) ;
#1465 = EDGE_CURVE ( 'NONE', #1708, #3331, #529, .T. ) ;
#1466 = EDGE_CURVE ( 'NONE', #4428, #4177, #799, .T. ) ;
#1467 = DIRECTION ( 'NONE',  ( -1.000000000000000000, 0.000000000000000000, 0.000000000000000000 ) ) ;
#1468 = VERTEX_POINT ( 'NONE', #4271 ) ;
#1469 = FACE_OUTER_BOUND ( 'NONE', #889, .T. ) ;
#1470 = ORIENTED_EDGE ( 'NONE', *, *, #3402, .T. ) ;
#1471 = FACE_BOUND ( 'NONE', #3864, .T. ) ;
#1472 = PLANE ( 'NONE',  #3142 ) ;
#1473 = LINE ( 'NONE', #1496, #3958 ) ;
#1474 = DIRECTION ( 'NONE',  ( 1.000000000000000000, 0.000000000000000000, 0.000000000000000000 ) ) ;
#1475 = EDGE_LOOP ( 'NONE', ( #3769, #2423 ) ) ;
#1476 = CARTESIAN_POINT ( 'NONE',  ( 25.05000000000000426, -15.75000000000001066, 41.20000000000000284 ) ) ;
#1477 = EDGE_LOOP ( 'NONE', ( #818, #1101, #3896, #2120, #1085, #2100, #2311, #3370, #2251, #3489, #1563, #4103, #4441, #1857, #1629, #43 ) ) ;
#1478 = CARTESIAN_POINT ( 'NONE',  ( -25.85000000000000142, -14.10000000000001030, 41.20000000000000284 ) ) ;
#1479 = ORIENTED_EDGE ( 'NONE', *, *, #4028, .F. ) ;
#1480 = DIRECTION ( 'NONE',  ( -1.000000000000000000, 0.000000000000000000, -0.000000000000000000 ) ) ;
#1481 = LINE ( 'NONE', #361, #3738 ) ;
#1482 = LINE ( 'NONE', #2855, #1213 ) ;
#1483 = VECTOR ( 'NONE', #674, 1000.000000000000000 ) ;
#1484 = VERTEX_POINT ( 'NONE', #1899 ) ;
#1485 = ADVANCED_FACE ( 'NONE', ( #3278 ), #1655, .F. ) ;
#1486 = DIRECTION ( 'NONE',  ( 0.000000000000000000, -1.000000000000000000, 0.000000000000000000 ) ) ;
#1487 = ORIENTED_EDGE ( 'NONE', *, *, #2177, .T. ) ;
#1488 = PRODUCT_DEFINITION_FORMATION_WITH_SPECIFIED_SOURCE ( 'ANY', '', #2925, .NOT_KNOWN. ) ;
#1489 = LINE ( 'NONE', #798, #1943 ) ;
#1490 = AXIS2_PLACEMENT_3D ( 'NONE', #662, #635, #2673 ) ;
#1491 = VERTEX_POINT ( 'NONE', #962 ) ;
#1492 = ADVANCED_FACE ( 'NONE', ( #1631 ), #1920, .F. ) ;
#1493 = CARTESIAN_POINT ( 'NONE',  ( -25.85000000000000142, 15.75000000000001066, 41.20000000000000284 ) ) ;
#1494 = EDGE_CURVE ( 'NONE', #2610, #1775, #2985, .T. ) ;
#1495 = CIRCLE ( 'NONE', #1136, 1.000000000000000888 ) ;
#1496 = CARTESIAN_POINT ( 'NONE',  ( -25.05000000000000071, -14.90000000000000924, 41.20000000000000284 ) ) ;
#1497 = DIRECTION ( 'NONE',  ( 0.000000000000000000, 0.000000000000000000, 1.000000000000000000 ) ) ;
#1498 = EDGE_CURVE ( 'NONE', #397, #2560, #3399, .T. ) ;
#1499 = EDGE_LOOP ( 'NONE', ( #4303, #807, #2972, #325 ) ) ;
#1500 = VECTOR ( 'NONE', #2314, 1000.000000000000000 ) ;
#1501 = CARTESIAN_POINT ( 'NONE',  ( 25.05000000000000071, -14.90000000000000924, 41.20000000000000284 ) ) ;
#1502 = ORIENTED_EDGE ( 'NONE', *, *, #834, .T. ) ;
#1503 = DIRECTION ( 'NONE',  ( 1.000000000000000000, -0.000000000000000000, -0.000000000000000000 ) ) ;
#1504 = CIRCLE ( 'NONE', #4304, 3.249999999999999556 ) ;
#1505 = AXIS2_PLACEMENT_3D ( 'NONE', #709, #2105, #3485 ) ;
#1506 = LINE ( 'NONE', #4306, #4157 ) ;
#1507 = EDGE_LOOP ( 'NONE', ( #4197, #3483, #3183, #4041 ) ) ;
#1508 = AXIS2_PLACEMENT_3D ( 'NONE', #300, #1258, #3334 ) ;
#1509 = LINE ( 'NONE', #3219, #1703 ) ;
#1510 = LINE ( 'NONE', #901, #1516 ) ;
#1511 = AXIS2_PLACEMENT_3D ( 'NONE', #2949, #1194, #3318 ) ;
#1512 = AXIS2_PLACEMENT_3D ( 'NONE', #4068, #4048, #1670 ) ;
#1513 = DIRECTION ( 'NONE',  ( 0.000000000000000000, 0.000000000000000000, 1.000000000000000000 ) ) ;
#1514 = VERTEX_POINT ( 'NONE', #909 ) ;
#1515 = LINE ( 'NONE', #1914, #4361 ) ;
#1516 = VECTOR ( 'NONE', #4243, 1000.000000000000000 ) ;
#1517 = VERTEX_POINT ( 'NONE', #3724 ) ;
#1518 = DIRECTION ( 'NONE',  ( 0.000000000000000000, 0.000000000000000000, -1.000000000000000000 ) ) ;
#1519 = EDGE_CURVE ( 'NONE', #1919, #1312, #1988, .T. ) ;
#1520 = DIRECTION ( 'NONE',  ( 0.000000000000000000, 1.000000000000000000, 0.000000000000000000 ) ) ;
#1521 = VERTEX_POINT ( 'NONE', #231 ) ;
#1522 = CARTESIAN_POINT ( 'NONE',  ( -25.44999999999999929, 11.25000000000001066, 45.50000000000000000 ) ) ;
#1523 = LINE ( 'NONE', #508, #2811 ) ;
#1524 = DIRECTION ( 'NONE',  ( 0.000000000000000000, 0.000000000000000000, 1.000000000000000000 ) ) ;
#1525 = EDGE_CURVE ( 'NONE', #1627, #2096, #3988, .T. ) ;
#1526 = EDGE_CURVE ( 'NONE', #3179, #4057, #3033, .T. ) ;
#1527 = ORIENTED_EDGE ( 'NONE', *, *, #3756, .T. ) ;
#1528 = DIRECTION ( 'NONE',  ( 0.000000000000000000, 0.000000000000000000, -1.000000000000000000 ) ) ;
#1529 = ORIENTED_EDGE ( 'NONE', *, *, #590, .F. ) ;
#1530 = DIRECTION ( 'NONE',  ( 1.000000000000000000, 3.469446951953611033E-15, 0.000000000000000000 ) ) ;
#1531 = ADVANCED_FACE ( 'NONE', ( #575, #3657 ), #639, .T. ) ;
#1532 = LINE ( 'NONE', #1171, #642 ) ;
#1533 = ORIENTED_EDGE ( 'NONE', *, *, #1320, .F. ) ;
#1534 = CARTESIAN_POINT ( 'NONE',  ( 25.85000000000000142, -13.25000000000001243, 42.70000000000000284 ) ) ;
#1535 = CARTESIAN_POINT ( 'NONE',  ( 23.30000000000000071, 14.50000000000000888, 40.50000000000000000 ) ) ;
#1536 = ORIENTED_EDGE ( 'NONE', *, *, #3261, .T. ) ;
#1537 = APPLICATION_CONTEXT ( 'automotive_design' ) ;
#1538 = DIRECTION ( 'NONE',  ( -1.000000000000000000, 0.000000000000000000, 0.000000000000000000 ) ) ;
#1539 = ORIENTED_EDGE ( 'NONE', *, *, #2628, .F. ) ;
#1540 = CARTESIAN_POINT ( 'NONE',  ( 24.75000000000000000, 24.75000000000000000, -40.50000000000000000 ) ) ;
#1541 = DIRECTION ( 'NONE',  ( 0.000000000000000000, 0.000000000000000000, 1.000000000000000000 ) ) ;
#1542 = ORIENTED_EDGE ( 'NONE', *, *, #4232, .T. ) ;
#1543 = DIRECTION ( 'NONE',  ( -1.000000000000000000, 6.938893903907242183E-16, 0.000000000000000000 ) ) ;
#1544 = CARTESIAN_POINT ( 'NONE',  ( -25.44999999999999929, 14.50000000000000888, 42.20000000000000284 ) ) ;
#1545 = ORIENTED_EDGE ( 'NONE', *, *, #3288, .T. ) ;
#1546 = EDGE_CURVE ( 'NONE', #3474, #350, #3963, .T. ) ;
#1547 = ORIENTED_EDGE ( 'NONE', *, *, #2684, .F. ) ;
#1548 = FACE_BOUND ( 'NONE', #431, .T. ) ;
#1549 = CARTESIAN_POINT ( 'NONE',  ( -5.000000000000000000, 6.123233995736766282E-16, 47.09999999999999432 ) ) ;
#1550 = VERTEX_POINT ( 'NONE', #550 ) ;
#1551 = LINE ( 'NONE', #2198, #1773 ) ;
#1552 = EDGE_CURVE ( 'NONE', #397, #1406, #4310, .T. ) ;
#1553 = ADVANCED_FACE ( 'NONE', ( #205 ), #2648, .F. ) ;
#1554 = DIRECTION ( 'NONE',  ( -1.000000000000000000, -0.000000000000000000, -0.000000000000000000 ) ) ;
#1555 = LINE ( 'NONE', #4284, #2213 ) ;
#1556 = ORIENTED_EDGE ( 'NONE', *, *, #444, .T. ) ;
#1557 = ADVANCED_FACE ( 'NONE', ( #1255 ), #2698, .T. ) ;
#1558 = EDGE_LOOP ( 'NONE', ( #2817, #2597, #1251, #3476 ) ) ;
#1559 = DIRECTION ( 'NONE',  ( 1.000000000000000000, -2.168404344971012812E-15, 0.000000000000000000 ) ) ;
#1560 = CIRCLE ( 'NONE', #4072, 3.174999999999999822 ) ;
#1561 = LINE ( 'NONE', #2930, #2351 ) ;
#1562 = ORIENTED_EDGE ( 'NONE', *, *, #2413, .T. ) ;
#1563 = ORIENTED_EDGE ( 'NONE', *, *, #1290, .F. ) ;
#1564 = CARTESIAN_POINT ( 'NONE',  ( -25.05000000000000071, -14.90000000000000924, 42.70000000000000284 ) ) ;
#1565 = CIRCLE ( 'NONE', #1211, 3.249999999999999556 ) ;
#1566 = VERTEX_POINT ( 'NONE', #2306 ) ;
#1567 = CARTESIAN_POINT ( 'NONE',  ( 28.19999999999999929, -11.25000000000001066, 40.50000000000000000 ) ) ;
#1568 = EDGE_LOOP ( 'NONE', ( #3224, #2433, #3132, #2375 ) ) ;
#1569 = DIRECTION ( 'NONE',  ( 1.000000000000000000, 0.000000000000000000, 0.000000000000000000 ) ) ;
#1570 = CARTESIAN_POINT ( 'NONE',  ( 25.85000000000000142, -14.90000000000000924, 41.20000000000000284 ) ) ;
#1571 = ORIENTED_EDGE ( 'NONE', *, *, #554, .F. ) ;
#1572 = LINE ( 'NONE', #831, #1278 ) ;
#1573 = PLANE ( 'NONE',  #131 ) ;
#1574 = AXIS2_PLACEMENT_3D ( 'NONE', #509, #3260, #1831 ) ;
#1575 = VECTOR ( 'NONE', #2609, 1000.000000000000000 ) ;
#1576 = EDGE_CURVE ( 'NONE', #89, #2011, #3353, .T. ) ;
#1577 = EDGE_CURVE ( 'NONE', #4324, #74, #4039, .T. ) ;
#1578 = CLOSED_SHELL ( 'NONE', ( #3006, #3042, #2634, #698, #3667, #1086, #1794, #3235, #3205, #138, #1492, #3757, #161, #1253, #313, #4184, #1224, #4334, #738, #98, #3894, #1633, #1821, #2791, #1843, #1190, #3503, #650, #275, #3856, #3641, #615, #983, #2622, #1315, #3262, #77, #1586, #2123, #2539, #3996, #3941, #812, #137, #1767, #1175, #99, #1357, #670, #893, #254, #2915, #1195, #3374, #2102, #804, #1557, #2790, #2101, #1928, #1163, #1283, #104, #440, #1169, #2324, #3673, #562, #3481, #3513, #3289, #3834, #924, #2601, #3593, #1531, #468, #3535, #2240, #193, #537, #3041, #914, #2236, #4101, #2201, #892, #3990, #1133, #614, #3403, #1167, #1485, #250, #2746, #3817, #2738, #2124, #3281, #3150, #4314, #1553, #4074, #561, #1390, #3934, #3970, #1061, #3835, #4129, #2296, #4422, #1689, #1875, #2870, #1876, #1009, #2200, #1662, #1714, #2467, #4050, #1990, #916, #3698, #22, #78, #249, #2576, #3785, #2629, #3347, #3508, #3105, #1965, #474, #4108, #3118, #1252, #4185, #643, #3482 ) ) ;
#1579 =( LENGTH_UNIT ( ) NAMED_UNIT ( * ) SI_UNIT ( .MILLI., .METRE. ) );
#1580 = ORIENTED_EDGE ( 'NONE', *, *, #3048, .F. ) ;
#1581 = VECTOR ( 'NONE', #2295, 1000.000000000000000 ) ;
#1582 = DIRECTION ( 'NONE',  ( -0.000000000000000000, -0.000000000000000000, -1.000000000000000000 ) ) ;
#1583 = ORIENTED_EDGE ( 'NONE', *, *, #21, .F. ) ;
#1584 = VECTOR ( 'NONE', #3543, 1000.000000000000000 ) ;
#1585 = AXIS2_PLACEMENT_3D ( 'NONE', #2079, #2104, #1746 ) ;
#1586 = ADVANCED_FACE ( 'NONE', ( #3372, #4059 ), #981, .F. ) ;
#1587 = DIRECTION ( 'NONE',  ( -0.000000000000000000, 1.000000000000000000, -0.000000000000000000 ) ) ;
#1588 = ORIENTED_EDGE ( 'NONE', *, *, #2379, .F. ) ;
#1589 = AXIS2_PLACEMENT_3D ( 'NONE', #2261, #1166, #3572 ) ;
#1590 = VECTOR ( 'NONE', #3284, 1000.000000000000000 ) ;
#1591 = ORIENTED_EDGE ( 'NONE', *, *, #758, .T. ) ;
#1592 = DIRECTION ( 'NONE',  ( 0.000000000000000000, 0.000000000000000000, -1.000000000000000000 ) ) ;
#1593 = DIRECTION ( 'NONE',  ( -1.000000000000000000, 0.000000000000000000, 0.000000000000000000 ) ) ;
#1594 = AXIS2_PLACEMENT_3D ( 'NONE', #65, #711, #4128 ) ;
#1595 = VECTOR ( 'NONE', #252, 1000.000000000000000 ) ;
#1596 = ORIENTED_EDGE ( 'NONE', *, *, #4033, .F. ) ;
#1597 = FACE_OUTER_BOUND ( 'NONE', #1072, .T. ) ;
#1598 = VERTEX_POINT ( 'NONE', #755 ) ;
#1599 = CARTESIAN_POINT ( 'NONE',  ( -27.19999999999999929, -19.27300264743537639, 54.64213562373092969 ) ) ;
#1600 = CARTESIAN_POINT ( 'NONE',  ( 25.85000000000000142, 13.25000000000001243, 42.70000000000000284 ) ) ;
#1601 = ORIENTED_EDGE ( 'NONE', *, *, #1039, .F. ) ;
#1602 = CARTESIAN_POINT ( 'NONE',  ( 26.70000000000000284, 14.90000000000000924, 41.20000000000000284 ) ) ;
#1603 = CARTESIAN_POINT ( 'NONE',  ( -24.19999999999999929, 24.19999999999999929, 40.50000000000000000 ) ) ;
#1604 = CARTESIAN_POINT ( 'NONE',  ( 25.05000000000000071, 14.90000000000000924, 41.20000000000000284 ) ) ;
#1605 = VERTEX_POINT ( 'NONE', #318 ) ;
#1606 = DIRECTION ( 'NONE',  ( 0.000000000000000000, 0.000000000000000000, -1.000000000000000000 ) ) ;
#1607 = EDGE_CURVE ( 'NONE', #3009, #4440, #438, .T. ) ;
#1608 = EDGE_CURVE ( 'NONE', #2166, #152, #1698, .T. ) ;
#1609 = ORIENTED_EDGE ( 'NONE', *, *, #4164, .T. ) ;
#1610 = DIRECTION ( 'NONE',  ( -1.000000000000000000, 0.000000000000000000, 0.000000000000000000 ) ) ;
#1611 = ORIENTED_EDGE ( 'NONE', *, *, #3722, .T. ) ;
#1612 = EDGE_CURVE ( 'NONE', #646, #3350, #2763, .T. ) ;
#1613 = EDGE_LOOP ( 'NONE', ( #472, #272, #930, #2281 ) ) ;
#1614 = DIRECTION ( 'NONE',  ( 1.000000000000000000, 0.000000000000000000, -0.000000000000000000 ) ) ;
#1615 = CARTESIAN_POINT ( 'NONE',  ( -25.85000000000000142, 13.25000000000001243, 41.20000000000000284 ) ) ;
#1616 = VERTEX_POINT ( 'NONE', #3501 ) ;
#1617 = ORIENTED_EDGE ( 'NONE', *, *, #1410, .F. ) ;
#1618 = CARTESIAN_POINT ( 'NONE',  ( 26.70000000000000284, 14.10000000000001030, 42.70000000000000284 ) ) ;
#1619 = DIRECTION ( 'NONE',  ( -0.000000000000000000, -1.000000000000000000, -0.000000000000000000 ) ) ;
#1620 = ORIENTED_EDGE ( 'NONE', *, *, #2768, .F. ) ;
#1621 = DIRECTION ( 'NONE',  ( 1.000000000000000000, 0.000000000000000000, 0.000000000000000000 ) ) ;
#1622 = DIRECTION ( 'NONE',  ( 0.000000000000000000, 1.000000000000000000, 0.000000000000000000 ) ) ;
#1623 = FACE_OUTER_BOUND ( 'NONE', #3071, .T. ) ;
#1624 = VERTEX_POINT ( 'NONE', #1004 ) ;
#1625 = DIRECTION ( 'NONE',  ( -0.000000000000000000, -0.000000000000000000, 1.000000000000000000 ) ) ;
#1626 = LINE ( 'NONE', #1295, #1653 ) ;
#1627 = VERTEX_POINT ( 'NONE', #736 ) ;
#1628 = LINE ( 'NONE', #3000, #488 ) ;
#1629 = ORIENTED_EDGE ( 'NONE', *, *, #4315, .F. ) ;
#1630 = EDGE_LOOP ( 'NONE', ( #3348, #213, #2619, #1302 ) ) ;
#1631 = FACE_OUTER_BOUND ( 'NONE', #894, .T. ) ;
#1632 = DIRECTION ( 'NONE',  ( 0.000000000000000000, 0.000000000000000000, -1.000000000000000000 ) ) ;
#1633 = ADVANCED_FACE ( 'NONE', ( #4126 ), #3464, .F. ) ;
#1634 = EDGE_CURVE ( 'NONE', #4440, #3009, #3166, .T. ) ;
#1635 = AXIS2_PLACEMENT_3D ( 'NONE', #4412, #4393, #4371 ) ;
#1636 = ORIENTED_EDGE ( 'NONE', *, *, #3466, .F. ) ;
#1637 = DIRECTION ( 'NONE',  ( -0.000000000000000000, -0.000000000000000000, -1.000000000000000000 ) ) ;
#1638 = PLANE ( 'NONE',  #2509 ) ;
#1639 = EDGE_CURVE ( 'NONE', #2372, #1735, #2036, .T. ) ;
#1640 = CARTESIAN_POINT ( 'NONE',  ( 26.70000000000000284, 14.90000000000000924, 42.70000000000000284 ) ) ;
#1641 = ORIENTED_EDGE ( 'NONE', *, *, #3585, .F. ) ;
#1642 = LINE ( 'NONE', #4066, #2496 ) ;
#1643 = MECHANICAL_DESIGN_GEOMETRIC_PRESENTATION_REPRESENTATION (  '', ( #1850 ), #2932 ) ;
#1644 = LINE ( 'NONE', #1669, #510 ) ;
#1645 = FACE_OUTER_BOUND ( 'NONE', #595, .T. ) ;
#1646 = DIRECTION ( 'NONE',  ( -0.000000000000000000, -0.000000000000000000, 1.000000000000000000 ) ) ;
#1647 = ORIENTED_EDGE ( 'NONE', *, *, #1001, .F. ) ;
#1648 = CARTESIAN_POINT ( 'NONE',  ( -26.70000000000000284, -14.10000000000001030, 41.20000000000000284 ) ) ;
#1649 = LINE ( 'NONE', #703, #281 ) ;
#1651 = CIRCLE ( 'NONE', #3737, 2.149999999999999023 ) ;
#1650 = FACE_OUTER_BOUND ( 'NONE', #1893, .T. ) ;
#1652 = ORIENTED_EDGE ( 'NONE', *, *, #2208, .T. ) ;
#1653 = VECTOR ( 'NONE', #1422, 1000.000000000000000 ) ;
#1654 = ORIENTED_EDGE ( 'NONE', *, *, #1612, .F. ) ;
#1655 = PLANE ( 'NONE',  #2232 ) ;
#1656 = LINE ( 'NONE', #3034, #571 ) ;
#1657 = AXIS2_PLACEMENT_3D ( 'NONE', #1603, #2223, #3221 ) ;
#1658 = VECTOR ( 'NONE', #3763, 1000.000000000000000 ) ;
#1659 = ORIENTED_EDGE ( 'NONE', *, *, #3048, .T. ) ;
#1660 = CARTESIAN_POINT ( 'NONE',  ( -25.44999999999999929, 11.25000000000001066, 45.50000000000000000 ) ) ;
#1661 = VECTOR ( 'NONE', #4111, 1000.000000000000000 ) ;
#1662 = ADVANCED_FACE ( 'NONE', ( #2447 ), #3771, .F. ) ;
#1663 = EDGE_CURVE ( 'NONE', #4384, #1735, #1407, .T. ) ;
#1664 = CARTESIAN_POINT ( 'NONE',  ( 28.19999999999999929, -17.75000000000000711, 40.50000000000000000 ) ) ;
#1665 = AXIS2_PLACEMENT_3D ( 'NONE', #1259, #4408, #2353 ) ;
#1666 = LINE ( 'NONE', #2264, #2362 ) ;
#1667 = EDGE_LOOP ( 'NONE', ( #2093, #1536 ) ) ;
#1668 = CARTESIAN_POINT ( 'NONE',  ( 25.85000000000000142, 13.25000000000001243, 42.70000000000000284 ) ) ;
#1669 = CARTESIAN_POINT ( 'NONE',  ( 25.85000000000000142, -15.75000000000001066, 41.20000000000000284 ) ) ;
#1670 = DIRECTION ( 'NONE',  ( -0.000000000000000000, 0.000000000000000000, 1.000000000000000000 ) ) ;
#1671 = CARTESIAN_POINT ( 'NONE',  ( 3.174999999999999822, 3.888253587292845095E-16, 44.09999999999999432 ) ) ;
#1672 = ORIENTED_EDGE ( 'NONE', *, *, #731, .T. ) ;
#1673 = PLANE ( 'NONE',  #3647 ) ;
#1674 = DIRECTION ( 'NONE',  ( -0.000000000000000000, -0.000000000000000000, 1.000000000000000000 ) ) ;
#1675 = DIRECTION ( 'NONE',  ( 1.000000000000000000, 0.000000000000000000, 0.000000000000000000 ) ) ;
#1676 = ORIENTED_EDGE ( 'NONE', *, *, #4255, .F. ) ;
#1677 = EDGE_LOOP ( 'NONE', ( #1454, #1659, #3770, #2636 ) ) ;
#1678 = DIRECTION ( 'NONE',  ( -0.000000000000000000, -0.000000000000000000, 1.000000000000000000 ) ) ;
#1679 = CARTESIAN_POINT ( 'NONE',  ( 23.80000000000000071, 14.50000000000000888, 42.70000000000000284 ) ) ;
#1680 = DIRECTION ( 'NONE',  ( -4.081702296416008108E-15, 1.000000000000000000, 0.000000000000000000 ) ) ;
#1681 = FACE_OUTER_BOUND ( 'NONE', #1720, .T. ) ;
#1682 = DIRECTION ( 'NONE',  ( -1.000000000000000000, 0.000000000000000000, 0.000000000000000000 ) ) ;
#1683 = EDGE_CURVE ( 'NONE', #1377, #1550, #4430, .T. ) ;
#1684 = CARTESIAN_POINT ( 'NONE',  ( 0.000000000000000000, 0.000000000000000000, 44.09999999999999432 ) ) ;
#1685 = VERTEX_POINT ( 'NONE', #3437 ) ;
#1686 = CARTESIAN_POINT ( 'NONE',  ( -23.57499999999999929, 23.57499999999999929, 40.50000000000000000 ) ) ;
#1687 = CARTESIAN_POINT ( 'NONE',  ( -25.85000000000000142, -14.90000000000000924, 41.20000000000000284 ) ) ;
#1688 = CARTESIAN_POINT ( 'NONE',  ( 25.44999999999999929, -17.75000000000000711, 45.50000000000000000 ) ) ;
#1689 = ADVANCED_FACE ( 'NONE', ( #3749 ), #2424, .F. ) ;
#1690 = EDGE_CURVE ( 'NONE', #1380, #1468, #868, .T. ) ;
#1691 = CYLINDRICAL_SURFACE ( 'NONE', #343, 4.999999999999984013 ) ;
#1692 = ORIENTED_EDGE ( 'NONE', *, *, #2288, .T. ) ;
#1693 = CARTESIAN_POINT ( 'NONE',  ( 25.44999999999999929, 11.25000000000001066, 45.50000000000000000 ) ) ;
#1694 = CARTESIAN_POINT ( 'NONE',  ( -24.20000000000000284, -24.19999999999999929, 45.50000000000000000 ) ) ;
#1695 = FACE_OUTER_BOUND ( 'NONE', #3939, .T. ) ;
#1696 = ORIENTED_EDGE ( 'NONE', *, *, #4033, .T. ) ;
#1697 = EDGE_LOOP ( 'NONE', ( #2234, #3277 ) ) ;
#1698 = LINE ( 'NONE', #2783, #3538 ) ;
#1699 = CARTESIAN_POINT ( 'NONE',  ( 27.09999999999999787, -14.50000000000000888, 42.70000000000000284 ) ) ;
#1700 = FACE_OUTER_BOUND ( 'NONE', #968, .T. ) ;
#1701 = FACE_OUTER_BOUND ( 'NONE', #1425, .T. ) ;
#1702 = DIRECTION ( 'NONE',  ( -0.000000000000000000, -0.000000000000000000, -1.000000000000000000 ) ) ;
#1703 = VECTOR ( 'NONE', #2222, 1000.000000000000000 ) ;
#1704 = LINE ( 'NONE', #2751, #3215 ) ;
#1705 = VERTEX_POINT ( 'NONE', #3417 ) ;
#1706 = VERTEX_POINT ( 'NONE', #17 ) ;
#1707 = CARTESIAN_POINT ( 'NONE',  ( 25.44999999999999929, 14.50000000000000888, 45.50000000000000000 ) ) ;
#1708 = VERTEX_POINT ( 'NONE', #3102 ) ;
#1709 = CARTESIAN_POINT ( 'NONE',  ( 25.05000000000000426, -14.10000000000001030, 42.70000000000000284 ) ) ;
#1710 = DIRECTION ( 'NONE',  ( 0.000000000000000000, 0.000000000000000000, -1.000000000000000000 ) ) ;
#1711 = ORIENTED_EDGE ( 'NONE', *, *, #1903, .T. ) ;
#1712 = LINE ( 'NONE', #312, #1581 ) ;
#1713 = CYLINDRICAL_SURFACE ( 'NONE', #864, 1.000000000000000888 ) ;
#1714 = ADVANCED_FACE ( 'NONE', ( #4147 ), #4458, .F. ) ;
#1715 = EDGE_CURVE ( 'NONE', #1968, #229, #2016, .T. ) ;
#1716 = AXIS2_PLACEMENT_3D ( 'NONE', #28, #746, #1710 ) ;
#1717 = LINE ( 'NONE', #1340, #2923 ) ;
#1718 = VERTEX_POINT ( 'NONE', #2802 ) ;
#1719 = VECTOR ( 'NONE', #4086, 1000.000000000000000 ) ;
#1720 = EDGE_LOOP ( 'NONE', ( #1862, #311, #2558, #899 ) ) ;
#1721 = CARTESIAN_POINT ( 'NONE',  ( 25.85000000000000142, -15.75000000000001066, 42.70000000000000284 ) ) ;
#1722 = VECTOR ( 'NONE', #112, 1000.000000000000000 ) ;
#1723 = LINE ( 'NONE', #408, #1081 ) ;
#1724 = EDGE_CURVE ( 'NONE', #622, #74, #4170, .T. ) ;
#1725 = AXIS2_PLACEMENT_3D ( 'NONE', #3465, #18, #4127 ) ;
#1726 = AXIS2_PLACEMENT_3D ( 'NONE', #1808, #1156, #3185 ) ;
#1727 = CYLINDRICAL_SURFACE ( 'NONE', #1594, 4.000000000000000000 ) ;
#1728 = DIRECTION ( 'NONE',  ( 0.000000000000000000, 0.000000000000000000, 1.000000000000000000 ) ) ;
#1729 = AXIS2_PLACEMENT_3D ( 'NONE', #3493, #3266, #1569 ) ;
#1730 = DIRECTION ( 'NONE',  ( 0.000000000000000000, -1.000000000000000000, 0.000000000000000000 ) ) ;
#1731 = VERTEX_POINT ( 'NONE', #2553 ) ;
#1732 = CIRCLE ( 'NONE', #3818, 2.149999999999999023 ) ;
#1733 = ORIENTED_EDGE ( 'NONE', *, *, #1134, .T. ) ;
#1734 = DIRECTION ( 'NONE',  ( 0.000000000000000000, 1.000000000000000000, 0.000000000000000000 ) ) ;
#1735 = VERTEX_POINT ( 'NONE', #1132 ) ;
#1736 = DIRECTION ( 'NONE',  ( -0.000000000000000000, -0.000000000000000000, -1.000000000000000000 ) ) ;
#1737 = FACE_OUTER_BOUND ( 'NONE', #533, .T. ) ;
#1738 = ORIENTED_EDGE ( 'NONE', *, *, #44, .F. ) ;
#1739 = LINE ( 'NONE', #3116, #1916 ) ;
#1740 = PLANE ( 'NONE',  #648 ) ;
#1741 = CARTESIAN_POINT ( 'NONE',  ( 0.000000000000000000, 0.000000000000000000, 41.20000000000000284 ) ) ;
#1742 = ORIENTED_EDGE ( 'NONE', *, *, #1139, .T. ) ;
#1743 = EDGE_CURVE ( 'NONE', #4079, #1752, #3940, .T. ) ;
#1744 = EDGE_CURVE ( 'NONE', #2651, #2326, #3739, .T. ) ;
#1745 = ORIENTED_EDGE ( 'NONE', *, *, #3908, .T. ) ;
#1746 = DIRECTION ( 'NONE',  ( 0.000000000000000000, -0.000000000000000000, -1.000000000000000000 ) ) ;
#1747 = CARTESIAN_POINT ( 'NONE',  ( 23.57499999999999929, 23.57500000000000639, 40.50000000000000000 ) ) ;
#1748 = EDGE_CURVE ( 'NONE', #3547, #2469, #3565, .T. ) ;
#1749 = LINE ( 'NONE', #1, #3678 ) ;
#1750 = DIRECTION ( 'NONE',  ( -0.000000000000000000, 0.000000000000000000, -1.000000000000000000 ) ) ;
#1751 = EDGE_CURVE ( 'NONE', #2680, #4399, #2231, .T. ) ;
#1752 = VERTEX_POINT ( 'NONE', #773 ) ;
#1753 = ORIENTED_EDGE ( 'NONE', *, *, #2259, .F. ) ;
#1754 = CARTESIAN_POINT ( 'NONE',  ( 25.05000000000000071, 14.90000000000000924, 42.70000000000000284 ) ) ;
#1755 = ORIENTED_EDGE ( 'NONE', *, *, #887, .T. ) ;
#1756 = DIRECTION ( 'NONE',  ( 0.000000000000000000, 1.000000000000000000, -0.000000000000000000 ) ) ;
#1757 = ORIENTED_EDGE ( 'NONE', *, *, #362, .F. ) ;
#1758 = DIRECTION ( 'NONE',  ( -0.000000000000000000, -0.000000000000000000, -1.000000000000000000 ) ) ;
#1759 = DIRECTION ( 'NONE',  ( 1.000000000000000000, 0.000000000000000000, 0.000000000000000000 ) ) ;
#1760 = CARTESIAN_POINT ( 'NONE',  ( 26.79166666666666430, 20.18583553952948861, 54.64213562373092969 ) ) ;
#1761 = ORIENTED_EDGE ( 'NONE', *, *, #2177, .F. ) ;
#1762 = VERTEX_POINT ( 'NONE', #3612 ) ;
#1763 = DIRECTION ( 'NONE',  ( 0.000000000000000000, 0.000000000000000000, 1.000000000000000000 ) ) ;
#1764 = FACE_OUTER_BOUND ( 'NONE', #1507, .T. ) ;
#1765 = CYLINDRICAL_SURFACE ( 'NONE', #139, 4.999999999999984013 ) ;
#1766 = DIRECTION ( 'NONE',  ( 1.000000000000000000, 0.000000000000000000, -0.000000000000000000 ) ) ;
#1767 = ADVANCED_FACE ( 'NONE', ( #83 ), #1810, .F. ) ;
#1768 = EDGE_CURVE ( 'NONE', #3424, #2470, #4204, .T. ) ;
#1769 = ORIENTED_EDGE ( 'NONE', *, *, #3971, .T. ) ;
#1770 = DIRECTION ( 'NONE',  ( 0.000000000000000000, -1.000000000000000000, 0.000000000000000000 ) ) ;
#1771 = ORIENTED_EDGE ( 'NONE', *, *, #4262, .F. ) ;
#1772 = EDGE_CURVE ( 'NONE', #3480, #3051, #2595, .T. ) ;
#1773 = VECTOR ( 'NONE', #2900, 1000.000000000000000 ) ;
#1774 = CARTESIAN_POINT ( 'NONE',  ( 24.19999999999999929, 14.90000000000000924, 41.20000000000000284 ) ) ;
#1775 = VERTEX_POINT ( 'NONE', #473 ) ;
#1776 = VECTOR ( 'NONE', #2253, 1000.000000000000000 ) ;
#1777 = DIRECTION ( 'NONE',  ( -0.000000000000000000, -0.000000000000000000, 1.000000000000000000 ) ) ;
#1778 = VECTOR ( 'NONE', #3050, 1000.000000000000000 ) ;
#1779 = CARTESIAN_POINT ( 'NONE',  ( -25.05000000000000426, -14.10000000000001030, 41.20000000000000284 ) ) ;
#1780 = EDGE_LOOP ( 'NONE', ( #2755, #1802, #3269, #2584, #4265, #3852, #2625, #2530, #1692, #4253, #3604, #883 ) ) ;
#1781 = PLANE ( 'NONE',  #3947 ) ;
#1782 = EDGE_LOOP ( 'NONE', ( #3714, #4347, #3723, #2845 ) ) ;
#1783 = AXIS2_PLACEMENT_3D ( 'NONE', #2114, #2794, #1089 ) ;
#1784 = CARTESIAN_POINT ( 'NONE',  ( 0.000000000000000000, 0.000000000000000000, -36.50000000000000711 ) ) ;
#1785 = CARTESIAN_POINT ( 'NONE',  ( 26.70000000000000284, 14.10000000000001030, 41.20000000000000284 ) ) ;
#1786 = VECTOR ( 'NONE', #955, 1000.000000000000000 ) ;
#1787 = TOROIDAL_SURFACE ( 'NONE', #2080, 1.649999999999997913, 0.5000000000000000000 ) ;
#1788 = DIRECTION ( 'NONE',  ( 0.000000000000000000, 0.000000000000000000, 1.000000000000000000 ) ) ;
#1789 = CARTESIAN_POINT ( 'NONE',  ( 25.44999999999999929, -14.50000000000000888, 40.50000000000000000 ) ) ;
#1790 = AXIS2_PLACEMENT_3D ( 'NONE', #2220, #2160, #1886 ) ;
#1791 = VECTOR ( 'NONE', #2269, 1000.000000000000000 ) ;
#1792 = VERTEX_POINT ( 'NONE', #3875 ) ;
#1793 = EDGE_CURVE ( 'NONE', #2519, #3299, #3187, .T. ) ;
#1794 = ADVANCED_FACE ( 'NONE', ( #1180 ), #4190, .T. ) ;
#1795 = CARTESIAN_POINT ( 'NONE',  ( 26.70000000000000284, -14.10000000000001030, 41.20000000000000284 ) ) ;
#1796 = VECTOR ( 'NONE', #54, 1000.000000000000000 ) ;
#1797 = ORIENTED_EDGE ( 'NONE', *, *, #1663, .T. ) ;
#1798 = VECTOR ( 'NONE', #3837, 1000.000000000000000 ) ;
#1799 = AXIS2_PLACEMENT_3D ( 'NONE', #110, #1238, #534 ) ;
#1800 = VECTOR ( 'NONE', #2722, 1000.000000000000000 ) ;
#1801 = CARTESIAN_POINT ( 'NONE',  ( -24.19999999999999929, -14.10000000000001030, 42.70000000000000284 ) ) ;
#1802 = ORIENTED_EDGE ( 'NONE', *, *, #4365, .T. ) ;
#1803 = EDGE_CURVE ( 'NONE', #3511, #166, #1489, .T. ) ;
#1804 = CARTESIAN_POINT ( 'NONE',  ( -24.19999999999999929, 28.19999999999999929, 45.50000000000000000 ) ) ;
#1805 = CIRCLE ( 'NONE', #2384, 1.000000000000000888 ) ;
#1806 = CARTESIAN_POINT ( 'NONE',  ( -25.44999999999999929, 14.50000000000000888, 42.70000000000000284 ) ) ;
#1807 = ORIENTED_EDGE ( 'NONE', *, *, #4049, .F. ) ;
#1808 = CARTESIAN_POINT ( 'NONE',  ( 24.19999999999999929, -24.19999999999999929, 40.50000000000000000 ) ) ;
#1809 = VERTEX_POINT ( 'NONE', #2907 ) ;
#1810 = CYLINDRICAL_SURFACE ( 'NONE', #506, 3.249999999999999556 ) ;
#1811 = LINE ( 'NONE', #3189, #1235 ) ;
#1812 = DIRECTION ( 'NONE',  ( 0.000000000000000000, -0.000000000000000000, 1.000000000000000000 ) ) ;
#1813 = ORIENTED_EDGE ( 'NONE', *, *, #816, .T. ) ;
#1814 = DIRECTION ( 'NONE',  ( -0.000000000000000000, -0.000000000000000000, -1.000000000000000000 ) ) ;
#1815 = ORIENTED_EDGE ( 'NONE', *, *, #833, .T. ) ;
#1816 = EDGE_CURVE ( 'NONE', #2560, #4270, #3099, .T. ) ;
#1817 = DIRECTION ( 'NONE',  ( -0.000000000000000000, 1.000000000000000000, -0.000000000000000000 ) ) ;
#1818 = ORIENTED_EDGE ( 'NONE', *, *, #3727, .F. ) ;
#1819 = CARTESIAN_POINT ( 'NONE',  ( 0.000000000000000000, 0.000000000000000000, 66.99999999999998579 ) ) ;
#1820 = EDGE_CURVE ( 'NONE', #4287, #3301, #2574, .T. ) ;
#1821 = ADVANCED_FACE ( 'NONE', ( #1471, #2841 ), #2169, .F. ) ;
#1822 = CYLINDRICAL_SURFACE ( 'NONE', #340, 5.000000000000000000 ) ;
#1823 = VERTEX_POINT ( 'NONE', #4225 ) ;
#1824 = DIRECTION ( 'NONE',  ( -6.308085367188392213E-16, 1.000000000000000000, 0.000000000000000000 ) ) ;
#1825 = ORIENTED_EDGE ( 'NONE', *, *, #3756, .F. ) ;
#1826 = DIRECTION ( 'NONE',  ( 0.000000000000000000, 0.000000000000000000, -1.000000000000000000 ) ) ;
#1827 = EDGE_CURVE ( 'NONE', #1491, #4038, #1159, .T. ) ;
#1828 = ORIENTED_EDGE ( 'NONE', *, *, #3013, .F. ) ;
#1829 = LINE ( 'NONE', #1493, #1719 ) ;
#1830 = LINE ( 'NONE', #106, #2599 ) ;
#1831 = DIRECTION ( 'NONE',  ( 0.000000000000000000, -0.000000000000000000, -1.000000000000000000 ) ) ;
#1832 = EDGE_LOOP ( 'NONE', ( #3634, #1168, #3552, #284 ) ) ;
#1833 = EDGE_LOOP ( 'NONE', ( #1672, #2270, #1636, #3615 ) ) ;
#1834 = DIRECTION ( 'NONE',  ( -0.000000000000000000, -0.000000000000000000, -1.000000000000000000 ) ) ;
#1835 = CARTESIAN_POINT ( 'NONE',  ( -20.18583553952948151, 26.79166666666666430, -40.50000000000000000 ) ) ;
#1836 = ORIENTED_EDGE ( 'NONE', *, *, #3752, .T. ) ;
#1837 = DIRECTION ( 'NONE',  ( 0.000000000000000000, 1.000000000000000000, 0.000000000000000000 ) ) ;
#1838 = CYLINDRICAL_SURFACE ( 'NONE', #2087, 4.000000000000000000 ) ;
#1839 = FACE_OUTER_BOUND ( 'NONE', #2089, .T. ) ;
#1840 = CIRCLE ( 'NONE', #3929, 4.999999999999984013 ) ;
#1841 = VERTEX_POINT ( 'NONE', #819 ) ;
#1842 = FACE_OUTER_BOUND ( 'NONE', #4344, .T. ) ;
#1843 = ADVANCED_FACE ( 'NONE', ( #2187, #1846 ), #3229, .F. ) ;
#1844 = EDGE_CURVE ( 'NONE', #3654, #646, #4395, .T. ) ;
#1845 = ORIENTED_EDGE ( 'NONE', *, *, #3889, .F. ) ;
#1846 = FACE_OUTER_BOUND ( 'NONE', #592, .T. ) ;
#1847 = DIRECTION ( 'NONE',  ( 1.000000000000000000, 2.168404344971012812E-15, 0.000000000000000000 ) ) ;
#1848 = VERTEX_POINT ( 'NONE', #1688 ) ;
#1849 = CARTESIAN_POINT ( 'NONE',  ( 23.57499999999999929, -23.57500000000000639, 45.50000000000000000 ) ) ;
#1850 = STYLED_ITEM ( 'NONE', ( #149 ), #3793 ) ;
#1851 = EDGE_CURVE ( 'NONE', #3765, #2309, #2603, .T. ) ;
#1852 = LINE ( 'NONE', #481, #4172 ) ;
#1853 = PLANE ( 'NONE',  #278 ) ;
#1854 = CIRCLE ( 'NONE', #2442, 5.000000000000000000 ) ;
#1855 = ORIENTED_EDGE ( 'NONE', *, *, #3857, .F. ) ;
#1856 = LINE ( 'NONE', #2611, #3104 ) ;
#1857 = ORIENTED_EDGE ( 'NONE', *, *, #505, .T. ) ;
#1858 = LINE ( 'NONE', #3574, #2225 ) ;
#1859 = VECTOR ( 'NONE', #1963, 1000.000000000000000 ) ;
#1860 = VECTOR ( 'NONE', #107, 1000.000000000000000 ) ;
#1861 = CYLINDRICAL_SURFACE ( 'NONE', #3304, 2.499999999999998668 ) ;
#1862 = ORIENTED_EDGE ( 'NONE', *, *, #1546, .F. ) ;
#1863 = AXIS2_PLACEMENT_3D ( 'NONE', #453, #1486, #794 ) ;
#1864 = LINE ( 'NONE', #465, #2570 ) ;
#1865 = DIRECTION ( 'NONE',  ( -0.000000000000000000, -0.000000000000000000, -1.000000000000000000 ) ) ;
#1866 = VECTOR ( 'NONE', #1126, 1000.000000000000000 ) ;
#1867 = VECTOR ( 'NONE', #3899, 1000.000000000000000 ) ;
#1868 = CARTESIAN_POINT ( 'NONE',  ( 19.27300264743538705, 28.19999999999999929, -40.50000000000000000 ) ) ;
#1869 = ORIENTED_EDGE ( 'NONE', *, *, #128, .T. ) ;
#1870 = FACE_OUTER_BOUND ( 'NONE', #1972, .T. ) ;
#1871 = VECTOR ( 'NONE', #2336, 1000.000000000000000 ) ;
#1872 = VERTEX_POINT ( 'NONE', #3427 ) ;
#1873 = DIRECTION ( 'NONE',  ( -1.000000000000000000, 0.000000000000000000, 0.000000000000000000 ) ) ;
#1874 = AXIS2_PLACEMENT_3D ( 'NONE', #2057, #775, #2145 ) ;
#1875 = ADVANCED_FACE ( 'NONE', ( #1045 ), #2707, .F. ) ;
#1876 = ADVANCED_FACE ( 'NONE', ( #1645 ), #3782, .F. ) ;
#1877 = CARTESIAN_POINT ( 'NONE',  ( -25.44999999999999929, 17.75000000000000711, 40.50000000000000000 ) ) ;
#1878 = EDGE_LOOP ( 'NONE', ( #2992, #1547, #1828, #2753, #3632, #4145, #297, #4134, #1992, #11, #4031, #2260 ) ) ;
#1879 = CARTESIAN_POINT ( 'NONE',  ( -24.75000000000000000, -24.75000000000000000, 40.50000000000000000 ) ) ;
#1880 = DIRECTION ( 'NONE',  ( 0.000000000000000000, 0.000000000000000000, -1.000000000000000000 ) ) ;
#1881 = EDGE_CURVE ( 'NONE', #1598, #2422, #696, .T. ) ;
#1882 = ORIENTED_EDGE ( 'NONE', *, *, #4461, .F. ) ;
#1883 = DIRECTION ( 'NONE',  ( -0.000000000000000000, -0.000000000000000000, -1.000000000000000000 ) ) ;
#1884 = VERTEX_POINT ( 'NONE', #992 ) ;
#1885 = CARTESIAN_POINT ( 'NONE',  ( 24.19999999999999929, 24.19999999999999929, 40.50000000000000000 ) ) ;
#1886 = DIRECTION ( 'NONE',  ( 0.000000000000000000, -0.000000000000000000, 1.000000000000000000 ) ) ;
#1887 = ORIENTED_EDGE ( 'NONE', *, *, #1827, .F. ) ;
#1888 = LINE ( 'NONE', #3577, #1201 ) ;
#1889 = CARTESIAN_POINT ( 'NONE',  ( -28.19999999999999929, 11.25000000000001243, 45.50000000000000000 ) ) ;
#1890 = SURFACE_STYLE_USAGE ( .BOTH. , #521 ) ;
#1891 = ORIENTED_EDGE ( 'NONE', *, *, #1112, .T. ) ;
#1892 = CARTESIAN_POINT ( 'NONE',  ( 28.19999999999999929, -17.75000000000000711, 45.50000000000000000 ) ) ;
#1893 = EDGE_LOOP ( 'NONE', ( #3891, #3463 ) ) ;
#1894 = CARTESIAN_POINT ( 'NONE',  ( -24.19999999999999929, -14.90000000000000924, 41.20000000000000284 ) ) ;
#1895 = CARTESIAN_POINT ( 'NONE',  ( -28.19999999999999929, -28.19999999999999929, 45.50000000000000000 ) ) ;
#1896 = EDGE_LOOP ( 'NONE', ( #787, #1143, #4257, #35 ) ) ;
#1897 = APPLICATION_PROTOCOL_DEFINITION ( 'draft international standard', 'automotive_design', 1998, #1537 ) ;
#1898 = ORIENTED_EDGE ( 'NONE', *, *, #4365, .F. ) ;
#1899 = CARTESIAN_POINT ( 'NONE',  ( 23.30000000000000071, -14.50000000000000888, 42.20000000000000284 ) ) ;
#1900 = DIRECTION ( 'NONE',  ( -0.000000000000000000, -0.000000000000000000, -1.000000000000000000 ) ) ;
#1901 = ORIENTED_EDGE ( 'NONE', *, *, #2490, .T. ) ;
#1902 = DIRECTION ( 'NONE',  ( -1.000000000000000000, -4.081702296416008108E-15, 0.000000000000000000 ) ) ;
#1903 = EDGE_CURVE ( 'NONE', #980, #2825, #2361, .T. ) ;
#1904 = EDGE_LOOP ( 'NONE', ( #3232, #3759, #369, #1437 ) ) ;
#1905 = EDGE_CURVE ( 'NONE', #547, #3511, #1153, .T. ) ;
#1906 = CARTESIAN_POINT ( 'NONE',  ( -25.85000000000000142, 14.90000000000000924, 41.20000000000000284 ) ) ;
#1907 = DIRECTION ( 'NONE',  ( 1.000000000000000000, 0.000000000000000000, 0.000000000000000000 ) ) ;
#1908 = ORIENTED_EDGE ( 'NONE', *, *, #2074, .T. ) ;
#1909 = DIRECTION ( 'NONE',  ( 0.000000000000000000, 0.000000000000000000, -1.000000000000000000 ) ) ;
#1910 = CARTESIAN_POINT ( 'NONE',  ( 25.05000000000000426, -13.25000000000001066, 41.20000000000000284 ) ) ;
#1911 = EDGE_CURVE ( 'NONE', #2873, #1129, #2394, .T. ) ;
#1912 = DIRECTION ( 'NONE',  ( -1.000000000000000000, 0.000000000000000000, 0.000000000000000000 ) ) ;
#1913 = ORIENTED_EDGE ( 'NONE', *, *, #2514, .T. ) ;
#1914 = CARTESIAN_POINT ( 'NONE',  ( -26.70000000000000284, 14.10000000000001030, 42.70000000000000284 ) ) ;
#1915 = ORIENTED_EDGE ( 'NONE', *, *, #3124, .F. ) ;
#1916 = VECTOR ( 'NONE', #12, 1000.000000000000000 ) ;
#1917 = CARTESIAN_POINT ( 'NONE',  ( -25.05000000000000426, 14.10000000000001030, 41.20000000000000284 ) ) ;
#1918 = ORIENTED_EDGE ( 'NONE', *, *, #2797, .T. ) ;
#1919 = VERTEX_POINT ( 'NONE', #2928 ) ;
#1920 = CYLINDRICAL_SURFACE ( 'NONE', #4174, 5.000000000000000000 ) ;
#1921 = LINE ( 'NONE', #3923, #4085 ) ;
#1922 = AXIS2_PLACEMENT_3D ( 'NONE', #1806, #4123, #3870 ) ;
#1923 = ORIENTED_EDGE ( 'NONE', *, *, #94, .F. ) ;
#1924 = DIRECTION ( 'NONE',  ( 0.000000000000000000, -1.000000000000000000, 0.000000000000000000 ) ) ;
#1925 = ORIENTED_EDGE ( 'NONE', *, *, #861, .T. ) ;
#1926 = CARTESIAN_POINT ( 'NONE',  ( -25.85000000000000142, 14.90000000000000924, 42.70000000000000284 ) ) ;
#1927 = VECTOR ( 'NONE', #926, 1000.000000000000000 ) ;
#1928 = ADVANCED_FACE ( 'NONE', ( #4289 ), #1223, .T. ) ;
#1929 = EDGE_CURVE ( 'NONE', #1969, #2571, #288, .T. ) ;
#1930 = DIRECTION ( 'NONE',  ( -1.000000000000000000, 0.000000000000000000, 0.000000000000000000 ) ) ;
#1931 = VECTOR ( 'NONE', #1040, 1000.000000000000000 ) ;
#1932 = VERTEX_POINT ( 'NONE', #3967 ) ;
#1933 = CARTESIAN_POINT ( 'NONE',  ( -28.19999999999999929, 17.75000000000000711, 45.50000000000000000 ) ) ;
#1934 = CARTESIAN_POINT ( 'NONE',  ( 25.85000000000000142, 13.25000000000001243, 41.20000000000000284 ) ) ;
#1935 = VECTOR ( 'NONE', #4209, 1000.000000000000000 ) ;
#1936 = CIRCLE ( 'NONE', #1725, 3.249999999999999556 ) ;
#1937 = VECTOR ( 'NONE', #3717, 1000.000000000000000 ) ;
#1938 = DIRECTION ( 'NONE',  ( 0.000000000000000000, 0.000000000000000000, 1.000000000000000000 ) ) ;
#1939 = ORIENTED_EDGE ( 'NONE', *, *, #1277, .T. ) ;
#1940 = DIRECTION ( 'NONE',  ( -0.000000000000000000, -0.000000000000000000, -1.000000000000000000 ) ) ;
#1941 = EDGE_LOOP ( 'NONE', ( #4353, #385, #751, #2410 ) ) ;
#1942 = AXIS2_PLACEMENT_3D ( 'NONE', #400, #2881, #4309 ) ;
#1943 = VECTOR ( 'NONE', #3256, 1000.000000000000000 ) ;
#1944 = DIRECTION ( 'NONE',  ( 1.000000000000000000, 0.000000000000000000, 0.000000000000000000 ) ) ;
#1945 = VERTEX_POINT ( 'NONE', #2252 ) ;
#1946 = AXIS2_PLACEMENT_3D ( 'NONE', #2994, #743, #7 ) ;
#1947 = AXIS2_PLACEMENT_3D ( 'NONE', #3977, #1834, #215 ) ;
#1948 = VERTEX_POINT ( 'NONE', #1979 ) ;
#1949 = CARTESIAN_POINT ( 'NONE',  ( 25.85000000000000142, 13.25000000000001243, 41.20000000000000284 ) ) ;
#1950 = LINE ( 'NONE', #299, #1011 ) ;
#1951 = VECTOR ( 'NONE', #2085, 1000.000000000000000 ) ;
#1952 = VERTEX_POINT ( 'NONE', #3020 ) ;
#1953 = DIRECTION ( 'NONE',  ( -0.000000000000000000, -0.000000000000000000, -1.000000000000000000 ) ) ;
#1954 = ORIENTED_EDGE ( 'NONE', *, *, #3368, .F. ) ;
#1955 = LINE ( 'NONE', #2312, #3158 ) ;
#1956 = DIRECTION ( 'NONE',  ( 1.000000000000000000, 0.000000000000000000, 0.000000000000000000 ) ) ;
#1957 = EDGE_LOOP ( 'NONE', ( #3283, #2605, #1641, #1419 ) ) ;
#1958 = CARTESIAN_POINT ( 'NONE',  ( -28.19999999999999929, -11.25000000000001243, 45.50000000000000000 ) ) ;
#1959 = CARTESIAN_POINT ( 'NONE',  ( -25.05000000000000426, 13.25000000000001066, 42.70000000000000284 ) ) ;
#1960 = CARTESIAN_POINT ( 'NONE',  ( -25.05000000000000426, 15.75000000000001066, 41.20000000000000284 ) ) ;
#1961 = ORIENTED_EDGE ( 'NONE', *, *, #2485, .T. ) ;
#1962 = CARTESIAN_POINT ( 'NONE',  ( -25.05000000000000426, -14.10000000000001030, 42.70000000000000284 ) ) ;
#1963 = DIRECTION ( 'NONE',  ( 0.000000000000000000, 0.000000000000000000, 1.000000000000000000 ) ) ;
#1964 = ORIENTED_EDGE ( 'NONE', *, *, #2437, .F. ) ;
#1965 = ADVANCED_FACE ( 'NONE', ( #4375 ), #3044, .F. ) ;
#1966 = EDGE_CURVE ( 'NONE', #2692, #810, #2156, .T. ) ;
#1967 = CARTESIAN_POINT ( 'NONE',  ( -26.07499999999999574, -23.57499999999999929, 40.50000000000000000 ) ) ;
#1968 = VERTEX_POINT ( 'NONE', #722 ) ;
#1969 = VERTEX_POINT ( 'NONE', #2175 ) ;
#1970 = CARTESIAN_POINT ( 'NONE',  ( -20.27300264743537639, 27.19999999999999929, 54.64213562373092969 ) ) ;
#1971 = DIRECTION ( 'NONE',  ( 0.000000000000000000, 0.000000000000000000, 1.000000000000000000 ) ) ;
#1972 = EDGE_LOOP ( 'NONE', ( #1228, #3415, #3999, #1918 ) ) ;
#1973 = ORIENTED_EDGE ( 'NONE', *, *, #1067, .F. ) ;
#1974 = LINE ( 'NONE', #3337, #1800 ) ;
#1975 = DIRECTION ( 'NONE',  ( -0.000000000000000000, -0.000000000000000000, 1.000000000000000000 ) ) ;
#1976 = EDGE_LOOP ( 'NONE', ( #242, #1155, #196, #2431, #4200, #1022, #586, #116, #2812, #1807, #3101, #2138 ) ) ;
#1977 = DIRECTION ( 'NONE',  ( 1.000000000000000000, -2.168404344971012812E-15, 0.000000000000000000 ) ) ;
#1978 = LINE ( 'NONE', #3018, #1871 ) ;
#1979 = CARTESIAN_POINT ( 'NONE',  ( -21.07499999999999574, -23.57499999999999929, 45.50000000000000000 ) ) ;
#1980 = DIRECTION ( 'NONE',  ( -4.081702296416008108E-15, -1.000000000000000000, 0.000000000000000000 ) ) ;
#1981 = ORIENTED_EDGE ( 'NONE', *, *, #1189, .T. ) ;
#1982 = CARTESIAN_POINT ( 'NONE',  ( -28.19999999999999929, 11.25000000000001243, 45.50000000000000000 ) ) ;
#1983 = PLANE ( 'NONE',  #1069 ) ;
#1984 = ORIENTED_EDGE ( 'NONE', *, *, #2861, .F. ) ;
#1985 = EDGE_CURVE ( 'NONE', #3701, #2602, #209, .T. ) ;
#1986 = EDGE_CURVE ( 'NONE', #4285, #3776, #783, .T. ) ;
#1987 = ORIENTED_EDGE ( 'NONE', *, *, #1113, .T. ) ;
#1988 = LINE ( 'NONE', #3302, #2960 ) ;
#1989 = LINE ( 'NONE', #4359, #2805 ) ;
#1990 = ADVANCED_FACE ( 'NONE', ( #9 ), #3846, .F. ) ;
#1991 = CIRCLE ( 'NONE', #403, 2.499999999999998668 ) ;
#1992 = ORIENTED_EDGE ( 'NONE', *, *, #329, .F. ) ;
#1993 = CARTESIAN_POINT ( 'NONE',  ( 25.05000000000000426, 13.25000000000001066, 41.20000000000000284 ) ) ;
#1994 = CARTESIAN_POINT ( 'NONE',  ( 19.00000000000000000, 2.326828918379970970E-15, 45.50000000000000000 ) ) ;
#1995 = DIRECTION ( 'NONE',  ( 2.168404344971012812E-15, 1.000000000000000000, 0.000000000000000000 ) ) ;
#1996 = VERTEX_POINT ( 'NONE', #1064 ) ;
#1997 = FACE_OUTER_BOUND ( 'NONE', #4267, .T. ) ;
#1998 = VECTOR ( 'NONE', #1050, 1000.000000000000000 ) ;
#1999 = DIRECTION ( 'NONE',  ( 1.000000000000000000, 0.000000000000000000, 0.000000000000000000 ) ) ;
#2000 = VECTOR ( 'NONE', #764, 1000.000000000000000 ) ;
#2001 = LINE ( 'NONE', #2395, #1358 ) ;
#2002 = ORIENTED_EDGE ( 'NONE', *, *, #2182, .T. ) ;
#2003 = CARTESIAN_POINT ( 'NONE',  ( 24.19999999999999929, -14.10000000000001030, 42.70000000000000284 ) ) ;
#2004 = LINE ( 'NONE', #4401, #2218 ) ;
#2005 = VECTOR ( 'NONE', #446, 1000.000000000000000 ) ;
#2006 = VECTOR ( 'NONE', #4421, 1000.000000000000000 ) ;
#2008 = VECTOR ( 'NONE', #2744, 1000.000000000000000 ) ;
#2007 = DIRECTION ( 'NONE',  ( 1.000000000000000000, 0.000000000000000000, 0.000000000000000000 ) ) ;
#2009 = ORIENTED_EDGE ( 'NONE', *, *, #2407, .F. ) ;
#2010 = AXIS2_PLACEMENT_3D ( 'NONE', #383, #3197, #2465 ) ;
#2011 = VERTEX_POINT ( 'NONE', #2158 ) ;
#2012 = CARTESIAN_POINT ( 'NONE',  ( 25.05000000000000426, 14.10000000000001030, 41.20000000000000284 ) ) ;
#2013 = DIRECTION ( 'NONE',  ( -1.000000000000000000, 0.000000000000000000, 0.000000000000000000 ) ) ;
#2014 = EDGE_CURVE ( 'NONE', #2825, #1706, #2434, .T. ) ;
#2015 = VECTOR ( 'NONE', #3597, 1000.000000000000000 ) ;
#2016 = CIRCLE ( 'NONE', #4372, 2.499999999999998668 ) ;
#2017 = CARTESIAN_POINT ( 'NONE',  ( -25.05000000000000071, 14.90000000000000924, 41.20000000000000284 ) ) ;
#2018 = AXIS2_PLACEMENT_3D ( 'NONE', #4208, #1137, #2510 ) ;
#2019 = DIRECTION ( 'NONE',  ( 1.000000000000000000, 0.000000000000000000, 0.000000000000000000 ) ) ;
#2020 = EDGE_CURVE ( 'NONE', #4138, #717, #3878, .T. ) ;
#2021 = EDGE_CURVE ( 'NONE', #1104, #1775, #2088, .T. ) ;
#2022 = AXIS2_PLACEMENT_3D ( 'NONE', #3684, #2677, #1325 ) ;
#2023 = DIRECTION ( 'NONE',  ( -1.000000000000000000, 0.000000000000000000, 0.000000000000000000 ) ) ;
#2024 = ORIENTED_EDGE ( 'NONE', *, *, #185, .F. ) ;
#2025 = LINE ( 'NONE', #2391, #1483 ) ;
#2026 = CARTESIAN_POINT ( 'NONE',  ( -27.09999999999999787, 14.50000000000000888, 42.70000000000000284 ) ) ;
#2027 = CARTESIAN_POINT ( 'NONE',  ( 28.19999999999999929, -11.25000000000001243, 45.50000000000000000 ) ) ;
#2028 = EDGE_CURVE ( 'NONE', #2326, #664, #4258, .T. ) ;
#2029 = CARTESIAN_POINT ( 'NONE',  ( -25.44999999999999929, 14.50000000000000888, 42.70000000000000284 ) ) ;
#2030 = ORIENTED_EDGE ( 'NONE', *, *, #3450, .T. ) ;
#2031 = DIRECTION ( 'NONE',  ( 4.081702296416008108E-15, -1.000000000000000000, 0.000000000000000000 ) ) ;
#2032 = CARTESIAN_POINT ( 'NONE',  ( 25.85000000000000142, 14.10000000000001030, 41.20000000000000284 ) ) ;
#2033 = CARTESIAN_POINT ( 'NONE',  ( 0.000000000000000000, 0.000000000000000000, 66.99999999999998579 ) ) ;
#2034 = VERTEX_POINT ( 'NONE', #2941 ) ;
#2035 = EDGE_LOOP ( 'NONE', ( #903, #2078, #4333, #2024, #3784, #3227, #3748, #2967, #1596, #1203, #4153, #572 ) ) ;
#2036 = LINE ( 'NONE', #1721, #2301 ) ;
#2037 = FACE_OUTER_BOUND ( 'NONE', #692, .T. ) ;
#2038 = CARTESIAN_POINT ( 'NONE',  ( -25.05000000000000071, 14.90000000000000924, 41.20000000000000284 ) ) ;
#2039 = DIRECTION ( 'NONE',  ( -0.000000000000000000, -1.000000000000000000, -0.000000000000000000 ) ) ;
#2040 = LINE ( 'NONE', #4438, #855 ) ;
#2041 = ORIENTED_EDGE ( 'NONE', *, *, #697, .F. ) ;
#2042 = ORIENTED_EDGE ( 'NONE', *, *, #2769, .T. ) ;
#2043 = EDGE_CURVE ( 'NONE', #876, #1405, #2282, .T. ) ;
#2044 = EDGE_CURVE ( 'NONE', #3976, #513, #1858, .T. ) ;
#2045 = CARTESIAN_POINT ( 'NONE',  ( -23.57499999999999929, 23.57499999999999929, 45.50000000000000000 ) ) ;
#2046 = ORIENTED_EDGE ( 'NONE', *, *, #3152, .F. ) ;
#2047 = DIRECTION ( 'NONE',  ( 0.000000000000000000, 0.000000000000000000, 1.000000000000000000 ) ) ;
#2048 = ORIENTED_EDGE ( 'NONE', *, *, #1335, .F. ) ;
#2049 = CARTESIAN_POINT ( 'NONE',  ( 25.05000000000000426, -13.25000000000001066, 41.20000000000000284 ) ) ;
#2050 = EDGE_CURVE ( 'NONE', #2418, #3590, #2970, .T. ) ;
#2051 = DIRECTION ( 'NONE',  ( -0.000000000000000000, -0.000000000000000000, -1.000000000000000000 ) ) ;
#2052 = CARTESIAN_POINT ( 'NONE',  ( 20.18583553952948861, -26.79166666666666430, -40.50000000000000000 ) ) ;
#2053 = ORIENTED_EDGE ( 'NONE', *, *, #2713, .F. ) ;
#2054 = ORIENTED_EDGE ( 'NONE', *, *, #4455, .T. ) ;
#2055 = DIRECTION ( 'NONE',  ( -0.000000000000000000, -0.000000000000000000, 1.000000000000000000 ) ) ;
#2056 = DIRECTION ( 'NONE',  ( -1.000000000000000000, 0.000000000000000000, 0.000000000000000000 ) ) ;
#2057 = CARTESIAN_POINT ( 'NONE',  ( -24.20000000000000284, -24.19999999999999929, 40.50000000000000000 ) ) ;
#2058 = CARTESIAN_POINT ( 'NONE',  ( -25.05000000000000426, 13.25000000000001066, 41.20000000000000284 ) ) ;
#2059 = VECTOR ( 'NONE', #4142, 1000.000000000000000 ) ;
#2060 = DIRECTION ( 'NONE',  ( -0.000000000000000000, -0.000000000000000000, -1.000000000000000000 ) ) ;
#2061 = ORIENTED_EDGE ( 'NONE', *, *, #4254, .T. ) ;
#2062 = VERTEX_POINT ( 'NONE', #2243 ) ;
#2063 = LINE ( 'NONE', #396, #4302 ) ;
#2064 = EDGE_LOOP ( 'NONE', ( #1855, #1399, #2550, #2009 ) ) ;
#2065 = DIRECTION ( 'NONE',  ( -4.081702296416008108E-15, 1.000000000000000000, 0.000000000000000000 ) ) ;
#2066 = VECTOR ( 'NONE', #3985, 1000.000000000000000 ) ;
#2067 = EDGE_CURVE ( 'NONE', #565, #1566, #1188, .T. ) ;
#2068 = EDGE_CURVE ( 'NONE', #2931, #2034, #4238, .T. ) ;
#2069 = CARTESIAN_POINT ( 'NONE',  ( -25.44999999999999929, -17.75000000000000711, 45.50000000000000000 ) ) ;
#2070 = ORIENTED_EDGE ( 'NONE', *, *, #4239, .F. ) ;
#2071 = DIRECTION ( 'NONE',  ( -1.000000000000000000, 0.000000000000000000, 0.000000000000000000 ) ) ;
#2072 = CARTESIAN_POINT ( 'NONE',  ( -25.44999999999999929, 14.50000000000000888, 45.50000000000000000 ) ) ;
#2073 = CIRCLE ( 'NONE', #4011, 1.000000000000000888 ) ;
#2074 = EDGE_CURVE ( 'NONE', #3781, #3051, #2745, .T. ) ;
#2075 = PLANE ( 'NONE',  #3008 ) ;
#2076 = ORIENTED_EDGE ( 'NONE', *, *, #4109, .F. ) ;
#2077 = VECTOR ( 'NONE', #2770, 1000.000000000000000 ) ;
#2078 = ORIENTED_EDGE ( 'NONE', *, *, #1683, .F. ) ;
#2079 = CARTESIAN_POINT ( 'NONE',  ( -26.70000000000000284, -14.90000000000000924, 41.20000000000000284 ) ) ;
#2080 = AXIS2_PLACEMENT_3D ( 'NONE', #302, #322, #2656 ) ;
#2081 = DIRECTION ( 'NONE',  ( 0.000000000000000000, 0.000000000000000000, -1.000000000000000000 ) ) ;
#2082 = EDGE_CURVE ( 'NONE', #3904, #2096, #2914, .T. ) ;
#2083 = CIRCLE ( 'NONE', #2938, 2.149999999999999023 ) ;
#2084 = AXIS2_PLACEMENT_3D ( 'NONE', #912, #2330, #1680 ) ;
#2085 = DIRECTION ( 'NONE',  ( -0.000000000000000000, -0.000000000000000000, -1.000000000000000000 ) ) ;
#2086 = CARTESIAN_POINT ( 'NONE',  ( -28.19999999999999929, -28.19999999999999929, 40.50000000000000000 ) ) ;
#2087 = AXIS2_PLACEMENT_3D ( 'NONE', #191, #3628, #220 ) ;
#2088 = CIRCLE ( 'NONE', #3813, 4.000000000000000000 ) ;
#2089 = EDGE_LOOP ( 'NONE', ( #2990, #2128, #825, #2969 ) ) ;
#2090 = CIRCLE ( 'NONE', #795, 2.499999999999998668 ) ;
#2091 = ORIENTED_EDGE ( 'NONE', *, *, #1744, .T. ) ;
#2092 = DIRECTION ( 'NONE',  ( -0.000000000000000000, -0.000000000000000000, 1.000000000000000000 ) ) ;
#2093 = ORIENTED_EDGE ( 'NONE', *, *, #3466, .T. ) ;
#2094 = DIRECTION ( 'NONE',  ( 0.000000000000000000, -1.000000000000000000, 0.000000000000000000 ) ) ;
#2095 = DIRECTION ( 'NONE',  ( 4.081702296416008108E-15, 1.000000000000000000, 0.000000000000000000 ) ) ;
#2096 = VERTEX_POINT ( 'NONE', #1926 ) ;
#2097 = DIRECTION ( 'NONE',  ( -1.000000000000000000, 0.000000000000000000, 0.000000000000000000 ) ) ;
#2098 = LINE ( 'NONE', #3136, #1584 ) ;
#2099 = FACE_OUTER_BOUND ( 'NONE', #1613, .T. ) ;
#2100 = ORIENTED_EDGE ( 'NONE', *, *, #163, .F. ) ;
#2101 = ADVANCED_FACE ( 'NONE', ( #3245 ), #2897, .T. ) ;
#2102 = ADVANCED_FACE ( 'NONE', ( #917 ), #2875, .F. ) ;
#2103 = ORIENTED_EDGE ( 'NONE', *, *, #367, .F. ) ;
#2104 = DIRECTION ( 'NONE',  ( 0.000000000000000000, -1.000000000000000000, 0.000000000000000000 ) ) ;
#2105 = DIRECTION ( 'NONE',  ( 0.000000000000000000, 1.000000000000000000, 0.000000000000000000 ) ) ;
#2106 = EDGE_CURVE ( 'NONE', #528, #225, #1261, .T. ) ;
#2107 = CARTESIAN_POINT ( 'NONE',  ( -25.85000000000000142, -14.90000000000000924, 41.20000000000000284 ) ) ;
#2108 = CARTESIAN_POINT ( 'NONE',  ( 25.05000000000000071, 14.90000000000000924, 41.20000000000000284 ) ) ;
#2109 = ORIENTED_EDGE ( 'NONE', *, *, #467, .F. ) ;
#2110 = ORIENTED_EDGE ( 'NONE', *, *, #589, .F. ) ;
#2111 = DIRECTION ( 'NONE',  ( 0.000000000000000000, -0.000000000000000000, 1.000000000000000000 ) ) ;
#2112 = VERTEX_POINT ( 'NONE', #3642 ) ;
#2113 = DIRECTION ( 'NONE',  ( 0.000000000000000000, -1.000000000000000000, 0.000000000000000000 ) ) ;
#2114 = CARTESIAN_POINT ( 'NONE',  ( -25.44999999999999929, 14.50000000000000888, 45.50000000000000000 ) ) ;
#2115 = ORIENTED_EDGE ( 'NONE', *, *, #1751, .F. ) ;
#2116 = DIRECTION ( 'NONE',  ( -1.000000000000000000, 0.000000000000000000, 0.000000000000000000 ) ) ;
#2117 = DIRECTION ( 'NONE',  ( 0.000000000000000000, 0.000000000000000000, 1.000000000000000000 ) ) ;
#2118 = ORIENTED_EDGE ( 'NONE', *, *, #2176, .F. ) ;
#2119 = CYLINDRICAL_SURFACE ( 'NONE', #2292, 1.000000000000000888 ) ;
#2120 = ORIENTED_EDGE ( 'NONE', *, *, #1986, .T. ) ;
#2121 = CARTESIAN_POINT ( 'NONE',  ( 28.19999999999999929, 11.25000000000001243, 45.50000000000000000 ) ) ;
#2122 = PLANE ( 'NONE',  #4222 ) ;
#2123 = ADVANCED_FACE ( 'NONE', ( #183, #487, #3928, #849, #1548, #2633 ), #1170, .T. ) ;
#2124 = ADVANCED_FACE ( 'NONE', ( #1210 ), #2543, .F. ) ;
#2125 = DIRECTION ( 'NONE',  ( -0.000000000000000000, -0.000000000000000000, -1.000000000000000000 ) ) ;
#2126 = LINE ( 'NONE', #2058, #569 ) ;
#2127 = EDGE_CURVE ( 'NONE', #1341, #2519, #516, .T. ) ;
#2128 = ORIENTED_EDGE ( 'NONE', *, *, #2489, .F. ) ;
#2129 = FACE_OUTER_BOUND ( 'NONE', #1458, .T. ) ;
#2130 = ORIENTED_EDGE ( 'NONE', *, *, #2043, .F. ) ;
#2131 = VECTOR ( 'NONE', #3892, 1000.000000000000000 ) ;
#2132 = PLANE ( 'NONE',  #2359 ) ;
#2133 = ORIENTED_EDGE ( 'NONE', *, *, #3908, .F. ) ;
#2134 = AXIS2_PLACEMENT_3D ( 'NONE', #3768, #1322, #2343 ) ;
#2135 = CARTESIAN_POINT ( 'NONE',  ( 25.05000000000000426, 13.25000000000001066, 41.20000000000000284 ) ) ;
#2136 = VECTOR ( 'NONE', #792, 1000.000000000000000 ) ;
#2137 = CARTESIAN_POINT ( 'NONE',  ( -19.27300264743537639, -28.19999999999999929, -40.50000000000000000 ) ) ;
#2138 = ORIENTED_EDGE ( 'NONE', *, *, #3909, .F. ) ;
#2139 = CARTESIAN_POINT ( 'NONE',  ( -25.05000000000000426, -13.25000000000001066, 41.20000000000000284 ) ) ;
#2140 = ORIENTED_EDGE ( 'NONE', *, *, #752, .F. ) ;
#2141 = AXIS2_PLACEMENT_3D ( 'NONE', #2708, #2293, #3764 ) ;
#2142 = DIRECTION ( 'NONE',  ( 0.000000000000000000, -1.000000000000000000, 0.000000000000000000 ) ) ;
#2143 = AXIS2_PLACEMENT_3D ( 'NONE', #3643, #2685, #3668 ) ;
#2144 = CIRCLE ( 'NONE', #2371, 4.000000000000000000 ) ;
#2145 = DIRECTION ( 'NONE',  ( 1.000000000000000000, 0.000000000000000000, 0.000000000000000000 ) ) ;
#2146 = EDGE_CURVE ( 'NONE', #2996, #503, #1974, .T. ) ;
#2147 = DIRECTION ( 'NONE',  ( -0.000000000000000000, -0.000000000000000000, 1.000000000000000000 ) ) ;
#2148 = VECTOR ( 'NONE', #3685, 1000.000000000000000 ) ;
#2149 = CIRCLE ( 'NONE', #2942, 2.499999999999998668 ) ;
#2150 = VECTOR ( 'NONE', #3715, 1000.000000000000000 ) ;
#2151 = ORIENTED_EDGE ( 'NONE', *, *, #4077, .F. ) ;
#2152 = CARTESIAN_POINT ( 'NONE',  ( -24.19999999999999929, -14.10000000000001030, 42.70000000000000284 ) ) ;
#2153 = AXIS2_PLACEMENT_3D ( 'NONE', #3366, #1674, #613 ) ;
#2154 = EDGE_CURVE ( 'NONE', #1848, #535, #1504, .T. ) ;
#2155 = ORIENTED_EDGE ( 'NONE', *, *, #1881, .T. ) ;
#2156 = CIRCLE ( 'NONE', #4446, 2.149999999999999023 ) ;
#2157 = EDGE_CURVE ( 'NONE', #1231, #3355, #2159, .T. ) ;
#2158 = CARTESIAN_POINT ( 'NONE',  ( -20.27300264743537639, 27.19999999999999929, -40.50000000000000000 ) ) ;
#2159 = CIRCLE ( 'NONE', #3869, 4.999999999999984013 ) ;
#2160 = DIRECTION ( 'NONE',  ( -0.000000000000000000, 1.000000000000000000, 0.000000000000000000 ) ) ;
#2161 = ORIENTED_EDGE ( 'NONE', *, *, #2407, .T. ) ;
#2162 = CARTESIAN_POINT ( 'NONE',  ( -5.000000000000000000, 0.000000000000000000, -36.50000000000000711 ) ) ;
#2163 = CARTESIAN_POINT ( 'NONE',  ( 3.174999999999999822, 3.888253587292845095E-16, 66.99999999999998579 ) ) ;
#2164 = VECTOR ( 'NONE', #844, 1000.000000000000000 ) ;
#2165 = CARTESIAN_POINT ( 'NONE',  ( -25.05000000000000426, -13.25000000000001066, 42.70000000000000284 ) ) ;
#2166 = VERTEX_POINT ( 'NONE', #1664 ) ;
#2167 = LINE ( 'NONE', #320, #1148 ) ;
#2168 = ORIENTED_EDGE ( 'NONE', *, *, #3840, .F. ) ;
#2169 = PLANE ( 'NONE',  #649 ) ;
#2170 = CARTESIAN_POINT ( 'NONE',  ( -20.18583553952948151, -26.79166666666666430, 40.50000000000000000 ) ) ;
#2171 = CARTESIAN_POINT ( 'NONE',  ( -1.449137674618943272, 2.825000000000000178, 47.09999999999999432 ) ) ;
#2172 = CARTESIAN_POINT ( 'NONE',  ( 28.19999999999999929, -24.19999999999999929, 0.000000000000000000 ) ) ;
#2173 = VERTEX_POINT ( 'NONE', #236 ) ;
#2174 = ORIENTED_EDGE ( 'NONE', *, *, #1577, .T. ) ;
#2175 = CARTESIAN_POINT ( 'NONE',  ( 25.85000000000000142, 14.90000000000000924, 42.70000000000000284 ) ) ;
#2176 = EDGE_CURVE ( 'NONE', #700, #503, #3358, .T. ) ;
#2177 = EDGE_CURVE ( 'NONE', #3446, #1484, #420, .T. ) ;
#2178 = DIRECTION ( 'NONE',  ( -1.000000000000000000, 0.000000000000000000, 0.000000000000000000 ) ) ;
#2179 = EDGE_LOOP ( 'NONE', ( #2847, #395 ) ) ;
#2180 = FACE_OUTER_BOUND ( 'NONE', #2227, .T. ) ;
#2181 = PLANE ( 'NONE',  #4370 ) ;
#2182 = EDGE_CURVE ( 'NONE', #3691, #1059, #2583, .T. ) ;
#2183 = LINE ( 'NONE', #4311, #1073 ) ;
#2184 = VERTEX_POINT ( 'NONE', #3057 ) ;
#2185 = DIRECTION ( 'NONE',  ( -0.000000000000000000, -0.000000000000000000, 1.000000000000000000 ) ) ;
#2186 = ORIENTED_EDGE ( 'NONE', *, *, #1449, .F. ) ;
#2187 = FACE_BOUND ( 'NONE', #3324, .T. ) ;
#2188 = DIRECTION ( 'NONE',  ( 2.168404344971012812E-15, -1.000000000000000000, 0.000000000000000000 ) ) ;
#2189 = ORIENTED_EDGE ( 'NONE', *, *, #3639, .T. ) ;
#2190 = FACE_OUTER_BOUND ( 'NONE', #803, .T. ) ;
#2191 = CARTESIAN_POINT ( 'NONE',  ( -25.05000000000000426, 14.10000000000001030, 41.20000000000000284 ) ) ;
#2192 = ORIENTED_EDGE ( 'NONE', *, *, #4374, .F. ) ;
#2193 = LINE ( 'NONE', #485, #581 ) ;
#2194 = EDGE_LOOP ( 'NONE', ( #1891, #3621, #327, #920 ) ) ;
#2195 = DIRECTION ( 'NONE',  ( 1.000000000000000000, -0.000000000000000000, 0.000000000000000000 ) ) ;
#2196 = PLANE ( 'NONE',  #2862 ) ;
#2197 = VERTEX_POINT ( 'NONE', #1618 ) ;
#2198 = CARTESIAN_POINT ( 'NONE',  ( 25.44999999999999929, 17.75000000000000711, 45.50000000000000000 ) ) ;
#2199 = FACE_OUTER_BOUND ( 'NONE', #500, .T. ) ;
#2200 = ADVANCED_FACE ( 'NONE', ( #966 ), #1638, .F. ) ;
#2201 = ADVANCED_FACE ( 'NONE', ( #4366 ), #4016, .T. ) ;
#2202 = DIRECTION ( 'NONE',  ( -1.000000000000000000, 0.000000000000000000, 0.000000000000000000 ) ) ;
#2203 = CIRCLE ( 'NONE', #105, 19.00000000000000000 ) ;
#2204 = ORIENTED_EDGE ( 'NONE', *, *, #3881, .F. ) ;
#2205 = DIRECTION ( 'NONE',  ( -1.000000000000000000, 0.000000000000000000, 0.000000000000000000 ) ) ;
#2206 = VERTEX_POINT ( 'NONE', #1994 ) ;
#2207 = DIRECTION ( 'NONE',  ( 4.081702296416008108E-15, 1.000000000000000000, -0.000000000000000000 ) ) ;
#2208 = EDGE_CURVE ( 'NONE', #2339, #3976, #583, .T. ) ;
#2209 = AXIS2_PLACEMENT_3D ( 'NONE', #3414, #2302, #4382 ) ;
#2210 = CARTESIAN_POINT ( 'NONE',  ( -23.80000000000000071, -14.50000000000000888, 42.20000000000000284 ) ) ;
#2211 = EDGE_LOOP ( 'NONE', ( #3822, #2833, #1242, #956 ) ) ;
#2212 = LINE ( 'NONE', #3550, #3321 ) ;
#2213 = VECTOR ( 'NONE', #3648, 1000.000000000000000 ) ;
#2214 = EDGE_LOOP ( 'NONE', ( #1479, #3265 ) ) ;
#2215 = DIRECTION ( 'NONE',  ( -1.000000000000000000, -2.168404344971012812E-15, 0.000000000000000000 ) ) ;
#2216 = EDGE_LOOP ( 'NONE', ( #3644, #2076, #857, #3573 ) ) ;
#2217 = CARTESIAN_POINT ( 'NONE',  ( -25.05000000000000426, -14.10000000000001030, 41.20000000000000284 ) ) ;
#2218 = VECTOR ( 'NONE', #682, 1000.000000000000000 ) ;
#2219 = AXIS2_PLACEMENT_3D ( 'NONE', #3973, #2581, #551 ) ;
#2220 = CARTESIAN_POINT ( 'NONE',  ( -25.85000000000000142, 15.75000000000001066, 41.20000000000000284 ) ) ;
#2221 = ORIENTED_EDGE ( 'NONE', *, *, #335, .F. ) ;
#2222 = DIRECTION ( 'NONE',  ( -0.000000000000000000, -0.000000000000000000, 1.000000000000000000 ) ) ;
#2223 = DIRECTION ( 'NONE',  ( -0.000000000000000000, -0.000000000000000000, -1.000000000000000000 ) ) ;
#2224 = VECTOR ( 'NONE', #4413, 1000.000000000000000 ) ;
#2225 = VECTOR ( 'NONE', #2588, 1000.000000000000000 ) ;
#2226 = FILL_AREA_STYLE_COLOUR ( '', #3796 ) ;
#2227 = EDGE_LOOP ( 'NONE', ( #2696, #2115, #3151, #1114 ) ) ;
#2228 = DIRECTION ( 'NONE',  ( 0.000000000000000000, 0.000000000000000000, 1.000000000000000000 ) ) ;
#2229 = AXIS2_PLACEMENT_3D ( 'NONE', #2310, #4042, #3356 ) ;
#2230 = VERTEX_POINT ( 'NONE', #1282 ) ;
#2231 = LINE ( 'NONE', #4248, #3462 ) ;
#2232 = AXIS2_PLACEMENT_3D ( 'NONE', #2012, #3332, #3397 ) ;
#2233 = CARTESIAN_POINT ( 'NONE',  ( 28.19999999999999929, 11.25000000000001421, 40.50000000000000000 ) ) ;
#2234 = ORIENTED_EDGE ( 'NONE', *, *, #1607, .T. ) ;
#2235 = EDGE_CURVE ( 'NONE', #1517, #4399, #3078, .T. ) ;
#2236 = ADVANCED_FACE ( 'NONE', ( #4021 ), #1787, .T. ) ;
#2237 = ORIENTED_EDGE ( 'NONE', *, *, #336, .T. ) ;
#2238 = DIRECTION ( 'NONE',  ( -0.000000000000000000, -0.000000000000000000, -1.000000000000000000 ) ) ;
#2239 = DIRECTION ( 'NONE',  ( 1.000000000000000000, 0.000000000000000000, -0.000000000000000000 ) ) ;
#2240 = ADVANCED_FACE ( 'NONE', ( #3378 ), #4435, .T. ) ;
#2241 = ORIENTED_EDGE ( 'NONE', *, *, #44, .T. ) ;
#2242 = ORIENTED_EDGE ( 'NONE', *, *, #2313, .F. ) ;
#2243 = CARTESIAN_POINT ( 'NONE',  ( 26.07499999999999574, 23.57500000000000639, 40.50000000000000000 ) ) ;
#2244 = CARTESIAN_POINT ( 'NONE',  ( -25.44999999999999929, -14.50000000000000888, 42.20000000000000284 ) ) ;
#2245 = EDGE_LOOP ( 'NONE', ( #3836, #1757 ) ) ;
#2246 = CARTESIAN_POINT ( 'NONE',  ( 26.79166666666666430, -20.18583553952948861, 54.64213562373092969 ) ) ;
#2247 = FACE_OUTER_BOUND ( 'NONE', #4322, .T. ) ;
#2248 = DIRECTION ( 'NONE',  ( 1.224646799147353207E-16, 1.000000000000000000, -0.000000000000000000 ) ) ;
#2249 = VERTEX_POINT ( 'NONE', #280 ) ;
#2250 = DIRECTION ( 'NONE',  ( -0.000000000000000000, 1.000000000000000000, 0.000000000000000000 ) ) ;
#2251 = ORIENTED_EDGE ( 'NONE', *, *, #2146, .F. ) ;
#2252 = CARTESIAN_POINT ( 'NONE',  ( -23.30000000000000071, -14.50000000000000888, 40.50000000000000000 ) ) ;
#2253 = DIRECTION ( 'NONE',  ( 1.000000000000000000, -0.000000000000000000, -0.000000000000000000 ) ) ;
#2254 = ORIENTED_EDGE ( 'NONE', *, *, #4206, .F. ) ;
#2255 = ORIENTED_EDGE ( 'NONE', *, *, #4026, .F. ) ;
#2256 = DIRECTION ( 'NONE',  ( 0.000000000000000000, 0.000000000000000000, 1.000000000000000000 ) ) ;
#2257 = DIRECTION ( 'NONE',  ( 0.000000000000000000, -1.000000000000000000, 0.000000000000000000 ) ) ;
#2258 = EDGE_CURVE ( 'NONE', #34, #3911, #1329, .T. ) ;
#2259 = EDGE_CURVE ( 'NONE', #3009, #2757, #2702, .T. ) ;
#2260 = ORIENTED_EDGE ( 'NONE', *, *, #1903, .F. ) ;
#2261 = CARTESIAN_POINT ( 'NONE',  ( 25.44999999999999929, -14.50000000000000888, 42.70000000000000284 ) ) ;
#2262 = EDGE_LOOP ( 'NONE', ( #3084, #1414, #1898, #603 ) ) ;
#2263 = DIRECTION ( 'NONE',  ( -0.000000000000000000, -0.000000000000000000, 1.000000000000000000 ) ) ;
#2264 = CARTESIAN_POINT ( 'NONE',  ( -28.19999999999999929, -19.27300264743537639, 40.50000000000000000 ) ) ;
#2265 = ORIENTED_EDGE ( 'NONE', *, *, #3722, .F. ) ;
#2266 = DIRECTION ( 'NONE',  ( 0.000000000000000000, 0.000000000000000000, 1.000000000000000000 ) ) ;
#2267 = CARTESIAN_POINT ( 'NONE',  ( 25.44999999999999929, 14.50000000000000888, 42.20000000000000284 ) ) ;
#2268 = ORIENTED_EDGE ( 'NONE', *, *, #2739, .F. ) ;
#2269 = DIRECTION ( 'NONE',  ( -0.000000000000000000, -0.000000000000000000, -1.000000000000000000 ) ) ;
#2270 = ORIENTED_EDGE ( 'NONE', *, *, #2106, .T. ) ;
#2271 = VECTOR ( 'NONE', #1837, 1000.000000000000000 ) ;
#2272 = DIRECTION ( 'NONE',  ( 0.000000000000000000, 0.000000000000000000, 1.000000000000000000 ) ) ;
#2273 = ORIENTED_EDGE ( 'NONE', *, *, #227, .T. ) ;
#2274 = ORIENTED_EDGE ( 'NONE', *, *, #2950, .T. ) ;
#2275 = DIRECTION ( 'NONE',  ( 1.000000000000000000, 0.000000000000000000, 0.000000000000000000 ) ) ;
#2276 = DIRECTION ( 'NONE',  ( 0.000000000000000000, 0.000000000000000000, 1.000000000000000000 ) ) ;
#2277 = AXIS2_PLACEMENT_3D ( 'NONE', #2444, #732, #1467 ) ;
#2278 = ORIENTED_EDGE ( 'NONE', *, *, #2815, .T. ) ;
#2279 = EDGE_CURVE ( 'NONE', #1426, #2610, #986, .T. ) ;
#2280 = FACE_BOUND ( 'NONE', #2545, .T. ) ;
#2281 = ORIENTED_EDGE ( 'NONE', *, *, #2894, .T. ) ;
#2282 = LINE ( 'NONE', #877, #4168 ) ;
#2283 = LINE ( 'NONE', #3732, #1500 ) ;
#2284 = CIRCLE ( 'NONE', #119, 2.499999999999998668 ) ;
#2285 = EDGE_LOOP ( 'NONE', ( #4161, #2516, #2254, #2505 ) ) ;
#2286 = PLANE ( 'NONE',  #179 ) ;
#2287 = EDGE_CURVE ( 'NONE', #1706, #1521, #1955, .T. ) ;
#2288 = EDGE_CURVE ( 'NONE', #3521, #3426, #2126, .T. ) ;
#2289 = CARTESIAN_POINT ( 'NONE',  ( 25.44999999999999929, -11.25000000000001066, 45.50000000000000000 ) ) ;
#2290 = CIRCLE ( 'NONE', #784, 4.000000000000000000 ) ;
#2291 = VECTOR ( 'NONE', #371, 1000.000000000000000 ) ;
#2292 = AXIS2_PLACEMENT_3D ( 'NONE', #3753, #3076, #667 ) ;
#2293 = DIRECTION ( 'NONE',  ( -1.000000000000000000, 0.000000000000000000, 0.000000000000000000 ) ) ;
#2294 = VERTEX_POINT ( 'NONE', #3821 ) ;
#2295 = DIRECTION ( 'NONE',  ( -0.000000000000000000, -0.000000000000000000, 1.000000000000000000 ) ) ;
#2296 = ADVANCED_FACE ( 'NONE', ( #3529 ), #3774, .F. ) ;
#2297 = CIRCLE ( 'NONE', #355, 5.000000000000000000 ) ;
#2298 = DIRECTION ( 'NONE',  ( 1.000000000000000000, 0.000000000000000000, -0.000000000000000000 ) ) ;
#2299 = ORIENTED_EDGE ( 'NONE', *, *, #2489, .T. ) ;
#2300 = AXIS2_PLACEMENT_3D ( 'NONE', #1819, #789, #1759 ) ;
#2301 = VECTOR ( 'NONE', #62, 1000.000000000000000 ) ;
#2302 = DIRECTION ( 'NONE',  ( -0.000000000000000000, 0.000000000000000000, -1.000000000000000000 ) ) ;
#2303 = ORIENTED_EDGE ( 'NONE', *, *, #393, .F. ) ;
#2304 = AXIS2_PLACEMENT_3D ( 'NONE', #1120, #1814, #1043 ) ;
#2305 = ORIENTED_EDGE ( 'NONE', *, *, #1466, .T. ) ;
#2306 = CARTESIAN_POINT ( 'NONE',  ( 25.05000000000000426, -13.25000000000001066, 42.70000000000000284 ) ) ;
#2307 = FACE_OUTER_BOUND ( 'NONE', #1697, .T. ) ;
#2308 = AXIS2_PLACEMENT_3D ( 'NONE', #3993, #1328, #913 ) ;
#2309 = VERTEX_POINT ( 'NONE', #2 ) ;
#2310 = CARTESIAN_POINT ( 'NONE',  ( 27.19999999999999929, 19.27300264743538705, 40.50000000000000000 ) ) ;
#2311 = ORIENTED_EDGE ( 'NONE', *, *, #778, .F. ) ;
#2312 = CARTESIAN_POINT ( 'NONE',  ( 25.05000000000000071, -14.90000000000000924, 42.70000000000000284 ) ) ;
#2313 = EDGE_CURVE ( 'NONE', #4008, #1380, #67, .T. ) ;
#2314 = DIRECTION ( 'NONE',  ( -1.000000000000000000, 0.000000000000000000, 0.000000000000000000 ) ) ;
#2315 = ORIENTED_EDGE ( 'NONE', *, *, #1218, .F. ) ;
#2316 = DIRECTION ( 'NONE',  ( -0.000000000000000000, -0.000000000000000000, 1.000000000000000000 ) ) ;
#2317 = CARTESIAN_POINT ( 'NONE',  ( -25.85000000000000142, -13.25000000000001243, 41.20000000000000284 ) ) ;
#2318 = EDGE_CURVE ( 'NONE', #3382, #3982, #2290, .T. ) ;
#2319 = EDGE_CURVE ( 'NONE', #1550, #2913, #2492, .T. ) ;
#2320 = DIRECTION ( 'NONE',  ( -1.000000000000000000, -0.000000000000000000, -0.000000000000000000 ) ) ;
#2321 = ORIENTED_EDGE ( 'NONE', *, *, #1116, .F. ) ;
#2322 = DIRECTION ( 'NONE',  ( 0.000000000000000000, 0.000000000000000000, 1.000000000000000000 ) ) ;
#2323 = CARTESIAN_POINT ( 'NONE',  ( 28.19999999999999929, 28.19999999999999929, -40.50000000000000000 ) ) ;
#2324 = ADVANCED_FACE ( 'NONE', ( #2427, #20 ), #3190, .T. ) ;
#2325 = FACE_OUTER_BOUND ( 'NONE', #1131, .T. ) ;
#2326 = VERTEX_POINT ( 'NONE', #2844 ) ;
#2327 = ORIENTED_EDGE ( 'NONE', *, *, #3554, .F. ) ;
#2328 = CARTESIAN_POINT ( 'NONE',  ( 28.19999999999999929, 17.75000000000000711, 40.50000000000000000 ) ) ;
#2329 = CARTESIAN_POINT ( 'NONE',  ( 25.05000000000000426, -15.75000000000001066, 41.20000000000000284 ) ) ;
#2330 = DIRECTION ( 'NONE',  ( 1.000000000000000000, 4.081702296416008108E-15, 0.000000000000000000 ) ) ;
#2331 = FACE_OUTER_BOUND ( 'NONE', #1058, .T. ) ;
#2332 = DIRECTION ( 'NONE',  ( -0.000000000000000000, -0.000000000000000000, -1.000000000000000000 ) ) ;
#2333 = PLANE ( 'NONE',  #1079 ) ;
#2334 = EDGE_LOOP ( 'NONE', ( #2858, #2221, #2836, #3885 ) ) ;
#2335 = CARTESIAN_POINT ( 'NONE',  ( 24.75000000000000000, 24.75000000000000000, 40.50000000000000000 ) ) ;
#2336 = DIRECTION ( 'NONE',  ( -0.000000000000000000, -0.000000000000000000, -1.000000000000000000 ) ) ;
#2337 = CARTESIAN_POINT ( 'NONE',  ( -19.27300264743537639, -27.19999999999999929, 54.64213562373092969 ) ) ;
#2338 = CARTESIAN_POINT ( 'NONE',  ( 25.05000000000000071, -14.90000000000000924, 41.20000000000000284 ) ) ;
#2339 = VERTEX_POINT ( 'NONE', #2108 ) ;
#2340 = DIRECTION ( 'NONE',  ( -0.000000000000000000, -1.000000000000000000, -0.000000000000000000 ) ) ;
#2341 = CARTESIAN_POINT ( 'NONE',  ( -24.19999999999999929, 28.19999999999999929, 40.50000000000000000 ) ) ;
#2342 = EDGE_CURVE ( 'NONE', #3590, #2940, #3442, .T. ) ;
#2343 = DIRECTION ( 'NONE',  ( -1.000000000000000000, 0.000000000000000000, 0.000000000000000000 ) ) ;
#2344 = ORIENTED_EDGE ( 'NONE', *, *, #1465, .T. ) ;
#2345 = EDGE_CURVE ( 'NONE', #1616, #4079, #2786, .T. ) ;
#2346 = EDGE_CURVE ( 'NONE', #3679, #1491, #4175, .T. ) ;
#2347 = ORIENTED_EDGE ( 'NONE', *, *, #816, .F. ) ;
#2348 = DIRECTION ( 'NONE',  ( 1.000000000000000000, -2.168404344971012812E-15, 0.000000000000000000 ) ) ;
#2349 = AXIS2_PLACEMENT_3D ( 'NONE', #540, #2526, #1173 ) ;
#2350 = VECTOR ( 'NONE', #1135, 1000.000000000000000 ) ;
#2351 = VECTOR ( 'NONE', #3231, 1000.000000000000000 ) ;
#2352 = ORIENTED_EDGE ( 'NONE', *, *, #3322, .F. ) ;
#2353 = DIRECTION ( 'NONE',  ( -1.000000000000000000, 0.000000000000000000, -0.000000000000000000 ) ) ;
#2354 = DIRECTION ( 'NONE',  ( -0.000000000000000000, -0.000000000000000000, -1.000000000000000000 ) ) ;
#2355 = AXIS2_PLACEMENT_3D ( 'NONE', #2033, #315, #2835 ) ;
#2356 = LINE ( 'NONE', #3208, #1931 ) ;
#2357 = ORIENTED_EDGE ( 'NONE', *, *, #419, .T. ) ;
#2358 = DIRECTION ( 'NONE',  ( 1.000000000000000000, 0.000000000000000000, 0.000000000000000000 ) ) ;
#2359 = AXIS2_PLACEMENT_3D ( 'NONE', #1445, #2497, #3452 ) ;
#2360 = DIRECTION ( 'NONE',  ( -1.000000000000000000, 0.000000000000000000, 0.000000000000000000 ) ) ;
#2361 = LINE ( 'NONE', #1709, #2948 ) ;
#2362 = VECTOR ( 'NONE', #2971, 1000.000000000000000 ) ;
#2363 = CYLINDRICAL_SURFACE ( 'NONE', #1291, 3.174999999999999822 ) ;
#2364 = EDGE_LOOP ( 'NONE', ( #1182, #1172, #4319, #1197 ) ) ;
#2365 = VECTOR ( 'NONE', #2807, 1000.000000000000000 ) ;
#2366 = FACE_OUTER_BOUND ( 'NONE', #1568, .T. ) ;
#2367 = DIRECTION ( 'NONE',  ( -0.000000000000000000, -0.000000000000000000, -1.000000000000000000 ) ) ;
#2368 = AXIS2_PLACEMENT_3D ( 'NONE', #558, #2658, #4368 ) ;
#2369 = AXIS2_PLACEMENT_3D ( 'NONE', #884, #2250, #195 ) ;
#2371 = AXIS2_PLACEMENT_3D ( 'NONE', #2911, #1138, #871 ) ;
#2370 = CARTESIAN_POINT ( 'NONE',  ( 21.07499999999999929, -23.57500000000000639, 45.50000000000000000 ) ) ;
#2372 = VERTEX_POINT ( 'NONE', #1393 ) ;
#2373 = CIRCLE ( 'NONE', #2300, 3.174999999999999822 ) ;
#2374 = VECTOR ( 'NONE', #3548, 1000.000000000000000 ) ;
#2375 = ORIENTED_EDGE ( 'NONE', *, *, #4159, .T. ) ;
#2376 = CARTESIAN_POINT ( 'NONE',  ( 0.000000000000000000, 0.000000000000000000, -36.50000000000000711 ) ) ;
#2377 = CARTESIAN_POINT ( 'NONE',  ( -28.19999999999999929, -28.19999999999999929, 40.50000000000000000 ) ) ;
#2378 = AXIS2_PLACEMENT_3D ( 'NONE', #1501, #1902, #2541 ) ;
#2379 = EDGE_CURVE ( 'NONE', #1199, #2309, #3108, .T. ) ;
#2380 = AXIS2_PLACEMENT_3D ( 'NONE', #3707, #1309, #624 ) ;
#2381 = EDGE_CURVE ( 'NONE', #810, #2692, #4100, .T. ) ;
#2382 = CARTESIAN_POINT ( 'NONE',  ( 25.44999999999999929, -14.50000000000000888, 45.50000000000000000 ) ) ;
#2383 = DIRECTION ( 'NONE',  ( -1.000000000000000000, 0.000000000000000000, 0.000000000000000000 ) ) ;
#2384 = AXIS2_PLACEMENT_3D ( 'NONE', #2536, #3902, #823 ) ;
#2385 = DIRECTION ( 'NONE',  ( 0.000000000000000000, 0.000000000000000000, -1.000000000000000000 ) ) ;
#2386 = UNCERTAINTY_MEASURE_WITH_UNIT (LENGTH_MEASURE( 1.000000000000000082E-05 ), #1579, 'distance_accuracy_value', 'NONE');
#2387 = EDGE_CURVE ( 'NONE', #4116, #3500, #347, .T. ) ;
#2388 = AXIS2_PLACEMENT_3D ( 'NONE', #1388, #2402, #1033 ) ;
#2389 = CARTESIAN_POINT ( 'NONE',  ( 0.000000000000000000, 0.000000000000000000, 41.20000000000000284 ) ) ;
#2390 = ORIENTED_EDGE ( 'NONE', *, *, #1526, .F. ) ;
#2391 = CARTESIAN_POINT ( 'NONE',  ( 25.85000000000000142, -13.25000000000001243, 41.20000000000000284 ) ) ;
#2392 = DIRECTION ( 'NONE',  ( 1.000000000000000000, 0.000000000000000000, 0.000000000000000000 ) ) ;
#2393 = ORIENTED_EDGE ( 'NONE', *, *, #3666, .F. ) ;
#2394 = LINE ( 'NONE', #354, #1658 ) ;
#2395 = CARTESIAN_POINT ( 'NONE',  ( -25.85000000000000142, 15.75000000000001066, 42.70000000000000284 ) ) ;
#2396 = ORIENTED_EDGE ( 'NONE', *, *, #186, .F. ) ;
#2397 = DIRECTION ( 'NONE',  ( -0.000000000000000000, -0.000000000000000000, 1.000000000000000000 ) ) ;
#2398 = DIRECTION ( 'NONE',  ( -0.000000000000000000, -0.000000000000000000, -1.000000000000000000 ) ) ;
#2399 = CARTESIAN_POINT ( 'NONE',  ( -26.70000000000000284, 14.10000000000001030, 41.20000000000000284 ) ) ;
#2400 = VERTEX_POINT ( 'NONE', #3146 ) ;
#2401 = ORIENTED_EDGE ( 'NONE', *, *, #1715, .F. ) ;
#2402 = DIRECTION ( 'NONE',  ( 0.000000000000000000, 0.000000000000000000, 1.000000000000000000 ) ) ;
#2403 = PLANE ( 'NONE',  #122 ) ;
#2404 = DIRECTION ( 'NONE',  ( -0.000000000000000000, 1.000000000000000000, 0.000000000000000000 ) ) ;
#2405 = DIRECTION ( 'NONE',  ( -1.000000000000000000, -6.308085367188392213E-16, -0.000000000000000000 ) ) ;
#2406 = EDGE_CURVE ( 'NONE', #204, #1059, #740, .T. ) ;
#2407 = EDGE_CURVE ( 'NONE', #4177, #2173, #3488, .T. ) ;
#2408 = CARTESIAN_POINT ( 'NONE',  ( -28.19999999999999929, -28.19999999999999929, 45.50000000000000000 ) ) ;
#2409 = DIRECTION ( 'NONE',  ( 0.000000000000000000, 0.000000000000000000, 1.000000000000000000 ) ) ;
#2410 = ORIENTED_EDGE ( 'NONE', *, *, #1314, .F. ) ;
#2411 = ORIENTED_EDGE ( 'NONE', *, *, #3198, .F. ) ;
#2412 = LINE ( 'NONE', #1795, #433 ) ;
#2413 = EDGE_CURVE ( 'NONE', #2886, #204, #3731, .T. ) ;
#2414 = ORIENTED_EDGE ( 'NONE', *, *, #2466, .F. ) ;
#2415 = EDGE_CURVE ( 'NONE', #3155, #1952, #412, .T. ) ;
#2416 = DIRECTION ( 'NONE',  ( -1.000000000000000000, 0.000000000000000000, -0.000000000000000000 ) ) ;
#2417 = CYLINDRICAL_SURFACE ( 'NONE', #1783, 3.249999999999999556 ) ;
#2418 = VERTEX_POINT ( 'NONE', #1457 ) ;
#2419 = CARTESIAN_POINT ( 'NONE',  ( -25.44999999999999929, -14.50000000000000888, 42.20000000000000284 ) ) ;
#2420 = FACE_OUTER_BOUND ( 'NONE', #210, .T. ) ;
#2421 = CARTESIAN_POINT ( 'NONE',  ( -25.05000000000000071, -14.90000000000000924, 41.20000000000000284 ) ) ;
#2422 = VERTEX_POINT ( 'NONE', #2828 ) ;
#2423 = ORIENTED_EDGE ( 'NONE', *, *, #226, .T. ) ;
#2424 = PLANE ( 'NONE',  #1585 ) ;
#2425 = CARTESIAN_POINT ( 'NONE',  ( -27.19999999999999929, 19.27300264743537639, 54.64213562373092969 ) ) ;
#2426 = CARTESIAN_POINT ( 'NONE',  ( 25.44999999999999929, -14.50000000000000888, 45.50000000000000000 ) ) ;
#2427 = FACE_BOUND ( 'NONE', #3702, .T. ) ;
#2428 = VECTOR ( 'NONE', #2340, 1000.000000000000000 ) ;
#2429 = LINE ( 'NONE', #456, #2077 ) ;
#2430 = EDGE_LOOP ( 'NONE', ( #2357, #3129, #3001, #2933 ) ) ;
#2431 = ORIENTED_EDGE ( 'NONE', *, *, #2950, .F. ) ;
#2432 = DIRECTION ( 'NONE',  ( -0.000000000000000000, -0.000000000000000000, 1.000000000000000000 ) ) ;
#2433 = ORIENTED_EDGE ( 'NONE', *, *, #2902, .F. ) ;
#2434 = LINE ( 'NONE', #2775, #4027 ) ;
#2435 = AXIS2_PLACEMENT_3D ( 'NONE', #476, #1610, #2645 ) ;
#2436 = EDGE_CURVE ( 'NONE', #3630, #3424, #4192, .T. ) ;
#2437 = EDGE_CURVE ( 'NONE', #1468, #1932, #3303, .T. ) ;
#2438 = CARTESIAN_POINT ( 'NONE',  ( 23.57499999999999929, 23.57500000000000639, 45.50000000000000000 ) ) ;
#2439 = ORIENTED_EDGE ( 'NONE', *, *, #805, .T. ) ;
#2440 = DIRECTION ( 'NONE',  ( 1.000000000000000000, 0.000000000000000000, 0.000000000000000000 ) ) ;
#2441 = DIRECTION ( 'NONE',  ( -1.000000000000000000, 0.000000000000000000, 0.000000000000000000 ) ) ;
#2442 = AXIS2_PLACEMENT_3D ( 'NONE', #3114, #3514, #10 ) ;
#2443 = EDGE_CURVE ( 'NONE', #2400, #1685, #2212, .T. ) ;
#2444 = CARTESIAN_POINT ( 'NONE',  ( 25.44999999999999929, 14.50000000000000888, 45.50000000000000000 ) ) ;
#2445 = ORIENTED_EDGE ( 'NONE', *, *, #2287, .T. ) ;
#2446 = ORIENTED_EDGE ( 'NONE', *, *, #2568, .F. ) ;
#2447 = FACE_OUTER_BOUND ( 'NONE', #1003, .T. ) ;
#2448 = VECTOR ( 'NONE', #753, 1000.000000000000000 ) ;
#2449 = DIRECTION ( 'NONE',  ( -1.000000000000000000, 0.000000000000000000, -0.000000000000000000 ) ) ;
#2450 = VECTOR ( 'NONE', #3606, 1000.000000000000000 ) ;
#2451 = CARTESIAN_POINT ( 'NONE',  ( -19.27300264743537639, 27.19999999999999929, -40.50000000000000000 ) ) ;
#2452 = CARTESIAN_POINT ( 'NONE',  ( 25.05000000000000426, 13.25000000000001066, 41.20000000000000284 ) ) ;
#2453 = VECTOR ( 'NONE', #1554, 1000.000000000000000 ) ;
#2454 = VECTOR ( 'NONE', #2065, 1000.000000000000000 ) ;
#2455 = ORIENTED_EDGE ( 'NONE', *, *, #3507, .T. ) ;
#2456 = AXIS2_PLACEMENT_3D ( 'NONE', #3408, #923, #3362 ) ;
#2457 = ORIENTED_EDGE ( 'NONE', *, *, #1410, .T. ) ;
#2458 = CARTESIAN_POINT ( 'NONE',  ( 0.000000000000000000, 0.000000000000000000, -36.50000000000000711 ) ) ;
#2459 = EDGE_LOOP ( 'NONE', ( #611, #652, #3706, #602, #2709, #1209, #3062, #3213, #733, #1562, #111, #1041, #973, #3686, #3191, #1961, #3255, #4065, #353, #1269, #761, #2042, #1611, #2800, #155, #907 ) ) ;
#2460 = DIRECTION ( 'NONE',  ( -0.000000000000000000, -0.000000000000000000, -1.000000000000000000 ) ) ;
#2461 = CIRCLE ( 'NONE', #2528, 1.000000000000000888 ) ;
#2462 = CARTESIAN_POINT ( 'NONE',  ( -25.44999999999999929, -17.75000000000000711, 40.50000000000000000 ) ) ;
#2463 = ORIENTED_EDGE ( 'NONE', *, *, #1905, .T. ) ;
#2464 = CARTESIAN_POINT ( 'NONE',  ( 21.07499999999999929, 23.57500000000000639, 40.50000000000000000 ) ) ;
#2465 = DIRECTION ( 'NONE',  ( -1.000000000000000000, 0.000000000000000000, 0.000000000000000000 ) ) ;
#2466 = EDGE_CURVE ( 'NONE', #3474, #1231, #1005, .T. ) ;
#2467 = ADVANCED_FACE ( 'NONE', ( #458 ), #4272, .F. ) ;
#2468 = FACE_OUTER_BOUND ( 'NONE', #1477, .T. ) ;
#2469 = VERTEX_POINT ( 'NONE', #3882 ) ;
#2470 = VERTEX_POINT ( 'NONE', #1564 ) ;
#2471 = CARTESIAN_POINT ( 'NONE',  ( -25.85000000000000142, -13.25000000000001243, 42.70000000000000284 ) ) ;
#2472 = CYLINDRICAL_SURFACE ( 'NONE', #2589, 1.000000000000000888 ) ;
#2473 = EDGE_CURVE ( 'NONE', #2892, #3547, #1921, .T. ) ;
#2474 = CARTESIAN_POINT ( 'NONE',  ( 19.75000000000001776, -24.75000000000000000, -40.50000000000000000 ) ) ;
#2475 = CARTESIAN_POINT ( 'NONE',  ( 25.44999999999999929, 14.50000000000000888, 45.50000000000000000 ) ) ;
#2476 = ORIENTED_EDGE ( 'NONE', *, *, #3328, .F. ) ;
#2477 = ORIENTED_EDGE ( 'NONE', *, *, #777, .F. ) ;
#2478 = LINE ( 'NONE', #1084, #867 ) ;
#2479 = ORIENTED_EDGE ( 'NONE', *, *, #2514, .F. ) ;
#2480 = DIRECTION ( 'NONE',  ( -0.000000000000000000, -0.000000000000000000, 1.000000000000000000 ) ) ;
#2481 = EDGE_LOOP ( 'NONE', ( #896, #4444, #1571, #4331, #1901, #1502, #3088, #3396 ) ) ;
#2482 = DIRECTION ( 'NONE',  ( -0.000000000000000000, -0.000000000000000000, -1.000000000000000000 ) ) ;
#2483 = DIRECTION ( 'NONE',  ( -0.000000000000000000, -0.000000000000000000, -1.000000000000000000 ) ) ;
#2484 = ORIENTED_EDGE ( 'NONE', *, *, #2664, .T. ) ;
#2485 = EDGE_CURVE ( 'NONE', #556, #3679, #2144, .T. ) ;
#2486 = FACE_OUTER_BOUND ( 'NONE', #3777, .T. ) ;
#2487 = ORIENTED_EDGE ( 'NONE', *, *, #2568, .T. ) ;
#2488 = DIRECTION ( 'NONE',  ( 0.000000000000000000, 0.000000000000000000, -1.000000000000000000 ) ) ;
#2489 = EDGE_CURVE ( 'NONE', #3426, #1884, #3595, .T. ) ;
#2490 = EDGE_CURVE ( 'NONE', #1104, #3113, #3636, .T. ) ;
#2491 = DIRECTION ( 'NONE',  ( -1.000000000000000000, 0.000000000000000000, 0.000000000000000000 ) ) ;
#2492 = LINE ( 'NONE', #4152, #1935 ) ;
#2493 = VERTEX_POINT ( 'NONE', #2934 ) ;
#2494 = CYLINDRICAL_SURFACE ( 'NONE', #1092, 5.000000000000000000 ) ;
#2495 = ORIENTED_EDGE ( 'NONE', *, *, #2413, .F. ) ;
#2496 = VECTOR ( 'NONE', #1977, 1000.000000000000000 ) ;
#2497 = DIRECTION ( 'NONE',  ( 1.000000000000000000, -0.000000000000000000, 0.000000000000000000 ) ) ;
#2498 = ORIENTED_EDGE ( 'NONE', *, *, #4460, .F. ) ;
#2499 = CARTESIAN_POINT ( 'NONE',  ( 25.44999999999999929, 14.50000000000000888, 42.70000000000000284 ) ) ;
#2500 = DIRECTION ( 'NONE',  ( -0.000000000000000000, -0.000000000000000000, -1.000000000000000000 ) ) ;
#2501 = AXIS2_PLACEMENT_3D ( 'NONE', #2549, #2248, #496 ) ;
#2502 = DIRECTION ( 'NONE',  ( 4.081702296416008108E-15, 1.000000000000000000, -0.000000000000000000 ) ) ;
#2503 = ORIENTED_EDGE ( 'NONE', *, *, #1466, .F. ) ;
#2504 = LINE ( 'NONE', #817, #2448 ) ;
#2505 = ORIENTED_EDGE ( 'NONE', *, *, #4390, .T. ) ;
#2506 = CARTESIAN_POINT ( 'NONE',  ( -25.05000000000000071, -14.90000000000000924, 42.70000000000000284 ) ) ;
#2507 = CIRCLE ( 'NONE', #346, 3.249999999999999556 ) ;
#2508 = DIRECTION ( 'NONE',  ( -1.000000000000000000, 0.000000000000000000, 0.000000000000000000 ) ) ;
#2509 = AXIS2_PLACEMENT_3D ( 'NONE', #3011, #3755, #2385 ) ;
#2510 = DIRECTION ( 'NONE',  ( -1.000000000000000000, 0.000000000000000000, 0.000000000000000000 ) ) ;
#2511 = CARTESIAN_POINT ( 'NONE',  ( -24.20000000000000284, -28.19999999999999929, 40.50000000000000000 ) ) ;
#2512 = VECTOR ( 'NONE', #3838, 1000.000000000000000 ) ;
#2513 = EDGE_CURVE ( 'NONE', #4008, #3669, #135, .T. ) ;
#2514 = EDGE_CURVE ( 'NONE', #3445, #937, #2083, .T. ) ;
#2515 = AXIS2_PLACEMENT_3D ( 'NONE', #4433, #1824, #2747 ) ;
#2516 = ORIENTED_EDGE ( 'NONE', *, *, #445, .F. ) ;
#2517 = FACE_OUTER_BOUND ( 'NONE', #515, .T. ) ;
#2518 = CIRCLE ( 'NONE', #3526, 1.649999999999998579 ) ;
#2519 = VERTEX_POINT ( 'NONE', #178 ) ;
#2520 = VECTOR ( 'NONE', #3073, 1000.000000000000000 ) ;
#2521 = CARTESIAN_POINT ( 'NONE',  ( -26.70000000000000284, 14.90000000000000924, 41.20000000000000284 ) ) ;
#2522 = EDGE_CURVE ( 'NONE', #3937, #3564, #2868, .T. ) ;
#2523 = AXIS2_PLACEMENT_3D ( 'NONE', #3953, #1883, #3282 ) ;
#2524 = CARTESIAN_POINT ( 'NONE',  ( -28.19999999999999929, -28.19999999999999929, 40.50000000000000000 ) ) ;
#2525 = ORIENTED_EDGE ( 'NONE', *, *, #3128, .F. ) ;
#2526 = DIRECTION ( 'NONE',  ( -1.000000000000000000, 0.000000000000000000, -0.000000000000000000 ) ) ;
#2527 = CARTESIAN_POINT ( 'NONE',  ( 24.19999999999999929, 14.90000000000000924, 42.70000000000000284 ) ) ;
#2528 = AXIS2_PLACEMENT_3D ( 'NONE', #580, #279, #965 ) ;
#2529 = DIRECTION ( 'NONE',  ( -0.000000000000000000, -0.000000000000000000, 1.000000000000000000 ) ) ;
#2530 = ORIENTED_EDGE ( 'NONE', *, *, #3233, .T. ) ;
#2531 = CARTESIAN_POINT ( 'NONE',  ( 27.09999999999999787, -14.50000000000000888, 42.20000000000000284 ) ) ;
#2532 = ORIENTED_EDGE ( 'NONE', *, *, #4315, .T. ) ;
#2533 = CARTESIAN_POINT ( 'NONE',  ( -28.19999999999999929, 17.75000000000000711, 40.50000000000000000 ) ) ;
#2534 = ORIENTED_EDGE ( 'NONE', *, *, #3128, .T. ) ;
#2535 = DIRECTION ( 'NONE',  ( -1.000000000000000000, -6.308085367188392213E-16, -0.000000000000000000 ) ) ;
#2536 = CARTESIAN_POINT ( 'NONE',  ( 27.19999999999999929, -19.27300264743538705, -40.50000000000000000 ) ) ;
#2537 = DIRECTION ( 'NONE',  ( 1.000000000000000000, 0.000000000000000000, 0.000000000000000000 ) ) ;
#2538 = ORIENTED_EDGE ( 'NONE', *, *, #3705, .T. ) ;
#2539 = ADVANCED_FACE ( 'NONE', ( #4298, #1184 ), #206, .F. ) ;
#2540 = EDGE_CURVE ( 'NONE', #2704, #1354, #3569, .T. ) ;
#2541 = DIRECTION ( 'NONE',  ( 4.081702296416008108E-15, -1.000000000000000000, 0.000000000000000000 ) ) ;
#2542 = ORIENTED_EDGE ( 'NONE', *, *, #3752, .F. ) ;
#2543 = PLANE ( 'NONE',  #2733 ) ;
#2544 = DIRECTION ( 'NONE',  ( -0.000000000000000000, -0.000000000000000000, -1.000000000000000000 ) ) ;
#2545 = EDGE_LOOP ( 'NONE', ( #2446, #4369 ) ) ;
#2546 = CARTESIAN_POINT ( 'NONE',  ( -25.44999999999999929, -11.25000000000001066, 45.50000000000000000 ) ) ;
#2547 = EDGE_CURVE ( 'NONE', #3461, #4378, #4087, .T. ) ;
#2548 = CARTESIAN_POINT ( 'NONE',  ( -25.44999999999999929, 11.25000000000001066, 40.50000000000000000 ) ) ;
#2549 = CARTESIAN_POINT ( 'NONE',  ( -27.09999999999999787, 14.50000000000000888, 42.20000000000000284 ) ) ;
#2550 = ORIENTED_EDGE ( 'NONE', *, *, #1087, .F. ) ;
#2551 = CARTESIAN_POINT ( 'NONE',  ( -23.57499999999999574, -23.57499999999999929, 40.50000000000000000 ) ) ;
#2552 = ORIENTED_EDGE ( 'NONE', *, *, #3639, .F. ) ;
#2553 = CARTESIAN_POINT ( 'NONE',  ( 25.85000000000000142, 15.75000000000001066, 41.20000000000000284 ) ) ;
#2554 = CARTESIAN_POINT ( 'NONE',  ( -19.27300264743537639, -27.19999999999999929, 40.50000000000000000 ) ) ;
#2555 = ORIENTED_EDGE ( 'NONE', *, *, #2436, .F. ) ;
#2556 = CARTESIAN_POINT ( 'NONE',  ( 26.70000000000000284, 14.10000000000001030, 41.20000000000000284 ) ) ;
#2557 = FACE_OUTER_BOUND ( 'NONE', #2781, .T. ) ;
#2558 = ORIENTED_EDGE ( 'NONE', *, *, #3971, .F. ) ;
#2559 = PLANE ( 'NONE',  #3607 ) ;
#2560 = VERTEX_POINT ( 'NONE', #2867 ) ;
#2561 = CARTESIAN_POINT ( 'NONE',  ( 25.05000000000000426, 14.10000000000001030, 41.20000000000000284 ) ) ;
#2562 = PRODUCT_RELATED_PRODUCT_CATEGORY ( 'part', '', ( #2925 ) ) ;
#2563 = FACE_OUTER_BOUND ( 'NONE', #2262, .T. ) ;
#2564 = ORIENTED_EDGE ( 'NONE', *, *, #2067, .F. ) ;
#2565 = DIRECTION ( 'NONE',  ( -0.000000000000000000, 1.000000000000000000, -0.000000000000000000 ) ) ;
#2566 = CARTESIAN_POINT ( 'NONE',  ( -25.05000000000000426, -13.25000000000001066, 42.70000000000000284 ) ) ;
#2567 = AXIS2_PLACEMENT_3D ( 'NONE', #4121, #1107, #425 ) ;
#2568 = EDGE_CURVE ( 'NONE', #3072, #4045, #1651, .T. ) ;
#2569 = EDGE_CURVE ( 'NONE', #1996, #3701, #891, .T. ) ;
#2570 = VECTOR ( 'NONE', #4242, 1000.000000000000000 ) ;
#2571 = VERTEX_POINT ( 'NONE', #2965 ) ;
#2572 = FACE_OUTER_BOUND ( 'NONE', #351, .T. ) ;
#2573 = ORIENTED_EDGE ( 'NONE', *, *, #1663, .F. ) ;
#2574 = LINE ( 'NONE', #1894, #1305 ) ;
#2575 = CIRCLE ( 'NONE', #4004, 1.000000000000000888 ) ;
#2576 = ADVANCED_FACE ( 'NONE', ( #2557 ), #1853, .F. ) ;
#2577 = CARTESIAN_POINT ( 'NONE',  ( -5.000000000000000000, 6.123233995736766282E-16, 44.09999999999999432 ) ) ;
#2578 = ORIENTED_EDGE ( 'NONE', *, *, #3098, .F. ) ;
#2579 = AXIS2_PLACEMENT_3D ( 'NONE', #902, #2529, #1912 ) ;
#2580 = DIRECTION ( 'NONE',  ( 1.000000000000000000, 2.168404344971012812E-15, -0.000000000000000000 ) ) ;
#2581 = DIRECTION ( 'NONE',  ( -0.000000000000000000, -0.000000000000000000, 1.000000000000000000 ) ) ;
#2582 = AXIS2_PLACEMENT_3D ( 'NONE', #1065, #725, #2095 ) ;
#2583 = CIRCLE ( 'NONE', #1297, 3.249999999999999556 ) ;
#2584 = ORIENTED_EDGE ( 'NONE', *, *, #4026, .T. ) ;
#2585 = VECTOR ( 'NONE', #2703, 1000.000000000000000 ) ;
#2586 = CARTESIAN_POINT ( 'NONE',  ( 22.19999999999999929, 14.50000000000000888, 40.50000000000000000 ) ) ;
#2587 = ORIENTED_EDGE ( 'NONE', *, *, #3727, .T. ) ;
#2588 = DIRECTION ( 'NONE',  ( -0.000000000000000000, -0.000000000000000000, 1.000000000000000000 ) ) ;
#2589 = AXIS2_PLACEMENT_3D ( 'NONE', #2425, #687, #2056 ) ;
#2590 = DIRECTION ( 'NONE',  ( -0.000000000000000000, 1.000000000000000000, -0.000000000000000000 ) ) ;
#2591 = ORIENTED_EDGE ( 'NONE', *, *, #2406, .F. ) ;
#2592 = CARTESIAN_POINT ( 'NONE',  ( -26.70000000000000284, 14.10000000000001030, 41.20000000000000284 ) ) ;
#2593 = DIRECTION ( 'NONE',  ( 1.000000000000000000, -0.000000000000000000, 0.000000000000000000 ) ) ;
#2594 = VECTOR ( 'NONE', #1379, 1000.000000000000000 ) ;
#2595 = CIRCLE ( 'NONE', #941, 4.999999999999984013 ) ;
#2596 = DIRECTION ( 'NONE',  ( 1.000000000000000000, -0.000000000000000000, -0.000000000000000000 ) ) ;
#2597 = ORIENTED_EDGE ( 'NONE', *, *, #390, .T. ) ;
#2598 = DIRECTION ( 'NONE',  ( -0.000000000000000000, -0.000000000000000000, -1.000000000000000000 ) ) ;
#2599 = VECTOR ( 'NONE', #3259, 1000.000000000000000 ) ;
#2600 = EDGE_CURVE ( 'NONE', #1484, #2692, #1950, .T. ) ;
#2601 = ADVANCED_FACE ( 'NONE', ( #2307 ), #1256, .T. ) ;
#2602 = VERTEX_POINT ( 'NONE', #1006 ) ;
#2603 = LINE ( 'NONE', #4415, #429 ) ;
#2604 = LINE ( 'NONE', #129, #3293 ) ;
#2605 = ORIENTED_EDGE ( 'NONE', *, *, #3619, .F. ) ;
#2606 = EDGE_CURVE ( 'NONE', #3669, #1996, #4060, .T. ) ;
#2607 = EDGE_LOOP ( 'NONE', ( #3394, #381, #194, #2697 ) ) ;
#2608 = DIRECTION ( 'NONE',  ( 0.000000000000000000, -1.000000000000000000, -0.000000000000000000 ) ) ;
#2609 = DIRECTION ( 'NONE',  ( -1.000000000000000000, 0.000000000000000000, 0.000000000000000000 ) ) ;
#2610 = VERTEX_POINT ( 'NONE', #3418 ) ;
#2611 = CARTESIAN_POINT ( 'NONE',  ( 25.44999999999999929, 17.75000000000000711, 40.50000000000000000 ) ) ;
#2612 = ORIENTED_EDGE ( 'NONE', *, *, #531, .F. ) ;
#2613 = DIRECTION ( 'NONE',  ( -1.000000000000000000, -0.000000000000000000, -0.000000000000000000 ) ) ;
#2614 = CARTESIAN_POINT ( 'NONE',  ( -24.19999999999999929, -14.10000000000001030, 41.20000000000000284 ) ) ;
#2615 = VERTEX_POINT ( 'NONE', #3989 ) ;
#2616 = DIRECTION ( 'NONE',  ( 0.000000000000000000, 0.000000000000000000, 1.000000000000000000 ) ) ;
#2617 = CARTESIAN_POINT ( 'NONE',  ( 25.44999999999999929, -11.25000000000001066, 45.50000000000000000 ) ) ;
#2618 = CARTESIAN_POINT ( 'NONE',  ( -25.05000000000000426, 13.25000000000001066, 41.20000000000000284 ) ) ;
#2619 = ORIENTED_EDGE ( 'NONE', *, *, #3429, .F. ) ;
#2620 = CARTESIAN_POINT ( 'NONE',  ( 25.44999999999999929, -14.50000000000000888, 42.70000000000000284 ) ) ;
#2621 = ORIENTED_EDGE ( 'NONE', *, *, #3887, .F. ) ;
#2622 = ADVANCED_FACE ( 'NONE', ( #2037 ), #982, .F. ) ;
#2623 = CARTESIAN_POINT ( 'NONE',  ( 23.57499999999999929, -23.57500000000000639, 45.50000000000000000 ) ) ;
#2624 = ORIENTED_EDGE ( 'NONE', *, *, #2966, .T. ) ;
#2625 = ORIENTED_EDGE ( 'NONE', *, *, #531, .T. ) ;
#2626 = CARTESIAN_POINT ( 'NONE',  ( 0.000000000000000000, 0.000000000000000000, 44.09999999999999432 ) ) ;
#2627 = DIRECTION ( 'NONE',  ( -0.000000000000000000, -0.000000000000000000, -1.000000000000000000 ) ) ;
#2628 = EDGE_CURVE ( 'NONE', #879, #2372, #2986, .T. ) ;
#2629 = ADVANCED_FACE ( 'NONE', ( #1275 ), #3398, .F. ) ;
#2630 = PLANE ( 'NONE',  #2084 ) ;
#2631 = DIRECTION ( 'NONE',  ( -1.000000000000000000, 0.000000000000000000, 0.000000000000000000 ) ) ;
#2632 = EDGE_LOOP ( 'NONE', ( #3974, #1913, #3728, #2487 ) ) ;
#2633 = FACE_BOUND ( 'NONE', #3032, .T. ) ;
#2634 = ADVANCED_FACE ( 'NONE', ( #4339 ), #1299, .T. ) ;
#2635 = CARTESIAN_POINT ( 'NONE',  ( 22.19999999999999929, -14.50000000000000888, 40.50000000000000000 ) ) ;
#2636 = ORIENTED_EDGE ( 'NONE', *, *, #2600, .F. ) ;
#2637 = LINE ( 'NONE', #1287, #4350 ) ;
#2638 = LINE ( 'NONE', #881, #4445 ) ;
#2639 = LINE ( 'NONE', #3387, #1927 ) ;
#2640 = VERTEX_POINT ( 'NONE', #3750 ) ;
#2641 = CARTESIAN_POINT ( 'NONE',  ( -25.85000000000000142, -15.75000000000001066, 42.70000000000000284 ) ) ;
#2642 = CARTESIAN_POINT ( 'NONE',  ( -19.27300264743537639, -27.19999999999999929, 54.64213562373092969 ) ) ;
#2643 = VERTEX_POINT ( 'NONE', #1699 ) ;
#2644 = CIRCLE ( 'NONE', #3439, 2.499999999999998668 ) ;
#2645 = DIRECTION ( 'NONE',  ( 0.000000000000000000, 0.000000000000000000, 1.000000000000000000 ) ) ;
#2646 = VERTEX_POINT ( 'NONE', #253 ) ;
#2647 = ORIENTED_EDGE ( 'NONE', *, *, #1339, .T. ) ;
#2648 = PLANE ( 'NONE',  #66 ) ;
#2649 = DIRECTION ( 'NONE',  ( 1.000000000000000000, 0.000000000000000000, 0.000000000000000000 ) ) ;
#2650 = AXIS2_PLACEMENT_3D ( 'NONE', #3851, #3831, #1404 ) ;
#2651 = VERTEX_POINT ( 'NONE', #1679 ) ;
#2652 = CARTESIAN_POINT ( 'NONE',  ( 0.000000000000000000, 0.000000000000000000, 47.09999999999999432 ) ) ;
#2653 = EDGE_CURVE ( 'NONE', #1685, #1598, #4321, .T. ) ;
#2654 = ORIENTED_EDGE ( 'NONE', *, *, #2683, .F. ) ;
#2655 = EDGE_CURVE ( 'NONE', #166, #1405, #4040, .T. ) ;
#2656 = DIRECTION ( 'NONE',  ( 1.000000000000000000, 0.000000000000000000, 0.000000000000000000 ) ) ;
#2657 = AXIS2_PLACEMENT_3D ( 'NONE', #4140, #1756, #3804 ) ;
#2658 = DIRECTION ( 'NONE',  ( -0.000000000000000000, -0.000000000000000000, -1.000000000000000000 ) ) ;
#2659 = CIRCLE ( 'NONE', #713, 1.649999999999998579 ) ;
#2660 = ORIENTED_EDGE ( 'NONE', *, *, #2628, .T. ) ;
#2661 = DIRECTION ( 'NONE',  ( 0.000000000000000000, -1.000000000000000000, 0.000000000000000000 ) ) ;
#2662 = CARTESIAN_POINT ( 'NONE',  ( 27.59999999999999787, -14.50000000000000888, 40.50000000000000000 ) ) ;
#2663 = VECTOR ( 'NONE', #345, 1000.000000000000000 ) ;
#2664 = EDGE_CURVE ( 'NONE', #3966, #230, #3950, .T. ) ;
#2665 = CIRCLE ( 'NONE', #4439, 2.149999999999999023 ) ;
#2666 = CIRCLE ( 'NONE', #1726, 4.000000000000000000 ) ;
#2667 = DIRECTION ( 'NONE',  ( -0.000000000000000000, -0.000000000000000000, 1.000000000000000000 ) ) ;
#2668 = VERTEX_POINT ( 'NONE', #939 ) ;
#2669 = DIRECTION ( 'NONE',  ( 0.000000000000000000, -0.000000000000000000, 1.000000000000000000 ) ) ;
#2670 = LINE ( 'NONE', #2032, #3592 ) ;
#2671 = VECTOR ( 'NONE', #4263, 1000.000000000000000 ) ;
#2672 = VECTOR ( 'NONE', #557, 1000.000000000000000 ) ;
#2673 = DIRECTION ( 'NONE',  ( 1.000000000000000000, 0.000000000000000000, -0.000000000000000000 ) ) ;
#2674 = ORIENTED_EDGE ( 'NONE', *, *, #977, .F. ) ;
#2675 = AXIS2_PLACEMENT_3D ( 'NONE', #555, #1208, #895 ) ;
#2676 = ORIENTED_EDGE ( 'NONE', *, *, #3328, .T. ) ;
#2677 = DIRECTION ( 'NONE',  ( -0.000000000000000000, -0.000000000000000000, -1.000000000000000000 ) ) ;
#2678 = DIRECTION ( 'NONE',  ( -1.000000000000000000, 0.000000000000000000, -0.000000000000000000 ) ) ;
#2679 = CIRCLE ( 'NONE', #1874, 4.000000000000000000 ) ;
#2680 = VERTEX_POINT ( 'NONE', #3333 ) ;
#2681 = DIRECTION ( 'NONE',  ( 0.000000000000000000, -1.000000000000000000, 0.000000000000000000 ) ) ;
#2682 = DIRECTION ( 'NONE',  ( -1.000000000000000000, 6.308085367188392213E-16, 0.000000000000000000 ) ) ;
#2683 = EDGE_CURVE ( 'NONE', #2184, #2651, #1007, .T. ) ;
#2684 = EDGE_CURVE ( 'NONE', #3111, #1566, #1989, .T. ) ;
#2685 = DIRECTION ( 'NONE',  ( 0.000000000000000000, 0.000000000000000000, 1.000000000000000000 ) ) ;
#2686 = ORIENTED_EDGE ( 'NONE', *, *, #3, .F. ) ;
#2687 = DIRECTION ( 'NONE',  ( -0.000000000000000000, -1.000000000000000000, -0.000000000000000000 ) ) ;
#2688 = CARTESIAN_POINT ( 'NONE',  ( 5.000000000000000000, 0.000000000000000000, 47.09999999999999432 ) ) ;
#2689 = DIRECTION ( 'NONE',  ( 0.000000000000000000, 1.000000000000000000, 0.000000000000000000 ) ) ;
#2690 = EDGE_CURVE ( 'NONE', #2931, #4392, #3054, .T. ) ;
#2691 = FACE_OUTER_BOUND ( 'NONE', #3271, .T. ) ;
#2692 = VERTEX_POINT ( 'NONE', #274 ) ;
#2693 = DIRECTION ( 'NONE',  ( 1.000000000000000000, 0.000000000000000000, 0.000000000000000000 ) ) ;
#2694 = EDGE_CURVE ( 'NONE', #2668, #543, #1656, .T. ) ;
#2695 = DIRECTION ( 'NONE',  ( -0.000000000000000000, -0.000000000000000000, -1.000000000000000000 ) ) ;
#2696 = ORIENTED_EDGE ( 'NONE', *, *, #2235, .T. ) ;
#2697 = ORIENTED_EDGE ( 'NONE', *, *, #2815, .F. ) ;
#2698 = CYLINDRICAL_SURFACE ( 'NONE', #3175, 1.000000000000000888 ) ;
#2699 = DIRECTION ( 'NONE',  ( -0.000000000000000000, -0.000000000000000000, 1.000000000000000000 ) ) ;
#2700 = ORIENTED_EDGE ( 'NONE', *, *, #669, .T. ) ;
#2701 = CARTESIAN_POINT ( 'NONE',  ( 21.07499999999999929, 23.57500000000000639, 45.50000000000000000 ) ) ;
#2702 = LINE ( 'NONE', #1372, #214 ) ;
#2703 = DIRECTION ( 'NONE',  ( -1.000000000000000000, 0.000000000000000000, 0.000000000000000000 ) ) ;
#2704 = VERTEX_POINT ( 'NONE', #2718 ) ;
#2705 = CARTESIAN_POINT ( 'NONE',  ( 24.75000000000000000, 24.75000000000000000, 40.50000000000000000 ) ) ;
#2706 = DIRECTION ( 'NONE',  ( 0.000000000000000000, 0.000000000000000000, 1.000000000000000000 ) ) ;
#2707 = PLANE ( 'NONE',  #1512 ) ;
#2708 = CARTESIAN_POINT ( 'NONE',  ( 28.19999999999999929, 0.000000000000000000, 0.000000000000000000 ) ) ;
#2709 = ORIENTED_EDGE ( 'NONE', *, *, #2154, .T. ) ;
#2710 = DIRECTION ( 'NONE',  ( 0.000000000000000000, -1.000000000000000000, 0.000000000000000000 ) ) ;
#2711 = LINE ( 'NONE', #1384, #3385 ) ;
#2712 = EDGE_CURVE ( 'NONE', #324, #556, #4386, .T. ) ;
#2713 = EDGE_CURVE ( 'NONE', #937, #3072, #4171, .T. ) ;
#2714 = PLANE ( 'NONE',  #2209 ) ;
#2715 = ORIENTED_EDGE ( 'NONE', *, *, #2987, .T. ) ;
#2716 = ORIENTED_EDGE ( 'NONE', *, *, #4397, .T. ) ;
#2717 = CARTESIAN_POINT ( 'NONE',  ( -25.44999999999999929, 14.50000000000000888, 42.70000000000000284 ) ) ;
#2718 = CARTESIAN_POINT ( 'NONE',  ( 26.70000000000000284, -14.10000000000001030, 42.70000000000000284 ) ) ;
#2719 = EDGE_CURVE ( 'NONE', #535, #4224, #1936, .T. ) ;
#2720 = AXIS2_PLACEMENT_3D ( 'NONE', #1332, #2661, #261 ) ;
#2721 = DIRECTION ( 'NONE',  ( -0.000000000000000000, -0.000000000000000000, -1.000000000000000000 ) ) ;
#2722 = DIRECTION ( 'NONE',  ( -0.000000000000000000, -1.000000000000000000, -0.000000000000000000 ) ) ;
#2723 = CIRCLE ( 'NONE', #2579, 2.149999999999999023 ) ;
#2724 = DIRECTION ( 'NONE',  ( -0.000000000000000000, -0.000000000000000000, -1.000000000000000000 ) ) ;
#2725 = EDGE_LOOP ( 'NONE', ( #146, #838, #1815, #3567 ) ) ;
#2726 = DIRECTION ( 'NONE',  ( -0.000000000000000000, -0.000000000000000000, 1.000000000000000000 ) ) ;
#2727 = CYLINDRICAL_SURFACE ( 'NONE', #3883, 3.249999999999999556 ) ;
#2728 = ORIENTED_EDGE ( 'NONE', *, *, #157, .F. ) ;
#2729 = CARTESIAN_POINT ( 'NONE',  ( -25.05000000000000071, 14.90000000000000924, 42.70000000000000284 ) ) ;
#2730 = CIRCLE ( 'NONE', #2368, 3.249999999999999556 ) ;
#2731 = DIRECTION ( 'NONE',  ( 0.000000000000000000, 0.000000000000000000, 1.000000000000000000 ) ) ;
#2732 = ORIENTED_EDGE ( 'NONE', *, *, #1793, .T. ) ;
#2733 = AXIS2_PLACEMENT_3D ( 'NONE', #828, #2195, #536 ) ;
#2734 = DIRECTION ( 'NONE',  ( 1.000000000000000000, 0.000000000000000000, 0.000000000000000000 ) ) ;
#2735 = FACE_OUTER_BOUND ( 'NONE', #1941, .T. ) ;
#2736 = CARTESIAN_POINT ( 'NONE',  ( 27.09999999999999787, 14.50000000000000888, 42.20000000000000284 ) ) ;
#2737 = ORIENTED_EDGE ( 'NONE', *, *, #2154, .F. ) ;
#2738 = ADVANCED_FACE ( 'NONE', ( #1034 ), #3103, .F. ) ;
#2739 = EDGE_CURVE ( 'NONE', #664, #162, #1220, .T. ) ;
#2740 = CIRCLE ( 'NONE', #208, 4.000000000000000000 ) ;
#2741 = VECTOR ( 'NONE', #1736, 1000.000000000000000 ) ;
#2742 = EDGE_LOOP ( 'NONE', ( #2525, #3360, #4012, #1769, #2621, #51, #2484 ) ) ;
#2743 = DIRECTION ( 'NONE',  ( -1.000000000000000000, 0.000000000000000000, 0.000000000000000000 ) ) ;
#2744 = DIRECTION ( 'NONE',  ( 1.000000000000000000, 0.000000000000000000, 0.000000000000000000 ) ) ;
#2745 = CIRCLE ( 'NONE', #3531, 1.000000000000000888 ) ;
#2746 = ADVANCED_FACE ( 'NONE', ( #1764 ), #2403, .F. ) ;
#2747 = DIRECTION ( 'NONE',  ( -1.000000000000000000, -6.308085367188392213E-16, 0.000000000000000000 ) ) ;
#2748 = DIRECTION ( 'NONE',  ( -0.000000000000000000, -0.000000000000000000, -1.000000000000000000 ) ) ;
#2749 = CIRCLE ( 'NONE', #437, 2.149999999999999023 ) ;
#2750 = CARTESIAN_POINT ( 'NONE',  ( 28.19999999999999929, 19.27300264743538705, 0.000000000000000000 ) ) ;
#2751 = CARTESIAN_POINT ( 'NONE',  ( -25.44999999999999929, -17.75000000000000711, 45.50000000000000000 ) ) ;
#2752 = ORIENTED_EDGE ( 'NONE', *, *, #163, .T. ) ;
#2753 = ORIENTED_EDGE ( 'NONE', *, *, #2540, .F. ) ;
#2754 = LINE ( 'NONE', #2317, #4376 ) ;
#2755 = ORIENTED_EDGE ( 'NONE', *, *, #3, .T. ) ;
#2756 = DIRECTION ( 'NONE',  ( -1.000000000000000000, -0.000000000000000000, -0.000000000000000000 ) ) ;
#2757 = VERTEX_POINT ( 'NONE', #1408 ) ;
#2758 = CARTESIAN_POINT ( 'NONE',  ( -24.75000000000000000, -24.75000000000000000, -40.50000000000000000 ) ) ;
#2759 = DIRECTION ( 'NONE',  ( 1.000000000000000000, 0.000000000000000000, 0.000000000000000000 ) ) ;
#2760 = LINE ( 'NONE', #2165, #1998 ) ;
#2761 = ORIENTED_EDGE ( 'NONE', *, *, #3559, .T. ) ;
#2762 = ORIENTED_EDGE ( 'NONE', *, *, #690, .F. ) ;
#2763 = LINE ( 'NONE', #2121, #2520 ) ;
#2764 = DIRECTION ( 'NONE',  ( -0.000000000000000000, -0.000000000000000000, 1.000000000000000000 ) ) ;
#2765 = EDGE_CURVE ( 'NONE', #1484, #3446, #2665, .T. ) ;
#2766 = CARTESIAN_POINT ( 'NONE',  ( -19.00000000000000000, 0.000000000000000000, 45.50000000000000000 ) ) ;
#2767 = CARTESIAN_POINT ( 'NONE',  ( 0.000000000000000000, 0.000000000000000000, 47.09999999999999432 ) ) ;
#2768 = EDGE_CURVE ( 'NONE', #3426, #1436, #4431, .T. ) ;
#2769 = EDGE_CURVE ( 'NONE', #3286, #3155, #1723, .T. ) ;
#2770 = DIRECTION ( 'NONE',  ( -0.000000000000000000, -0.000000000000000000, 1.000000000000000000 ) ) ;
#2771 = ORIENTED_EDGE ( 'NONE', *, *, #2146, .T. ) ;
#2772 = VERTEX_POINT ( 'NONE', #4106 ) ;
#2773 = DIRECTION ( 'NONE',  ( -0.000000000000000000, -0.000000000000000000, -1.000000000000000000 ) ) ;
#2774 = VERTEX_POINT ( 'NONE', #2804 ) ;
#2775 = CARTESIAN_POINT ( 'NONE',  ( 24.19999999999999929, -14.10000000000001030, 42.70000000000000284 ) ) ;
#2776 = PLANE ( 'NONE',  #2582 ) ;
#2777 = ORIENTED_EDGE ( 'NONE', *, *, #532, .T. ) ;
#2778 = CARTESIAN_POINT ( 'NONE',  ( 26.07499999999999574, 23.57500000000000639, 45.50000000000000000 ) ) ;
#2779 = CARTESIAN_POINT ( 'NONE',  ( -25.85000000000000142, 13.25000000000001243, 41.20000000000000284 ) ) ;
#2780 = CARTESIAN_POINT ( 'NONE',  ( -25.05000000000000071, -14.90000000000000924, 41.20000000000000284 ) ) ;
#2781 = EDGE_LOOP ( 'NONE', ( #2274, #638, #1620, #2299 ) ) ;
#2782 = ORIENTED_EDGE ( 'NONE', *, *, #389, .T. ) ;
#2783 = CARTESIAN_POINT ( 'NONE',  ( 25.44999999999999929, -17.75000000000000711, 40.50000000000000000 ) ) ;
#2784 = LINE ( 'NONE', #4148, #2291 ) ;
#2785 = DIRECTION ( 'NONE',  ( -0.000000000000000000, -1.000000000000000000, -0.000000000000000000 ) ) ;
#2786 = LINE ( 'NONE', #2086, #3305 ) ;
#2787 =( GEOMETRIC_REPRESENTATION_CONTEXT ( 3 ) GLOBAL_UNCERTAINTY_ASSIGNED_CONTEXT ( ( #303 ) ) GLOBAL_UNIT_ASSIGNED_CONTEXT ( ( #715, #3188, #2982 ) ) REPRESENTATION_CONTEXT ( 'NONE', 'WORKASPACE' ) );
#2788 = TOROIDAL_SURFACE ( 'NONE', #1421, 1.649999999999997913, 0.5000000000000000000 ) ;
#2789 = EDGE_LOOP ( 'NONE', ( #3436, #2564, #2810, #695 ) ) ;
#2790 = ADVANCED_FACE ( 'NONE', ( #1075 ), #2472, .T. ) ;
#2791 = ADVANCED_FACE ( 'NONE', ( #3791, #3438 ), #2122, .F. ) ;
#2792 = CARTESIAN_POINT ( 'NONE',  ( -24.75000000000000000, 24.75000000000000000, 54.64213562373092969 ) ) ;
#2793 = ORIENTED_EDGE ( 'NONE', *, *, #2690, .T. ) ;
#2794 = DIRECTION ( 'NONE',  ( -0.000000000000000000, -0.000000000000000000, -1.000000000000000000 ) ) ;
#2795 = ORIENTED_EDGE ( 'NONE', *, *, #1001, .T. ) ;
#2796 = PLANE ( 'NONE',  #33 ) ;
#2797 = EDGE_CURVE ( 'NONE', #1436, #2230, #2784, .T. ) ;
#2798 = DIRECTION ( 'NONE',  ( 0.000000000000000000, 0.000000000000000000, -1.000000000000000000 ) ) ;
#2799 = DIRECTION ( 'NONE',  ( 0.000000000000000000, 0.000000000000000000, -1.000000000000000000 ) ) ;
#2800 = ORIENTED_EDGE ( 'NONE', *, *, #4460, .T. ) ;
#2801 = ORIENTED_EDGE ( 'NONE', *, *, #4028, .T. ) ;
#2802 = CARTESIAN_POINT ( 'NONE',  ( 25.05000000000000071, 14.90000000000000924, 42.70000000000000284 ) ) ;
#2803 = AXIS2_PLACEMENT_3D ( 'NONE', #2642, #1940, #4007 ) ;
#2804 = CARTESIAN_POINT ( 'NONE',  ( -26.70000000000000284, 14.90000000000000924, 41.20000000000000284 ) ) ;
#2805 = VECTOR ( 'NONE', #1343, 1000.000000000000000 ) ;
#2806 = CARTESIAN_POINT ( 'NONE',  ( -26.07499999999999574, -23.57499999999999929, 45.50000000000000000 ) ) ;
#2807 = DIRECTION ( 'NONE',  ( -0.000000000000000000, -0.000000000000000000, -1.000000000000000000 ) ) ;
#2808 = VECTOR ( 'NONE', #4178, 1000.000000000000000 ) ;
#2809 = AXIS2_PLACEMENT_3D ( 'NONE', #2521, #1440, #2848 ) ;
#2810 = ORIENTED_EDGE ( 'NONE', *, *, #3346, .F. ) ;
#2811 = VECTOR ( 'NONE', #870, 1000.000000000000000 ) ;
#2812 = ORIENTED_EDGE ( 'NONE', *, *, #2235, .F. ) ;
#2813 = EDGE_LOOP ( 'NONE', ( #2130, #1545 ) ) ;
#2814 = AXIS2_PLACEMENT_3D ( 'NONE', #4385, #1274, #1592 ) ;
#2815 = EDGE_CURVE ( 'NONE', #2062, #2976, #349, .T. ) ;
#2816 = CARTESIAN_POINT ( 'NONE',  ( -5.000000000000000000, 6.123233995736766282E-16, 44.09999999999999432 ) ) ;
#2817 = ORIENTED_EDGE ( 'NONE', *, *, #475, .T. ) ;
#2818 = DIRECTION ( 'NONE',  ( -0.000000000000000000, -0.000000000000000000, -1.000000000000000000 ) ) ;
#2819 = CARTESIAN_POINT ( 'NONE',  ( 25.44999999999999929, 14.50000000000000888, 42.70000000000000284 ) ) ;
#2820 = EDGE_CURVE ( 'NONE', #2772, #4105, #737, .T. ) ;
#2821 = EDGE_CURVE ( 'NONE', #4057, #1708, #3502, .T. ) ;
#2822 = CARTESIAN_POINT ( 'NONE',  ( -25.44999999999999929, 14.50000000000000888, 42.70000000000000284 ) ) ;
#2823 = ORIENTED_EDGE ( 'NONE', *, *, #2842, .F. ) ;
#2824 = CYLINDRICAL_SURFACE ( 'NONE', #3094, 3.174999999999999822 ) ;
#2825 = VERTEX_POINT ( 'NONE', #2003 ) ;
#2826 = CARTESIAN_POINT ( 'NONE',  ( -26.70000000000000284, -14.90000000000000924, 42.70000000000000284 ) ) ;
#2827 = LINE ( 'NONE', #4173, #1661 ) ;
#2828 = CARTESIAN_POINT ( 'NONE',  ( -25.05000000000000426, 15.75000000000001066, 42.70000000000000284 ) ) ;
#2829 = ORIENTED_EDGE ( 'NONE', *, *, #3458, .T. ) ;
#2830 = PLANE ( 'NONE',  #3391 ) ;
#2831 = ORIENTED_EDGE ( 'NONE', *, *, #1639, .T. ) ;
#2832 = CARTESIAN_POINT ( 'NONE',  ( -26.70000000000000284, 14.90000000000000924, 41.20000000000000284 ) ) ;
#2833 = ORIENTED_EDGE ( 'NONE', *, *, #3239, .F. ) ;
#2834 = FACE_OUTER_BOUND ( 'NONE', #1499, .T. ) ;
#2835 = DIRECTION ( 'NONE',  ( 1.000000000000000000, 0.000000000000000000, 0.000000000000000000 ) ) ;
#2836 = ORIENTED_EDGE ( 'NONE', *, *, #644, .F. ) ;
#2837 = DIRECTION ( 'NONE',  ( -1.000000000000000000, 0.000000000000000000, 0.000000000000000000 ) ) ;
#2838 = EDGE_CURVE ( 'NONE', #3411, #3599, #4400, .T. ) ;
#2839 = EDGE_CURVE ( 'NONE', #3521, #3299, #1712, .T. ) ;
#2840 = ORIENTED_EDGE ( 'NONE', *, *, #511, .T. ) ;
#2841 = FACE_OUTER_BOUND ( 'NONE', #3218, .T. ) ;
#2842 = EDGE_CURVE ( 'NONE', #2469, #879, #3742, .T. ) ;
#2843 = DIRECTION ( 'NONE',  ( 1.000000000000000000, 0.000000000000000000, 0.000000000000000000 ) ) ;
#2844 = CARTESIAN_POINT ( 'NONE',  ( 23.30000000000000071, 14.50000000000000888, 42.20000000000000284 ) ) ;
#2845 = ORIENTED_EDGE ( 'NONE', *, *, #1612, .T. ) ;
#2846 = LINE ( 'NONE', #3264, #4454 ) ;
#2847 = ORIENTED_EDGE ( 'NONE', *, *, #417, .T. ) ;
#2848 = DIRECTION ( 'NONE',  ( 0.000000000000000000, -0.000000000000000000, 1.000000000000000000 ) ) ;
#2849 = VECTOR ( 'NONE', #3557, 1000.000000000000000 ) ;
#2850 = DIRECTION ( 'NONE',  ( -0.000000000000000000, -0.000000000000000000, 1.000000000000000000 ) ) ;
#2851 = ORIENTED_EDGE ( 'NONE', *, *, #1498, .F. ) ;
#2852 = FACE_OUTER_BOUND ( 'NONE', #418, .T. ) ;
#2853 = DIRECTION ( 'NONE',  ( -1.000000000000000000, 0.000000000000000000, 0.000000000000000000 ) ) ;
#2854 = CIRCLE ( 'NONE', #922, 1.000000000000000888 ) ;
#2855 = CARTESIAN_POINT ( 'NONE',  ( -24.19999999999999929, -14.10000000000001030, 41.20000000000000284 ) ) ;
#2856 = ORIENTED_EDGE ( 'NONE', *, *, #2655, .T. ) ;
#2857 = FACE_OUTER_BOUND ( 'NONE', #4237, .T. ) ;
#2858 = ORIENTED_EDGE ( 'NONE', *, *, #1608, .T. ) ;
#2859 = DIRECTION ( 'NONE',  ( -1.000000000000000000, 0.000000000000000000, 0.000000000000000000 ) ) ;
#2860 = EDGE_CURVE ( 'NONE', #1566, #980, #244, .T. ) ;
#2861 = EDGE_CURVE ( 'NONE', #3273, #1110, #3432, .T. ) ;
#2862 = AXIS2_PLACEMENT_3D ( 'NONE', #187, #1146, #3625 ) ;
#2863 = EDGE_LOOP ( 'NONE', ( #399, #1031, #961, #235, #2503, #2906, #3046 ) ) ;
#2864 = CARTESIAN_POINT ( 'NONE',  ( 24.19999999999999929, 14.10000000000001030, 42.70000000000000284 ) ) ;
#2865 = VECTOR ( 'NONE', #1702, 1000.000000000000000 ) ;
#2866 = LINE ( 'NONE', #4229, #2956 ) ;
#2867 = CARTESIAN_POINT ( 'NONE',  ( -27.59999999999999787, -14.50000000000000888, 42.20000000000000284 ) ) ;
#2868 = CIRCLE ( 'NONE', #3093, 2.499999999999998668 ) ;
#2869 = VECTOR ( 'NONE', #3631, 1000.000000000000000 ) ;
#2870 = ADVANCED_FACE ( 'NONE', ( #2366 ), #3389, .F. ) ;
#2871 = VECTOR ( 'NONE', #1625, 1000.000000000000000 ) ;
#2872 = VERTEX_POINT ( 'NONE', #3025 ) ;
#2873 = VERTEX_POINT ( 'NONE', #4449 ) ;
#2874 = VECTOR ( 'NONE', #630, 1000.000000000000000 ) ;
#2875 = CYLINDRICAL_SURFACE ( 'NONE', #1947, 2.499999999999998668 ) ;
#2876 = EDGE_CURVE ( 'NONE', #2913, #3424, #4053, .T. ) ;
#2877 = AXIS2_PLACEMENT_3D ( 'NONE', #3844, #1103, #442 ) ;
#2878 = LINE ( 'NONE', #1478, #3518 ) ;
#2879 = EDGE_LOOP ( 'NONE', ( #3490, #1239, #1318, #673 ) ) ;
#2880 = PLANE ( 'NONE',  #2349 ) ;
#2881 = DIRECTION ( 'NONE',  ( 0.000000000000000000, 0.000000000000000000, 1.000000000000000000 ) ) ;
#2882 = CIRCLE ( 'NONE', #584, 1.000000000000000888 ) ;
#2883 = DIRECTION ( 'NONE',  ( -1.000000000000000000, 0.000000000000000000, 0.000000000000000000 ) ) ;
#2884 = ORIENTED_EDGE ( 'NONE', *, *, #27, .T. ) ;
#2885 = CARTESIAN_POINT ( 'NONE',  ( 26.07499999999999574, -23.57500000000000639, 40.50000000000000000 ) ) ;
#2886 = VERTEX_POINT ( 'NONE', #1693 ) ;
#2887 = DIRECTION ( 'NONE',  ( -1.000000000000000000, 0.000000000000000000, -0.000000000000000000 ) ) ;
#2888 = CARTESIAN_POINT ( 'NONE',  ( 27.59999999999999787, -14.50000000000000888, 42.20000000000000284 ) ) ;
#2889 = ORIENTED_EDGE ( 'NONE', *, *, #3199, .F. ) ;
#2890 = FACE_OUTER_BOUND ( 'NONE', #1451, .T. ) ;
#2891 = CARTESIAN_POINT ( 'NONE',  ( -28.19999999999999929, 28.19999999999999929, 40.50000000000000000 ) ) ;
#2892 = VERTEX_POINT ( 'NONE', #4006 ) ;
#2893 = DIRECTION ( 'NONE',  ( 0.000000000000000000, -1.000000000000000000, -0.000000000000000000 ) ) ;
#2894 = EDGE_CURVE ( 'NONE', #717, #4138, #2297, .T. ) ;
#2895 = ORIENTED_EDGE ( 'NONE', *, *, #4078, .T. ) ;
#2896 = EDGE_CURVE ( 'NONE', #234, #1341, #681, .T. ) ;
#2897 = CYLINDRICAL_SURFACE ( 'NONE', #1230, 1.000000000000000888 ) ;
#2898 = DIRECTION ( 'NONE',  ( -0.000000000000000000, -0.000000000000000000, -1.000000000000000000 ) ) ;
#2899 = ORIENTED_EDGE ( 'NONE', *, *, #1000, .T. ) ;
#2900 = DIRECTION ( 'NONE',  ( -0.000000000000000000, -0.000000000000000000, -1.000000000000000000 ) ) ;
#2901 = DIRECTION ( 'NONE',  ( -0.000000000000000000, -0.000000000000000000, -1.000000000000000000 ) ) ;
#2902 = EDGE_CURVE ( 'NONE', #3599, #1872, #1027, .T. ) ;
#2903 =( NAMED_UNIT ( * ) PLANE_ANGLE_UNIT ( ) SI_UNIT ( $, .RADIAN. ) );
#2904 = EDGE_LOOP ( 'NONE', ( #270, #1738, #2477, #2061 ) ) ;
#2905 = FACE_OUTER_BOUND ( 'NONE', #874, .T. ) ;
#2906 = ORIENTED_EDGE ( 'NONE', *, *, #3457, .T. ) ;
#2907 = CARTESIAN_POINT ( 'NONE',  ( 25.05000000000000426, 15.75000000000001066, 42.70000000000000284 ) ) ;
#2908 = FACE_OUTER_BOUND ( 'NONE', #3134, .T. ) ;
#2909 = VERTEX_POINT ( 'NONE', #633 ) ;
#2910 = CARTESIAN_POINT ( 'NONE',  ( 26.79166666666666430, 20.18583553952948861, 40.50000000000000000 ) ) ;
#2911 = CARTESIAN_POINT ( 'NONE',  ( -24.19999999999999929, 24.19999999999999929, 45.50000000000000000 ) ) ;
#2912 = ORIENTED_EDGE ( 'NONE', *, *, #1715, .T. ) ;
#2913 = VERTEX_POINT ( 'NONE', #2641 ) ;
#2914 = LINE ( 'NONE', #1906, #3659 ) ;
#2915 = ADVANCED_FACE ( 'NONE', ( #3067 ), #1673, .F. ) ;
#2916 = EDGE_CURVE ( 'NONE', #565, #1841, #659, .T. ) ;
#2917 = CARTESIAN_POINT ( 'NONE',  ( 25.85000000000000142, 13.25000000000001243, 41.20000000000000284 ) ) ;
#2918 = EDGE_LOOP ( 'NONE', ( #2831, #2573, #4203, #2660 ) ) ;
#2919 = CARTESIAN_POINT ( 'NONE',  ( -26.70000000000000284, -14.90000000000000924, 41.20000000000000284 ) ) ;
#2920 = DIRECTION ( 'NONE',  ( -1.000000000000000000, 0.000000000000000000, 0.000000000000000000 ) ) ;
#2921 = VECTOR ( 'NONE', #4071, 1000.000000000000000 ) ;
#2922 = DIRECTION ( 'NONE',  ( -0.000000000000000000, -0.000000000000000000, -1.000000000000000000 ) ) ;
#2923 = VECTOR ( 'NONE', #337, 1000.000000000000000 ) ;
#2924 = ORIENTED_EDGE ( 'NONE', *, *, #2082, .T. ) ;
#2925 = PRODUCT ( 'B516 \X2\042804300433043e0432044b0439\X0\ \X2\0434043204380433043004420435043b044c\X0\ Nema 23', 'B516 \X2\042804300433043e0432044b0439\X0\ \X2\0434043204380433043004420435043b044c\X0\ Nema 23', '', ( #3591 ) ) ;
#2926 = DIRECTION ( 'NONE',  ( -0.000000000000000000, -0.000000000000000000, -1.000000000000000000 ) ) ;
#2927 = ORIENTED_EDGE ( 'NONE', *, *, #4254, .F. ) ;
#2928 = CARTESIAN_POINT ( 'NONE',  ( -19.00000000000000000, 0.000000000000000000, 47.09999999999999432 ) ) ;
#2929 = AXIS2_PLACEMENT_3D ( 'NONE', #542, #1513, #3252 ) ;
#2930 = CARTESIAN_POINT ( 'NONE',  ( 25.85000000000000142, 14.90000000000000924, 41.20000000000000284 ) ) ;
#2931 = VERTEX_POINT ( 'NONE', #4419 ) ;
#2932 =( GEOMETRIC_REPRESENTATION_CONTEXT ( 3 ) GLOBAL_UNCERTAINTY_ASSIGNED_CONTEXT ( ( #2386 ) ) GLOBAL_UNIT_ASSIGNED_CONTEXT ( ( #1579, #2903, #1196 ) ) REPRESENTATION_CONTEXT ( 'NONE', 'WORKASPACE' ) );
#2933 = ORIENTED_EDGE ( 'NONE', *, *, #3092, .T. ) ;
#2934 = CARTESIAN_POINT ( 'NONE',  ( -25.05000000000000426, -13.25000000000001066, 41.20000000000000284 ) ) ;
#2935 = VECTOR ( 'NONE', #4391, 1000.000000000000000 ) ;
#2936 = VECTOR ( 'NONE', #4409, 1000.000000000000000 ) ;
#2937 = VERTEX_POINT ( 'NONE', #3676 ) ;
#2938 = AXIS2_PLACEMENT_3D ( 'NONE', #1544, #1900, #2537 ) ;
#2939 = FACE_OUTER_BOUND ( 'NONE', #3845, .T. ) ;
#2940 = VERTEX_POINT ( 'NONE', #1962 ) ;
#2941 = CARTESIAN_POINT ( 'NONE',  ( 25.05000000000000426, 14.10000000000001030, 41.20000000000000284 ) ) ;
#2942 = AXIS2_PLACEMENT_3D ( 'NONE', #3743, #958, #268 ) ;
#2943 = VECTOR ( 'NONE', #2699, 1000.000000000000000 ) ;
#2944 = CARTESIAN_POINT ( 'NONE',  ( 26.70000000000000284, -14.10000000000001030, 41.20000000000000284 ) ) ;
#2945 = ORIENTED_EDGE ( 'NONE', *, *, #4456, .F. ) ;
#2946 = AXIS2_PLACEMENT_3D ( 'NONE', #520, #1244, #2920 ) ;
#2947 = CARTESIAN_POINT ( 'NONE',  ( 19.27300264743538349, 28.19999999999999929, 40.50000000000000000 ) ) ;
#2948 = VECTOR ( 'NONE', #3449, 1000.000000000000000 ) ;
#2949 = CARTESIAN_POINT ( 'NONE',  ( -24.75000000000000000, -24.75000000000000000, 54.64213562373092969 ) ) ;
#2950 = EDGE_CURVE ( 'NONE', #1884, #2230, #3766, .T. ) ;
#2951 = CIRCLE ( 'NONE', #1589, 1.649999999999998579 ) ;
#2952 = VECTOR ( 'NONE', #3469, 1000.000000000000000 ) ;
#2953 = DIRECTION ( 'NONE',  ( 1.000000000000000000, 0.000000000000000000, 0.000000000000000000 ) ) ;
#2954 = ORIENTED_EDGE ( 'NONE', *, *, #2485, .F. ) ;
#2955 = LINE ( 'NONE', #929, #2869 ) ;
#2956 = VECTOR ( 'NONE', #177, 1000.000000000000000 ) ;
#2957 = ORIENTED_EDGE ( 'NONE', *, *, #1226, .F. ) ;
#2958 = EDGE_CURVE ( 'NONE', #2230, #3637, #1294, .T. ) ;
#2959 = EDGE_CURVE ( 'NONE', #2774, #2680, #612, .T. ) ;
#2960 = VECTOR ( 'NONE', #298, 1000.000000000000000 ) ;
#2961 = CARTESIAN_POINT ( 'NONE',  ( -25.05000000000000426, -15.75000000000001066, 42.70000000000000284 ) ) ;
#2962 = EDGE_LOOP ( 'NONE', ( #3364, #2927, #1185, #2978 ) ) ;
#2963 = ORIENTED_EDGE ( 'NONE', *, *, #1000, .F. ) ;
#2964 = CARTESIAN_POINT ( 'NONE',  ( 25.85000000000000142, -13.25000000000001243, 41.20000000000000284 ) ) ;
#2965 = CARTESIAN_POINT ( 'NONE',  ( 25.85000000000000142, 15.75000000000001066, 42.70000000000000284 ) ) ;
#2966 = EDGE_CURVE ( 'NONE', #1129, #1354, #996, .T. ) ;
#2967 = ORIENTED_EDGE ( 'NONE', *, *, #128, .F. ) ;
#2968 = DIRECTION ( 'NONE',  ( 0.000000000000000000, -0.000000000000000000, -1.000000000000000000 ) ) ;
#2969 = ORIENTED_EDGE ( 'NONE', *, *, #2839, .T. ) ;
#2970 = LINE ( 'NONE', #2217, #286 ) ;
#2971 = DIRECTION ( 'NONE',  ( 0.000000000000000000, 0.000000000000000000, 1.000000000000000000 ) ) ;
#2972 = ORIENTED_EDGE ( 'NONE', *, *, #2028, .T. ) ;
#2973 = FACE_OUTER_BOUND ( 'NONE', #452, .T. ) ;
#2974 = CARTESIAN_POINT ( 'NONE',  ( -26.07499999999999574, 23.57499999999999929, 45.50000000000000000 ) ) ;
#2975 = DIRECTION ( 'NONE',  ( -0.000000000000000000, -0.000000000000000000, -1.000000000000000000 ) ) ;
#2976 = VERTEX_POINT ( 'NONE', #2464 ) ;
#2977 = FACE_OUTER_BOUND ( 'NONE', #2364, .T. ) ;
#2978 = ORIENTED_EDGE ( 'NONE', *, *, #372, .T. ) ;
#2979 = DIRECTION ( 'NONE',  ( -0.000000000000000000, -0.000000000000000000, -1.000000000000000000 ) ) ;
#2980 = EDGE_LOOP ( 'NONE', ( #842, #848, #2552, #3649 ) ) ;
#2981 = EDGE_CURVE ( 'NONE', #1124, #2062, #3135, .T. ) ;
#2982 =( NAMED_UNIT ( * ) SI_UNIT ( $, .STERADIAN. ) SOLID_ANGLE_UNIT ( ) );
#2983 = EDGE_CURVE ( 'NONE', #1624, #34, #3829, .T. ) ;
#2984 = ORIENTED_EDGE ( 'NONE', *, *, #954, .F. ) ;
#2985 = LINE ( 'NONE', #2328, #294 ) ;
#2986 = LINE ( 'NONE', #2329, #3021 ) ;
#2987 = EDGE_CURVE ( 'NONE', #2560, #1249, #1048, .T. ) ;
#2988 = DIRECTION ( 'NONE',  ( 0.000000000000000000, 0.000000000000000000, 1.000000000000000000 ) ) ;
#2989 = CARTESIAN_POINT ( 'NONE',  ( 26.70000000000000284, -14.90000000000000924, 41.20000000000000284 ) ) ;
#2990 = ORIENTED_EDGE ( 'NONE', *, *, #860, .T. ) ;
#2991 = DIRECTION ( 'NONE',  ( -1.000000000000000000, 2.168404344971012812E-15, 0.000000000000000000 ) ) ;
#2992 = ORIENTED_EDGE ( 'NONE', *, *, #2860, .F. ) ;
#2993 = CARTESIAN_POINT ( 'NONE',  ( 0.000000000000000000, 0.000000000000000000, 47.09999999999999432 ) ) ;
#2994 = CARTESIAN_POINT ( 'NONE',  ( 23.80000000000000071, -14.50000000000000888, 42.20000000000000284 ) ) ;
#2995 = DIRECTION ( 'NONE',  ( -1.000000000000000000, 0.000000000000000000, 0.000000000000000000 ) ) ;
#2996 = VERTEX_POINT ( 'NONE', #1447 ) ;
#2997 = CARTESIAN_POINT ( 'NONE',  ( -25.85000000000000142, -15.75000000000001066, 42.70000000000000284 ) ) ;
#2998 = LINE ( 'NONE', #3767, #424 ) ;
#2999 = VECTOR ( 'NONE', #2266, 1000.000000000000000 ) ;
#3000 = CARTESIAN_POINT ( 'NONE',  ( 28.19999999999999929, -11.25000000000001243, 45.50000000000000000 ) ) ;
#3001 = ORIENTED_EDGE ( 'NONE', *, *, #2157, .T. ) ;
#3002 = ORIENTED_EDGE ( 'NONE', *, *, #1112, .F. ) ;
#3003 = AXIS2_PLACEMENT_3D ( 'NONE', #2623, #2979, #3920 ) ;
#3004 = CARTESIAN_POINT ( 'NONE',  ( -25.44999999999999929, -14.50000000000000888, 42.70000000000000284 ) ) ;
#3005 = DIRECTION ( 'NONE',  ( -0.000000000000000000, -0.000000000000000000, -1.000000000000000000 ) ) ;
#3006 = ADVANCED_FACE ( 'NONE', ( #727 ), #2788, .T. ) ;
#3007 = EDGE_CURVE ( 'NONE', #4045, #3072, #843, .T. ) ;
#3008 = AXIS2_PLACEMENT_3D ( 'NONE', #768, #1070, #430 ) ;
#3009 = VERTEX_POINT ( 'NONE', #2162 ) ;
#3010 = CARTESIAN_POINT ( 'NONE',  ( -25.44999999999999929, -17.75000000000000711, 40.50000000000000000 ) ) ;
#3011 = CARTESIAN_POINT ( 'NONE',  ( -25.05000000000000426, -13.25000000000001066, 41.20000000000000284 ) ) ;
#3012 = AXIS2_PLACEMENT_3D ( 'NONE', #2029, #2047, #3410 ) ;
#3013 = EDGE_CURVE ( 'NONE', #1354, #3111, #3541, .T. ) ;
#3014 = CYLINDRICAL_SURFACE ( 'NONE', #2143, 4.000000000000000000 ) ;
#3015 = VECTOR ( 'NONE', #1975, 1000.000000000000000 ) ;
#3016 = EDGE_LOOP ( 'NONE', ( #2192, #4193, #296, #765 ) ) ;
#3017 = DIRECTION ( 'NONE',  ( 0.000000000000000000, 0.000000000000000000, 1.000000000000000000 ) ) ;
#3018 = CARTESIAN_POINT ( 'NONE',  ( 3.174999999999999822, 3.888253587292845095E-16, 66.99999999999998579 ) ) ;
#3019 = AXIS2_PLACEMENT_3D ( 'NONE', #4266, #859, #1606 ) ;
#3020 = CARTESIAN_POINT ( 'NONE',  ( -25.44999999999999929, -11.25000000000001066, 40.50000000000000000 ) ) ;
#3021 = VECTOR ( 'NONE', #576, 1000.000000000000000 ) ;
#3022 = CIRCLE ( 'NONE', #1657, 4.000000000000000000 ) ;
#3023 = CARTESIAN_POINT ( 'NONE',  ( 25.85000000000000142, 14.90000000000000924, 41.20000000000000284 ) ) ;
#3024 = ORIENTED_EDGE ( 'NONE', *, *, #1411, .F. ) ;
#3025 = CARTESIAN_POINT ( 'NONE',  ( -25.44999999999999929, -17.75000000000000711, 45.50000000000000000 ) ) ;
#3026 = DIRECTION ( 'NONE',  ( -0.000000000000000000, -0.000000000000000000, -1.000000000000000000 ) ) ;
#3027 = AXIS2_PLACEMENT_3D ( 'NONE', #2267, #3913, #3646 ) ;
#3028 = AXIS2_PLACEMENT_3D ( 'NONE', #36, #686, #1455 ) ;
#3029 = DIRECTION ( 'NONE',  ( 0.000000000000000000, 0.000000000000000000, 1.000000000000000000 ) ) ;
#3030 = EDGE_LOOP ( 'NONE', ( #3160, #1601, #693, #255 ) ) ;
#3031 = AXIS2_PLACEMENT_3D ( 'NONE', #3536, #4136, #378 ) ;
#3032 = EDGE_LOOP ( 'NONE', ( #3683, #4037 ) ) ;
#3033 = LINE ( 'NONE', #1949, #1236 ) ;
#3034 = CARTESIAN_POINT ( 'NONE',  ( -25.44999999999999929, 17.75000000000000711, 45.50000000000000000 ) ) ;
#3035 = ORIENTED_EDGE ( 'NONE', *, *, #2381, .F. ) ;
#3036 = LINE ( 'NONE', #623, #4234 ) ;
#3037 = CARTESIAN_POINT ( 'NONE',  ( 24.75000000000000000, -24.75000000000000000, -40.50000000000000000 ) ) ;
#3038 = CARTESIAN_POINT ( 'NONE',  ( -25.85000000000000142, -13.25000000000001243, 41.20000000000000284 ) ) ;
#3039 = ORIENTED_EDGE ( 'NONE', *, *, #1820, .T. ) ;
#3040 = CARTESIAN_POINT ( 'NONE',  ( 0.000000000000000000, 0.000000000000000000, 41.20000000000000284 ) ) ;
#3041 = ADVANCED_FACE ( 'NONE', ( #75, #1125 ), #2796, .F. ) ;
#3042 = ADVANCED_FACE ( 'NONE', ( #3196 ), #38, .T. ) ;
#3043 = LINE ( 'NONE', #287, #1441 ) ;
#3044 = PLANE ( 'NONE',  #2809 ) ;
#3045 = DIRECTION ( 'NONE',  ( 0.000000000000000000, 0.000000000000000000, -1.000000000000000000 ) ) ;
#3046 = ORIENTED_EDGE ( 'NONE', *, *, #3534, .T. ) ;
#3047 = CARTESIAN_POINT ( 'NONE',  ( 25.44999999999999929, 17.75000000000000711, 45.50000000000000000 ) ) ;
#3048 = EDGE_CURVE ( 'NONE', #3446, #810, #382, .T. ) ;
#3049 = LINE ( 'NONE', #975, #2006 ) ;
#3050 = DIRECTION ( 'NONE',  ( 0.000000000000000000, 0.000000000000000000, 1.000000000000000000 ) ) ;
#3051 = VERTEX_POINT ( 'NONE', #1420 ) ;
#3052 = ORIENTED_EDGE ( 'NONE', *, *, #507, .F. ) ;
#3053 = CARTESIAN_POINT ( 'NONE',  ( -25.85000000000000142, 14.90000000000000924, 42.70000000000000284 ) ) ;
#3054 = LINE ( 'NONE', #3373, #3872 ) ;
#3055 = CARTESIAN_POINT ( 'NONE',  ( -23.57499999999999574, -23.57499999999999929, 45.50000000000000000 ) ) ;
#3056 = DIRECTION ( 'NONE',  ( -0.000000000000000000, -0.000000000000000000, -1.000000000000000000 ) ) ;
#3057 = CARTESIAN_POINT ( 'NONE',  ( 27.09999999999999787, 14.50000000000000888, 42.70000000000000284 ) ) ;
#3058 = CARTESIAN_POINT ( 'NONE',  ( -23.30000000000000071, -14.50000000000000888, 42.20000000000000284 ) ) ;
#3059 = ORIENTED_EDGE ( 'NONE', *, *, #3351, .T. ) ;
#3060 = LINE ( 'NONE', #1668, #3291 ) ;
#3061 = LINE ( 'NONE', #262, #2224 ) ;
#3062 = ORIENTED_EDGE ( 'NONE', *, *, #840, .T. ) ;
#3063 = EDGE_CURVE ( 'NONE', #2173, #4181, #3216, .T. ) ;
#3064 = EDGE_CURVE ( 'NONE', #2034, #3765, #1739, .T. ) ;
#3065 = CARTESIAN_POINT ( 'NONE',  ( -25.44999999999999929, -11.25000000000001066, 40.50000000000000000 ) ) ;
#3066 = ORIENTED_EDGE ( 'NONE', *, *, #328, .T. ) ;
#3067 = FACE_OUTER_BOUND ( 'NONE', #2194, .T. ) ;
#3068 = CARTESIAN_POINT ( 'NONE',  ( 0.000000000000000000, 0.000000000000000000, 44.09999999999999432 ) ) ;
#3069 = EDGE_CURVE ( 'NONE', #2339, #1718, #1888, .T. ) ;
#3070 = DIRECTION ( 'NONE',  ( 0.000000000000000000, -1.000000000000000000, 0.000000000000000000 ) ) ;
#3071 = EDGE_LOOP ( 'NONE', ( #394, #1336, #3376, #2273 ) ) ;
#3072 = VERTEX_POINT ( 'NONE', #492 ) ;
#3073 = DIRECTION ( 'NONE',  ( -0.000000000000000000, -0.000000000000000000, -1.000000000000000000 ) ) ;
#3074 = CARTESIAN_POINT ( 'NONE',  ( 25.05000000000000071, 14.90000000000000924, 41.20000000000000284 ) ) ;
#3075 = AXIS2_PLACEMENT_3D ( 'NONE', #2335, #1019, #3710 ) ;
#3076 = DIRECTION ( 'NONE',  ( -0.000000000000000000, -0.000000000000000000, -1.000000000000000000 ) ) ;
#3077 = DIRECTION ( 'NONE',  ( -0.000000000000000000, -0.000000000000000000, -1.000000000000000000 ) ) ;
#3078 = LINE ( 'NONE', #671, #640 ) ;
#3079 = LINE ( 'NONE', #800, #3570 ) ;
#3080 = ORIENTED_EDGE ( 'NONE', *, *, #3809, .F. ) ;
#3081 = ORIENTED_EDGE ( 'NONE', *, *, #3542, .F. ) ;
#3082 = CIRCLE ( 'NONE', #925, 2.149999999999999023 ) ;
#3083 = DIRECTION ( 'NONE',  ( 0.000000000000000000, -1.000000000000000000, 0.000000000000000000 ) ) ;
#3084 = ORIENTED_EDGE ( 'NONE', *, *, #3909, .T. ) ;
#3085 = DIRECTION ( 'NONE',  ( -1.000000000000000000, 0.000000000000000000, 0.000000000000000000 ) ) ;
#3086 = VECTOR ( 'NONE', #898, 1000.000000000000000 ) ;
#3087 = CARTESIAN_POINT ( 'NONE',  ( 26.07499999999999574, -23.57500000000000639, 45.50000000000000000 ) ) ;
#3088 = ORIENTED_EDGE ( 'NONE', *, *, #368, .T. ) ;
#3089 = VECTOR ( 'NONE', #2682, 1000.000000000000000 ) ;
#3090 = DIRECTION ( 'NONE',  ( 0.000000000000000000, -1.000000000000000000, 0.000000000000000000 ) ) ;
#3091 = CARTESIAN_POINT ( 'NONE',  ( 19.27300264743538705, 27.19999999999999929, 54.64213562373092969 ) ) ;
#3092 = EDGE_CURVE ( 'NONE', #3355, #3966, #519, .T. ) ;
#3093 = AXIS2_PLACEMENT_3D ( 'NONE', #3210, #1524, #802 ) ;
#3094 = AXIS2_PLACEMENT_3D ( 'NONE', #3522, #432, #2837 ) ;
#3096 = VECTOR ( 'NONE', #3696, 1000.000000000000000 ) ;
#3095 = FACE_BOUND ( 'NONE', #3371, .T. ) ;
#3097 = ORIENTED_EDGE ( 'NONE', *, *, #1816, .F. ) ;
#3098 = EDGE_CURVE ( 'NONE', #4411, #2197, #3627, .T. ) ;
#3099 = CIRCLE ( 'NONE', #3170, 2.149999999999999023 ) ;
#3100 = EDGE_CURVE ( 'NONE', #1919, #4260, #2203, .T. ) ;
#3101 = ORIENTED_EDGE ( 'NONE', *, *, #1525, .F. ) ;
#3102 = CARTESIAN_POINT ( 'NONE',  ( 26.70000000000000284, 14.10000000000001030, 41.20000000000000284 ) ) ;
#3103 = PLANE ( 'NONE',  #1505 ) ;
#3104 = VECTOR ( 'NONE', #211, 1000.000000000000000 ) ;
#3105 = ADVANCED_FACE ( 'NONE', ( #2180 ), #3645, .F. ) ;
#3106 = CARTESIAN_POINT ( 'NONE',  ( 25.44999999999999929, 14.50000000000000888, 42.70000000000000284 ) ) ;
#3107 = VECTOR ( 'NONE', #3794, 1000.000000000000000 ) ;
#3108 = LINE ( 'NONE', #2452, #1020 ) ;
#3109 = CARTESIAN_POINT ( 'NONE',  ( 26.70000000000000284, -14.90000000000000924, 41.20000000000000284 ) ) ;
#3110 = ORIENTED_EDGE ( 'NONE', *, *, #2342, .T. ) ;
#3111 = VERTEX_POINT ( 'NONE', #1534 ) ;
#3112 = DIRECTION ( 'NONE',  ( -4.081702296416008108E-15, -1.000000000000000000, -0.000000000000000000 ) ) ;
#3113 = VERTEX_POINT ( 'NONE', #2947 ) ;
#3114 = CARTESIAN_POINT ( 'NONE',  ( 0.000000000000000000, 0.000000000000000000, -40.50000000000000000 ) ) ;
#3115 = ORIENTED_EDGE ( 'NONE', *, *, #3206, .F. ) ;
#3116 = CARTESIAN_POINT ( 'NONE',  ( 25.05000000000000426, 14.10000000000001030, 41.20000000000000284 ) ) ;
#3117 = CARTESIAN_POINT ( 'NONE',  ( -28.19999999999999929, -19.27300264743537639, -40.50000000000000000 ) ) ;
#3118 = ADVANCED_FACE ( 'NONE', ( #1149 ), #167, .F. ) ;
#3119 = CARTESIAN_POINT ( 'NONE',  ( -26.70000000000000284, -14.10000000000001030, 41.20000000000000284 ) ) ;
#3120 = EDGE_LOOP ( 'NONE', ( #2542, #2479, #1987, #2168 ) ) ;
#3121 = VERTEX_POINT ( 'NONE', #1933 ) ;
#3122 = DIRECTION ( 'NONE',  ( 0.000000000000000000, 0.000000000000000000, 1.000000000000000000 ) ) ;
#3123 = DIRECTION ( 'NONE',  ( 0.000000000000000000, 0.000000000000000000, 1.000000000000000000 ) ) ;
#3124 = EDGE_CURVE ( 'NONE', #2640, #717, #1509, .T. ) ;
#3125 = EDGE_CURVE ( 'NONE', #846, #2112, #900, .T. ) ;
#3126 = CARTESIAN_POINT ( 'NONE',  ( -19.27300264743537639, 27.19999999999999929, 54.64213562373092969 ) ) ;
#3127 = DIRECTION ( 'NONE',  ( 1.000000000000000000, 0.000000000000000000, 0.000000000000000000 ) ) ;
#3128 = EDGE_CURVE ( 'NONE', #1932, #230, #560, .T. ) ;
#3129 = ORIENTED_EDGE ( 'NONE', *, *, #186, .T. ) ;
#3130 = ORIENTED_EDGE ( 'NONE', *, *, #785, .T. ) ;
#3131 = PLANE ( 'NONE',  #3169 ) ;
#3132 = ORIENTED_EDGE ( 'NONE', *, *, #2838, .F. ) ;
#3133 = DIRECTION ( 'NONE',  ( -1.000000000000000000, -0.000000000000000000, -0.000000000000000000 ) ) ;
#3134 = EDGE_LOOP ( 'NONE', ( #1044, #4312, #68, #386 ) ) ;
#3135 = LINE ( 'NONE', #2778, #1346 ) ;
#3136 = CARTESIAN_POINT ( 'NONE',  ( -28.19999999999999929, 28.19999999999999929, 45.50000000000000000 ) ) ;
#3137 = CARTESIAN_POINT ( 'NONE',  ( -24.20000000000000284, -28.19999999999999929, 40.50000000000000000 ) ) ;
#3138 = ORIENTED_EDGE ( 'NONE', *, *, #2020, .T. ) ;
#3139 = VERTEX_POINT ( 'NONE', #2919 ) ;
#3140 = DIRECTION ( 'NONE',  ( 0.000000000000000000, 0.000000000000000000, -1.000000000000000000 ) ) ;
#3141 = CARTESIAN_POINT ( 'NONE',  ( 25.44999999999999929, -14.50000000000000888, 42.20000000000000284 ) ) ;
#3142 = AXIS2_PLACEMENT_3D ( 'NONE', #2389, #3234, #2508 ) ;
#3143 = AXIS2_PLACEMENT_3D ( 'NONE', #2758, #3454, #360 ) ;
#3144 = LINE ( 'NONE', #3773, #3251 ) ;
#3145 = EDGE_CURVE ( 'NONE', #1823, #2339, #811, .T. ) ;
#3146 = CARTESIAN_POINT ( 'NONE',  ( -24.19999999999999929, 14.90000000000000924, 41.20000000000000284 ) ) ;
#3147 = ORIENTED_EDGE ( 'NONE', *, *, #4282, .F. ) ;
#3148 = ORIENTED_EDGE ( 'NONE', *, *, #1851, .F. ) ;
#3149 = DIRECTION ( 'NONE',  ( -0.000000000000000000, -0.000000000000000000, 1.000000000000000000 ) ) ;
#3150 = ADVANCED_FACE ( 'NONE', ( #2852 ), #2880, .F. ) ;
#3151 = ORIENTED_EDGE ( 'NONE', *, *, #2959, .F. ) ;
#3152 = EDGE_CURVE ( 'NONE', #3331, #4357, #1864, .T. ) ;
#3153 = PLANE ( 'NONE',  #2657 ) ;
#3154 = AXIS2_PLACEMENT_3D ( 'NONE', #2736, #4075, #998 ) ;
#3155 = VERTEX_POINT ( 'NONE', #2546 ) ;
#3156 = DIRECTION ( 'NONE',  ( 0.000000000000000000, 0.000000000000000000, 1.000000000000000000 ) ) ;
#3157 = CIRCLE ( 'NONE', #3515, 3.174999999999999822 ) ;
#3158 = VECTOR ( 'NONE', #3730, 1000.000000000000000 ) ;
#3159 = LINE ( 'NONE', #56, #3443 ) ;
#3160 = ORIENTED_EDGE ( 'NONE', *, *, #2318, .F. ) ;
#3161 = CYLINDRICAL_SURFACE ( 'NONE', #3664, 3.249999999999999556 ) ;
#3162 = ORIENTED_EDGE ( 'NONE', *, *, #157, .T. ) ;
#3163 = DIRECTION ( 'NONE',  ( 0.000000000000000000, 0.000000000000000000, -1.000000000000000000 ) ) ;
#3164 = DIRECTION ( 'NONE',  ( 1.000000000000000000, -0.000000000000000000, -0.000000000000000000 ) ) ;
#3165 = CIRCLE ( 'NONE', #2153, 4.999999999999984013 ) ;
#3166 = CIRCLE ( 'NONE', #3527, 5.000000000000000000 ) ;
#3167 = CARTESIAN_POINT ( 'NONE',  ( -25.44999999999999929, 14.50000000000000888, 42.20000000000000284 ) ) ;
#3168 = CARTESIAN_POINT ( 'NONE',  ( -25.44999999999999929, -11.25000000000001066, 45.50000000000000000 ) ) ;
#3169 = AXIS2_PLACEMENT_3D ( 'NONE', #88, #1734, #2111 ) ;
#3170 = AXIS2_PLACEMENT_3D ( 'NONE', #4268, #436, #1200 ) ;
#3171 = VECTOR ( 'NONE', #134, 1000.000000000000000 ) ;
#3172 = EDGE_LOOP ( 'NONE', ( #1273, #979, #2390, #821 ) ) ;
#3173 = LINE ( 'NONE', #1754, #2808 ) ;
#3174 = ORIENTED_EDGE ( 'NONE', *, *, #3007, .T. ) ;
#3175 = AXIS2_PLACEMENT_3D ( 'NONE', #4358, #4013, #938 ) ;
#3176 = EDGE_CURVE ( 'NONE', #3925, #3480, #911, .T. ) ;
#3177 = EDGE_CURVE ( 'NONE', #3540, #3556, #2644, .T. ) ;
#3178 = LINE ( 'NONE', #2832, #490 ) ;
#3179 = VERTEX_POINT ( 'NONE', #3912 ) ;
#3180 = CARTESIAN_POINT ( 'NONE',  ( 25.85000000000000142, -13.25000000000001243, 42.70000000000000284 ) ) ;
#3181 = PLANE ( 'NONE',  #428 ) ;
#3182 = LINE ( 'NONE', #2421, #2136 ) ;
#3183 = ORIENTED_EDGE ( 'NONE', *, *, #2208, .F. ) ;
#3184 = ADVANCED_BREP_SHAPE_REPRESENTATION ( 'B516 \X2\042804300433043e0432044b0439\X0\ \X2\0434043204380433043004420435043b044c\X0\ Nema 23', ( #3793, #4424 ), #2787 ) ;
#3185 = DIRECTION ( 'NONE',  ( 1.000000000000000000, 0.000000000000000000, 0.000000000000000000 ) ) ;
#3186 = ORIENTED_EDGE ( 'NONE', *, *, #2600, .T. ) ;
#3187 = LINE ( 'NONE', #501, #132 ) ;
#3188 =( NAMED_UNIT ( * ) PLANE_ANGLE_UNIT ( ) SI_UNIT ( $, .RADIAN. ) );
#3189 = CARTESIAN_POINT ( 'NONE',  ( 1.449137674618943272, 2.825000000000000178, 66.99999999999998579 ) ) ;
#3190 = PLANE ( 'NONE',  #4290 ) ;
#3191 = ORIENTED_EDGE ( 'NONE', *, *, #554, .T. ) ;
#3192 = DIRECTION ( 'NONE',  ( -1.000000000000000000, 0.000000000000000000, 0.000000000000000000 ) ) ;
#3193 = EDGE_LOOP ( 'NONE', ( #4176, #3035 ) ) ;
#3194 = DIRECTION ( 'NONE',  ( -0.000000000000000000, -0.000000000000000000, -1.000000000000000000 ) ) ;
#3195 = ORIENTED_EDGE ( 'NONE', *, *, #1335, .T. ) ;
#3196 = FACE_OUTER_BOUND ( 'NONE', #1082, .T. ) ;
#3197 = DIRECTION ( 'NONE',  ( 0.000000000000000000, 0.000000000000000000, 1.000000000000000000 ) ) ;
#3198 = EDGE_CURVE ( 'NONE', #1129, #277, #1572, .T. ) ;
#3199 = EDGE_CURVE ( 'NONE', #1624, #1705, #1551, .T. ) ;
#3200 = FACE_OUTER_BOUND ( 'NONE', #2632, .T. ) ;
#3201 = ORIENTED_EDGE ( 'NONE', *, *, #2443, .F. ) ;
#3202 = DIRECTION ( 'NONE',  ( -0.000000000000000000, -0.000000000000000000, -1.000000000000000000 ) ) ;
#3203 = ORIENTED_EDGE ( 'NONE', *, *, #1546, .T. ) ;
#3204 = DIRECTION ( 'NONE',  ( -0.000000000000000000, -0.000000000000000000, 1.000000000000000000 ) ) ;
#3205 = ADVANCED_FACE ( 'NONE', ( #4261 ), #3932, .F. ) ;
#3206 = EDGE_CURVE ( 'NONE', #15, #742, #1840, .T. ) ;
#3207 = VERTEX_POINT ( 'NONE', #4328 ) ;
#3208 = CARTESIAN_POINT ( 'NONE',  ( 26.70000000000000284, 14.10000000000001030, 42.70000000000000284 ) ) ;
#3209 = DIRECTION ( 'NONE',  ( 1.000000000000000000, -0.000000000000000000, -0.000000000000000000 ) ) ;
#3210 = CARTESIAN_POINT ( 'NONE',  ( 23.57499999999999929, -23.57500000000000639, 45.50000000000000000 ) ) ;
#3211 = EDGE_LOOP ( 'NONE', ( #3352, #1083, #82, #1797 ) ) ;
#3212 = LINE ( 'NONE', #3308, #2015 ) ;
#3213 = ORIENTED_EDGE ( 'NONE', *, *, #1844, .T. ) ;
#3214 = CARTESIAN_POINT ( 'NONE',  ( -21.07499999999999929, 23.57499999999999929, 45.50000000000000000 ) ) ;
#3215 = VECTOR ( 'NONE', #3444, 1000.000000000000000 ) ;
#3216 = CIRCLE ( 'NONE', #3143, 4.999999999999990230 ) ;
#3217 = CARTESIAN_POINT ( 'NONE',  ( -25.85000000000000142, -15.75000000000001066, 41.20000000000000284 ) ) ;
#3218 = EDGE_LOOP ( 'NONE', ( #3002, #1818, #1102, #4076, #2048 ) ) ;
#3219 = CARTESIAN_POINT ( 'NONE',  ( 5.000000000000000000, 0.000000000000000000, 44.09999999999999432 ) ) ;
#3220 = VECTOR ( 'NONE', #1587, 1000.000000000000000 ) ;
#3221 = DIRECTION ( 'NONE',  ( 1.000000000000000000, 0.000000000000000000, 0.000000000000000000 ) ) ;
#3222 = AXIS2_PLACEMENT_3D ( 'NONE', #3895, #4244, #3292 ) ;
#3223 = DIRECTION ( 'NONE',  ( 1.000000000000000000, -0.000000000000000000, 0.000000000000000000 ) ) ;
#3224 = ORIENTED_EDGE ( 'NONE', *, *, #185, .T. ) ;
#3225 = EDGE_CURVE ( 'NONE', #3314, #3904, #2637, .T. ) ;
#3226 = CARTESIAN_POINT ( 'NONE',  ( -21.07499999999999574, -23.57499999999999929, 45.50000000000000000 ) ) ;
#3227 = ORIENTED_EDGE ( 'NONE', *, *, #1724, .F. ) ;
#3228 = AXIS2_PLACEMENT_3D ( 'NONE', #2338, #3363, #3045 ) ;
#3229 = PLANE ( 'NONE',  #1225 ) ;
#3231 = DIRECTION ( 'NONE',  ( 0.000000000000000000, 1.000000000000000000, 0.000000000000000000 ) ) ;
#3230 = AXIS2_PLACEMENT_3D ( 'NONE', #2944, #809, #850 ) ;
#3232 = ORIENTED_EDGE ( 'NONE', *, *, #2106, .F. ) ;
#3233 = EDGE_CURVE ( 'NONE', #1762, #3521, #1642, .T. ) ;
#3234 = DIRECTION ( 'NONE',  ( -0.000000000000000000, 0.000000000000000000, -1.000000000000000000 ) ) ;
#3235 = ADVANCED_FACE ( 'NONE', ( #990 ), #3760, .T. ) ;
#3236 = VECTOR ( 'NONE', #776, 1000.000000000000000 ) ;
#3237 = PLANE ( 'NONE',  #216 ) ;
#3238 = CARTESIAN_POINT ( 'NONE',  ( -25.05000000000000426, 14.10000000000001030, 41.20000000000000284 ) ) ;
#3239 = EDGE_CURVE ( 'NONE', #3331, #4212, #4000, .T. ) ;
#3240 = ORIENTED_EDGE ( 'NONE', *, *, #2821, .T. ) ;
#3241 = FACE_OUTER_BOUND ( 'NONE', #1677, .T. ) ;
#3242 = AXIS2_PLACEMENT_3D ( 'NONE', #2819, #2482, #2441 ) ;
#3243 = ORIENTED_EDGE ( 'NONE', *, *, #4233, .F. ) ;
#3244 = AXIS2_PLACEMENT_3D ( 'NONE', #839, #2142, #2488 ) ;
#3245 = FACE_OUTER_BOUND ( 'NONE', #2064, .T. ) ;
#3246 = VECTOR ( 'NONE', #3083, 1000.000000000000000 ) ;
#3247 = CARTESIAN_POINT ( 'NONE',  ( 23.57499999999999929, 23.57500000000000639, 45.50000000000000000 ) ) ;
#3248 = ORIENTED_EDGE ( 'NONE', *, *, #3063, .T. ) ;
#3249 = CARTESIAN_POINT ( 'NONE',  ( 28.19999999999999929, -28.19999999999999929, 40.50000000000000000 ) ) ;
#3250 = CYLINDRICAL_SURFACE ( 'NONE', #1511, 4.999999999999990230 ) ;
#3251 = VECTOR ( 'NONE', #2405, 1000.000000000000000 ) ;
#3252 = DIRECTION ( 'NONE',  ( 1.000000000000000000, 0.000000000000000000, 0.000000000000000000 ) ) ;
#3253 = ORIENTED_EDGE ( 'NONE', *, *, #1039, .T. ) ;
#3254 = PLANE ( 'NONE',  #3019 ) ;
#3255 = ORIENTED_EDGE ( 'NONE', *, *, #1290, .T. ) ;
#3256 = DIRECTION ( 'NONE',  ( -1.000000000000000000, -0.000000000000000000, -0.000000000000000000 ) ) ;
#3257 = DIRECTION ( 'NONE',  ( 1.000000000000000000, 0.000000000000000000, 0.000000000000000000 ) ) ;
#3258 = ORIENTED_EDGE ( 'NONE', *, *, #4416, .T. ) ;
#3259 = DIRECTION ( 'NONE',  ( -1.000000000000000000, 0.000000000000000000, 0.000000000000000000 ) ) ;
#3260 = DIRECTION ( 'NONE',  ( 0.000000000000000000, -1.000000000000000000, 0.000000000000000000 ) ) ;
#3261 = EDGE_CURVE ( 'NONE', #225, #4383, #1991, .T. ) ;
#3262 = ADVANCED_FACE ( 'NONE', ( #2973, #4025 ), #4046, .F. ) ;
#3263 = ORIENTED_EDGE ( 'NONE', *, *, #2606, .T. ) ;
#3264 = CARTESIAN_POINT ( 'NONE',  ( -23.30000000000000071, -14.50000000000000888, 42.70000000000000284 ) ) ;
#3265 = ORIENTED_EDGE ( 'NONE', *, *, #450, .F. ) ;
#3266 = DIRECTION ( 'NONE',  ( 0.000000000000000000, 0.000000000000000000, 1.000000000000000000 ) ) ;
#3267 = EDGE_CURVE ( 'NONE', #1708, #2197, #1264, .T. ) ;
#3268 = DIRECTION ( 'NONE',  ( 0.000000000000000000, 0.000000000000000000, 1.000000000000000000 ) ) ;
#3269 = ORIENTED_EDGE ( 'NONE', *, *, #3225, .T. ) ;
#3270 = CARTESIAN_POINT ( 'NONE',  ( 26.70000000000000284, 14.10000000000001030, 42.70000000000000284 ) ) ;
#3271 = EDGE_LOOP ( 'NONE', ( #218, #3545, #1417, #905 ) ) ;
#3272 = FACE_BOUND ( 'NONE', #1878, .T. ) ;
#3273 = VERTEX_POINT ( 'NONE', #628 ) ;
#3274 = CARTESIAN_POINT ( 'NONE',  ( -25.44999999999999929, -14.50000000000000888, 45.50000000000000000 ) ) ;
#3275 = CARTESIAN_POINT ( 'NONE',  ( 28.19999999999999929, 24.19999999999999929, 45.50000000000000000 ) ) ;
#3276 = ORIENTED_EDGE ( 'NONE', *, *, #2157, .F. ) ;
#3277 = ORIENTED_EDGE ( 'NONE', *, *, #1634, .T. ) ;
#3278 = FACE_OUTER_BOUND ( 'NONE', #1254, .T. ) ;
#3279 = DIRECTION ( 'NONE',  ( -1.000000000000000000, -0.000000000000000000, -0.000000000000000000 ) ) ;
#3280 = ORIENTED_EDGE ( 'NONE', *, *, #507, .T. ) ;
#3281 = ADVANCED_FACE ( 'NONE', ( #1997 ), #2286, .F. ) ;
#3282 = DIRECTION ( 'NONE',  ( 1.000000000000000000, 0.000000000000000000, 0.000000000000000000 ) ) ;
#3283 = ORIENTED_EDGE ( 'NONE', *, *, #1768, .T. ) ;
#3284 = DIRECTION ( 'NONE',  ( -0.000000000000000000, -1.000000000000000000, -0.000000000000000000 ) ) ;
#3285 = CARTESIAN_POINT ( 'NONE',  ( -3.174999999999999822, 0.000000000000000000, 44.09999999999999432 ) ) ;
#3286 = VERTEX_POINT ( 'NONE', #1958 ) ;
#3287 = DIRECTION ( 'NONE',  ( -1.000000000000000000, 0.000000000000000000, 0.000000000000000000 ) ) ;
#3288 = EDGE_CURVE ( 'NONE', #876, #1405, #1560, .T. ) ;
#3289 = ADVANCED_FACE ( 'NONE', ( #3407 ), #3340, .F. ) ;
#3290 = DIRECTION ( 'NONE',  ( -0.000000000000000000, -0.000000000000000000, -1.000000000000000000 ) ) ;
#3291 = VECTOR ( 'NONE', #306, 1000.000000000000000 ) ;
#3292 = DIRECTION ( 'NONE',  ( -1.000000000000000000, 0.000000000000000000, 0.000000000000000000 ) ) ;
#3293 = VECTOR ( 'NONE', #1520, 1000.000000000000000 ) ;
#3294 = EDGE_LOOP ( 'NONE', ( #995, #2737, #3987, #527 ) ) ;
#3295 = CARTESIAN_POINT ( 'NONE',  ( 25.44999999999999929, 14.50000000000000888, 45.50000000000000000 ) ) ;
#3296 = ORIENTED_EDGE ( 'NONE', *, *, #4137, .T. ) ;
#3297 = CIRCLE ( 'NONE', #3154, 0.5000000000000004441 ) ;
#3298 = LINE ( 'NONE', #199, #3220 ) ;
#3299 = VERTEX_POINT ( 'NONE', #3734 ) ;
#3300 = AXIS2_PLACEMENT_3D ( 'NONE', #679, #2731, #4069 ) ;
#3301 = VERTEX_POINT ( 'NONE', #1313 ) ;
#3302 = CARTESIAN_POINT ( 'NONE',  ( -19.00000000000000000, 0.000000000000000000, 47.09999999999999432 ) ) ;
#3303 = LINE ( 'NONE', #2172, #3806 ) ;
#3304 = AXIS2_PLACEMENT_3D ( 'NONE', #3247, #1191, #2023 ) ;
#3305 = VECTOR ( 'NONE', #1078, 1000.000000000000000 ) ;
#3306 = ORIENTED_EDGE ( 'NONE', *, *, #2653, .T. ) ;
#3307 = AXIS2_PLACEMENT_3D ( 'NONE', #601, #1971, #3354 ) ;
#3308 = CARTESIAN_POINT ( 'NONE',  ( 28.19999999999999929, 24.19999999999999929, 0.000000000000000000 ) ) ;
#3309 = ORIENTED_EDGE ( 'NONE', *, *, #1519, .T. ) ;
#3310 = DIRECTION ( 'NONE',  ( -1.000000000000000000, 0.000000000000000000, 0.000000000000000000 ) ) ;
#3311 = VECTOR ( 'NONE', #4061, 1000.000000000000000 ) ;
#3312 = VECTOR ( 'NONE', #3164, 1000.000000000000000 ) ;
#3313 = DIRECTION ( 'NONE',  ( -0.000000000000000000, -0.000000000000000000, 1.000000000000000000 ) ) ;
#3314 = VERTEX_POINT ( 'NONE', #1349 ) ;
#3315 = CIRCLE ( 'NONE', #1373, 5.000000000000000000 ) ;
#3316 = DIRECTION ( 'NONE',  ( 0.000000000000000000, 0.000000000000000000, 1.000000000000000000 ) ) ;
#3317 = AXIS2_PLACEMENT_3D ( 'NONE', #1400, #2113, #1122 ) ;
#3318 = DIRECTION ( 'NONE',  ( -1.000000000000000000, 0.000000000000000000, 0.000000000000000000 ) ) ;
#3319 = CIRCLE ( 'NONE', #653, 3.249999999999999556 ) ;
#3320 = EDGE_CURVE ( 'NONE', #4260, #2206, #285, .T. ) ;
#3321 = VECTOR ( 'NONE', #3279, 1000.000000000000000 ) ;
#3322 = EDGE_CURVE ( 'NONE', #2309, #3688, #3060, .T. ) ;
#3323 = DIRECTION ( 'NONE',  ( 1.000000000000000000, 0.000000000000000000, 0.000000000000000000 ) ) ;
#3324 = EDGE_LOOP ( 'NONE', ( #927, #1529 ) ) ;
#3325 = LINE ( 'NONE', #3938, #1859 ) ;
#3326 = AXIS2_PLACEMENT_3D ( 'NONE', #141, #1924, #1528 ) ;
#3327 = ORIENTED_EDGE ( 'NONE', *, *, #72, .T. ) ;
#3328 = EDGE_CURVE ( 'NONE', #742, #1396, #552, .T. ) ;
#3329 = CYLINDRICAL_SURFACE ( 'NONE', #3003, 2.499999999999998668 ) ;
#3330 = ORIENTED_EDGE ( 'NONE', *, *, #3942, .F. ) ;
#3331 = VERTEX_POINT ( 'NONE', #3383 ) ;
#3332 = DIRECTION ( 'NONE',  ( 0.000000000000000000, -1.000000000000000000, -0.000000000000000000 ) ) ;
#3333 = CARTESIAN_POINT ( 'NONE',  ( -26.70000000000000284, 14.10000000000001030, 41.20000000000000284 ) ) ;
#3334 = DIRECTION ( 'NONE',  ( 1.000000000000000000, 0.000000000000000000, 0.000000000000000000 ) ) ;
#3335 = LINE ( 'NONE', #1660, #3107 ) ;
#3336 = VERTEX_POINT ( 'NONE', #654 ) ;
#3337 = CARTESIAN_POINT ( 'NONE',  ( -28.19999999999999929, -28.19999999999999929, 40.50000000000000000 ) ) ;
#3338 = FACE_OUTER_BOUND ( 'NONE', #2789, .T. ) ;
#3339 = ORIENTED_EDGE ( 'NONE', *, *, #3680, .F. ) ;
#3340 = PLANE ( 'NONE',  #2720 ) ;
#3341 = CARTESIAN_POINT ( 'NONE',  ( -25.44999999999999929, -14.50000000000000888, 42.20000000000000284 ) ) ;
#3342 = DIRECTION ( 'NONE',  ( -0.000000000000000000, -0.000000000000000000, 1.000000000000000000 ) ) ;
#3343 = ORIENTED_EDGE ( 'NONE', *, *, #53, .T. ) ;
#3344 = CARTESIAN_POINT ( 'NONE',  ( -25.05000000000000426, 14.10000000000001030, 42.70000000000000284 ) ) ;
#3345 = CARTESIAN_POINT ( 'NONE',  ( 27.59999999999999787, 14.50000000000000888, 40.50000000000000000 ) ) ;
#3346 = EDGE_CURVE ( 'NONE', #277, #565, #2025, .T. ) ;
#3347 = ADVANCED_FACE ( 'NONE', ( #3614 ), #4269, .F. ) ;
#3348 = ORIENTED_EDGE ( 'NONE', *, *, #1391, .T. ) ;
#3349 = LINE ( 'NONE', #1359, #265 ) ;
#3350 = VERTEX_POINT ( 'NONE', #2233 ) ;
#3351 = EDGE_CURVE ( 'NONE', #3994, #4138, #502, .T. ) ;
#3352 = ORIENTED_EDGE ( 'NONE', *, *, #3802, .T. ) ;
#3353 = LINE ( 'NONE', #1970, #3751 ) ;
#3354 = DIRECTION ( 'NONE',  ( -1.000000000000000000, 0.000000000000000000, 0.000000000000000000 ) ) ;
#3355 = VERTEX_POINT ( 'NONE', #3589 ) ;
#3356 = DIRECTION ( 'NONE',  ( 1.000000000000000000, 0.000000000000000000, 0.000000000000000000 ) ) ;
#3357 = ORIENTED_EDGE ( 'NONE', *, *, #1189, .F. ) ;
#3358 = LINE ( 'NONE', #3404, #3089 ) ;
#3359 = DIRECTION ( 'NONE',  ( -0.000000000000000000, -0.000000000000000000, -1.000000000000000000 ) ) ;
#3360 = ORIENTED_EDGE ( 'NONE', *, *, #144, .T. ) ;
#3361 = DIRECTION ( 'NONE',  ( 1.000000000000000000, 0.000000000000000000, -0.000000000000000000 ) ) ;
#3362 = DIRECTION ( 'NONE',  ( 1.000000000000000000, -6.308085367188392213E-16, 0.000000000000000000 ) ) ;
#3363 = DIRECTION ( 'NONE',  ( 0.000000000000000000, -1.000000000000000000, -0.000000000000000000 ) ) ;
#3364 = ORIENTED_EDGE ( 'NONE', *, *, #1683, .T. ) ;
#3365 = CARTESIAN_POINT ( 'NONE',  ( 25.44999999999999929, -11.25000000000001066, 40.50000000000000000 ) ) ;
#3366 = CARTESIAN_POINT ( 'NONE',  ( 24.75000000000000000, -24.75000000000000000, 40.50000000000000000 ) ) ;
#3367 = VECTOR ( 'NONE', #2710, 1000.000000000000000 ) ;
#3368 = EDGE_CURVE ( 'NONE', #15, #3113, #2575, .T. ) ;
#3369 = FACE_BOUND ( 'NONE', #2035, .T. ) ;
#3370 = ORIENTED_EDGE ( 'NONE', *, *, #618, .T. ) ;
#3371 = EDGE_LOOP ( 'NONE', ( #4278, #441 ) ) ;
#3372 = FACE_OUTER_BOUND ( 'NONE', #2742, .T. ) ;
#3373 = CARTESIAN_POINT ( 'NONE',  ( 24.19999999999999929, 14.10000000000001030, 41.20000000000000284 ) ) ;
#3374 = ADVANCED_FACE ( 'NONE', ( #2908 ), #3329, .F. ) ;
#3375 = EDGE_CURVE ( 'NONE', #3976, #2931, #228, .T. ) ;
#3376 = ORIENTED_EDGE ( 'NONE', *, *, #1772, .T. ) ;
#3377 = DIRECTION ( 'NONE',  ( -0.000000000000000000, -0.000000000000000000, -1.000000000000000000 ) ) ;
#3378 = FACE_OUTER_BOUND ( 'NONE', #685, .T. ) ;
#3379 = CIRCLE ( 'NONE', #3587, 2.499999999999998668 ) ;
#3380 = EDGE_CURVE ( 'NONE', #4285, #1752, #526, .T. ) ;
#3381 = DIRECTION ( 'NONE',  ( -1.000000000000000000, 0.000000000000000000, 0.000000000000000000 ) ) ;
#3382 = VERTEX_POINT ( 'NONE', #3275 ) ;
#3383 = CARTESIAN_POINT ( 'NONE',  ( 26.70000000000000284, 14.90000000000000924, 41.20000000000000284 ) ) ;
#3384 = CARTESIAN_POINT ( 'NONE',  ( -25.44999999999999929, 14.50000000000000888, 40.50000000000000000 ) ) ;
#3385 = VECTOR ( 'NONE', #2398, 1000.000000000000000 ) ;
#3386 = AXIS2_PLACEMENT_3D ( 'NONE', #1054, #2764, #4459 ) ;
#3387 = CARTESIAN_POINT ( 'NONE',  ( -25.85000000000000142, 13.25000000000001243, 41.20000000000000284 ) ) ;
#3388 = ORIENTED_EDGE ( 'NONE', *, *, #4416, .F. ) ;
#3389 = PLANE ( 'NONE',  #1151 ) ;
#3390 = CARTESIAN_POINT ( 'NONE',  ( -25.85000000000000142, -15.75000000000001066, 41.20000000000000284 ) ) ;
#3391 = AXIS2_PLACEMENT_3D ( 'NONE', #4194, #1186, #2215 ) ;
#3392 = AXIS2_PLACEMENT_3D ( 'NONE', #407, #1365, #2743 ) ;
#3393 = FACE_OUTER_BOUND ( 'NONE', #3030, .T. ) ;
#3394 = ORIENTED_EDGE ( 'NONE', *, *, #2981, .F. ) ;
#3395 = VECTOR ( 'NONE', #4323, 1000.000000000000000 ) ;
#3396 = ORIENTED_EDGE ( 'NONE', *, *, #3125, .T. ) ;
#3397 = DIRECTION ( 'NONE',  ( 0.000000000000000000, 0.000000000000000000, -1.000000000000000000 ) ) ;
#3398 = PLANE ( 'NONE',  #3661 ) ;
#3399 = CIRCLE ( 'NONE', #2814, 0.5000000000000004441 ) ;
#3400 = ORIENTED_EDGE ( 'NONE', *, *, #2769, .F. ) ;
#3401 = CARTESIAN_POINT ( 'NONE',  ( 25.05000000000000426, 13.25000000000001066, 41.20000000000000284 ) ) ;
#3402 = EDGE_CURVE ( 'NONE', #2996, #543, #1270, .T. ) ;
#3403 = ADVANCED_FACE ( 'NONE', ( #1202 ), #906, .F. ) ;
#3404 = CARTESIAN_POINT ( 'NONE',  ( -25.44999999999999929, 11.25000000000001066, 40.50000000000000000 ) ) ;
#3405 = LINE ( 'NONE', #259, #3015 ) ;
#3406 = ORIENTED_EDGE ( 'NONE', *, *, #1334, .F. ) ;
#3407 = FACE_OUTER_BOUND ( 'NONE', #1460, .T. ) ;
#3408 = CARTESIAN_POINT ( 'NONE',  ( -25.44999999999999929, 11.25000000000001066, 45.50000000000000000 ) ) ;
#3409 = EDGE_CURVE ( 'NONE', #2470, #3301, #3566, .T. ) ;
#3410 = DIRECTION ( 'NONE',  ( 1.000000000000000000, 0.000000000000000000, 0.000000000000000000 ) ) ;
#3411 = VERTEX_POINT ( 'NONE', #546 ) ;
#3412 = CARTESIAN_POINT ( 'NONE',  ( 25.05000000000000426, -13.25000000000001066, 42.70000000000000284 ) ) ;
#3413 = CYLINDRICAL_SURFACE ( 'NONE', #276, 2.499999999999998668 ) ;
#3414 = CARTESIAN_POINT ( 'NONE',  ( -25.44999999999999929, -14.50000000000000888, 42.70000000000000284 ) ) ;
#3415 = ORIENTED_EDGE ( 'NONE', *, *, #511, .F. ) ;
#3416 = ORIENTED_EDGE ( 'NONE', *, *, #1362, .F. ) ;
#3417 = CARTESIAN_POINT ( 'NONE',  ( 25.44999999999999929, 17.75000000000000711, 40.50000000000000000 ) ) ;
#3418 = CARTESIAN_POINT ( 'NONE',  ( 28.19999999999999929, 19.27300264743538705, 40.50000000000000000 ) ) ;
#3419 = DIRECTION ( 'NONE',  ( 0.000000000000000000, -0.000000000000000000, 1.000000000000000000 ) ) ;
#3420 = FACE_OUTER_BOUND ( 'NONE', #797, .T. ) ;
#3421 = EDGE_CURVE ( 'NONE', #4357, #1731, #1561, .T. ) ;
#3422 = DIRECTION ( 'NONE',  ( 1.000000000000000000, 0.000000000000000000, 0.000000000000000000 ) ) ;
#3423 = VERTEX_POINT ( 'NONE', #1227 ) ;
#3424 = VERTEX_POINT ( 'NONE', #2961 ) ;
#3425 = CYLINDRICAL_SURFACE ( 'NONE', #1018, 2.499999999999998668 ) ;
#3426 = VERTEX_POINT ( 'NONE', #1917 ) ;
#3427 = CARTESIAN_POINT ( 'NONE',  ( -26.70000000000000284, -14.10000000000001030, 42.70000000000000284 ) ) ;
#3428 = EDGE_CURVE ( 'NONE', #1468, #2937, #2604, .T. ) ;
#3429 = EDGE_CURVE ( 'NONE', #1158, #2873, #3298, .T. ) ;
#3430 = CARTESIAN_POINT ( 'NONE',  ( -24.20000000000000284, -28.19999999999999929, 45.50000000000000000 ) ) ;
#3431 = ORIENTED_EDGE ( 'NONE', *, *, #2415, .F. ) ;
#3432 = LINE ( 'NONE', #3365, #3096 ) ;
#3433 = DIRECTION ( 'NONE',  ( 0.000000000000000000, 0.000000000000000000, 1.000000000000000000 ) ) ;
#3434 = DIRECTION ( 'NONE',  ( 1.000000000000000000, 0.000000000000000000, -0.000000000000000000 ) ) ;
#3435 = ORIENTED_EDGE ( 'NONE', *, *, #1444, .T. ) ;
#3436 = ORIENTED_EDGE ( 'NONE', *, *, #2684, .T. ) ;
#3437 = CARTESIAN_POINT ( 'NONE',  ( -25.05000000000000071, 14.90000000000000924, 41.20000000000000284 ) ) ;
#3438 = FACE_OUTER_BOUND ( 'NONE', #238, .T. ) ;
#3439 = AXIS2_PLACEMENT_3D ( 'NONE', #853, #189, #147 ) ;
#3440 = AXIS2_PLACEMENT_3D ( 'NONE', #2554, #2272, #3257 ) ;
#3441 = CYLINDRICAL_SURFACE ( 'NONE', #3602, 3.249999999999999556 ) ;
#3442 = LINE ( 'NONE', #689, #2663 ) ;
#3443 = VECTOR ( 'NONE', #1450, 1000.000000000000000 ) ;
#3444 = DIRECTION ( 'NONE',  ( -1.000000000000000000, 0.000000000000000000, 0.000000000000000000 ) ) ;
#3445 = VERTEX_POINT ( 'NONE', #4317 ) ;
#3446 = VERTEX_POINT ( 'NONE', #2888 ) ;
#3447 = CARTESIAN_POINT ( 'NONE',  ( 28.19999999999999929, -28.19999999999999929, -40.50000000000000000 ) ) ;
#3448 = ORIENTED_EDGE ( 'NONE', *, *, #2569, .T. ) ;
#3449 = DIRECTION ( 'NONE',  ( -1.000000000000000000, 0.000000000000000000, 0.000000000000000000 ) ) ;
#3450 = EDGE_CURVE ( 'NONE', #1110, #2166, #1250, .T. ) ;
#3451 = VECTOR ( 'NONE', #1262, 1000.000000000000000 ) ;
#3452 = DIRECTION ( 'NONE',  ( 0.000000000000000000, 0.000000000000000000, -1.000000000000000000 ) ) ;
#3453 = ORIENTED_EDGE ( 'NONE', *, *, #3560, .F. ) ;
#3454 = DIRECTION ( 'NONE',  ( 0.000000000000000000, 0.000000000000000000, -1.000000000000000000 ) ) ;
#3455 = DIRECTION ( 'NONE',  ( -0.000000000000000000, -1.000000000000000000, -0.000000000000000000 ) ) ;
#3456 = VECTOR ( 'NONE', #3005, 1000.000000000000000 ) ;
#3457 = EDGE_CURVE ( 'NONE', #4428, #1792, #4425, .T. ) ;
#3458 = EDGE_CURVE ( 'NONE', #1406, #4270, #409, .T. ) ;
#3459 = CIRCLE ( 'NONE', #1508, 5.000000000000000000 ) ;
#3460 = CARTESIAN_POINT ( 'NONE',  ( 25.85000000000000142, 13.25000000000001243, 42.70000000000000284 ) ) ;
#3461 = VERTEX_POINT ( 'NONE', #3944 ) ;
#3462 = VECTOR ( 'NONE', #3204, 1000.000000000000000 ) ;
#3463 = ORIENTED_EDGE ( 'NONE', *, *, #467, .T. ) ;
#3464 = CYLINDRICAL_SURFACE ( 'NONE', #3392, 4.999999999999984013 ) ;
#3465 = CARTESIAN_POINT ( 'NONE',  ( 25.44999999999999929, -14.50000000000000888, 45.50000000000000000 ) ) ;
#3466 = EDGE_CURVE ( 'NONE', #4383, #225, #108, .T. ) ;
#3467 = VECTOR ( 'NONE', #47, 1000.000000000000000 ) ;
#3468 = DIRECTION ( 'NONE',  ( -0.000000000000000000, -0.000000000000000000, -1.000000000000000000 ) ) ;
#3469 = DIRECTION ( 'NONE',  ( 0.000000000000000000, 0.000000000000000000, -1.000000000000000000 ) ) ;
#3470 = LINE ( 'NONE', #3109, #3658 ) ;
#3471 = ORIENTED_EDGE ( 'NONE', *, *, #1314, .T. ) ;
#3472 = ORIENTED_EDGE ( 'NONE', *, *, #3624, .F. ) ;
#3473 = LINE ( 'NONE', #781, #136 ) ;
#3474 = VERTEX_POINT ( 'NONE', #2052 ) ;
#3475 = CARTESIAN_POINT ( 'NONE',  ( 0.000000000000000000, 0.000000000000000000, -40.50000000000000000 ) ) ;
#3476 = ORIENTED_EDGE ( 'NONE', *, *, #2028, .F. ) ;
#3477 = CARTESIAN_POINT ( 'NONE',  ( 27.59999999999999787, -14.50000000000000888, 42.70000000000000284 ) ) ;
#3478 = CARTESIAN_POINT ( 'NONE',  ( -25.44999999999999929, -14.50000000000000888, 42.70000000000000284 ) ) ;
#3479 = CARTESIAN_POINT ( 'NONE',  ( 0.000000000000000000, 0.000000000000000000, 44.09999999999999432 ) ) ;
#3480 = VERTEX_POINT ( 'NONE', #4356 ) ;
#3481 = ADVANCED_FACE ( 'NONE', ( #1695 ), #1983, .T. ) ;
#3482 = ADVANCED_FACE ( 'NONE', ( #3393 ), #933, .T. ) ;
#3483 = ORIENTED_EDGE ( 'NONE', *, *, #2044, .F. ) ;
#3484 = DIRECTION ( 'NONE',  ( 1.000000000000000000, 0.000000000000000000, 0.000000000000000000 ) ) ;
#3485 = DIRECTION ( 'NONE',  ( 0.000000000000000000, -0.000000000000000000, 1.000000000000000000 ) ) ;
#3486 = EDGE_CURVE ( 'NONE', #3500, #3461, #1717, .T. ) ;
#3487 = DIRECTION ( 'NONE',  ( -1.000000000000000000, 0.000000000000000000, 0.000000000000000000 ) ) ;
#3488 = LINE ( 'NONE', #1432, #2365 ) ;
#3489 = ORIENTED_EDGE ( 'NONE', *, *, #72, .F. ) ;
#3490 = ORIENTED_EDGE ( 'NONE', *, *, #976, .T. ) ;
#3491 = CARTESIAN_POINT ( 'NONE',  ( -27.59999999999999787, 14.50000000000000888, 42.20000000000000284 ) ) ;
#3492 = ORIENTED_EDGE ( 'NONE', *, *, #3458, .F. ) ;
#3493 = CARTESIAN_POINT ( 'NONE',  ( 0.000000000000000000, 0.000000000000000000, 47.09999999999999432 ) ) ;
#3494 = DIRECTION ( 'NONE',  ( 0.000000000000000000, 0.000000000000000000, 1.000000000000000000 ) ) ;
#3495 = ORIENTED_EDGE ( 'NONE', *, *, #1744, .F. ) ;
#3496 = PLANE ( 'NONE',  #1942 ) ;
#3497 = DIRECTION ( 'NONE',  ( 0.000000000000000000, 0.000000000000000000, 1.000000000000000000 ) ) ;
#3498 = ORIENTED_EDGE ( 'NONE', *, *, #3320, .F. ) ;
#3499 = LINE ( 'NONE', #3226, #52 ) ;
#3500 = VERTEX_POINT ( 'NONE', #1030 ) ;
#3501 = CARTESIAN_POINT ( 'NONE',  ( -28.19999999999999929, -19.27300264743537639, 40.50000000000000000 ) ) ;
#3502 = LINE ( 'NONE', #1785, #3312 ) ;
#3503 = ADVANCED_FACE ( 'NONE', ( #3095, #2325 ), #683, .F. ) ;
#3504 = VECTOR ( 'NONE', #2726, 1000.000000000000000 ) ;
#3505 = DIRECTION ( 'NONE',  ( -0.000000000000000000, -0.000000000000000000, -1.000000000000000000 ) ) ;
#3506 = DIRECTION ( 'NONE',  ( -1.000000000000000000, 0.000000000000000000, 0.000000000000000000 ) ) ;
#3507 = EDGE_CURVE ( 'NONE', #2602, #4181, #1284, .T. ) ;
#3508 = ADVANCED_FACE ( 'NONE', ( #597 ), #3700, .F. ) ;
#3509 = ORIENTED_EDGE ( 'NONE', *, *, #3699, .F. ) ;
#3510 = CARTESIAN_POINT ( 'NONE',  ( 28.19999999999999929, -19.27300264743538705, 0.000000000000000000 ) ) ;
#3511 = VERTEX_POINT ( 'NONE', #4452 ) ;
#3512 = DIRECTION ( 'NONE',  ( -1.000000000000000000, 0.000000000000000000, 0.000000000000000000 ) ) ;
#3513 = ADVANCED_FACE ( 'NONE', ( #4402 ), #616, .T. ) ;
#3514 = DIRECTION ( 'NONE',  ( 0.000000000000000000, 0.000000000000000000, -1.000000000000000000 ) ) ;
#3515 = AXIS2_PLACEMENT_3D ( 'NONE', #3915, #1938, #3323 ) ;
#3516 = ORIENTED_EDGE ( 'NONE', *, *, #1362, .T. ) ;
#3517 = LINE ( 'NONE', #1150, #4227 ) ;
#3518 = VECTOR ( 'NONE', #2850, 1000.000000000000000 ) ;
#3519 = AXIS2_PLACEMENT_3D ( 'NONE', #374, #1750, #3127 ) ;
#3520 = DIRECTION ( 'NONE',  ( 1.000000000000000000, 0.000000000000000000, 0.000000000000000000 ) ) ;
#3521 = VERTEX_POINT ( 'NONE', #4009 ) ;
#3522 = CARTESIAN_POINT ( 'NONE',  ( 0.000000000000000000, 0.000000000000000000, 66.99999999999998579 ) ) ;
#3523 = ORIENTED_EDGE ( 'NONE', *, *, #144, .F. ) ;
#3524 = DIRECTION ( 'NONE',  ( -1.000000000000000000, 0.000000000000000000, 0.000000000000000000 ) ) ;
#3525 = VECTOR ( 'NONE', #1429, 1000.000000000000000 ) ;
#3526 = AXIS2_PLACEMENT_3D ( 'NONE', #4183, #4198, #749 ) ;
#3527 = AXIS2_PLACEMENT_3D ( 'NONE', #1784, #1053, #3790 ) ;
#3528 = LINE ( 'NONE', #3922, #289 ) ;
#3529 = FACE_OUTER_BOUND ( 'NONE', #3921, .T. ) ;
#3530 = VECTOR ( 'NONE', #1289, 1000.000000000000000 ) ;
#3531 = AXIS2_PLACEMENT_3D ( 'NONE', #897, #462, #1530 ) ;
#3532 = AXIS2_PLACEMENT_3D ( 'NONE', #2652, #3377, #985 ) ;
#3533 = ORIENTED_EDGE ( 'NONE', *, *, #3585, .T. ) ;
#3534 = EDGE_CURVE ( 'NONE', #1792, #1996, #3578, .T. ) ;
#3535 = ADVANCED_FACE ( 'NONE', ( #3369, #1650 ), #2714, .F. ) ;
#3536 = CARTESIAN_POINT ( 'NONE',  ( 25.44999999999999929, 11.25000000000001066, 45.50000000000000000 ) ) ;
#3537 = EDGE_LOOP ( 'NONE', ( #1439, #2984, #2255, #2924 ) ) ;
#3538 = VECTOR ( 'NONE', #665, 1000.000000000000000 ) ;
#3539 = CARTESIAN_POINT ( 'NONE',  ( -28.19999999999999929, -24.19999999999999929, 40.50000000000000000 ) ) ;
#3540 = VERTEX_POINT ( 'NONE', #1967 ) ;
#3541 = LINE ( 'NONE', #3180, #2059 ) ;
#3542 = EDGE_CURVE ( 'NONE', #4378, #4116, #3349, .T. ) ;
#3543 = DIRECTION ( 'NONE',  ( -1.000000000000000000, -0.000000000000000000, -0.000000000000000000 ) ) ;
#3544 = CARTESIAN_POINT ( 'NONE',  ( -25.05000000000000426, -15.75000000000001066, 41.20000000000000284 ) ) ;
#3545 = ORIENTED_EDGE ( 'NONE', *, *, #532, .F. ) ;
#3546 = FACE_OUTER_BOUND ( 'NONE', #2334, .T. ) ;
#3547 = VERTEX_POINT ( 'NONE', #247 ) ;
#3548 = DIRECTION ( 'NONE',  ( -0.000000000000000000, -0.000000000000000000, 1.000000000000000000 ) ) ;
#3549 = CARTESIAN_POINT ( 'NONE',  ( 26.70000000000000284, -14.90000000000000924, 41.20000000000000284 ) ) ;
#3550 = CARTESIAN_POINT ( 'NONE',  ( -25.05000000000000071, 14.90000000000000924, 41.20000000000000284 ) ) ;
#3551 = EDGE_LOOP ( 'NONE', ( #3492, #4169, #1360, #2347 ) ) ;
#3552 = ORIENTED_EDGE ( 'NONE', *, *, #3559, .F. ) ;
#3553 = CARTESIAN_POINT ( 'NONE',  ( -19.27300264743537639, -27.19999999999999929, -40.50000000000000000 ) ) ;
#3554 = EDGE_CURVE ( 'NONE', #3654, #1110, #1628, .T. ) ;
#3555 = CARTESIAN_POINT ( 'NONE',  ( 25.85000000000000142, 14.10000000000001030, 41.20000000000000284 ) ) ;
#3556 = VERTEX_POINT ( 'NONE', #4056 ) ;
#3557 = DIRECTION ( 'NONE',  ( -4.081702296416008108E-15, -1.000000000000000000, -0.000000000000000000 ) ) ;
#3558 = DIRECTION ( 'NONE',  ( 0.000000000000000000, -0.000000000000000000, -1.000000000000000000 ) ) ;
#3559 = EDGE_CURVE ( 'NONE', #4181, #4428, #3746, .T. ) ;
#3560 = EDGE_CURVE ( 'NONE', #2184, #1017, #3297, .T. ) ;
#3561 = CARTESIAN_POINT ( 'NONE',  ( -28.19999999999999929, -17.75000000000000711, 40.50000000000000000 ) ) ;
#3562 = ORIENTED_EDGE ( 'NONE', *, *, #618, .F. ) ;
#3563 = CARTESIAN_POINT ( 'NONE',  ( -25.44999999999999929, 14.50000000000000888, 40.50000000000000000 ) ) ;
#3564 = VERTEX_POINT ( 'NONE', #2370 ) ;
#3565 = LINE ( 'NONE', #153, #3956 ) ;
#3566 = LINE ( 'NONE', #841, #4277 ) ;
#3567 = ORIENTED_EDGE ( 'NONE', *, *, #1519, .F. ) ;
#3568 = LINE ( 'NONE', #1395, #4015 ) ;
#3569 = LINE ( 'NONE', #1233, #1575 ) ;
#3570 = VECTOR ( 'NONE', #2535, 1000.000000000000000 ) ;
#3571 = ORIENTED_EDGE ( 'NONE', *, *, #1116, .T. ) ;
#3572 = DIRECTION ( 'NONE',  ( 1.000000000000000000, 0.000000000000000000, 0.000000000000000000 ) ) ;
#3573 = ORIENTED_EDGE ( 'NONE', *, *, #2379, .T. ) ;
#3574 = CARTESIAN_POINT ( 'NONE',  ( 24.19999999999999929, 14.90000000000000924, 41.20000000000000284 ) ) ;
#3575 = FACE_OUTER_BOUND ( 'NONE', #338, .T. ) ;
#3576 = EDGE_LOOP ( 'NONE', ( #3979, #3695, #3024, #1446 ) ) ;
#3577 = CARTESIAN_POINT ( 'NONE',  ( 25.05000000000000071, 14.90000000000000924, 41.20000000000000284 ) ) ;
#3578 = CIRCLE ( 'NONE', #4150, 1.000000000000000888 ) ;
#3579 = LINE ( 'NONE', #564, #2450 ) ;
#3580 = PRESENTATION_LAYER_ASSIGNMENT (  '', '', ( #1850 ) ) ;
#3581 = SURFACE_STYLE_FILL_AREA ( #835 ) ;
#3582 = ORIENTED_EDGE ( 'NONE', *, *, #3620, .T. ) ;
#3583 = CARTESIAN_POINT ( 'NONE',  ( -21.07499999999999929, 23.57499999999999929, 40.50000000000000000 ) ) ;
#3584 = EDGE_CURVE ( 'NONE', #166, #2772, #113, .T. ) ;
#3585 = EDGE_CURVE ( 'NONE', #3630, #3616, #4186, .T. ) ;
#3586 = ORIENTED_EDGE ( 'NONE', *, *, #3809, .T. ) ;
#3587 = AXIS2_PLACEMENT_3D ( 'NONE', #2438, #73, #422 ) ;
#3588 = CARTESIAN_POINT ( 'NONE',  ( -25.44999999999999929, -14.50000000000000888, 42.70000000000000284 ) ) ;
#3589 = CARTESIAN_POINT ( 'NONE',  ( 26.79166666666666430, -20.18583553952948861, -40.50000000000000000 ) ) ;
#3590 = VERTEX_POINT ( 'NONE', #1779 ) ;
#3591 = PRODUCT_CONTEXT ( 'NONE', #1537, 'mechanical' ) ;
#3592 = VECTOR ( 'NONE', #4355, 1000.000000000000000 ) ;
#3593 = ADVANCED_FACE ( 'NONE', ( #3200 ), #3787, .T. ) ;
#3594 = CARTESIAN_POINT ( 'NONE',  ( -24.19999999999999929, 14.10000000000001030, 41.20000000000000284 ) ) ;
#3595 = LINE ( 'NONE', #2191, #200 ) ;
#3596 = ORIENTED_EDGE ( 'NONE', *, *, #4232, .F. ) ;
#3597 = DIRECTION ( 'NONE',  ( -0.000000000000000000, -0.000000000000000000, 1.000000000000000000 ) ) ;
#3598 = CIRCLE ( 'NONE', #3744, 19.00000000000000000 ) ;
#3599 = VERTEX_POINT ( 'NONE', #3119 ) ;
#3600 = VECTOR ( 'NONE', #2689, 1000.000000000000000 ) ;
#3601 = CARTESIAN_POINT ( 'NONE',  ( -25.44999999999999929, 14.50000000000000888, 45.50000000000000000 ) ) ;
#3602 = AXIS2_PLACEMENT_3D ( 'NONE', #2426, #344, #1205 ) ;
#3603 = LINE ( 'NONE', #2524, #4084 ) ;
#3604 = ORIENTED_EDGE ( 'NONE', *, *, #730, .T. ) ;
#3605 = CARTESIAN_POINT ( 'NONE',  ( 0.000000000000000000, 0.000000000000000000, -36.50000000000000711 ) ) ;
#3606 = DIRECTION ( 'NONE',  ( -0.000000000000000000, -0.000000000000000000, 1.000000000000000000 ) ) ;
#3607 = AXIS2_PLACEMENT_3D ( 'NONE', #3886, #2893, #806 ) ;
#3608 = CYLINDRICAL_SURFACE ( 'NONE', #3222, 19.00000000000000000 ) ;
#3609 = ORIENTED_EDGE ( 'NONE', *, *, #4397, .F. ) ;
#3610 = FACE_OUTER_BOUND ( 'NONE', #48, .T. ) ;
#3611 = ORIENTED_EDGE ( 'NONE', *, *, #2466, .T. ) ;
#3612 = CARTESIAN_POINT ( 'NONE',  ( -25.85000000000000142, 13.25000000000001243, 41.20000000000000284 ) ) ;
#3613 = EDGE_CURVE ( 'NONE', #2909, #726, #3726, .T. ) ;
#3614 = FACE_OUTER_BOUND ( 'NONE', #1147, .T. ) ;
#3615 = ORIENTED_EDGE ( 'NONE', *, *, #596, .F. ) ;
#3616 = VERTEX_POINT ( 'NONE', #1094 ) ;
#3617 = CARTESIAN_POINT ( 'NONE',  ( -23.80000000000000071, -14.50000000000000888, 42.70000000000000284 ) ) ;
#3618 = CARTESIAN_POINT ( 'NONE',  ( -25.44999999999999929, 14.50000000000000888, 40.50000000000000000 ) ) ;
#3619 = EDGE_CURVE ( 'NONE', #3616, #2470, #3182, .T. ) ;
#3620 = EDGE_CURVE ( 'NONE', #2940, #622, #2760, .T. ) ;
#3621 = ORIENTED_EDGE ( 'NONE', *, *, #2258, .F. ) ;
#3622 = ORIENTED_EDGE ( 'NONE', *, *, #1434, .F. ) ;
#3623 = DIRECTION ( 'NONE',  ( -0.000000000000000000, -0.000000000000000000, -1.000000000000000000 ) ) ;
#3624 = EDGE_CURVE ( 'NONE', #2976, #2062, #3865, .T. ) ;
#3625 = DIRECTION ( 'NONE',  ( -0.000000000000000000, 0.000000000000000000, 1.000000000000000000 ) ) ;
#3626 = ORIENTED_EDGE ( 'NONE', *, *, #1905, .F. ) ;
#3627 = LINE ( 'NONE', #3270, #2131 ) ;
#3628 = DIRECTION ( 'NONE',  ( 0.000000000000000000, 0.000000000000000000, 1.000000000000000000 ) ) ;
#3629 = FACE_OUTER_BOUND ( 'NONE', #2725, .T. ) ;
#3630 = VERTEX_POINT ( 'NONE', #3544 ) ;
#3631 = DIRECTION ( 'NONE',  ( -1.000000000000000000, -0.000000000000000000, -0.000000000000000000 ) ) ;
#3632 = ORIENTED_EDGE ( 'NONE', *, *, #1391, .F. ) ;
#3633 = DIRECTION ( 'NONE',  ( -0.000000000000000000, -0.000000000000000000, 1.000000000000000000 ) ) ;
#3634 = ORIENTED_EDGE ( 'NONE', *, *, #4139, .F. ) ;
#3635 = ORIENTED_EDGE ( 'NONE', *, *, #2074, .F. ) ;
#3636 = LINE ( 'NONE', #2891, #1860 ) ;
#3637 = VERTEX_POINT ( 'NONE', #95 ) ;
#3638 = CARTESIAN_POINT ( 'NONE',  ( 27.59999999999999787, 14.50000000000000888, 42.20000000000000284 ) ) ;
#3639 = EDGE_CURVE ( 'NONE', #3461, #4038, #1495, .T. ) ;
#3640 = ORIENTED_EDGE ( 'NONE', *, *, #690, .T. ) ;
#3641 = ADVANCED_FACE ( 'NONE', ( #2468 ), #2075, .T. ) ;
#3642 = CARTESIAN_POINT ( 'NONE',  ( -19.27300264743537639, 28.19999999999999929, 40.50000000000000000 ) ) ;
#3643 = CARTESIAN_POINT ( 'NONE',  ( -24.20000000000000284, -24.19999999999999929, 40.50000000000000000 ) ) ;
#3644 = ORIENTED_EDGE ( 'NONE', *, *, #3322, .T. ) ;
#3645 = PLANE ( 'NONE',  #3716 ) ;
#3646 = DIRECTION ( 'NONE',  ( -1.000000000000000000, 0.000000000000000000, 0.000000000000000000 ) ) ;
#3647 = AXIS2_PLACEMENT_3D ( 'NONE', #3047, #928, #1337 ) ;
#3648 = DIRECTION ( 'NONE',  ( -0.000000000000000000, 1.000000000000000000, -0.000000000000000000 ) ) ;
#3649 = ORIENTED_EDGE ( 'NONE', *, *, #3486, .F. ) ;
#3650 = LINE ( 'NONE', #594, #4295 ) ;
#3651 = ORIENTED_EDGE ( 'NONE', *, *, #4340, .F. ) ;
#3652 = VECTOR ( 'NONE', #2502, 1000.000000000000000 ) ;
#3653 = DIRECTION ( 'NONE',  ( -1.224646799147353207E-16, 1.000000000000000000, 0.000000000000000000 ) ) ;
#3654 = VERTEX_POINT ( 'NONE', #3810 ) ;
#3655 = CIRCLE ( 'NONE', #192, 1.000000000000000888 ) ;
#3656 = ORIENTED_EDGE ( 'NONE', *, *, #1038, .T. ) ;
#3657 = FACE_OUTER_BOUND ( 'NONE', #815, .T. ) ;
#3658 = VECTOR ( 'NONE', #375, 1000.000000000000000 ) ;
#3659 = VECTOR ( 'NONE', #2263, 1000.000000000000000 ) ;
#3660 = ORIENTED_EDGE ( 'NONE', *, *, #282, .T. ) ;
#3661 = AXIS2_PLACEMENT_3D ( 'NONE', #1615, #319, #2348 ) ;
#3662 = ORIENTED_EDGE ( 'NONE', *, *, #2473, .T. ) ;
#3663 = CARTESIAN_POINT ( 'NONE',  ( 28.19999999999999929, 17.75000000000000711, 45.50000000000000000 ) ) ;
#3664 = AXIS2_PLACEMENT_3D ( 'NONE', #2382, #2721, #4082 ) ;
#3665 = VECTOR ( 'NONE', #2734, 1000.000000000000000 ) ;
#3666 = EDGE_CURVE ( 'NONE', #204, #1624, #4213, .T. ) ;
#3667 = ADVANCED_FACE ( 'NONE', ( #1127 ), #451, .T. ) ;
#3668 = DIRECTION ( 'NONE',  ( 1.000000000000000000, 0.000000000000000000, 0.000000000000000000 ) ) ;
#3669 = VERTEX_POINT ( 'NONE', #3137 ) ;
#3670 = DIRECTION ( 'NONE',  ( 0.000000000000000000, 0.000000000000000000, -1.000000000000000000 ) ) ;
#3671 = AXIS2_PLACEMENT_3D ( 'NONE', #3553, #2460, #745 ) ;
#3672 = LINE ( 'NONE', #1316, #2594 ) ;
#3673 = ADVANCED_FACE ( 'NONE', ( #2099 ), #1822, .F. ) ;
#3674 = PLANE ( 'NONE',  #271 ) ;
#3675 = EDGE_LOOP ( 'NONE', ( #4141, #2278 ) ) ;
#3676 = CARTESIAN_POINT ( 'NONE',  ( 28.19999999999999929, -17.75000000000000711, 45.50000000000000000 ) ) ;
#3677 = CARTESIAN_POINT ( 'NONE',  ( 22.19999999999999929, 14.50000000000000888, 45.50000000000000000 ) ) ;
#3678 = VECTOR ( 'NONE', #2785, 1000.000000000000000 ) ;
#3679 = VERTEX_POINT ( 'NONE', #1109 ) ;
#3680 = EDGE_CURVE ( 'NONE', #1396, #3925, #705, .T. ) ;
#3681 = CARTESIAN_POINT ( 'NONE',  ( 0.000000000000000000, 0.000000000000000000, 66.99999999999998579 ) ) ;
#3682 = ORIENTED_EDGE ( 'NONE', *, *, #2067, .T. ) ;
#3683 = ORIENTED_EDGE ( 'NONE', *, *, #1416, .F. ) ;
#3684 = CARTESIAN_POINT ( 'NONE',  ( 19.27300264743538705, -27.19999999999999929, -40.50000000000000000 ) ) ;
#3685 = DIRECTION ( 'NONE',  ( 1.000000000000000000, 0.000000000000000000, 0.000000000000000000 ) ) ;
#3686 = ORIENTED_EDGE ( 'NONE', *, *, #2318, .T. ) ;
#3687 = FACE_OUTER_BOUND ( 'NONE', #182, .T. ) ;
#3688 = VERTEX_POINT ( 'NONE', #3460 ) ;
#3689 = DIRECTION ( 'NONE',  ( 1.000000000000000000, 0.000000000000000000, 0.000000000000000000 ) ) ;
#3690 = LINE ( 'NONE', #4410, #568 ) ;
#3691 = VERTEX_POINT ( 'NONE', #364 ) ;
#3692 = DIRECTION ( 'NONE',  ( -0.000000000000000000, -0.000000000000000000, -1.000000000000000000 ) ) ;
#3693 = LINE ( 'NONE', #656, #4167 ) ;
#3694 = CARTESIAN_POINT ( 'NONE',  ( 0.000000000000000000, 0.000000000000000000, 66.99999999999998579 ) ) ;
#3695 = ORIENTED_EDGE ( 'NONE', *, *, #1820, .F. ) ;
#3696 = DIRECTION ( 'NONE',  ( 1.000000000000000000, -6.308085367188392213E-16, 0.000000000000000000 ) ) ;
#3697 = CARTESIAN_POINT ( 'NONE',  ( -27.09999999999999787, -14.50000000000000888, 42.70000000000000284 ) ) ;
#3698 = ADVANCED_FACE ( 'NONE', ( #32 ), #1424, .F. ) ;
#3699 = EDGE_CURVE ( 'NONE', #742, #3480, #3159, .T. ) ;
#3700 = PLANE ( 'NONE',  #4352 ) ;
#3701 = VERTEX_POINT ( 'NONE', #2137 ) ;
#3702 = EDGE_LOOP ( 'NONE', ( #4336, #599 ) ) ;
#3703 = CARTESIAN_POINT ( 'NONE',  ( -25.85000000000000142, -13.25000000000001243, 41.20000000000000284 ) ) ;
#3704 = CARTESIAN_POINT ( 'NONE',  ( 25.44999999999999929, -14.50000000000000888, 42.20000000000000284 ) ) ;
#3705 = EDGE_CURVE ( 'NONE', #89, #4378, #41, .T. ) ;
#3706 = ORIENTED_EDGE ( 'NONE', *, *, #3428, .T. ) ;
#3707 = CARTESIAN_POINT ( 'NONE',  ( -25.44999999999999929, 14.50000000000000888, 42.20000000000000284 ) ) ;
#3708 = CARTESIAN_POINT ( 'NONE',  ( -28.19999999999999929, -28.19999999999999929, -40.50000000000000000 ) ) ;
#3709 = ORIENTED_EDGE ( 'NONE', *, *, #2821, .F. ) ;
#3710 = DIRECTION ( 'NONE',  ( -1.000000000000000000, 0.000000000000000000, 0.000000000000000000 ) ) ;
#3711 = DIRECTION ( 'NONE',  ( 0.000000000000000000, -1.000000000000000000, 0.000000000000000000 ) ) ;
#3712 = CARTESIAN_POINT ( 'NONE',  ( 25.85000000000000142, 14.90000000000000924, 42.70000000000000284 ) ) ;
#3713 = DIRECTION ( 'NONE',  ( -1.000000000000000000, 0.000000000000000000, 0.000000000000000000 ) ) ;
#3714 = ORIENTED_EDGE ( 'NONE', *, *, #1276, .T. ) ;
#3715 = DIRECTION ( 'NONE',  ( -1.000000000000000000, -0.000000000000000000, -0.000000000000000000 ) ) ;
#3716 = AXIS2_PLACEMENT_3D ( 'NONE', #2592, #4216, #4279 ) ;
#3717 = DIRECTION ( 'NONE',  ( -1.000000000000000000, -0.000000000000000000, -0.000000000000000000 ) ) ;
#3718 = VECTOR ( 'NONE', #4335, 1000.000000000000000 ) ;
#3719 = DIRECTION ( 'NONE',  ( 1.000000000000000000, 0.000000000000000000, -0.000000000000000000 ) ) ;
#3720 = ORIENTED_EDGE ( 'NONE', *, *, #329, .T. ) ;
#3721 = EDGE_CURVE ( 'NONE', #1249, #1945, #2723, .T. ) ;
#3722 = EDGE_CURVE ( 'NONE', #3155, #2872, #994, .T. ) ;
#3723 = ORIENTED_EDGE ( 'NONE', *, *, #4423, .F. ) ;
#3724 = CARTESIAN_POINT ( 'NONE',  ( -26.70000000000000284, 14.90000000000000924, 42.70000000000000284 ) ) ;
#3725 = CARTESIAN_POINT ( 'NONE',  ( 27.19999999999999929, -19.27300264743538705, 40.50000000000000000 ) ) ;
#3726 = CIRCLE ( 'NONE', #1427, 1.649999999999998579 ) ;
#3727 = EDGE_CURVE ( 'NONE', #1059, #1705, #1565, .T. ) ;
#3728 = ORIENTED_EDGE ( 'NONE', *, *, #2713, .T. ) ;
#3729 = DIRECTION ( 'NONE',  ( -1.000000000000000000, 0.000000000000000000, 0.000000000000000000 ) ) ;
#3730 = DIRECTION ( 'NONE',  ( 1.000000000000000000, -0.000000000000000000, -0.000000000000000000 ) ) ;
#3731 = CIRCLE ( 'NONE', #714, 3.249999999999999556 ) ;
#3732 = CARTESIAN_POINT ( 'NONE',  ( 25.85000000000000142, 15.75000000000001066, 42.70000000000000284 ) ) ;
#3733 = ORIENTED_EDGE ( 'NONE', *, *, #1060, .F. ) ;
#3734 = CARTESIAN_POINT ( 'NONE',  ( -25.05000000000000426, 13.25000000000001066, 42.70000000000000284 ) ) ;
#3735 = DIRECTION ( 'NONE',  ( 1.000000000000000000, 0.000000000000000000, 0.000000000000000000 ) ) ;
#3736 = VECTOR ( 'NONE', #904, 1000.000000000000000 ) ;
#3737 = AXIS2_PLACEMENT_3D ( 'NONE', #4230, #482, #1593 ) ;
#3738 = VECTOR ( 'NONE', #1777, 1000.000000000000000 ) ;
#3739 = CIRCLE ( 'NONE', #3244, 0.5000000000000004441 ) ;
#3740 = FACE_OUTER_BOUND ( 'NONE', #2879, .T. ) ;
#3741 = ORIENTED_EDGE ( 'NONE', *, *, #127, .T. ) ;
#3742 = LINE ( 'NONE', #957, #207 ) ;
#3743 = CARTESIAN_POINT ( 'NONE',  ( -23.57499999999999929, 23.57499999999999929, 45.50000000000000000 ) ) ;
#3744 = AXIS2_PLACEMENT_3D ( 'NONE', #1333, #2706, #3735 ) ;
#3745 = AXIS2_PLACEMENT_3D ( 'NONE', #824, #4252, #3949 ) ;
#3746 = LINE ( 'NONE', #978, #1778 ) ;
#3747 = ORIENTED_EDGE ( 'NONE', *, *, #2258, .T. ) ;
#3748 = ORIENTED_EDGE ( 'NONE', *, *, #3620, .F. ) ;
#3749 = FACE_OUTER_BOUND ( 'NONE', #2962, .T. ) ;
#3750 = CARTESIAN_POINT ( 'NONE',  ( 5.000000000000000000, 0.000000000000000000, 44.09999999999999432 ) ) ;
#3751 = VECTOR ( 'NONE', #1303, 1000.000000000000000 ) ;
#3752 = EDGE_CURVE ( 'NONE', #937, #726, #774, .T. ) ;
#3753 = CARTESIAN_POINT ( 'NONE',  ( 27.19999999999999929, 19.27300264743538705, 54.64213562373092969 ) ) ;
#3754 = CARTESIAN_POINT ( 'NONE',  ( -25.44999999999999929, -17.75000000000000711, 45.50000000000000000 ) ) ;
#3755 = DIRECTION ( 'NONE',  ( 1.000000000000000000, 0.000000000000000000, 0.000000000000000000 ) ) ;
#3756 = EDGE_CURVE ( 'NONE', #2112, #89, #2854, .T. ) ;
#3757 = ADVANCED_FACE ( 'NONE', ( #3629 ), #3608, .T. ) ;
#3758 = CARTESIAN_POINT ( 'NONE',  ( 25.44999999999999929, -14.50000000000000888, 42.70000000000000284 ) ) ;
#3759 = ORIENTED_EDGE ( 'NONE', *, *, #362, .T. ) ;
#3760 = CYLINDRICAL_SURFACE ( 'NONE', #1635, 2.149999999999999023 ) ;
#3761 = CARTESIAN_POINT ( 'NONE',  ( -19.27300264743537639, 28.19999999999999929, -40.50000000000000000 ) ) ;
#3762 = ORIENTED_EDGE ( 'NONE', *, *, #2387, .T. ) ;
#3763 = DIRECTION ( 'NONE',  ( -1.000000000000000000, 0.000000000000000000, 0.000000000000000000 ) ) ;
#3764 = DIRECTION ( 'NONE',  ( 0.000000000000000000, 0.000000000000000000, 1.000000000000000000 ) ) ;
#3765 = VERTEX_POINT ( 'NONE', #1154 ) ;
#3766 = LINE ( 'NONE', #3344, #2921 ) ;
#3767 = CARTESIAN_POINT ( 'NONE',  ( 25.44999999999999929, -11.25000000000001066, 45.50000000000000000 ) ) ;
#3768 = CARTESIAN_POINT ( 'NONE',  ( 24.19999999999999929, 24.19999999999999929, 40.50000000000000000 ) ) ;
#3769 = ORIENTED_EDGE ( 'NONE', *, *, #3177, .T. ) ;
#3770 = ORIENTED_EDGE ( 'NONE', *, *, #2381, .T. ) ;
#3771 = PLANE ( 'NONE',  #3028 ) ;
#3772 = DIRECTION ( 'NONE',  ( -0.000000000000000000, -0.000000000000000000, -1.000000000000000000 ) ) ;
#3773 = CARTESIAN_POINT ( 'NONE',  ( 25.44999999999999929, 11.25000000000001066, 40.50000000000000000 ) ) ;
#3774 = PLANE ( 'NONE',  #4219 ) ;
#3775 = DIRECTION ( 'NONE',  ( 1.000000000000000000, 0.000000000000000000, 0.000000000000000000 ) ) ;
#3776 = VERTEX_POINT ( 'NONE', #3561 ) ;
#3777 = EDGE_LOOP ( 'NONE', ( #567, #3741, #1344, #706 ) ) ;
#3778 = EDGE_CURVE ( 'NONE', #1514, #3474, #814, .T. ) ;
#3779 = EDGE_CURVE ( 'NONE', #4392, #3765, #2183, .T. ) ;
#3780 = FACE_OUTER_BOUND ( 'NONE', #4274, .T. ) ;
#3781 = VERTEX_POINT ( 'NONE', #1868 ) ;
#3782 = PLANE ( 'NONE',  #4094 ) ;
#3783 = FACE_OUTER_BOUND ( 'NONE', #4005, .T. ) ;
#3784 = ORIENTED_EDGE ( 'NONE', *, *, #1038, .F. ) ;
#3785 = ADVANCED_FACE ( 'NONE', ( #1839 ), #3936, .F. ) ;
#3786 = CARTESIAN_POINT ( 'NONE',  ( -28.19999999999999929, -28.19999999999999929, 40.50000000000000000 ) ) ;
#3787 = CYLINDRICAL_SURFACE ( 'NONE', #1922, 2.149999999999999023 ) ;
#3788 = ORIENTED_EDGE ( 'NONE', *, *, #1234, .F. ) ;
#3789 = ORIENTED_EDGE ( 'NONE', *, *, #307, .T. ) ;
#3790 = DIRECTION ( 'NONE',  ( -1.000000000000000000, 0.000000000000000000, 0.000000000000000000 ) ) ;
#3791 = FACE_BOUND ( 'NONE', #3193, .T. ) ;
#3792 = AXIS2_PLACEMENT_3D ( 'NONE', #4102, #269, #2007 ) ;
#3793 = MANIFOLD_SOLID_BREP ( '\X2\0421043a044004430433043b0435043d04380435\X0\4', #1578 ) ;
#3794 = DIRECTION ( 'NONE',  ( -1.000000000000000000, 6.308085367188392213E-16, 0.000000000000000000 ) ) ;
#3795 = CARTESIAN_POINT ( 'NONE',  ( -28.19999999999999929, 24.19999999999999929, 40.50000000000000000 ) ) ;
#3796 = COLOUR_RGB ( '',0.7921568627450980005, 0.8196078431372548767, 0.9333333333333333481 ) ;
#3797 = VERTEX_POINT ( 'NONE', #170 ) ;
#3798 = EDGE_LOOP ( 'NONE', ( #2303, #4092, #1533, #3801 ) ) ;
#3799 = CIRCLE ( 'NONE', #3012, 1.649999999999998579 ) ;
#3800 = FACE_OUTER_BOUND ( 'NONE', #2904, .T. ) ;
#3801 = ORIENTED_EDGE ( 'NONE', *, *, #2513, .F. ) ;
#3802 = EDGE_CURVE ( 'NONE', #1735, #2294, #1555, .T. ) ;
#3803 = EDGE_CURVE ( 'NONE', #4105, #3854, #3157, .T. ) ;
#3804 = DIRECTION ( 'NONE',  ( 0.000000000000000000, 0.000000000000000000, 1.000000000000000000 ) ) ;
#3805 = EDGE_LOOP ( 'NONE', ( #1348, #3562, #2957, #4166 ) ) ;
#3806 = VECTOR ( 'NONE', #3903, 1000.000000000000000 ) ;
#3807 = DIRECTION ( 'NONE',  ( -1.000000000000000000, 0.000000000000000000, 0.000000000000000000 ) ) ;
#3808 = AXIS2_PLACEMENT_3D ( 'NONE', #963, #233, #2013 ) ;
#3809 = EDGE_CURVE ( 'NONE', #2418, #908, #1482, .T. ) ;
#3810 = CARTESIAN_POINT ( 'NONE',  ( 28.19999999999999929, -11.25000000000001243, 45.50000000000000000 ) ) ;
#3811 = ORIENTED_EDGE ( 'NONE', *, *, #861, .F. ) ;
#3812 = CIRCLE ( 'NONE', #2946, 2.149999999999999023 ) ;
#3813 = AXIS2_PLACEMENT_3D ( 'NONE', #1885, #164, #143 ) ;
#3814 = ORIENTED_EDGE ( 'NONE', *, *, #2694, .F. ) ;
#3815 = DIRECTION ( 'NONE',  ( -1.000000000000000000, 0.000000000000000000, 0.000000000000000000 ) ) ;
#3816 = DIRECTION ( 'NONE',  ( -1.000000000000000000, 0.000000000000000000, 0.000000000000000000 ) ) ;
#3817 = ADVANCED_FACE ( 'NONE', ( #3740 ), #657, .F. ) ;
#3818 = AXIS2_PLACEMENT_3D ( 'NONE', #3341, #588, #629 ) ;
#3819 = FACE_OUTER_BOUND ( 'NONE', #1364, .T. ) ;
#3820 = CIRCLE ( 'NONE', #1160, 1.000000000000000888 ) ;
#3821 = CARTESIAN_POINT ( 'NONE',  ( 25.85000000000000142, -14.90000000000000924, 42.70000000000000284 ) ) ;
#3822 = ORIENTED_EDGE ( 'NONE', *, *, #4340, .T. ) ;
#3823 = VERTEX_POINT ( 'NONE', #1960 ) ;
#3824 = DIRECTION ( 'NONE',  ( -1.000000000000000000, 0.000000000000000000, 0.000000000000000000 ) ) ;
#3825 = EDGE_LOOP ( 'NONE', ( #2155, #130, #2686, #3306 ) ) ;
#3826 = CARTESIAN_POINT ( 'NONE',  ( -28.19999999999999929, -17.75000000000000711, 45.50000000000000000 ) ) ;
#3827 = CARTESIAN_POINT ( 'NONE',  ( 26.79166666666666430, -20.18583553952948861, 40.50000000000000000 ) ) ;
#3828 = ORIENTED_EDGE ( 'NONE', *, *, #2569, .F. ) ;
#3829 = LINE ( 'NONE', #748, #4420 ) ;
#3830 = FACE_OUTER_BOUND ( 'NONE', #2179, .T. ) ;
#3831 = DIRECTION ( 'NONE',  ( -0.000000000000000000, -0.000000000000000000, -1.000000000000000000 ) ) ;
#3832 = ORIENTED_EDGE ( 'NONE', *, *, #3225, .F. ) ;
#3833 = CARTESIAN_POINT ( 'NONE',  ( 24.19999999999999929, -28.19999999999999929, 40.50000000000000000 ) ) ;
#3834 = ADVANCED_FACE ( 'NONE', ( #2691 ), #2363, .T. ) ;
#3835 = ADVANCED_FACE ( 'NONE', ( #4351 ), #1353, .F. ) ;
#3836 = ORIENTED_EDGE ( 'NONE', *, *, #731, .F. ) ;
#3837 = DIRECTION ( 'NONE',  ( -1.000000000000000000, -2.168404344971012812E-15, -0.000000000000000000 ) ) ;
#3838 = DIRECTION ( 'NONE',  ( -0.000000000000000000, -0.000000000000000000, -1.000000000000000000 ) ) ;
#3839 = APPLICATION_CONTEXT ( 'automotive_design' ) ;
#3840 = EDGE_CURVE ( 'NONE', #726, #2909, #3799, .T. ) ;
#3841 = DIRECTION ( 'NONE',  ( 1.000000000000000000, 1.387778780781444413E-14, 0.000000000000000000 ) ) ;
#3842 = DIRECTION ( 'NONE',  ( -0.000000000000000000, -0.000000000000000000, -1.000000000000000000 ) ) ;
#3843 = ORIENTED_EDGE ( 'NONE', *, *, #3064, .F. ) ;
#3844 = CARTESIAN_POINT ( 'NONE',  ( -25.85000000000000142, -14.90000000000000924, 41.20000000000000284 ) ) ;
#3845 = EDGE_LOOP ( 'NONE', ( #3720, #1539, #2823, #1542 ) ) ;
#3846 = PLANE ( 'NONE',  #3317 ) ;
#3847 = LINE ( 'NONE', #2069, #2000 ) ;
#3848 = VERTEX_POINT ( 'NONE', #4051 ) ;
#3849 = DIRECTION ( 'NONE',  ( -0.000000000000000000, -0.000000000000000000, -1.000000000000000000 ) ) ;
#3850 = FACE_OUTER_BOUND ( 'NONE', #1630, .T. ) ;
#3851 = CARTESIAN_POINT ( 'NONE',  ( 25.44999999999999929, 14.50000000000000888, 42.70000000000000284 ) ) ;
#3852 = ORIENTED_EDGE ( 'NONE', *, *, #3991, .T. ) ;
#3853 = DIRECTION ( 'NONE',  ( -0.000000000000000000, -0.000000000000000000, 1.000000000000000000 ) ) ;
#3854 = VERTEX_POINT ( 'NONE', #1671 ) ;
#3855 = DIRECTION ( 'NONE',  ( -0.000000000000000000, -0.000000000000000000, -1.000000000000000000 ) ) ;
#3856 = ADVANCED_FACE ( 'NONE', ( #972 ), #4398, .F. ) ;
#3857 = EDGE_CURVE ( 'NONE', #1616, #4177, #3655, .T. ) ;
#3858 = AXIS2_PLACEMENT_3D ( 'NONE', #880, #1909, #3287 ) ;
#3859 = DIRECTION ( 'NONE',  ( -0.000000000000000000, -0.000000000000000000, -1.000000000000000000 ) ) ;
#3860 = DIRECTION ( 'NONE',  ( -1.000000000000000000, 0.000000000000000000, 0.000000000000000000 ) ) ;
#3861 = EDGE_CURVE ( 'NONE', #1312, #2206, #710, .T. ) ;
#3862 = EDGE_LOOP ( 'NONE', ( #2647, #721, #3174, #2053 ) ) ;
#3863 = LINE ( 'NONE', #3510, #3467 ) ;
#3864 = EDGE_LOOP ( 'NONE', ( #2268, #1845 ) ) ;
#3865 = CIRCLE ( 'NONE', #4280, 2.499999999999998668 ) ;
#3866 = LINE ( 'NONE', #1105, #115 ) ;
#3867 = ORIENTED_EDGE ( 'NONE', *, *, #2664, .F. ) ;
#3868 = CARTESIAN_POINT ( 'NONE',  ( 25.44999999999999929, 14.50000000000000888, 42.20000000000000284 ) ) ;
#3869 = AXIS2_PLACEMENT_3D ( 'NONE', #3037, #647, #1345 ) ;
#3870 = DIRECTION ( 'NONE',  ( -1.000000000000000000, 0.000000000000000000, 0.000000000000000000 ) ) ;
#3871 = ORIENTED_EDGE ( 'NONE', *, *, #4364, .F. ) ;
#3872 = VECTOR ( 'NONE', #1304, 1000.000000000000000 ) ;
#3873 = DIRECTION ( 'NONE',  ( -1.000000000000000000, -0.000000000000000000, -0.000000000000000000 ) ) ;
#3874 = ORIENTED_EDGE ( 'NONE', *, *, #2050, .T. ) ;
#3875 = CARTESIAN_POINT ( 'NONE',  ( -20.27300264743537639, -27.19999999999999929, 40.50000000000000000 ) ) ;
#3876 = VECTOR ( 'NONE', #3090, 1000.000000000000000 ) ;
#3877 = AXIS2_PLACEMENT_3D ( 'NONE', #3868, #4217, #2116 ) ;
#3878 = CIRCLE ( 'NONE', #1729, 5.000000000000000000 ) ;
#3879 = DIRECTION ( 'NONE',  ( 0.000000000000000000, 0.000000000000000000, 1.000000000000000000 ) ) ;
#3880 = CARTESIAN_POINT ( 'NONE',  ( 26.70000000000000284, -14.90000000000000924, 41.20000000000000284 ) ) ;
#3881 = EDGE_CURVE ( 'NONE', #4357, #1969, #241, .T. ) ;
#3882 = CARTESIAN_POINT ( 'NONE',  ( 25.05000000000000071, -14.90000000000000924, 41.20000000000000284 ) ) ;
#3883 = AXIS2_PLACEMENT_3D ( 'NONE', #1707, #4029, #4067 ) ;
#3884 = CIRCLE ( 'NONE', #2229, 1.000000000000000888 ) ;
#3885 = ORIENTED_EDGE ( 'NONE', *, *, #169, .T. ) ;
#3886 = CARTESIAN_POINT ( 'NONE',  ( 26.70000000000000284, 14.10000000000001030, 41.20000000000000284 ) ) ;
#3887 = EDGE_CURVE ( 'NONE', #3848, #1514, #4432, .T. ) ;
#3888 = ORIENTED_EDGE ( 'NONE', *, *, #3176, .T. ) ;
#3889 = EDGE_CURVE ( 'NONE', #162, #664, #3082, .T. ) ;
#3890 = DIRECTION ( 'NONE',  ( -0.000000000000000000, -1.000000000000000000, -0.000000000000000000 ) ) ;
#3891 = ORIENTED_EDGE ( 'NONE', *, *, #1552, .T. ) ;
#3892 = DIRECTION ( 'NONE',  ( 1.000000000000000000, -0.000000000000000000, -0.000000000000000000 ) ) ;
#3893 = LINE ( 'NONE', #2135, #356 ) ;
#3894 = ADVANCED_FACE ( 'NONE', ( #1623 ), #1691, .F. ) ;
#3895 = CARTESIAN_POINT ( 'NONE',  ( 0.000000000000000000, 0.000000000000000000, 47.09999999999999432 ) ) ;
#3896 = ORIENTED_EDGE ( 'NONE', *, *, #3380, .F. ) ;
#3897 = LINE ( 'NONE', #2139, #788 ) ;
#3898 = EDGE_LOOP ( 'NONE', ( #100, #827 ) ) ;
#3899 = DIRECTION ( 'NONE',  ( -0.000000000000000000, -1.000000000000000000, -0.000000000000000000 ) ) ;
#3900 = ORIENTED_EDGE ( 'NONE', *, *, #4205, .F. ) ;
#3901 = DIRECTION ( 'NONE',  ( -0.000000000000000000, -0.000000000000000000, -1.000000000000000000 ) ) ;
#3902 = DIRECTION ( 'NONE',  ( -0.000000000000000000, -0.000000000000000000, -1.000000000000000000 ) ) ;
#3903 = DIRECTION ( 'NONE',  ( 0.000000000000000000, 0.000000000000000000, -1.000000000000000000 ) ) ;
#3904 = VERTEX_POINT ( 'NONE', #993 ) ;
#3905 = DIRECTION ( 'NONE',  ( -0.000000000000000000, -0.000000000000000000, -1.000000000000000000 ) ) ;
#3906 = ORIENTED_EDGE ( 'NONE', *, *, #1134, .F. ) ;
#3907 = DIRECTION ( 'NONE',  ( -1.000000000000000000, -0.000000000000000000, -0.000000000000000000 ) ) ;
#3908 = EDGE_CURVE ( 'NONE', #2615, #1952, #631, .T. ) ;
#3909 = EDGE_CURVE ( 'NONE', #2422, #1627, #2001, .T. ) ;
#3910 = DIRECTION ( 'NONE',  ( 0.000000000000000000, 0.000000000000000000, -1.000000000000000000 ) ) ;
#3911 = VERTEX_POINT ( 'NONE', #610 ) ;
#3912 = CARTESIAN_POINT ( 'NONE',  ( 25.85000000000000142, 13.25000000000001243, 41.20000000000000284 ) ) ;
#3913 = DIRECTION ( 'NONE',  ( -0.000000000000000000, -0.000000000000000000, -1.000000000000000000 ) ) ;
#3914 = EDGE_CURVE ( 'NONE', #1762, #2519, #2639, .T. ) ;
#3915 = CARTESIAN_POINT ( 'NONE',  ( 0.000000000000000000, 0.000000000000000000, 44.09999999999999432 ) ) ;
#3916 = ORIENTED_EDGE ( 'NONE', *, *, #949, .T. ) ;
#3917 = CARTESIAN_POINT ( 'NONE',  ( -28.19999999999999929, -11.25000000000001243, 45.50000000000000000 ) ) ;
#3918 = ORIENTED_EDGE ( 'NONE', *, *, #757, .T. ) ;
#3919 = CARTESIAN_POINT ( 'NONE',  ( -28.19999999999999929, -24.19999999999999929, 45.50000000000000000 ) ) ;
#3920 = DIRECTION ( 'NONE',  ( -1.000000000000000000, 0.000000000000000000, 0.000000000000000000 ) ) ;
#3921 = EDGE_LOOP ( 'NONE', ( #1711, #4221, #3416, #4135 ) ) ;
#3922 = CARTESIAN_POINT ( 'NONE',  ( 25.85000000000000142, 13.25000000000001243, 41.20000000000000284 ) ) ;
#3923 = CARTESIAN_POINT ( 'NONE',  ( 24.19999999999999929, -14.10000000000001030, 41.20000000000000284 ) ) ;
#3924 = CIRCLE ( 'NONE', #401, 1.000000000000000888 ) ;
#3925 = VERTEX_POINT ( 'NONE', #264 ) ;
#3926 = LINE ( 'NONE', #460, #729 ) ;
#3927 = ORIENTED_EDGE ( 'NONE', *, *, #2014, .T. ) ;
#3928 = FACE_BOUND ( 'NONE', #2245, .T. ) ;
#3929 = AXIS2_PLACEMENT_3D ( 'NONE', #2705, #219, #4348 ) ;
#3930 = FACE_OUTER_BOUND ( 'NONE', #3551, .T. ) ;
#3931 = EDGE_LOOP ( 'NONE', ( #491, #4179, #2411, #2624 ) ) ;
#3932 = CYLINDRICAL_SURFACE ( 'NONE', #4273, 5.000000000000000000 ) ;
#3933 = DIRECTION ( 'NONE',  ( 0.000000000000000000, 0.000000000000000000, -1.000000000000000000 ) ) ;
#3934 = ADVANCED_FACE ( 'NONE', ( #1317 ), #3674, .F. ) ;
#3935 = VECTOR ( 'NONE', #2483, 1000.000000000000000 ) ;
#3936 = PLANE ( 'NONE',  #1288 ) ;
#3937 = VERTEX_POINT ( 'NONE', #3087 ) ;
#3938 = CARTESIAN_POINT ( 'NONE',  ( 20.18583553952948861, 26.79166666666666430, 54.64213562373092969 ) ) ;
#3939 = EDGE_LOOP ( 'NONE', ( #447, #2777, #2463, #140 ) ) ;
#3940 = LINE ( 'NONE', #3919, #2374 ) ;
#3941 = ADVANCED_FACE ( 'NONE', ( #3783 ), #2417, .F. ) ;
#3942 = EDGE_CURVE ( 'NONE', #2872, #3955, #3847, .T. ) ;
#3944 = CARTESIAN_POINT ( 'NONE',  ( -26.79166666666666430, 20.18583553952948151, 40.50000000000000000 ) ) ;
#3943 = AXIS2_PLACEMENT_3D ( 'NONE', #829, #3268, #1907 ) ;
#3945 = ORIENTED_EDGE ( 'NONE', *, *, #1851, .T. ) ;
#3946 = APPLICATION_PROTOCOL_DEFINITION ( 'draft international standard', 'automotive_design', 1998, #3839 ) ;
#3947 = AXIS2_PLACEMENT_3D ( 'NONE', #2038, #2404, #3419 ) ;
#3948 = LINE ( 'NONE', #4251, #3171 ) ;
#3949 = DIRECTION ( 'NONE',  ( 1.000000000000000000, 0.000000000000000000, 0.000000000000000000 ) ) ;
#3950 = CIRCLE ( 'NONE', #427, 1.000000000000000888 ) ;
#3951 = VECTOR ( 'NONE', #2693, 1000.000000000000000 ) ;
#3952 = EDGE_LOOP ( 'NONE', ( #545, #2555, #2103, #2241 ) ) ;
#3953 = CARTESIAN_POINT ( 'NONE',  ( -27.19999999999999929, -19.27300264743537639, -40.50000000000000000 ) ) ;
#3954 = CIRCLE ( 'NONE', #2675, 19.00000000000000000 ) ;
#3955 = VERTEX_POINT ( 'NONE', #2462 ) ;
#3956 = VECTOR ( 'NONE', #863, 1000.000000000000000 ) ;
#3957 = CARTESIAN_POINT ( 'NONE',  ( -25.85000000000000142, 13.25000000000001243, 42.70000000000000284 ) ) ;
#3958 = VECTOR ( 'NONE', #2843, 1000.000000000000000 ) ;
#3959 = PLANE ( 'NONE',  #3230 ) ;
#3960 = ORIENTED_EDGE ( 'NONE', *, *, #3288, .F. ) ;
#3961 = CARTESIAN_POINT ( 'NONE',  ( 0.000000000000000000, 0.000000000000000000, 47.09999999999999432 ) ) ;
#3962 = LINE ( 'NONE', #4001, #2671 ) ;
#3963 = CIRCLE ( 'NONE', #2022, 1.000000000000000888 ) ;
#3964 = VERTEX_POINT ( 'NONE', #398 ) ;
#3965 = PLANE ( 'NONE',  #2369 ) ;
#3966 = VERTEX_POINT ( 'NONE', #3827 ) ;
#3967 = CARTESIAN_POINT ( 'NONE',  ( 28.19999999999999929, -24.19999999999999929, 40.50000000000000000 ) ) ;
#3968 = DIRECTION ( 'NONE',  ( 0.000000000000000000, 0.000000000000000000, 1.000000000000000000 ) ) ;
#3969 = ORIENTED_EDGE ( 'NONE', *, *, #1494, .F. ) ;
#3970 = ADVANCED_FACE ( 'NONE', ( #786 ), #358, .F. ) ;
#3971 = EDGE_CURVE ( 'NONE', #4404, #1514, #2073, .T. ) ;
#3972 = ORIENTED_EDGE ( 'NONE', *, *, #2050, .F. ) ;
#3973 = CARTESIAN_POINT ( 'NONE',  ( -24.75000000000000000, 24.75000000000000000, 40.50000000000000000 ) ) ;
#3974 = ORIENTED_EDGE ( 'NONE', *, *, #1257, .F. ) ;
#3975 = CARTESIAN_POINT ( 'NONE',  ( 25.44999999999999929, -14.50000000000000888, 42.70000000000000284 ) ) ;
#3976 = VERTEX_POINT ( 'NONE', #1774 ) ;
#3977 = CARTESIAN_POINT ( 'NONE',  ( 23.57499999999999929, 23.57500000000000639, 45.50000000000000000 ) ) ;
#3978 = LINE ( 'NONE', #1570, #4292 ) ;
#3979 = ORIENTED_EDGE ( 'NONE', *, *, #3409, .T. ) ;
#3980 = DIRECTION ( 'NONE',  ( 1.000000000000000000, 0.000000000000000000, 0.000000000000000000 ) ) ;
#3981 = DIRECTION ( 'NONE',  ( 6.308085367188392213E-16, 1.000000000000000000, -0.000000000000000000 ) ) ;
#3982 = VERTEX_POINT ( 'NONE', #4180 ) ;
#3983 = DIRECTION ( 'NONE',  ( 0.000000000000000000, 0.000000000000000000, 1.000000000000000000 ) ) ;
#3984 = ORIENTED_EDGE ( 'NONE', *, *, #45, .F. ) ;
#3985 = DIRECTION ( 'NONE',  ( -0.000000000000000000, -1.000000000000000000, -0.000000000000000000 ) ) ;
#3986 = EDGE_LOOP ( 'NONE', ( #316, #1161, #2534, #2795, #2700, #1293, #484, #3253, #2041, #3747, #3195, #1654, #1260, #579, #2030, #260 ) ) ;
#3987 = ORIENTED_EDGE ( 'NONE', *, *, #335, .T. ) ;
#3988 = LINE ( 'NONE', #3053, #1595 ) ;
#3989 = CARTESIAN_POINT ( 'NONE',  ( -28.19999999999999929, -11.25000000000001066, 40.50000000000000000 ) ) ;
#3990 = ADVANCED_FACE ( 'NONE', ( #4196 ), #2132, .F. ) ;
#3991 = EDGE_CURVE ( 'NONE', #2680, #234, #3866, .T. ) ;
#3992 = FACE_OUTER_BOUND ( 'NONE', #3825, .T. ) ;
#3993 = CARTESIAN_POINT ( 'NONE',  ( -23.57499999999999929, 23.57499999999999929, 45.50000000000000000 ) ) ;
#3994 = VERTEX_POINT ( 'NONE', #2816 ) ;
#3995 = DIRECTION ( 'NONE',  ( 0.000000000000000000, 0.000000000000000000, 1.000000000000000000 ) ) ;
#3996 = ADVANCED_FACE ( 'NONE', ( #1737 ), #3153, .F. ) ;
#3997 = EDGE_CURVE ( 'NONE', #3314, #1627, #50, .T. ) ;
#3998 = FACE_OUTER_BOUND ( 'NONE', #3798, .T. ) ;
#3999 = ORIENTED_EDGE ( 'NONE', *, *, #730, .F. ) ;
#4000 = LINE ( 'NONE', #1602, #4149 ) ;
#4001 = CARTESIAN_POINT ( 'NONE',  ( 28.19999999999999929, -28.19999999999999929, -40.50000000000000000 ) ) ;
#4002 = VECTOR ( 'NONE', #4032, 1000.000000000000000 ) ;
#4003 = DIRECTION ( 'NONE',  ( -0.000000000000000000, -0.000000000000000000, -1.000000000000000000 ) ) ;
#4004 = AXIS2_PLACEMENT_3D ( 'NONE', #4249, #3968, #175 ) ;
#4005 = EDGE_LOOP ( 'NONE', ( #176, #2945, #1042, #4448 ) ) ;
#4006 = CARTESIAN_POINT ( 'NONE',  ( 24.19999999999999929, -14.10000000000001030, 41.20000000000000284 ) ) ;
#4007 = DIRECTION ( 'NONE',  ( -1.000000000000000000, 0.000000000000000000, 0.000000000000000000 ) ) ;
#4008 = VERTEX_POINT ( 'NONE', #3430 ) ;
#4009 = CARTESIAN_POINT ( 'NONE',  ( -25.05000000000000426, 13.25000000000001066, 41.20000000000000284 ) ) ;
#4010 = EDGE_LOOP ( 'NONE', ( #2654, #8, #718, #3495 ) ) ;
#4011 = AXIS2_PLACEMENT_3D ( 'NONE', #699, #3494, #1418 ) ;
#4012 = ORIENTED_EDGE ( 'NONE', *, *, #389, .F. ) ;
#4013 = DIRECTION ( 'NONE',  ( -0.000000000000000000, -0.000000000000000000, -1.000000000000000000 ) ) ;
#4014 = DIRECTION ( 'NONE',  ( 1.000000000000000000, 0.000000000000000000, 0.000000000000000000 ) ) ;
#4015 = VECTOR ( 'NONE', #348, 1000.000000000000000 ) ;
#4016 = TOROIDAL_SURFACE ( 'NONE', #2380, 1.649999999999997913, 0.5000000000000000000 ) ;
#4017 = LINE ( 'NONE', #942, #203 ) ;
#4018 = EDGE_CURVE ( 'NONE', #2757, #1047, #1854, .T. ) ;
#4019 = FACE_OUTER_BOUND ( 'NONE', #1904, .T. ) ;
#4020 = ORIENTED_EDGE ( 'NONE', *, *, #2765, .F. ) ;
#4021 = FACE_OUTER_BOUND ( 'NONE', #1032, .T. ) ;
#4022 = AXIS2_PLACEMENT_3D ( 'NONE', #3055, #2988, #4342 ) ;
#4023 = DIRECTION ( 'NONE',  ( 0.000000000000000000, 1.000000000000000000, 0.000000000000000000 ) ) ;
#4024 = EDGE_LOOP ( 'NONE', ( #4296, #4418 ) ) ;
#4025 = FACE_BOUND ( 'NONE', #1667, .T. ) ;
#4026 = EDGE_CURVE ( 'NONE', #3904, #2774, #3178, .T. ) ;
#4027 = VECTOR ( 'NONE', #2094, 1000.000000000000000 ) ;
#4028 = EDGE_CURVE ( 'NONE', #1214, #1124, #3379, .T. ) ;
#4029 = DIRECTION ( 'NONE',  ( -0.000000000000000000, -0.000000000000000000, -1.000000000000000000 ) ) ;
#4030 = CARTESIAN_POINT ( 'NONE',  ( -27.19999999999999929, -19.27300264743537639, 40.50000000000000000 ) ) ;
#4031 = ORIENTED_EDGE ( 'NONE', *, *, #2014, .F. ) ;
#4032 = DIRECTION ( 'NONE',  ( 0.000000000000000000, 1.000000000000000000, 0.000000000000000000 ) ) ;
#4033 = EDGE_CURVE ( 'NONE', #3301, #908, #380, .T. ) ;
#4034 = DIRECTION ( 'NONE',  ( -1.000000000000000000, 0.000000000000000000, 0.000000000000000000 ) ) ;
#4035 = AXIS2_PLACEMENT_3D ( 'NONE', #3401, #2631, #4363 ) ;
#4036 = DIRECTION ( 'NONE',  ( 0.000000000000000000, -0.000000000000000000, -1.000000000000000000 ) ) ;
#4037 = ORIENTED_EDGE ( 'NONE', *, *, #27, .F. ) ;
#4038 = VERTEX_POINT ( 'NONE', #1123 ) ;
#4039 = LINE ( 'NONE', #3703, #661 ) ;
#4040 = LINE ( 'NONE', #641, #3456 ) ;
#4041 = ORIENTED_EDGE ( 'NONE', *, *, #3069, .T. ) ;
#4042 = DIRECTION ( 'NONE',  ( 0.000000000000000000, 0.000000000000000000, 1.000000000000000000 ) ) ;
#4043 = CARTESIAN_POINT ( 'NONE',  ( 25.44999999999999929, -14.50000000000000888, 45.50000000000000000 ) ) ;
#4044 = LINE ( 'NONE', #967, #3451 ) ;
#4045 = VERTEX_POINT ( 'NONE', #1461 ) ;
#4046 = PLANE ( 'NONE',  #987 ) ;
#4047 = DIRECTION ( 'NONE',  ( 0.000000000000000000, 0.000000000000000000, 1.000000000000000000 ) ) ;
#4048 = DIRECTION ( 'NONE',  ( -1.000000000000000000, 0.000000000000000000, -0.000000000000000000 ) ) ;
#4049 = EDGE_CURVE ( 'NONE', #2096, #1517, #330, .T. ) ;
#4050 = ADVANCED_FACE ( 'NONE', ( #1046 ), #2776, .F. ) ;
#4051 = CARTESIAN_POINT ( 'NONE',  ( 19.75000000000001776, -24.75000000000000000, 40.50000000000000000 ) ) ;
#4052 = ORIENTED_EDGE ( 'NONE', *, *, #1093, .F. ) ;
#4053 = LINE ( 'NONE', #2997, #3665 ) ;
#4054 = DIRECTION ( 'NONE',  ( -0.000000000000000000, -0.000000000000000000, 1.000000000000000000 ) ) ;
#4055 = EDGE_CURVE ( 'NONE', #1047, #2757, #637, .T. ) ;
#4056 = CARTESIAN_POINT ( 'NONE',  ( -21.07499999999999574, -23.57499999999999929, 40.50000000000000000 ) ) ;
#4057 = VERTEX_POINT ( 'NONE', #3555 ) ;
#4058 = ORIENTED_EDGE ( 'NONE', *, *, #2068, .T. ) ;
#4059 = FACE_BOUND ( 'NONE', #1267, .T. ) ;
#4060 = LINE ( 'NONE', #2377, #2148 ) ;
#4061 = DIRECTION ( 'NONE',  ( -4.081702296416008108E-15, 1.000000000000000000, 0.000000000000000000 ) ) ;
#4062 = CYLINDRICAL_SURFACE ( 'NONE', #2308, 2.499999999999998668 ) ;
#4063 = DIRECTION ( 'NONE',  ( -0.000000000000000000, -0.000000000000000000, -1.000000000000000000 ) ) ;
#4064 = CARTESIAN_POINT ( 'NONE',  ( 25.44999999999999929, -11.25000000000001066, 45.50000000000000000 ) ) ;
#4065 = ORIENTED_EDGE ( 'NONE', *, *, #4461, .T. ) ;
#4066 = CARTESIAN_POINT ( 'NONE',  ( -25.85000000000000142, 13.25000000000001243, 41.20000000000000284 ) ) ;
#4067 = DIRECTION ( 'NONE',  ( -1.000000000000000000, 0.000000000000000000, 0.000000000000000000 ) ) ;
#4068 = CARTESIAN_POINT ( 'NONE',  ( -26.70000000000000284, -14.10000000000001030, 41.20000000000000284 ) ) ;
#4069 = DIRECTION ( 'NONE',  ( 1.000000000000000000, 0.000000000000000000, 0.000000000000000000 ) ) ;
#4070 = ORIENTED_EDGE ( 'NONE', *, *, #1247, .T. ) ;
#4071 = DIRECTION ( 'NONE',  ( 1.000000000000000000, 0.000000000000000000, 0.000000000000000000 ) ) ;
#4072 = AXIS2_PLACEMENT_3D ( 'NONE', #2993, #3316, #2358 ) ;
#4073 = CARTESIAN_POINT ( 'NONE',  ( -23.57499999999999574, -23.57499999999999929, 45.50000000000000000 ) ) ;
#4074 = ADVANCED_FACE ( 'NONE', ( #3575 ), #3959, .F. ) ;
#4075 = DIRECTION ( 'NONE',  ( -1.224646799147353207E-16, 1.000000000000000000, 0.000000000000000000 ) ) ;
#4076 = ORIENTED_EDGE ( 'NONE', *, *, #1276, .F. ) ;
#4077 = EDGE_CURVE ( 'NONE', #4287, #2418, #463, .T. ) ;
#4078 = EDGE_CURVE ( 'NONE', #2886, #3691, #1532, .T. ) ;
#4079 = VERTEX_POINT ( 'NONE', #3539 ) ;
#4080 = DIRECTION ( 'NONE',  ( 0.000000000000000000, 1.000000000000000000, 0.000000000000000000 ) ) ;
#4081 = CARTESIAN_POINT ( 'NONE',  ( 0.000000000000000000, 0.000000000000000000, -36.50000000000000711 ) ) ;
#4082 = DIRECTION ( 'NONE',  ( -1.000000000000000000, 0.000000000000000000, 0.000000000000000000 ) ) ;
#4083 = CARTESIAN_POINT ( 'NONE',  ( 25.44999999999999929, 14.50000000000000888, 40.50000000000000000 ) ) ;
#4084 = VECTOR ( 'NONE', #3890, 1000.000000000000000 ) ;
#4085 = VECTOR ( 'NONE', #2257, 1000.000000000000000 ) ;
#4086 = DIRECTION ( 'NONE',  ( -1.000000000000000000, -0.000000000000000000, -0.000000000000000000 ) ) ;
#4087 = CIRCLE ( 'NONE', #2219, 4.999999999999990230 ) ;
#4088 = EDGE_LOOP ( 'NONE', ( #3867, #443, #2186, #1647 ) ) ;
#4089 = CARTESIAN_POINT ( 'NONE',  ( 19.00000000000000000, 2.326828918379970970E-15, 47.09999999999999432 ) ) ;
#4090 = LINE ( 'NONE', #2289, #3530 ) ;
#4091 = VECTOR ( 'NONE', #4098, 1000.000000000000000 ) ;
#4092 = ORIENTED_EDGE ( 'NONE', *, *, #1743, .F. ) ;
#4093 = CARTESIAN_POINT ( 'NONE',  ( 0.000000000000000000, 0.000000000000000000, 66.99999999999998579 ) ) ;
#4094 = AXIS2_PLACEMENT_3D ( 'NONE', #971, #2416, #1352 ) ;
#4095 = CARTESIAN_POINT ( 'NONE',  ( 24.75000000000000000, -24.75000000000000000, 40.50000000000000000 ) ) ;
#4096 = ORIENTED_EDGE ( 'NONE', *, *, #2540, .T. ) ;
#4097 = CARTESIAN_POINT ( 'NONE',  ( 25.85000000000000142, -14.10000000000001030, 41.20000000000000284 ) ) ;
#4098 = DIRECTION ( 'NONE',  ( -1.000000000000000000, -0.000000000000000000, -0.000000000000000000 ) ) ;
#4099 = CIRCLE ( 'NONE', #2523, 1.000000000000000888 ) ;
#4100 = CIRCLE ( 'NONE', #1217, 2.149999999999999023 ) ;
#4101 = ADVANCED_FACE ( 'NONE', ( #3930 ), #4436, .T. ) ;
#4102 = CARTESIAN_POINT ( 'NONE',  ( -19.27300264743537639, -27.19999999999999929, -40.50000000000000000 ) ) ;
#4103 = ORIENTED_EDGE ( 'NONE', *, *, #2346, .T. ) ;
#4104 = CIRCLE ( 'NONE', #2018, 2.499999999999998668 ) ;
#4105 = VERTEX_POINT ( 'NONE', #3285 ) ;
#4106 = CARTESIAN_POINT ( 'NONE',  ( -3.174999999999999822, 0.000000000000000000, 66.99999999999998579 ) ) ;
#4107 = AXIS2_PLACEMENT_3D ( 'NONE', #1879, #156, #1543 ) ;
#4108 = ADVANCED_FACE ( 'NONE', ( #2563 ), #878, .F. ) ;
#4109 = EDGE_CURVE ( 'NONE', #3179, #3688, #4214, .T. ) ;
#4110 = LINE ( 'NONE', #58, #573 ) ;
#4111 = DIRECTION ( 'NONE',  ( 1.000000000000000000, 0.000000000000000000, 0.000000000000000000 ) ) ;
#4112 = DIRECTION ( 'NONE',  ( -0.000000000000000000, -0.000000000000000000, 1.000000000000000000 ) ) ;
#4113 = EDGE_CURVE ( 'NONE', #229, #1968, #1296, .T. ) ;
#4114 = CARTESIAN_POINT ( 'NONE',  ( 5.000000000000000000, 6.123233995736766282E-16, -36.50000000000000711 ) ) ;
#4115 = ORIENTED_EDGE ( 'NONE', *, *, #2966, .F. ) ;
#4116 = VERTEX_POINT ( 'NONE', #1835 ) ;
#4117 = FACE_OUTER_BOUND ( 'NONE', #1782, .T. ) ;
#4118 = ORIENTED_EDGE ( 'NONE', *, *, #2653, .F. ) ;
#4119 = CARTESIAN_POINT ( 'NONE',  ( -25.85000000000000142, 15.75000000000001066, 41.20000000000000284 ) ) ;
#4120 = VERTEX_POINT ( 'NONE', #3217 ) ;
#4121 = CARTESIAN_POINT ( 'NONE',  ( -25.44999999999999929, 14.50000000000000888, 40.50000000000000000 ) ) ;
#4122 = DIRECTION ( 'NONE',  ( -0.000000000000000000, -0.000000000000000000, -1.000000000000000000 ) ) ;
#4123 = DIRECTION ( 'NONE',  ( -0.000000000000000000, -0.000000000000000000, -1.000000000000000000 ) ) ;
#4124 = ORIENTED_EDGE ( 'NONE', *, *, #2547, .T. ) ;
#4125 = ORIENTED_EDGE ( 'NONE', *, *, #3914, .T. ) ;
#4126 = FACE_OUTER_BOUND ( 'NONE', #2430, .T. ) ;
#4127 = DIRECTION ( 'NONE',  ( 1.000000000000000000, 0.000000000000000000, 0.000000000000000000 ) ) ;
#4128 = DIRECTION ( 'NONE',  ( -1.000000000000000000, 0.000000000000000000, 0.000000000000000000 ) ) ;
#4129 = ADVANCED_FACE ( 'NONE', ( #538 ), #2196, .F. ) ;
#4130 = EDGE_CURVE ( 'NONE', #3823, #2422, #165, .T. ) ;
#4131 = DIRECTION ( 'NONE',  ( 0.000000000000000000, 0.000000000000000000, 1.000000000000000000 ) ) ;
#4132 = PRODUCT_DEFINITION_CONTEXT ( 'detailed design', #3839, 'design' ) ;
#4133 = LINE ( 'NONE', #1057, #2350 ) ;
#4134 = ORIENTED_EDGE ( 'NONE', *, *, #1639, .F. ) ;
#4135 = ORIENTED_EDGE ( 'NONE', *, *, #677, .T. ) ;
#4136 = DIRECTION ( 'NONE',  ( 6.308085367188392213E-16, -1.000000000000000000, 0.000000000000000000 ) ) ;
#4137 = EDGE_CURVE ( 'NONE', #4384, #3797, #3978, .T. ) ;
#4138 = VERTEX_POINT ( 'NONE', #1549 ) ;
#4139 = EDGE_CURVE ( 'NONE', #1792, #2602, #1506, .T. ) ;
#4140 = CARTESIAN_POINT ( 'NONE',  ( -25.44999999999999929, 17.75000000000000711, 45.50000000000000000 ) ) ;
#4141 = ORIENTED_EDGE ( 'NONE', *, *, #3624, .T. ) ;
#4142 = DIRECTION ( 'NONE',  ( -0.000000000000000000, 1.000000000000000000, -0.000000000000000000 ) ) ;
#4143 = CARTESIAN_POINT ( 'NONE',  ( 22.19999999999999929, -14.50000000000000888, 45.50000000000000000 ) ) ;
#4144 = DIRECTION ( 'NONE',  ( -1.000000000000000000, 0.000000000000000000, 0.000000000000000000 ) ) ;
#4145 = ORIENTED_EDGE ( 'NONE', *, *, #328, .F. ) ;
#4146 = ORIENTED_EDGE ( 'NONE', *, *, #2513, .T. ) ;
#4147 = FACE_OUTER_BOUND ( 'NONE', #223, .T. ) ;
#4148 = CARTESIAN_POINT ( 'NONE',  ( -24.19999999999999929, 14.10000000000001030, 41.20000000000000284 ) ) ;
#4149 = VECTOR ( 'NONE', #2316, 1000.000000000000000 ) ;
#4150 = AXIS2_PLACEMENT_3D ( 'NONE', #295, #4426, #1675 ) ;
#4151 = LINE ( 'NONE', #2806, #1381 ) ;
#4152 = CARTESIAN_POINT ( 'NONE',  ( -25.85000000000000142, -14.90000000000000924, 42.70000000000000284 ) ) ;
#4153 = ORIENTED_EDGE ( 'NONE', *, *, #1768, .F. ) ;
#4154 = ORIENTED_EDGE ( 'NONE', *, *, #1634, .F. ) ;
#4155 = DIRECTION ( 'NONE',  ( -0.000000000000000000, -0.000000000000000000, -1.000000000000000000 ) ) ;
#4156 = ORIENTED_EDGE ( 'NONE', *, *, #777, .T. ) ;
#4157 = VECTOR ( 'NONE', #2544, 1000.000000000000000 ) ;
#4158 = EDGE_CURVE ( 'NONE', #4300, #3273, #2507, .T. ) ;
#4159 = EDGE_CURVE ( 'NONE', #3411, #2646, #2878, .T. ) ;
#4160 = DIRECTION ( 'NONE',  ( 0.000000000000000000, 0.000000000000000000, -1.000000000000000000 ) ) ;
#4161 = ORIENTED_EDGE ( 'NONE', *, *, #4239, .T. ) ;
#4162 = FACE_BOUND ( 'NONE', #1071, .T. ) ;
#4163 = VECTOR ( 'NONE', #4054, 1000.000000000000000 ) ;
#4164 = EDGE_CURVE ( 'NONE', #2615, #3776, #3603, .T. ) ;
#4165 = DIRECTION ( 'NONE',  ( -1.000000000000000000, 0.000000000000000000, -0.000000000000000000 ) ) ;
#4166 = ORIENTED_EDGE ( 'NONE', *, *, #4456, .T. ) ;
#4167 = VECTOR ( 'NONE', #1021, 1000.000000000000000 ) ;
#4168 = VECTOR ( 'NONE', #2613, 1000.000000000000000 ) ;
#4169 = ORIENTED_EDGE ( 'NONE', *, *, #1552, .F. ) ;
#4170 = LINE ( 'NONE', #2471, #1798 ) ;
#4171 = LINE ( 'NONE', #388, #2512 ) ;
#4172 = VECTOR ( 'NONE', #4297, 1000.000000000000000 ) ;
#4173 = CARTESIAN_POINT ( 'NONE',  ( -26.70000000000000284, -14.90000000000000924, 41.20000000000000284 ) ) ;
#4174 = AXIS2_PLACEMENT_3D ( 'NONE', #2626, #1678, #2275 ) ;
#4175 = LINE ( 'NONE', #3795, #2952 ) ;
#4176 = ORIENTED_EDGE ( 'NONE', *, *, #1966, .F. ) ;
#4177 = VERTEX_POINT ( 'NONE', #4259 ) ;
#4178 = DIRECTION ( 'NONE',  ( -1.000000000000000000, 0.000000000000000000, 0.000000000000000000 ) ) ;
#4179 = ORIENTED_EDGE ( 'NONE', *, *, #4201, .F. ) ;
#4180 = CARTESIAN_POINT ( 'NONE',  ( 24.20000000000000284, 28.19999999999999929, 45.50000000000000000 ) ) ;
#4181 = VERTEX_POINT ( 'NONE', #4240 ) ;
#4182 = DIRECTION ( 'NONE',  ( 0.000000000000000000, 0.000000000000000000, 1.000000000000000000 ) ) ;
#4183 = CARTESIAN_POINT ( 'NONE',  ( -25.44999999999999929, -14.50000000000000888, 42.70000000000000284 ) ) ;
#4184 = ADVANCED_FACE ( 'NONE', ( #145 ), #1861, .F. ) ;
#4185 = ADVANCED_FACE ( 'NONE', ( #3998 ), #3014, .T. ) ;
#4186 = LINE ( 'NONE', #2780, #3652 ) ;
#4187 = ORIENTED_EDGE ( 'NONE', *, *, #3429, .T. ) ;
#4188 = FACE_OUTER_BOUND ( 'NONE', #2863, .T. ) ;
#4189 = ORIENTED_EDGE ( 'NONE', *, *, #4205, .T. ) ;
#4190 = CYLINDRICAL_SURFACE ( 'NONE', #4299, 2.149999999999999023 ) ;
#4191 = CYLINDRICAL_SURFACE ( 'NONE', #1024, 1.000000000000000888 ) ;
#4192 = LINE ( 'NONE', #1118, #932 ) ;
#4193 = ORIENTED_EDGE ( 'NONE', *, *, #1607, .F. ) ;
#4194 = CARTESIAN_POINT ( 'NONE',  ( -25.85000000000000142, -13.25000000000001243, 41.20000000000000284 ) ) ;
#4195 = ORIENTED_EDGE ( 'NONE', *, *, #4055, .T. ) ;
#4196 = FACE_OUTER_BOUND ( 'NONE', #2211, .T. ) ;
#4197 = ORIENTED_EDGE ( 'NONE', *, *, #977, .T. ) ;
#4198 = DIRECTION ( 'NONE',  ( 0.000000000000000000, 0.000000000000000000, 1.000000000000000000 ) ) ;
#4199 = CARTESIAN_POINT ( 'NONE',  ( 23.57499999999999929, 23.57500000000000639, 40.50000000000000000 ) ) ;
#4200 = ORIENTED_EDGE ( 'NONE', *, *, #860, .F. ) ;
#4201 = EDGE_CURVE ( 'NONE', #277, #3111, #3405, .T. ) ;
#4202 = CARTESIAN_POINT ( 'NONE',  ( 25.44999999999999929, -17.75000000000000711, 40.50000000000000000 ) ) ;
#4203 = ORIENTED_EDGE ( 'NONE', *, *, #785, .F. ) ;
#4204 = LINE ( 'NONE', #2506, #60 ) ;
#4205 = EDGE_CURVE ( 'NONE', #1952, #3955, #49, .T. ) ;
#4206 = EDGE_CURVE ( 'NONE', #1731, #1823, #1330, .T. ) ;
#4207 = VECTOR ( 'NONE', #1758, 1000.000000000000000 ) ;
#4208 = CARTESIAN_POINT ( 'NONE',  ( -23.57499999999999574, -23.57499999999999929, 45.50000000000000000 ) ) ;
#4209 = DIRECTION ( 'NONE',  ( 0.000000000000000000, -1.000000000000000000, 0.000000000000000000 ) ) ;
#4210 = ORIENTED_EDGE ( 'NONE', *, *, #3421, .T. ) ;
#4211 = CARTESIAN_POINT ( 'NONE',  ( 26.07499999999999574, 23.57500000000000639, 45.50000000000000000 ) ) ;
#4212 = VERTEX_POINT ( 'NONE', #1640 ) ;
#4213 = CIRCLE ( 'NONE', #2277, 3.249999999999999556 ) ;
#4214 = LINE ( 'NONE', #2917, #494 ) ;
#4215 = ORIENTED_EDGE ( 'NONE', *, *, #3803, .F. ) ;
#4216 = DIRECTION ( 'NONE',  ( -1.000000000000000000, 0.000000000000000000, 0.000000000000000000 ) ) ;
#4217 = DIRECTION ( 'NONE',  ( -0.000000000000000000, -0.000000000000000000, -1.000000000000000000 ) ) ;
#4218 = VECTOR ( 'NONE', #1730, 1000.000000000000000 ) ;
#4219 = AXIS2_PLACEMENT_3D ( 'NONE', #86, #760, #1812 ) ;
#4220 = CARTESIAN_POINT ( 'NONE',  ( 25.44999999999999929, 14.50000000000000888, 40.50000000000000000 ) ) ;
#4221 = ORIENTED_EDGE ( 'NONE', *, *, #444, .F. ) ;
#4222 = AXIS2_PLACEMENT_3D ( 'NONE', #342, #2081, #2449 ) ;
#4223 = DIRECTION ( 'NONE',  ( 0.000000000000000000, 0.000000000000000000, -1.000000000000000000 ) ) ;
#4224 = VERTEX_POINT ( 'NONE', #4064 ) ;
#4225 = CARTESIAN_POINT ( 'NONE',  ( 25.05000000000000426, 15.75000000000001066, 41.20000000000000284 ) ) ;
#4226 = ORIENTED_EDGE ( 'NONE', *, *, #2987, .F. ) ;
#4227 = VECTOR ( 'NONE', #1108, 1000.000000000000000 ) ;
#4228 = CARTESIAN_POINT ( 'NONE',  ( -20.18583553952948151, 26.79166666666666430, 40.50000000000000000 ) ) ;
#4229 = CARTESIAN_POINT ( 'NONE',  ( -28.19999999999999929, 28.19999999999999929, 40.50000000000000000 ) ) ;
#4230 = CARTESIAN_POINT ( 'NONE',  ( -25.44999999999999929, 14.50000000000000888, 40.50000000000000000 ) ) ;
#4231 = AXIS2_PLACEMENT_3D ( 'NONE', #2792, #4155, #3824 ) ;
#4232 = EDGE_CURVE ( 'NONE', #2469, #1521, #3690, .T. ) ;
#4233 = EDGE_CURVE ( 'NONE', #152, #4300, #2730, .T. ) ;
#4234 = VECTOR ( 'NONE', #1953, 1000.000000000000000 ) ;
#4235 = ORIENTED_EDGE ( 'NONE', *, *, #4206, .T. ) ;
#4236 = CARTESIAN_POINT ( 'NONE',  ( 5.000000000000000000, 6.123233995736766282E-16, -40.50000000000000000 ) ) ;
#4237 = EDGE_LOOP ( 'NONE', ( #3626, #2439, #1324, #934, #1351, #2856, #3960, #246 ) ) ;
#4238 = LINE ( 'NONE', #2561, #1378 ) ;
#4239 = EDGE_CURVE ( 'NONE', #2571, #1809, #2283, .T. ) ;
#4240 = CARTESIAN_POINT ( 'NONE',  ( -20.18583553952948151, -26.79166666666666430, -40.50000000000000000 ) ) ;
#4241 = ORIENTED_EDGE ( 'NONE', *, *, #2127, .T. ) ;
#4242 = DIRECTION ( 'NONE',  ( -1.000000000000000000, 0.000000000000000000, 0.000000000000000000 ) ) ;
#4243 = DIRECTION ( 'NONE',  ( 0.000000000000000000, 1.000000000000000000, 0.000000000000000000 ) ) ;
#4244 = DIRECTION ( 'NONE',  ( -0.000000000000000000, -0.000000000000000000, -1.000000000000000000 ) ) ;
#4245 = EDGE_LOOP ( 'NONE', ( #497, #999, #945, #1096 ) ) ;
#4246 = CARTESIAN_POINT ( 'NONE',  ( -25.85000000000000142, 14.10000000000001030, 41.20000000000000284 ) ) ;
#4247 = ORIENTED_EDGE ( 'NONE', *, *, #3486, .T. ) ;
#4248 = CARTESIAN_POINT ( 'NONE',  ( -26.70000000000000284, 14.10000000000001030, 41.20000000000000284 ) ) ;
#4249 = CARTESIAN_POINT ( 'NONE',  ( 19.27300264743538705, 27.19999999999999929, 40.50000000000000000 ) ) ;
#4250 = ORIENTED_EDGE ( 'NONE', *, *, #1067, .T. ) ;
#4251 = CARTESIAN_POINT ( 'NONE',  ( -25.85000000000000142, -13.25000000000001243, 41.20000000000000284 ) ) ;
#4252 = DIRECTION ( 'NONE',  ( -0.000000000000000000, 0.000000000000000000, -1.000000000000000000 ) ) ;
#4253 = ORIENTED_EDGE ( 'NONE', *, *, #2768, .T. ) ;
#4254 = EDGE_CURVE ( 'NONE', #1323, #1550, #217, .T. ) ;
#4255 = EDGE_CURVE ( 'NONE', #3688, #4411, #585, .T. ) ;
#4256 = LINE ( 'NONE', #3010, #3395 ) ;
#4257 = ORIENTED_EDGE ( 'NONE', *, *, #1444, .F. ) ;
#4258 = LINE ( 'NONE', #4305, #2672 ) ;
#4259 = CARTESIAN_POINT ( 'NONE',  ( -26.79166666666666430, -20.18583553952948151, 40.50000000000000000 ) ) ;
#4260 = VERTEX_POINT ( 'NONE', #283 ) ;
#4261 = FACE_OUTER_BOUND ( 'NONE', #989, .T. ) ;
#4262 = EDGE_CURVE ( 'NONE', #3854, #4105, #421, .T. ) ;
#4263 = DIRECTION ( 'NONE',  ( 0.000000000000000000, 1.000000000000000000, 0.000000000000000000 ) ) ;
#4264 = CARTESIAN_POINT ( 'NONE',  ( -25.44999999999999929, -14.50000000000000888, 45.50000000000000000 ) ) ;
#4265 = ORIENTED_EDGE ( 'NONE', *, *, #2959, .T. ) ;
#4266 = CARTESIAN_POINT ( 'NONE',  ( -24.19999999999999929, 14.10000000000001030, 41.20000000000000284 ) ) ;
#4267 = EDGE_LOOP ( 'NONE', ( #632, #4210, #4235, #782, #1652, #522, #4058, #3280, #1263, #1306, #3240, #2344 ) ) ;
#4268 = CARTESIAN_POINT ( 'NONE',  ( -25.44999999999999929, -14.50000000000000888, 42.20000000000000284 ) ) ;
#4269 = PLANE ( 'NONE',  #2435 ) ;
#4270 = VERTEX_POINT ( 'NONE', #3058 ) ;
#4271 = CARTESIAN_POINT ( 'NONE',  ( 28.19999999999999929, -24.19999999999999929, 45.50000000000000000 ) ) ;
#4272 = PLANE ( 'NONE',  #1574 ) ;
#4273 = AXIS2_PLACEMENT_3D ( 'NONE', #3605, #3692, #239 ) ;
#4274 = EDGE_LOOP ( 'NONE', ( #3453, #3406, #2091, #3733 ) ) ;
#4275 = ORIENTED_EDGE ( 'NONE', *, *, #1929, .F. ) ;
#4276 = DIRECTION ( 'NONE',  ( 1.000000000000000000, 0.000000000000000000, -0.000000000000000000 ) ) ;
#4277 = VECTOR ( 'NONE', #1944, 1000.000000000000000 ) ;
#4278 = ORIENTED_EDGE ( 'NONE', *, *, #4018, .F. ) ;
#4279 = DIRECTION ( 'NONE',  ( 0.000000000000000000, 0.000000000000000000, 1.000000000000000000 ) ) ;
#4280 = AXIS2_PLACEMENT_3D ( 'NONE', #4199, #79, #4144 ) ;
#4281 = LINE ( 'NONE', #2974, #1014 ) ;
#4282 = EDGE_CURVE ( 'NONE', #513, #4392, #1311, .T. ) ;
#4283 = EDGE_CURVE ( 'NONE', #486, #1616, #1666, .T. ) ;
#4284 = CARTESIAN_POINT ( 'NONE',  ( 25.85000000000000142, -14.90000000000000924, 42.70000000000000284 ) ) ;
#4285 = VERTEX_POINT ( 'NONE', #4326 ) ;
#4286 = DIRECTION ( 'NONE',  ( -1.000000000000000000, 0.000000000000000000, 0.000000000000000000 ) ) ;
#4287 = VERTEX_POINT ( 'NONE', #626 ) ;
#4288 = AXIS2_PLACEMENT_3D ( 'NONE', #4095, #1646, #4377 ) ;
#4289 = FACE_OUTER_BOUND ( 'NONE', #1832, .T. ) ;
#4290 = AXIS2_PLACEMENT_3D ( 'NONE', #2767, #4131, #1766 ) ;
#4291 = EDGE_CURVE ( 'NONE', #3982, #1104, #4044, .T. ) ;
#4293 = CARTESIAN_POINT ( 'NONE',  ( 24.19999999999999929, 14.10000000000001030, 41.20000000000000284 ) ) ;
#4292 = VECTOR ( 'NONE', #1817, 1000.000000000000000 ) ;
#4294 = EDGE_LOOP ( 'NONE', ( #707, #464, #3969, #1981, #2476, #3115, #1271 ) ) ;
#4295 = VECTOR ( 'NONE', #2598, 1000.000000000000000 ) ;
#4296 = ORIENTED_EDGE ( 'NONE', *, *, #1334, .T. ) ;
#4297 = DIRECTION ( 'NONE',  ( -1.000000000000000000, 0.000000000000000000, 0.000000000000000000 ) ) ;
#4298 = FACE_OUTER_BOUND ( 'NONE', #4294, .T. ) ;
#4299 = AXIS2_PLACEMENT_3D ( 'NONE', #3588, #3855, #1873 ) ;
#4300 = VERTEX_POINT ( 'NONE', #2635 ) ;
#4301 = DIRECTION ( 'NONE',  ( 0.000000000000000000, -1.000000000000000000, 0.000000000000000000 ) ) ;
#4302 = VECTOR ( 'NONE', #1770, 1000.000000000000000 ) ;
#4303 = ORIENTED_EDGE ( 'NONE', *, *, #390, .F. ) ;
#4304 = AXIS2_PLACEMENT_3D ( 'NONE', #4043, #604, #3689 ) ;
#4305 = CARTESIAN_POINT ( 'NONE',  ( 23.30000000000000071, 14.50000000000000888, 42.70000000000000284 ) ) ;
#4306 = CARTESIAN_POINT ( 'NONE',  ( -20.27300264743537639, -27.19999999999999929, 54.64213562373092969 ) ) ;
#4307 = ORIENTED_EDGE ( 'NONE', *, *, #3267, .F. ) ;
#4308 = DIRECTION ( 'NONE',  ( -0.000000000000000000, -0.000000000000000000, 1.000000000000000000 ) ) ;
#4309 = DIRECTION ( 'NONE',  ( 1.000000000000000000, 0.000000000000000000, -0.000000000000000000 ) ) ;
#4310 = CIRCLE ( 'NONE', #1452, 1.649999999999998579 ) ;
#4311 = CARTESIAN_POINT ( 'NONE',  ( 25.05000000000000426, 14.10000000000001030, 42.70000000000000284 ) ) ;
#4312 = ORIENTED_EDGE ( 'NONE', *, *, #2522, .T. ) ;
#4313 = DIRECTION ( 'NONE',  ( 0.000000000000000000, 0.000000000000000000, 1.000000000000000000 ) ) ;
#4314 = ADVANCED_FACE ( 'NONE', ( #3338 ), #2333, .F. ) ;
#4315 = EDGE_CURVE ( 'NONE', #486, #3964, #4346, .T. ) ;
#4316 = ORIENTED_EDGE ( 'NONE', *, *, #2712, .F. ) ;
#4317 = CARTESIAN_POINT ( 'NONE',  ( -23.30000000000000071, 14.50000000000000888, 42.20000000000000284 ) ) ;
#4318 = ORIENTED_EDGE ( 'NONE', *, *, #2082, .F. ) ;
#4319 = ORIENTED_EDGE ( 'NONE', *, *, #3375, .F. ) ;
#4320 = DIRECTION ( 'NONE',  ( 0.000000000000000000, 0.000000000000000000, -1.000000000000000000 ) ) ;
#4321 = LINE ( 'NONE', #621, #716 ) ;
#4322 = EDGE_LOOP ( 'NONE', ( #2305, #2161, #3248, #2761 ) ) ;
#4323 = DIRECTION ( 'NONE',  ( -1.000000000000000000, 0.000000000000000000, 0.000000000000000000 ) ) ;
#4324 = VERTEX_POINT ( 'NONE', #3038 ) ;
#4325 = DIRECTION ( 'NONE',  ( -0.000000000000000000, -0.000000000000000000, 1.000000000000000000 ) ) ;
#4326 = CARTESIAN_POINT ( 'NONE',  ( -28.19999999999999929, -17.75000000000000711, 45.50000000000000000 ) ) ;
#4327 = ORIENTED_EDGE ( 'NONE', *, *, #2387, .F. ) ;
#4328 = CARTESIAN_POINT ( 'NONE',  ( 24.20000000000000284, -28.19999999999999929, 40.50000000000000000 ) ) ;
#4329 = CARTESIAN_POINT ( 'NONE',  ( 28.19999999999999929, 11.25000000000001243, 45.50000000000000000 ) ) ;
#4330 = DIRECTION ( 'NONE',  ( -0.000000000000000000, -0.000000000000000000, 1.000000000000000000 ) ) ;
#4331 = ORIENTED_EDGE ( 'NONE', *, *, #4291, .T. ) ;
#4332 = LINE ( 'NONE', #1268, #1080 ) ;
#4333 = ORIENTED_EDGE ( 'NONE', *, *, #948, .F. ) ;
#4334 = ADVANCED_FACE ( 'NONE', ( #950 ), #988, .F. ) ;
#4335 = DIRECTION ( 'NONE',  ( -0.000000000000000000, -1.000000000000000000, -0.000000000000000000 ) ) ;
#4336 = ORIENTED_EDGE ( 'NONE', *, *, #2894, .F. ) ;
#4337 = EDGE_LOOP ( 'NONE', ( #869, #4414 ) ) ;
#4338 = DIRECTION ( 'NONE',  ( 0.000000000000000000, 0.000000000000000000, 1.000000000000000000 ) ) ;
#4339 = FACE_OUTER_BOUND ( 'NONE', #1237, .T. ) ;
#4340 = EDGE_CURVE ( 'NONE', #2197, #4212, #2356, .T. ) ;
#4341 = EDGE_CURVE ( 'NONE', #3797, #2294, #2040, .T. ) ;
#4342 = DIRECTION ( 'NONE',  ( -1.000000000000000000, 0.000000000000000000, 0.000000000000000000 ) ) ;
#4343 = PLANE ( 'NONE',  #1310 ) ;
#4344 = EDGE_LOOP ( 'NONE', ( #3789, #4118, #3201, #2840 ) ) ;
#4345 = CARTESIAN_POINT ( 'NONE',  ( 25.05000000000000071, 14.90000000000000924, 41.20000000000000284 ) ) ;
#4346 = LINE ( 'NONE', #3708, #415 ) ;
#4347 = ORIENTED_EDGE ( 'NONE', *, *, #4078, .F. ) ;
#4348 = DIRECTION ( 'NONE',  ( -1.000000000000000000, 0.000000000000000000, 0.000000000000000000 ) ) ;
#4349 = DIRECTION ( 'NONE',  ( -0.000000000000000000, -0.000000000000000000, -1.000000000000000000 ) ) ;
#4350 = VECTOR ( 'NONE', #2687, 1000.000000000000000 ) ;
#4351 = FACE_OUTER_BOUND ( 'NONE', #1121, .T. ) ;
#4352 = AXIS2_PLACEMENT_3D ( 'NONE', #2399, #3070, #4036 ) ;
#4353 = ORIENTED_EDGE ( 'NONE', *, *, #1416, .T. ) ;
#4354 = DIRECTION ( 'NONE',  ( -0.000000000000000000, -0.000000000000000000, 1.000000000000000000 ) ) ;
#4355 = DIRECTION ( 'NONE',  ( -0.000000000000000000, -0.000000000000000000, 1.000000000000000000 ) ) ;
#4356 = CARTESIAN_POINT ( 'NONE',  ( 19.75000000000001776, 24.75000000000000000, -40.50000000000000000 ) ) ;
#4357 = VERTEX_POINT ( 'NONE', #478 ) ;
#4358 = CARTESIAN_POINT ( 'NONE',  ( -19.27300264743537639, 27.19999999999999929, 54.64213562373092969 ) ) ;
#4359 = CARTESIAN_POINT ( 'NONE',  ( 25.85000000000000142, -13.25000000000001243, 42.70000000000000284 ) ) ;
#4360 = AXIS2_PLACEMENT_3D ( 'NONE', #3475, #3910, #517 ) ;
#4361 = VECTOR ( 'NONE', #566, 1000.000000000000000 ) ;
#4362 = ORIENTED_EDGE ( 'NONE', *, *, #3176, .F. ) ;
#4363 = DIRECTION ( 'NONE',  ( 0.000000000000000000, 0.000000000000000000, 1.000000000000000000 ) ) ;
#4364 = EDGE_CURVE ( 'NONE', #1158, #1605, #3470, .T. ) ;
#4365 = EDGE_CURVE ( 'NONE', #3823, #3314, #1829, .T. ) ;
#4366 = FACE_OUTER_BOUND ( 'NONE', #3120, .T. ) ;
#4367 = AXIS2_PLACEMENT_3D ( 'NONE', #2531, #1130, #4223 ) ;
#4368 = DIRECTION ( 'NONE',  ( 1.000000000000000000, 0.000000000000000000, 0.000000000000000000 ) ) ;
#4369 = ORIENTED_EDGE ( 'NONE', *, *, #3007, .F. ) ;
#4370 = AXIS2_PLACEMENT_3D ( 'NONE', #1934, #2593, #3933 ) ;
#4371 = DIRECTION ( 'NONE',  ( -1.000000000000000000, 0.000000000000000000, 0.000000000000000000 ) ) ;
#4372 = AXIS2_PLACEMENT_3D ( 'NONE', #387, #1763, #1428 ) ;
#4373 = LINE ( 'NONE', #1687, #3246 ) ;
#4374 = EDGE_CURVE ( 'NONE', #4440, #1047, #3568, .T. ) ;
#4375 = FACE_OUTER_BOUND ( 'NONE', #3537, .T. ) ;
#4376 = VECTOR ( 'NONE', #3711, 1000.000000000000000 ) ;
#4377 = DIRECTION ( 'NONE',  ( -1.000000000000000000, 0.000000000000000000, 0.000000000000000000 ) ) ;
#4378 = VERTEX_POINT ( 'NONE', #4228 ) ;
#4379 = CARTESIAN_POINT ( 'NONE',  ( -25.85000000000000142, 14.10000000000001030, 41.20000000000000284 ) ) ;
#4380 = CARTESIAN_POINT ( 'NONE',  ( -25.05000000000000071, 14.90000000000000924, 42.70000000000000284 ) ) ;
#4381 = AXIS2_PLACEMENT_3D ( 'NONE', #3106, #1788, #3487 ) ;
#4382 = DIRECTION ( 'NONE',  ( -1.000000000000000000, 0.000000000000000000, 0.000000000000000000 ) ) ;
#4383 = VERTEX_POINT ( 'NONE', #84 ) ;
#4384 = VERTEX_POINT ( 'NONE', #1016 ) ;
#4385 = CARTESIAN_POINT ( 'NONE',  ( -27.09999999999999787, -14.50000000000000888, 42.20000000000000284 ) ) ;
#4386 = LINE ( 'NONE', #1326, #2943 ) ;
#4387 = ORIENTED_EDGE ( 'NONE', *, *, #1234, .T. ) ;
#4388 = PLANE ( 'NONE',  #1665 ) ;
#4389 = DIRECTION ( 'NONE',  ( -1.000000000000000000, 0.000000000000000000, 0.000000000000000000 ) ) ;
#4390 = EDGE_CURVE ( 'NONE', #1731, #2571, #2429, .T. ) ;
#4391 = DIRECTION ( 'NONE',  ( 0.000000000000000000, 1.000000000000000000, 0.000000000000000000 ) ) ;
#4392 = VERTEX_POINT ( 'NONE', #2864 ) ;
#4393 = DIRECTION ( 'NONE',  ( -0.000000000000000000, -0.000000000000000000, -1.000000000000000000 ) ) ;
#4394 = FACE_OUTER_BOUND ( 'NONE', #3805, .T. ) ;
#4395 = LINE ( 'NONE', #2027, #3600 ) ;
#4396 = EDGE_CURVE ( 'NONE', #3599, #3139, #672, .T. ) ;
#4397 = EDGE_CURVE ( 'NONE', #3564, #3937, #2284, .T. ) ;
#4398 = PLANE ( 'NONE',  #2141 ) ;
#4399 = VERTEX_POINT ( 'NONE', #691 ) ;
#4400 = LINE ( 'NONE', #1648, #2150 ) ;
#4401 = CARTESIAN_POINT ( 'NONE',  ( 25.05000000000000071, -14.90000000000000924, 42.70000000000000284 ) ) ;
#4402 = FACE_OUTER_BOUND ( 'NONE', #2813, .T. ) ;
#4403 = ORIENTED_EDGE ( 'NONE', *, *, #3100, .F. ) ;
#4404 = VERTEX_POINT ( 'NONE', #4 ) ;
#4405 = DIRECTION ( 'NONE',  ( 0.000000000000000000, 1.000000000000000000, 0.000000000000000000 ) ) ;
#4406 = DIRECTION ( 'NONE',  ( -0.000000000000000000, -0.000000000000000000, -1.000000000000000000 ) ) ;
#4407 = ORIENTED_EDGE ( 'NONE', *, *, #3680, .T. ) ;
#4408 = DIRECTION ( 'NONE',  ( 0.000000000000000000, 0.000000000000000000, -1.000000000000000000 ) ) ;
#4409 = DIRECTION ( 'NONE',  ( -1.000000000000000000, 0.000000000000000000, 0.000000000000000000 ) ) ;
#4410 = CARTESIAN_POINT ( 'NONE',  ( 25.05000000000000071, -14.90000000000000924, 41.20000000000000284 ) ) ;
#4411 = VERTEX_POINT ( 'NONE', #822 ) ;
#4412 = CARTESIAN_POINT ( 'NONE',  ( -25.44999999999999929, 14.50000000000000888, 42.70000000000000284 ) ) ;
#4413 = DIRECTION ( 'NONE',  ( 0.000000000000000000, 0.000000000000000000, -1.000000000000000000 ) ) ;
#4414 = ORIENTED_EDGE ( 'NONE', *, *, #1035, .T. ) ;
#4415 = CARTESIAN_POINT ( 'NONE',  ( 25.05000000000000426, 13.25000000000001066, 42.70000000000000284 ) ) ;
#4416 = EDGE_CURVE ( 'NONE', #553, #2643, #2659, .T. ) ;
#4417 = DIRECTION ( 'NONE',  ( -1.000000000000000000, 4.081702296416008108E-15, 0.000000000000000000 ) ) ;
#4418 = ORIENTED_EDGE ( 'NONE', *, *, #2683, .T. ) ;
#4419 = CARTESIAN_POINT ( 'NONE',  ( 24.19999999999999929, 14.10000000000001030, 41.20000000000000284 ) ) ;
#4420 = VECTOR ( 'NONE', #2440, 1000.000000000000000 ) ;
#4421 = DIRECTION ( 'NONE',  ( 1.000000000000000000, -0.000000000000000000, -0.000000000000000000 ) ) ;
#4422 = ADVANCED_FACE ( 'NONE', ( #2190 ), #1472, .F. ) ;
#4423 = EDGE_CURVE ( 'NONE', #646, #2886, #3079, .T. ) ;
#4424 = AXIS2_PLACEMENT_3D ( 'NONE', #202, #1272, #935 ) ;
#4425 = CIRCLE ( 'NONE', #3440, 1.000000000000000888 ) ;
#4426 = DIRECTION ( 'NONE',  ( 0.000000000000000000, 0.000000000000000000, 1.000000000000000000 ) ) ;
#4427 = EDGE_LOOP ( 'NONE', ( #3984, #2884, #3471, #1386 ) ) ;
#4428 = VERTEX_POINT ( 'NONE', #2170 ) ;
#4429 = AXIS2_PLACEMENT_3D ( 'NONE', #4264, #856, #2202 ) ;
#4430 = LINE ( 'NONE', #2826, #1443 ) ;
#4431 = LINE ( 'NONE', #1367, #2008 ) ;
#4432 = CIRCLE ( 'NONE', #4288, 4.999999999999984013 ) ;
#4433 = CARTESIAN_POINT ( 'NONE',  ( -25.44999999999999929, -11.25000000000001066, 45.50000000000000000 ) ) ;
#4434 = DIRECTION ( 'NONE',  ( 1.000000000000000000, 0.000000000000000000, 0.000000000000000000 ) ) ;
#4435 = CYLINDRICAL_SURFACE ( 'NONE', #198, 2.149999999999999023 ) ;
#4436 = TOROIDAL_SURFACE ( 'NONE', #1002, 1.649999999999997913, 0.5000000000000000000 ) ;
#4437 = VECTOR ( 'NONE', #4325, 1000.000000000000000 ) ;
#4438 = CARTESIAN_POINT ( 'NONE',  ( 25.85000000000000142, -14.90000000000000924, 41.20000000000000284 ) ) ;
#4439 = AXIS2_PLACEMENT_3D ( 'NONE', #3141, #3772, #37 ) ;
#4440 = VERTEX_POINT ( 'NONE', #4114 ) ;
#4441 = ORIENTED_EDGE ( 'NONE', *, *, #1827, .T. ) ;
#4442 = CARTESIAN_POINT ( 'NONE',  ( -23.57499999999999574, -23.57499999999999929, 45.50000000000000000 ) ) ;
#4443 = AXIS2_PLACEMENT_3D ( 'NONE', #3563, #97, #471 ) ;
#4444 = ORIENTED_EDGE ( 'NONE', *, *, #2712, .T. ) ;
#4445 = VECTOR ( 'NONE', #3290, 1000.000000000000000 ) ;
#4446 = AXIS2_PLACEMENT_3D ( 'NONE', #71, #808, #3512 ) ;
#4447 = DIRECTION ( 'NONE',  ( 1.000000000000000000, 0.000000000000000000, 0.000000000000000000 ) ) ;
#4448 = ORIENTED_EDGE ( 'NONE', *, *, #2694, .T. ) ;
#4449 = CARTESIAN_POINT ( 'NONE',  ( 26.70000000000000284, -14.10000000000001030, 41.20000000000000284 ) ) ;
#4450 = LINE ( 'NONE', #1028, #4163 ) ;
#4451 = AXIS2_PLACEMENT_3D ( 'NONE', #3601, #3995, #4276 ) ;
#4452 = CARTESIAN_POINT ( 'NONE',  ( 1.449137674618943272, 2.825000000000000178, 66.99999999999998579 ) ) ;
#4453 = ORIENTED_EDGE ( 'NONE', *, *, #2839, .F. ) ;
#4454 = VECTOR ( 'NONE', #160, 1000.000000000000000 ) ;
#4455 = EDGE_CURVE ( 'NONE', #3964, #3500, #3924, .T. ) ;
#4456 = EDGE_CURVE ( 'NONE', #2249, #700, #1374, .T. ) ;
#4457 = EDGE_LOOP ( 'NONE', ( #4070, #4156, #102, #3533, #852, #87, #3874, #16, #3435, #1591, #470, #266 ) ) ;
#4458 = PLANE ( 'NONE',  #357 ) ;
#4459 = DIRECTION ( 'NONE',  ( -1.000000000000000000, 0.000000000000000000, 0.000000000000000000 ) ) ;
#4460 = EDGE_CURVE ( 'NONE', #2872, #4285, #1704, .T. ) ;
#4461 = EDGE_CURVE ( 'NONE', #3121, #2668, #4133, .T. ) ;
ENDSEC;
END-ISO-10303-21;
