ISO-10303-21;
HEADER;
FILE_DESCRIPTION (( 'STEP AP214' ),
    '1' );
FILE_NAME ('Z19 ”плотнитель пазовый, паз 6.STEP',
    '2019-04-05T09:08:56',
    ( 'ѕользователь Windows' ),
    ( '' ),
    'SwSTEP 2.0',
    'SolidWorks 2018',
    '' );
FILE_SCHEMA (( 'AUTOMOTIVE_DESIGN' ));
ENDSEC;

DATA;
#1 = CARTESIAN_POINT ( 'NONE',  ( 2.096593121764949608, 0.9193813554843933700, 1000.000000000000227 ) ) ;
#2 = B_SPLINE_CURVE_WITH_KNOTS ( 'NONE', 3,
 ( #282, #366, #266, #279 ),
 .UNSPECIFIED., .F., .F.,
 ( 4, 4 ),
 ( 0.0000000000000000000, 1.000000000000000000 ),
 .UNSPECIFIED. ) ;
#3 = AXIS2_PLACEMENT_3D ( 'NONE', #368, #1284, #669 ) ;
#4 = DIRECTION ( 'NONE',  ( -1.000000000000000000, 2.891205793294679017E-15, 0.0000000000000000000 ) ) ;
#5 = CARTESIAN_POINT ( 'NONE',  ( 3.000000000000000000, -3.673940397442059375E-16, 1000.000000000000000 ) ) ;
#6 = VECTOR ( 'NONE', #1090, 1000.000000000000000 ) ;
#7 = VECTOR ( 'NONE', #77, 1000.000000000000000 ) ;
#8 = ORIENTED_EDGE ( 'NONE', *, *, #847, .T. ) ;
#9 = CARTESIAN_POINT ( 'NONE',  ( 4.450000000000000178, 5.799999999999999822, 1000.000000000000000 ) ) ;
#10 = ORIENTED_EDGE ( 'NONE', *, *, #943, .T. ) ;
#11 = DIRECTION ( 'NONE',  ( 0.9606300333201281960, 0.2778307741834393774, 0.0000000000000000000 ) ) ;
#12 = ORIENTED_EDGE ( 'NONE', *, *, #602, .F. ) ;
#13 = ORIENTED_EDGE ( 'NONE', *, *, #544, .F. ) ;
#14 = AXIS2_PLACEMENT_3D ( 'NONE', #528, #537, #1260 ) ;
#15 = PLANE ( 'NONE',  #14 ) ;
#16 = EDGE_LOOP ( 'NONE', ( #250, #207, #1056, #384 ) ) ;
#17 = DIRECTION ( 'NONE',  ( 0.9606300333201281960, -0.2778307741834393774, -0.0000000000000000000 ) ) ;
#18 = DIRECTION ( 'NONE',  ( 1.000000000000000000, -0.0000000000000000000, -0.0000000000000000000 ) ) ;
#19 = B_SPLINE_CURVE_WITH_KNOTS ( 'NONE', 3,
 ( #81, #776, #480, #489, #1196, #583, #686, #90, #682, #784, #194, #382, #484, #587, #86, #188 ),
 .UNSPECIFIED., .F., .F.,
 ( 4, 1, 1, 1, 2, 2, 1, 2, 2, 4 ),
 ( 0.0000000000000000000, 0.1250000000000018319, 0.1875000000000041356, 0.2187500000000061062, 0.2343750000000073830, 0.2500000000000086597, 0.3750000000000068834, 0.4375000000000066613, 0.5000000000000063283, 1.000000000000000000 ),
 .UNSPECIFIED. ) ;
#20 = CARTESIAN_POINT ( 'NONE',  ( 3.000000000000000000, 2.625802136488331051E-16, 1049.999999999999773 ) ) ;
#21 = DIRECTION ( 'NONE',  ( -0.0000000000000000000, 0.0000000000000000000, 1.000000000000000000 ) ) ;
#22 = EDGE_CURVE ( 'NONE', #722, #870, #948, .T. ) ;
#23 = CARTESIAN_POINT ( 'NONE',  ( 2.623196121443635231, 5.829592142734625781, 0.0000000000000000000 ) ) ;
#24 = EDGE_CURVE ( 'NONE', #722, #852, #1320, .T. ) ;
#25 = LINE ( 'NONE', #975, #1066 ) ;
#26 = VECTOR ( 'NONE', #983, 1000.000000000000000 ) ;
#27 =( NAMED_UNIT ( * ) PLANE_ANGLE_UNIT ( ) SI_UNIT ( $, .RADIAN. ) );
#28 = EDGE_LOOP ( 'NONE', ( #232, #543, #12, #661 ) ) ;
#29 = CARTESIAN_POINT ( 'NONE',  ( -2.134555774737302070, 0.9000000000000001332, 1049.999999999999773 ) ) ;
#30 = CARTESIAN_POINT ( 'NONE',  ( 4.450000000000000178, 6.099999999999999645, 1000.000000000000000 ) ) ;
#31 = ADVANCED_BREP_SHAPE_REPRESENTATION ( 'Z19 L€ыю™эш™хыє €рчютvщ, €рч 6', ( #597, #791 ), #1098 ) ;
#32 = ORIENTED_EDGE ( 'NONE', *, *, #292, .T. ) ;
#33 = ADVANCED_FACE ( 'NONE', ( #1288 ), #804, .F. ) ;
#34 = ORIENTED_EDGE ( 'NONE', *, *, #651, .T. ) ;
#35 = CARTESIAN_POINT ( 'NONE',  ( -1.042547845894090663, 3.671538242251070283, 1000.000000000000000 ) ) ;
#36 = CARTESIAN_POINT ( 'NONE',  ( -2.163315178817475815, 1.190135952421791377, -50.00000000000004263 ) ) ;
#37 = CARTESIAN_POINT ( 'NONE',  ( 2.946122201248693173, 0.0008085189125914477633, -0.0000000000000000000 ) ) ;
#38 = EDGE_CURVE ( 'NONE', #541, #706, #519, .T. ) ;
#39 = ORIENTED_EDGE ( 'NONE', *, *, #200, .F. ) ;
#40 = CARTESIAN_POINT ( 'NONE',  ( -2.481489387894887155, 4.400000000000000355, 0.0000000000000000000 ) ) ;
#41 = CARTESIAN_POINT ( 'NONE',  ( 2.982815400911547954, 0.06916900228316037735, -0.0000000000000000000 ) ) ;
#42 = CIRCLE ( 'NONE', #814, 0.2999999999999999334 ) ;
#43 = CARTESIAN_POINT ( 'NONE',  ( 0.7425478458940905080, 3.671538242251070283, 1000.000000000000000 ) ) ;
#44 = EDGE_CURVE ( 'NONE', #788, #617, #674, .T. ) ;
#45 = LINE ( 'NONE', #247, #450 ) ;
#46 = EDGE_LOOP ( 'NONE', ( #683, #152, #1139, #1182 ) ) ;
#47 = CARTESIAN_POINT ( 'NONE',  ( -3.028759404080174189, 0.2901359524217905772, 0.0000000000000000000 ) ) ;
#48 = EDGE_LOOP ( 'NONE', ( #878, #559, #84, #999 ) ) ;
#49 = CARTESIAN_POINT ( 'NONE',  ( 2.921733062354427091, 5.799999999999999822, 0.0000000000000000000 ) ) ;
#50 = ORIENTED_EDGE ( 'NONE', *, *, #988, .F. ) ;
#51 = CARTESIAN_POINT ( 'NONE',  ( -2.623196121443635231, 5.829592142734625781, 1000.000000000000000 ) ) ;
#52 = ORIENTED_EDGE ( 'NONE', *, *, #500, .F. ) ;
#53 = ORIENTED_EDGE ( 'NONE', *, *, #1316, .F. ) ;
#54 = CARTESIAN_POINT ( 'NONE',  ( -2.980624778270520192, 0.06356962080546590954, 999.9999999999998863 ) ) ;
#55 = EDGE_CURVE ( 'NONE', #349, #971, #471, .T. ) ;
#56 = CARTESIAN_POINT ( 'NONE',  ( 1.042547845894090441, 3.671538242251070283, 1000.000000000000000 ) ) ;
#57 = CARTESIAN_POINT ( 'NONE',  ( 2.417750294846821912, 3.756975463870965370, 0.0000000000000000000 ) ) ;
#58 = APPLICATION_CONTEXT ( 'automotive_design' ) ;
#59 = EDGE_CURVE ( 'NONE', #650, #1261, #222, .T. ) ;
#60 = VECTOR ( 'NONE', #1130, 1000.000000000000000 ) ;
#61 = DIRECTION ( 'NONE',  ( 0.0000000000000000000, 0.0000000000000000000, -1.000000000000000000 ) ) ;
#62 = CARTESIAN_POINT ( 'NONE',  ( -2.063802865180545343, 0.9000000000000002442, -50.00000000000004263 ) ) ;
#63 = FACE_OUTER_BOUND ( 'NONE', #477, .T. ) ;
#64 = ORIENTED_EDGE ( 'NONE', *, *, #806, .T. ) ;
#65 = ORIENTED_EDGE ( 'NONE', *, *, #379, .T. ) ;
#66 = CARTESIAN_POINT ( 'NONE',  ( 3.000000000000000000, -3.673940397442059375E-16, 1000.000000000000000 ) ) ;
#67 = DIRECTION ( 'NONE',  ( -0.0000000000000000000, 0.0000000000000000000, 1.000000000000000000 ) ) ;
#68 = ORIENTED_EDGE ( 'NONE', *, *, #59, .F. ) ;
#69 = VERTEX_POINT ( 'NONE', #225 ) ;
#70 = DIRECTION ( 'NONE',  ( 0.0000000000000000000, -1.000000000000000000, -0.0000000000000000000 ) ) ;
#71 = CARTESIAN_POINT ( 'NONE',  ( -2.142827210922305881, 1.057516725734043428, -0.0000000000000000000 ) ) ;
#72 = CARTESIAN_POINT ( 'NONE',  ( 2.063802865180545343, 0.8999999999999989120, 1000.000000000000000 ) ) ;
#73 = AXIS2_PLACEMENT_3D ( 'NONE', #5, #323, #237 ) ;
#74 = DIRECTION ( 'NONE',  ( 1.000000000000000000, 0.0000000000000000000, 0.0000000000000000000 ) ) ;
#75 = LINE ( 'NONE', #891, #1131 ) ;
#76 = CARTESIAN_POINT ( 'NONE',  ( -2.481489387894887155, 4.400000000000000355, 0.0000000000000000000 ) ) ;
#77 = DIRECTION ( 'NONE',  ( 0.0000000000000000000, 0.0000000000000000000, -1.000000000000000000 ) ) ;
#78 = FACE_OUTER_BOUND ( 'NONE', #1163, .T. ) ;
#79 = EDGE_CURVE ( 'NONE', #554, #788, #957, .T. ) ;
#80 = ORIENTED_EDGE ( 'NONE', *, *, #409, .F. ) ;
#81 = CARTESIAN_POINT ( 'NONE',  ( -2.063802865180545343, 0.9000000000000002442, 1000.000000000000000 ) ) ;
#82 = ORIENTED_EDGE ( 'NONE', *, *, #979, .T. ) ;
#83 = ORIENTED_EDGE ( 'NONE', *, *, #880, .F. ) ;
#84 = ORIENTED_EDGE ( 'NONE', *, *, #577, .F. ) ;
#85 = CARTESIAN_POINT ( 'NONE',  ( 2.134555774737302070, 0.8999999999999988010, 683.3333333333335986 ) ) ;
#86 = CARTESIAN_POINT ( 'NONE',  ( -2.157621897141033696, 1.132699932642131424, 1000.000000000000000 ) ) ;
#87 = ORIENTED_EDGE ( 'NONE', *, *, #292, .F. ) ;
#88 = EDGE_CURVE ( 'NONE', #508, #322, #997, .T. ) ;
#89 = DIRECTION ( 'NONE',  ( -0.0000000000000000000, -0.0000000000000000000, -1.000000000000000000 ) ) ;
#90 = CARTESIAN_POINT ( 'NONE',  ( -2.112452277183269000, 0.9569683883164835647, 1000.000000000000227 ) ) ;
#91 = FACE_OUTER_BOUND ( 'NONE', #1091, .T. ) ;
#92 = CARTESIAN_POINT ( 'NONE',  ( 3.535269003157417433, 5.399999999999999467, 0.0000000000000000000 ) ) ;
#93 = PLANE ( 'NONE',  #122 ) ;
#94 = FACE_OUTER_BOUND ( 'NONE', #1017, .T. ) ;
#95 = EDGE_CURVE ( 'NONE', #706, #1173, #861, .T. ) ;
#96 = ORIENTED_EDGE ( 'NONE', *, *, #777, .F. ) ;
#97 = ORIENTED_EDGE ( 'NONE', *, *, #1078, .T. ) ;
#98 = STYLED_ITEM ( 'NONE', ( #390 ), #597 ) ;
#99 = ORIENTED_EDGE ( 'NONE', *, *, #1105, .F. ) ;
#100 = CARTESIAN_POINT ( 'NONE',  ( 2.964252754662749290, 0.02905458126451145734, 1000.000000000000227 ) ) ;
#101 = AXIS2_PLACEMENT_3D ( 'NONE', #883, #374, #671 ) ;
#102 = DIRECTION ( 'NONE',  ( -0.0000000000000000000, -0.0000000000000000000, -1.000000000000000000 ) ) ;
#103 = DIRECTION ( 'NONE',  ( -0.9951231363693053833, -0.09864047578208909317, 0.0000000000000000000 ) ) ;
#104 = ADVANCED_FACE ( 'NONE', ( #435 ), #233, .F. ) ;
#105 = FACE_OUTER_BOUND ( 'NONE', #48, .T. ) ;
#106 = CARTESIAN_POINT ( 'NONE',  ( 4.450000000000000178, 5.699999999999999289, 1000.000000000000000 ) ) ;
#107 = CARTESIAN_POINT ( 'NONE',  ( 3.001207437054499216, 0.1279300914737271921, 1000.000000000000227 ) ) ;
#108 = ORIENTED_EDGE ( 'NONE', *, *, #1297, .F. ) ;
#109 = DIRECTION ( 'NONE',  ( 0.9606300333201281960, 0.2778307741834398770, 0.0000000000000000000 ) ) ;
#110 = EDGE_CURVE ( 'NONE', #634, #493, #609, .T. ) ;
#111 = VERTEX_POINT ( 'NONE', #628 ) ;
#112 = AXIS2_PLACEMENT_3D ( 'NONE', #1103, #1312, #385 ) ;
#113 = ADVANCED_FACE ( 'NONE', ( #1221 ), #330, .T. ) ;
#114 = DIRECTION ( 'NONE',  ( -0.9606300333201281960, 0.2778307741834398770, -0.0000000000000000000 ) ) ;
#115 = CARTESIAN_POINT ( 'NONE',  ( 3.535269003157417433, 5.399999999999999467, 1000.000000000000000 ) ) ;
#116 = ORIENTED_EDGE ( 'NONE', *, *, #994, .F. ) ;
#117 = DIRECTION ( 'NONE',  ( -0.2778307741834398770, 0.9606300333201281960, 0.0000000000000000000 ) ) ;
#118 = CARTESIAN_POINT ( 'NONE',  ( -4.150000000000000355, 5.799999999999999822, 1000.000000000000000 ) ) ;
#119 = ORIENTED_EDGE ( 'NONE', *, *, #1297, .T. ) ;
#120 = CARTESIAN_POINT ( 'NONE',  ( 1.042547845894090441, 3.671538242251070283, 1000.000000000000000 ) ) ;
#121 = DIRECTION ( 'NONE',  ( -0.0000000000000000000, 0.0000000000000000000, 1.000000000000000000 ) ) ;
#122 = AXIS2_PLACEMENT_3D ( 'NONE', #1116, #1313, #301 ) ;
#123 = DIRECTION ( 'NONE',  ( -1.000000000000000000, 1.445602896647339508E-15, 0.0000000000000000000 ) ) ;
#124 = LINE ( 'NONE', #1301, #581 ) ;
#125 = CARTESIAN_POINT ( 'NONE',  ( -0.8377080681530840733, 3.299999999999999378, 0.0000000000000000000 ) ) ;
#126 = CARTESIAN_POINT ( 'NONE',  ( -2.921733062354427535, 5.799999999999999822, 1000.000000000000000 ) ) ;
#127 = ORIENTED_EDGE ( 'NONE', *, *, #1078, .F. ) ;
#128 = ADVANCED_FACE ( 'NONE', ( #78 ), #831, .F. ) ;
#129 = CARTESIAN_POINT ( 'NONE',  ( -4.150000000000000355, 5.399999999999999467, 1000.000000000000000 ) ) ;
#130 = EDGE_CURVE ( 'NONE', #613, #752, #727, .T. ) ;
#131 = EDGE_LOOP ( 'NONE', ( #774, #1101, #904, #419 ) ) ;
#132 = PRODUCT_DEFINITION_CONTEXT ( 'detailed design', #177, 'design' ) ;
#133 = CARTESIAN_POINT ( 'NONE',  ( 1.125897078149122432, 3.383349232255031591, 0.0000000000000000000 ) ) ;
#134 = ORIENTED_EDGE ( 'NONE', *, *, #974, .F. ) ;
#135 = DIRECTION ( 'NONE',  ( 0.0000000000000000000, 0.0000000000000000000, -1.000000000000000000 ) ) ;
#136 = CARTESIAN_POINT ( 'NONE',  ( -2.134555774737302070, 0.9000000000000001332, 316.6666666666666288 ) ) ;
#137 = CARTESIAN_POINT ( 'NONE',  ( -2.980377922970671278, 0.06288834046020796986, 1000.000000000000000 ) ) ;
#138 = ADVANCED_FACE ( 'NONE', ( #844 ), #212, .T. ) ;
#139 = EDGE_CURVE ( 'NONE', #313, #613, #1048, .T. ) ;
#140 = DIRECTION ( 'NONE',  ( -1.000000000000000000, 0.0000000000000000000, 0.0000000000000000000 ) ) ;
#141 = AXIS2_PLACEMENT_3D ( 'NONE', #49, #647, #140 ) ;
#142 = LINE ( 'NONE', #106, #156 ) ;
#143 = LINE ( 'NONE', #9, #504 ) ;
#144 = CARTESIAN_POINT ( 'NONE',  ( -2.163315178817475815, 1.190135952421791155, 666.6666666666667425 ) ) ;
#145 = VECTOR ( 'NONE', #17, 1000.000000000000114 ) ;
#146 = CARTESIAN_POINT ( 'NONE',  ( -2.063802865180545343, 0.9000000000000002442, 1000.000000000000000 ) ) ;
#147 = EDGE_LOOP ( 'NONE', ( #39, #678, #961, #8 ) ) ;
#148 = ORIENTED_EDGE ( 'NONE', *, *, #1105, .T. ) ;
#149 = CARTESIAN_POINT ( 'NONE',  ( 0.7543588358980520825, 3.588189009996038070, 0.0000000000000000000 ) ) ;
#150 = AXIS2_PLACEMENT_3D ( 'NONE', #1093, #1302, #1308 ) ;
#151 = ORIENTED_EDGE ( 'NONE', *, *, #534, .T. ) ;
#152 = ORIENTED_EDGE ( 'NONE', *, *, #684, .T. ) ;
#153 = CARTESIAN_POINT ( 'NONE',  ( -3.000000000000000000, -4.963613070910199987E-16, -49.99999999999960210 ) ) ;
#154 = CARTESIAN_POINT ( 'NONE',  ( 3.004447931891427892, 0.1409021141845736014, 0.0000000000000000000 ) ) ;
#155 = CARTESIAN_POINT ( 'NONE',  ( -3.000000000000000000, -4.963613070910199987E-16, 316.6666666666669698 ) ) ;
#156 = VECTOR ( 'NONE', #209, 1000.000000000000000 ) ;
#157 = EDGE_CURVE ( 'NONE', #617, #718, #1191, .T. ) ;
#158 = CARTESIAN_POINT ( 'NONE',  ( -2.063802865180545343, 0.9000000000000002442, 0.0000000000000000000 ) ) ;
#159 = CIRCLE ( 'NONE', #911, 0.2999999999999999334 ) ;
#160 = AXIS2_PLACEMENT_3D ( 'NONE', #1233, #308, #4 ) ;
#161 = CARTESIAN_POINT ( 'NONE',  ( -3.000000000000000000, -4.963613070910199987E-16, 1050.000000000000000 ) ) ;
#162 = VERTEX_POINT ( 'NONE', #269 ) ;
#163 = EDGE_LOOP ( 'NONE', ( #443, #1055, #442, #391 ) ) ;
#164 = DIRECTION ( 'NONE',  ( -0.9951231363693053833, 0.09864047578208909317, 0.0000000000000000000 ) ) ;
#165 = CARTESIAN_POINT ( 'NONE',  ( 1.042547845894090441, 3.671538242251070283, 1000.000000000000000 ) ) ;
#166 = EDGE_CURVE ( 'NONE', #554, #1265, #175, .T. ) ;
#167 = ORIENTED_EDGE ( 'NONE', *, *, #59, .T. ) ;
#168 = CARTESIAN_POINT ( 'NONE',  ( 2.110954763760708452, 0.9534909325568317051, -0.0000000000000000000 ) ) ;
#169 = APPLICATION_PROTOCOL_DEFINITION ( 'draft international standard', 'automotive_design', 1998, #58 ) ;
#170 = CARTESIAN_POINT ( 'NONE',  ( -2.163315178817475815, 1.190135952421790932, 0.0000000000000000000 ) ) ;
#171 = CARTESIAN_POINT ( 'NONE',  ( 2.148923936647528343, 1.080566632199032817, -0.0000000000000000000 ) ) ;
#172 = AXIS2_PLACEMENT_3D ( 'NONE', #620, #721, #1248 ) ;
#173 = LINE ( 'NONE', #611, #672 ) ;
#174 = PLANE ( 'NONE',  #1073 ) ;
#175 = CIRCLE ( 'NONE', #1266, 0.2999999999999999334 ) ;
#176 = EDGE_LOOP ( 'NONE', ( #1272, #506, #863, #365 ) ) ;
#177 = APPLICATION_CONTEXT ( 'automotive_design' ) ;
#178 = CARTESIAN_POINT ( 'NONE',  ( 3.535269003157417433, 5.399999999999999467, 1000.000000000000000 ) ) ;
#179 = DIRECTION ( 'NONE',  ( -1.000000000000000000, 0.0000000000000000000, 0.0000000000000000000 ) ) ;
#180 = ORIENTED_EDGE ( 'NONE', *, *, #1071, .F. ) ;
#181 =( NAMED_UNIT ( * ) PLANE_ANGLE_UNIT ( ) SI_UNIT ( $, .RADIAN. ) );
#182 = EDGE_CURVE ( 'NONE', #809, #1173, #569, .T. ) ;
#183 = CARTESIAN_POINT ( 'NONE',  ( 2.163315178817475815, 1.190135952421790044, 666.6666666666668561 ) ) ;
#184 = DIRECTION ( 'NONE',  ( 0.0000000000000000000, 0.0000000000000000000, -1.000000000000000000 ) ) ;
#185 = DIRECTION ( 'NONE',  ( 0.0000000000000000000, 0.0000000000000000000, -1.000000000000000000 ) ) ;
#186 = MECHANICAL_DESIGN_GEOMETRIC_PRESENTATION_REPRESENTATION (  '', ( #1229 ), #1126 ) ;
#187 = CARTESIAN_POINT ( 'NONE',  ( -2.649999999999999911, 6.099999999999999645, 1000.000000000000000 ) ) ;
#188 = CARTESIAN_POINT ( 'NONE',  ( -2.163315178817475815, 1.190135952421791377, 1000.000000000000000 ) ) ;
#189 = LINE ( 'NONE', #986, #6 ) ;
#190 = VECTOR ( 'NONE', #622, 1000.000000000000000 ) ;
#191 = AXIS2_PLACEMENT_3D ( 'NONE', #403, #499, #799 ) ;
#192 = ORIENTED_EDGE ( 'NONE', *, *, #624, .F. ) ;
#193 = CARTESIAN_POINT ( 'NONE',  ( 2.134555774737302070, 0.8999999999999988010, 316.6666666666664014 ) ) ;
#194 = CARTESIAN_POINT ( 'NONE',  ( -2.129635604498445467, 1.005615380098146883, 1000.000000000000000 ) ) ;
#195 = ORIENTED_EDGE ( 'NONE', *, *, #651, .F. ) ;
#196 = ORIENTED_EDGE ( 'NONE', *, *, #806, .F. ) ;
#197 = CARTESIAN_POINT ( 'NONE',  ( -4.450000000000000178, 6.099999999999999645, 1000.000000000000000 ) ) ;
#198 = ORIENTED_EDGE ( 'NONE', *, *, #943, .F. ) ;
#199 = DIRECTION ( 'NONE',  ( 0.09864047578208888500, 0.9951231363693053833, 0.0000000000000000000 ) ) ;
#200 = EDGE_CURVE ( 'NONE', #1088, #162, #917, .T. ) ;
#201 = DIRECTION ( 'NONE',  ( -1.000000000000000000, 3.047572292044520706E-16, -0.0000000000000000000 ) ) ;
#202 = VECTOR ( 'NONE', #632, 1000.000000000000000 ) ;
#203 = LINE ( 'NONE', #1042, #745 ) ;
#204 = CARTESIAN_POINT ( 'NONE',  ( 4.150000000000000355, 5.799999999999999822, 0.0000000000000000000 ) ) ;
#205 = CYLINDRICAL_SURFACE ( 'NONE', #343, 0.2999999999999999334 ) ;
#206 = EDGE_CURVE ( 'NONE', #1173, #755, #771, .T. ) ;
#207 = ORIENTED_EDGE ( 'NONE', *, *, #766, .F. ) ;
#208 = ORIENTED_EDGE ( 'NONE', *, *, #1080, .T. ) ;
#209 = DIRECTION ( 'NONE',  ( 0.0000000000000000000, 0.0000000000000000000, -1.000000000000000000 ) ) ;
#210 = DIRECTION ( 'NONE',  ( 0.0000000000000000000, -1.000000000000000000, -0.0000000000000000000 ) ) ;
#211 = EDGE_LOOP ( 'NONE', ( #289, #453, #180, #921 ) ) ;
#212 =( BOUNDED_SURFACE ( )  B_SPLINE_SURFACE ( 2, 3, ( 
 ( #62, #1160, #763, #1086 ),
 ( #1076, #136, #539, #29 ),
 ( #36, #461, #848, #729 ) ),
 .UNSPECIFIED., .F., .F., .F. ) 
 B_SPLINE_SURFACE_WITH_KNOTS ( ( 3, 3 ),
 ( 4, 4 ),
 ( 0.0000000000000000000, 1.000000000000000000 ),
 ( -1.050000000000000044, 0.05000000000000000278 ),
 .UNSPECIFIED. ) 
 GEOMETRIC_REPRESENTATION_ITEM ( )  RATIONAL_B_SPLINE_SURFACE ( (
 ( 1.000000000000000000, 1.000000000000000000, 1.000000000000000000, 1.000000000000000000),
 ( 0.7411614114962029598, 0.7411614114962029598, 0.7411614114962029598, 0.7411614114962029598),
 ( 1.000000000000000000, 1.000000000000000000, 1.000000000000000000, 1.000000000000000000) ) ) 
 REPRESENTATION_ITEM ( '' )  SURFACE ( )  );
#213 = ORIENTED_EDGE ( 'NONE', *, *, #585, .T. ) ;
#214 = ORIENTED_EDGE ( 'NONE', *, *, #358, .T. ) ;
#215 = DIRECTION ( 'NONE',  ( 0.0000000000000000000, -0.0000000000000000000, -1.000000000000000000 ) ) ;
#216 = ADVANCED_FACE ( 'NONE', ( #787 ), #993, .T. ) ;
#217 = AXIS2_PLACEMENT_3D ( 'NONE', #790, #372, #179 ) ;
#218 = CARTESIAN_POINT ( 'NONE',  ( -2.921733062354427535, 6.099999999999999645, 1000.000000000000000 ) ) ;
#219 = CARTESIAN_POINT ( 'NONE',  ( 3.028759404080174189, 0.2901359524217914654, 1000.000000000000000 ) ) ;
#220 = CARTESIAN_POINT ( 'NONE',  ( 2.929247090443243273, 3.587293073223014783E-16, 666.6666666666667425 ) ) ;
#221 = FACE_OUTER_BOUND ( 'NONE', #245, .T. ) ;
#222 = LINE ( 'NONE', #1220, #1087 ) ;
#223 = CARTESIAN_POINT ( 'NONE',  ( 0.7425478458940905080, 3.671538242251070283, 0.0000000000000000000 ) ) ;
#224 = ORIENTED_EDGE ( 'NONE', *, *, #352, .T. ) ;
#225 = CARTESIAN_POINT ( 'NONE',  ( -4.450000000000000178, 5.699999999999999289, 1000.000000000000000 ) ) ;
#226 = EDGE_CURVE ( 'NONE', #971, #377, #1012, .T. ) ;
#227 = ORIENTED_EDGE ( 'NONE', *, *, #44, .T. ) ;
#228 = AXIS2_PLACEMENT_3D ( 'NONE', #429, #325, #11 ) ;
#229 = VERTEX_POINT ( 'NONE', #294 ) ;
#230 = CARTESIAN_POINT ( 'NONE',  ( 3.028759404080174189, 0.2901359524217914654, -49.99999999999960210 ) ) ;
#231 = DIRECTION ( 'NONE',  ( 0.0000000000000000000, -0.0000000000000000000, -1.000000000000000000 ) ) ;
#232 = ORIENTED_EDGE ( 'NONE', *, *, #660, .F. ) ;
#233 = PLANE ( 'NONE',  #857 ) ;
#234 = ORIENTED_EDGE ( 'NONE', *, *, #560, .T. ) ;
#235 = B_SPLINE_CURVE_WITH_KNOTS ( 'NONE', 3,
 ( #522, #331, #220, #516 ),
 .UNSPECIFIED., .F., .F.,
 ( 4, 4 ),
 ( 0.0000000000000000000, 1.000000000000000000 ),
 .UNSPECIFIED. ) ;
#236 = CARTESIAN_POINT ( 'NONE',  ( 2.929247090443243273, 3.794707603699265519E-16, 316.6666666666666288 ) ) ;
#237 = DIRECTION ( 'NONE',  ( 0.09864047578208910705, 0.9951231363693053833, 0.0000000000000000000 ) ) ;
#238 = DIRECTION ( 'NONE',  ( -1.000000000000000000, 0.0000000000000000000, 0.0000000000000000000 ) ) ;
#239 = AXIS2_PLACEMENT_3D ( 'NONE', #1242, #615, #818 ) ;
#240 = DIRECTION ( 'NONE',  ( -0.09864047578208910705, -0.9951231363693053833, 0.0000000000000000000 ) ) ;
#241 = VECTOR ( 'NONE', #1107, 1000.000000000000114 ) ;
#242 = CARTESIAN_POINT ( 'NONE',  ( -2.063802865180545343, 0.9000000000000002442, 333.3333333333333144 ) ) ;
#243 = VECTOR ( 'NONE', #829, 1000.000000000000000 ) ;
#244 = ORIENTED_EDGE ( 'NONE', *, *, #22, .F. ) ;
#245 = EDGE_LOOP ( 'NONE', ( #227, #1192, #998, #459 ) ) ;
#246 = CARTESIAN_POINT ( 'NONE',  ( 2.072017028858479826, 0.8999999999999988010, 0.0000000000000000000 ) ) ;
#247 = CARTESIAN_POINT ( 'NONE',  ( 2.417750294846821912, 3.756975463870965370, 1000.000000000000000 ) ) ;
#248 = ORIENTED_EDGE ( 'NONE', *, *, #1271, .F. ) ;
#249 = CARTESIAN_POINT ( 'NONE',  ( 3.028759404080174189, 0.2901359524217915209, 333.3333333333330302 ) ) ;
#250 = ORIENTED_EDGE ( 'NONE', *, *, #338, .F. ) ;
#251 = CARTESIAN_POINT ( 'NONE',  ( -4.450000000000000178, 6.099999999999999645, 0.0000000000000000000 ) ) ;
#252 = CARTESIAN_POINT ( 'NONE',  ( -3.008287582897175128, 0.1576796199894756334, 999.9999999999997726 ) ) ;
#253 = VECTOR ( 'NONE', #837, 1000.000000000000000 ) ;
#254 = CARTESIAN_POINT ( 'NONE',  ( -2.929247090443243273, -3.794707603699265519E-16, -49.99999999999960210 ) ) ;
#255 = VECTOR ( 'NONE', #185, 1000.000000000000000 ) ;
#256 = DIRECTION ( 'NONE',  ( -0.9606300333201281960, -0.2778307741834393774, 0.0000000000000000000 ) ) ;
#257 = ORIENTED_EDGE ( 'NONE', *, *, #813, .F. ) ;
#258 = ORIENTED_EDGE ( 'NONE', *, *, #691, .T. ) ;
#259 = CARTESIAN_POINT ( 'NONE',  ( -2.929247090443243273, -3.794707603699265519E-16, 316.6666666666669130 ) ) ;
#260 = EDGE_CURVE ( 'NONE', #1088, #1089, #598, .T. ) ;
#261 = DIRECTION ( 'NONE',  ( -0.0000000000000000000, -0.0000000000000000000, 1.000000000000000000 ) ) ;
#262 = ORIENTED_EDGE ( 'NONE', *, *, #1324, .T. ) ;
#263 = VERTEX_POINT ( 'NONE', #1190 ) ;
#264 = CARTESIAN_POINT ( 'NONE',  ( -2.964252754662742184, 0.02905458126450990650, -0.0000000000000000000 ) ) ;
#265 = DIRECTION ( 'NONE',  ( -0.2778307741834398770, -0.9606300333201281960, 0.0000000000000000000 ) ) ;
#266 = CARTESIAN_POINT ( 'NONE',  ( -3.028759404080174189, 0.2901359524217905772, 666.6666666666665151 ) ) ;
#267 = EDGE_CURVE ( 'NONE', #1144, #1158, #376, .T. ) ;
#268 = CARTESIAN_POINT ( 'NONE',  ( -2.140087767088868276, 1.045474116255429964, -0.0000000000000000000 ) ) ;
#269 = CARTESIAN_POINT ( 'NONE',  ( -4.150000000000000355, 6.099999999999999645, 1000.000000000000000 ) ) ;
#270 = VECTOR ( 'NONE', #1155, 1000.000000000000000 ) ;
#271 = CYLINDRICAL_SURFACE ( 'NONE', #741, 0.2999999999999999334 ) ;
#272 = APPLICATION_PROTOCOL_DEFINITION ( 'draft international standard', 'automotive_design', 1998, #177 ) ;
#273 = VECTOR ( 'NONE', #760, 1000.000000000000000 ) ;
#274 = ORIENTED_EDGE ( 'NONE', *, *, #544, .T. ) ;
#275 = CARTESIAN_POINT ( 'NONE',  ( 2.649999999999999911, 6.099999999999999645, 1000.000000000000000 ) ) ;
#276 = CARTESIAN_POINT ( 'NONE',  ( 2.112452277183268556, 0.9569683883164817884, 0.0000000000000000000 ) ) ;
#277 = ORIENTED_EDGE ( 'NONE', *, *, #1095, .F. ) ;
#278 = ORIENTED_EDGE ( 'NONE', *, *, #1217, .T. ) ;
#279 = CARTESIAN_POINT ( 'NONE',  ( -3.028759404080174189, 0.2901359524217905772, 1000.000000000000000 ) ) ;
#280 = CARTESIAN_POINT ( 'NONE',  ( 1.042547845894090441, 3.671538242251070283, 0.0000000000000000000 ) ) ;
#281 = VECTOR ( 'NONE', #114, 999.9999999999998863 ) ;
#282 = CARTESIAN_POINT ( 'NONE',  ( -3.028759404080174189, 0.2901359524217905772, 0.0000000000000000000 ) ) ;
#283 = AXIS2_PLACEMENT_3D ( 'NONE', #286, #1298, #996 ) ;
#284 = LINE ( 'NONE', #1092, #485 ) ;
#285 = CARTESIAN_POINT ( 'NONE',  ( 1.125897078149122432, 3.383349232255031591, 1000.000000000000000 ) ) ;
#286 = CARTESIAN_POINT ( 'NONE',  ( 4.150000000000000355, 5.699999999999999289, 1000.000000000000000 ) ) ;
#287 = VECTOR ( 'NONE', #1006, 1000.000000000000000 ) ;
#288 = ORIENTED_EDGE ( 'NONE', *, *, #226, .T. ) ;
#289 = ORIENTED_EDGE ( 'NONE', *, *, #110, .F. ) ;
#290 = DIRECTION ( 'NONE',  ( -0.09864047578208888500, 0.9951231363693053833, -0.0000000000000000000 ) ) ;
#291 = ORIENTED_EDGE ( 'NONE', *, *, #409, .T. ) ;
#292 = EDGE_CURVE ( 'NONE', #69, #1172, #643, .T. ) ;
#293 = ORIENTED_EDGE ( 'NONE', *, *, #1227, .F. ) ;
#294 = CARTESIAN_POINT ( 'NONE',  ( 4.450000000000000178, 5.699999999999999289, 1000.000000000000000 ) ) ;
#295 = AXIS2_PLACEMENT_3D ( 'NONE', #992, #1096, #1007 ) ;
#296 = CARTESIAN_POINT ( 'NONE',  ( -4.150000000000000355, 6.099999999999999645, 0.0000000000000000000 ) ) ;
#297 = CARTESIAN_POINT ( 'NONE',  ( 2.974400643792394217, 0.04912326842042433889, 1000.000000000000227 ) ) ;
#298 = PRESENTATION_STYLE_ASSIGNMENT (( #1281 ) ) ;
#299 = VECTOR ( 'NONE', #754, 1000.000000000000114 ) ;
#300 = ORIENTED_EDGE ( 'NONE', *, *, #1020, .F. ) ;
#301 = DIRECTION ( 'NONE',  ( 0.0000000000000000000, 0.0000000000000000000, -1.000000000000000000 ) ) ;
#302 = ORIENTED_EDGE ( 'NONE', *, *, #994, .T. ) ;
#303 = CARTESIAN_POINT ( 'NONE',  ( -2.929247090443243273, -3.587293073223014783E-16, 1000.000000000000000 ) ) ;
#304 = DIRECTION ( 'NONE',  ( 0.0000000000000000000, -0.0000000000000000000, -1.000000000000000000 ) ) ;
#305 = ORIENTED_EDGE ( 'NONE', *, *, #568, .F. ) ;
#306 = CARTESIAN_POINT ( 'NONE',  ( -3.535269003157417433, 5.399999999999999467, 1000.000000000000000 ) ) ;
#307 = ADVANCED_FACE ( 'NONE', ( #63 ), #536, .T. ) ;
#308 = DIRECTION ( 'NONE',  ( -0.0000000000000000000, 0.0000000000000000000, 1.000000000000000000 ) ) ;
#309 = CARTESIAN_POINT ( 'NONE',  ( 3.014330206960951219, 0.1801837280426525079, 999.9999999999996589 ) ) ;
#310 = LINE ( 'NONE', #882, #1318 ) ;
#311 = CARTESIAN_POINT ( 'NONE',  ( -2.134555774737302070, 0.9000000000000002442, 1000.000000000000000 ) ) ;
#312 = DIRECTION ( 'NONE',  ( 0.0000000000000000000, 0.0000000000000000000, -1.000000000000000000 ) ) ;
#313 = VERTEX_POINT ( 'NONE', #72 ) ;
#314 = ORIENTED_EDGE ( 'NONE', *, *, #95, .F. ) ;
#315 = AXIS2_PLACEMENT_3D ( 'NONE', #1187, #670, #1000 ) ;
#316 = CARTESIAN_POINT ( 'NONE',  ( 2.063802865180545343, 0.8999999999999989120, 1000.000000000000000 ) ) ;
#317 = CARTESIAN_POINT ( 'NONE',  ( -4.150000000000000355, 5.799999999999999822, 1000.000000000000000 ) ) ;
#318 = CARTESIAN_POINT ( 'NONE',  ( -2.134555774737302070, 0.9000000000000002442, 1000.000000000000000 ) ) ;
#319 = ADVANCED_FACE ( 'NONE', ( #105 ), #348, .T. ) ;
#320 = VERTEX_POINT ( 'NONE', #779 ) ;
#321 = CARTESIAN_POINT ( 'NONE',  ( -4.450000000000000178, 5.799999999999999822, 0.0000000000000000000 ) ) ;
#322 = VERTEX_POINT ( 'NONE', #888 ) ;
#323 = DIRECTION ( 'NONE',  ( 0.9951231363693053833, -0.09864047578208910705, 0.0000000000000000000 ) ) ;
#324 = DIRECTION ( 'NONE',  ( 0.0000000000000000000, 1.000000000000000000, -0.0000000000000000000 ) ) ;
#325 = DIRECTION ( 'NONE',  ( 0.2778307741834394329, -0.9606300333201283070, 0.0000000000000000000 ) ) ;
#326 = AXIS2_PLACEMENT_3D ( 'NONE', #720, #725, #513 ) ;
#327 = ADVANCED_FACE ( 'NONE', ( #805 ), #386, .F. ) ;
#328 = DIRECTION ( 'NONE',  ( -1.000000000000000000, 0.0000000000000000000, 0.0000000000000000000 ) ) ;
#329 = DIRECTION ( 'NONE',  ( 0.0000000000000000000, 0.0000000000000000000, -1.000000000000000000 ) ) ;
#330 = PLANE ( 'NONE',  #918 ) ;
#331 = CARTESIAN_POINT ( 'NONE',  ( 2.929247090443243717, 3.587293073223015276E-16, 333.3333333333333144 ) ) ;
#332 = LINE ( 'NONE', #1137, #800 ) ;
#333 = FACE_OUTER_BOUND ( 'NONE', #490, .T. ) ;
#334 = B_SPLINE_CURVE_WITH_KNOTS ( 'NONE', 3,
 ( #351, #242, #1171, #867 ),
 .UNSPECIFIED., .F., .F.,
 ( 4, 4 ),
 ( 0.0000000000000000000, 1.000000000000000000 ),
 .UNSPECIFIED. ) ;
#335 = SURFACE_STYLE_USAGE ( .BOTH. , #945 ) ;
#336 = VECTOR ( 'NONE', #895, 1000.000000000000114 ) ;
#337 = DIRECTION ( 'NONE',  ( 1.000000000000000000, 1.224646799147352961E-16, -0.0000000000000000000 ) ) ;
#338 = EDGE_CURVE ( 'NONE', #793, #1305, #19, .T. ) ;
#339 = CARTESIAN_POINT ( 'NONE',  ( -2.163315178817475815, 1.190135952421791377, 1000.000000000000000 ) ) ;
#340 = CARTESIAN_POINT ( 'NONE',  ( 2.084327443046978257, 0.9072838716673127246, -0.0000000000000000000 ) ) ;
#341 = ORIENTED_EDGE ( 'NONE', *, *, #979, .F. ) ;
#342 = CARTESIAN_POINT ( 'NONE',  ( 2.999058936642601925, 0.1192368102409956943, -0.0000000000000000000 ) ) ;
#343 = AXIS2_PLACEMENT_3D ( 'NONE', #938, #135, #872 ) ;
#344 = LINE ( 'NONE', #40, #817 ) ;
#345 = CARTESIAN_POINT ( 'NONE',  ( 3.028759404080174189, 0.2901359524217915764, 666.6666666666665151 ) ) ;
#346 = CARTESIAN_POINT ( 'NONE',  ( -3.020545678274079826, 0.2206389686202761269, 1000.000000000000000 ) ) ;
#347 = LINE ( 'NONE', #1253, #202 ) ;
#348 = CYLINDRICAL_SURFACE ( 'NONE', #283, 0.2999999999999999334 ) ;
#349 = VERTEX_POINT ( 'NONE', #1202 ) ;
#350 = ORIENTED_EDGE ( 'NONE', *, *, #110, .T. ) ;
#351 = CARTESIAN_POINT ( 'NONE',  ( -2.063802865180545343, 0.9000000000000002442, 0.0000000000000000000 ) ) ;
#352 = EDGE_CURVE ( 'NONE', #1305, #1290, #1136, .T. ) ;
#353 = EDGE_LOOP ( 'NONE', ( #427, #258, #896, #213 ) ) ;
#354 = ORIENTED_EDGE ( 'NONE', *, *, #1062, .T. ) ;
#355 = EDGE_LOOP ( 'NONE', ( #302, #709, #987, #208 ) ) ;
#356 = DIRECTION ( 'NONE',  ( -1.000000000000000000, -0.0000000000000000000, -0.0000000000000000000 ) ) ;
#357 = CARTESIAN_POINT ( 'NONE',  ( -2.982741383902312027, 0.06838472797549755011, 0.0000000000000000000 ) ) ;
#358 = EDGE_CURVE ( 'NONE', #553, #229, #889, .T. ) ;
#359 = AXIS2_PLACEMENT_3D ( 'NONE', #56, #656, #756 ) ;
#360 = VECTOR ( 'NONE', #356, 1000.000000000000000 ) ;
#361 = PLANE ( 'NONE',  #1147 ) ;
#362 = CARTESIAN_POINT ( 'NONE',  ( 2.063802865180545343, 0.8999999999999989120, 0.0000000000000000000 ) ) ;
#363 = DIRECTION ( 'NONE',  ( -1.224646799147352961E-16, 1.000000000000000000, 0.0000000000000000000 ) ) ;
#364 = ORIENTED_EDGE ( 'NONE', *, *, #395, .F. ) ;
#365 = ORIENTED_EDGE ( 'NONE', *, *, #866, .T. ) ;
#366 = CARTESIAN_POINT ( 'NONE',  ( -3.028759404080174189, 0.2901359524217906882, 333.3333333333329165 ) ) ;
#367 = CARTESIAN_POINT ( 'NONE',  ( -2.133519465117907910, 1.018927039724902839, -0.0000000000000000000 ) ) ;
#368 = CARTESIAN_POINT ( 'NONE',  ( -1.042547845894090663, 3.671538242251070283, 0.0000000000000000000 ) ) ;
#369 = CLOSED_SHELL ( 'NONE', ( #529, #104, #327, #1135, #835, #410, #406, #425, #128, #1226, #825, #33, #644, #307, #626, #740, #511, #1049, #1243, #138, #548, #1061, #1145, #633, #815, #113, #710, #216, #924, #604, #842, #1024, #319, #1165, #1040 ) ) ;
#370 = CARTESIAN_POINT ( 'NONE',  ( 4.150000000000000355, 6.099999999999999645, 0.0000000000000000000 ) ) ;
#371 = CARTESIAN_POINT ( 'NONE',  ( -2.929247090443243273, -3.587293073223014783E-16, 0.0000000000000000000 ) ) ;
#372 = DIRECTION ( 'NONE',  ( -0.0000000000000000000, 0.0000000000000000000, 1.000000000000000000 ) ) ;
#373 = CARTESIAN_POINT ( 'NONE',  ( -2.155067963534285091, 1.120301113868268805, -0.0000000000000000000 ) ) ;
#374 = DIRECTION ( 'NONE',  ( 0.0000000000000000000, 0.0000000000000000000, -1.000000000000000000 ) ) ;
#375 =( LENGTH_UNIT ( ) NAMED_UNIT ( * ) SI_UNIT ( .MILLI., .METRE. ) );
#376 = LINE ( 'NONE', #1292, #336 ) ;
#377 = VERTEX_POINT ( 'NONE', #591 ) ;
#378 = VERTEX_POINT ( 'NONE', #795 ) ;
#379 = EDGE_CURVE ( 'NONE', #553, #586, #1156, .T. ) ;
#380 = EDGE_LOOP ( 'NONE', ( #87, #1109, #675, #573 ) ) ;
#381 = CARTESIAN_POINT ( 'NONE',  ( 2.063802865180545343, 0.8999999999999989120, 316.6666666666664014 ) ) ;
#382 = CARTESIAN_POINT ( 'NONE',  ( -2.133494951926815819, 1.019271309448545493, 999.9999999999998863 ) ) ;
#383 = AXIS2_PLACEMENT_3D ( 'NONE', #542, #713, #328 ) ;
#384 = ORIENTED_EDGE ( 'NONE', *, *, #1217, .F. ) ;
#385 = DIRECTION ( 'NONE',  ( -1.000000000000000000, 0.0000000000000000000, 0.0000000000000000000 ) ) ;
#386 = PLANE ( 'NONE',  #552 ) ;
#387 = AXIS2_PLACEMENT_3D ( 'NONE', #317, #520, #1043 ) ;
#388 = CARTESIAN_POINT ( 'NONE',  ( 2.163315178817475815, 1.190135952421790044, 316.6666666666664014 ) ) ;
#389 = CARTESIAN_POINT ( 'NONE',  ( -2.649999999999999911, 6.099999999999999645, 0.0000000000000000000 ) ) ;
#390 = PRESENTATION_STYLE_ASSIGNMENT (( #335 ) ) ;
#391 = ORIENTED_EDGE ( 'NONE', *, *, #1181, .T. ) ;
#392 = CARTESIAN_POINT ( 'NONE',  ( 4.150000000000000355, 6.099999999999999645, 1000.000000000000000 ) ) ;
#393 = ORIENTED_EDGE ( 'NONE', *, *, #157, .F. ) ;
#394 = ORIENTED_EDGE ( 'NONE', *, *, #838, .T. ) ;
#395 = EDGE_CURVE ( 'NONE', #972, #320, #1219, .T. ) ;
#396 = VERTEX_POINT ( 'NONE', #812 ) ;
#397 = DIRECTION ( 'NONE',  ( 0.0000000000000000000, 0.0000000000000000000, -1.000000000000000000 ) ) ;
#398 =( BOUNDED_SURFACE ( )  B_SPLINE_SURFACE ( 2, 3, ( 
 ( #1179, #444, #259, #254 ),
 ( #161, #563, #155, #153 ),
 ( #751, #440, #1068, #448 ) ),
 .UNSPECIFIED., .F., .F., .F. ) 
 B_SPLINE_SURFACE_WITH_KNOTS ( ( 3, 3 ),
 ( 4, 4 ),
 ( 0.0000000000000000000, 1.000000000000000000 ),
 ( -0.04999999999999999584, 1.049999999999999822 ),
 .UNSPECIFIED. ) 
 GEOMETRIC_REPRESENTATION_ITEM ( )  RATIONAL_B_SPLINE_SURFACE ( (
 ( 1.000000000000000000, 1.000000000000000000, 1.000000000000000000, 1.000000000000000000),
 ( 0.7411614114962029598, 0.7411614114962029598, 0.7411614114962029598, 0.7411614114962029598),
 ( 1.000000000000000000, 1.000000000000000000, 1.000000000000000000, 1.000000000000000000) ) ) 
 REPRESENTATION_ITEM ( '' )  SURFACE ( )  );
#399 = PLANE ( 'NONE',  #588 ) ;
#400 = CARTESIAN_POINT ( 'NONE',  ( 2.971362158782846485, 0.04264438634176560827, 1000.000000000000227 ) ) ;
#401 = CIRCLE ( 'NONE', #572, 0.2999999999999999334 ) ;
#402 = CARTESIAN_POINT ( 'NONE',  ( 2.116757637978027962, 0.9675030176747921873, 1000.000000000000000 ) ) ;
#403 = CARTESIAN_POINT ( 'NONE',  ( -2.921733062354427535, 5.799999999999999822, 0.0000000000000000000 ) ) ;
#404 = ORIENTED_EDGE ( 'NONE', *, *, #22, .T. ) ;
#405 = CARTESIAN_POINT ( 'NONE',  ( 2.481489387894887155, 4.400000000000000355, 1000.000000000000000 ) ) ;
#406 = ADVANCED_FACE ( 'NONE', ( #1117 ), #1111, .F. ) ;
#407 = ORIENTED_EDGE ( 'NONE', *, *, #38, .F. ) ;
#408 = ORIENTED_EDGE ( 'NONE', *, *, #1080, .F. ) ;
#409 = EDGE_CURVE ( 'NONE', #613, #830, #1011, .T. ) ;
#410 = ADVANCED_FACE ( 'NONE', ( #982 ), #495, .F. ) ;
#411 = PRODUCT_RELATED_PRODUCT_CATEGORY ( 'part', '', ( #526 ) ) ;
#412 = DIRECTION ( 'NONE',  ( -0.0000000000000000000, 0.0000000000000000000, 1.000000000000000000 ) ) ;
#413 = CARTESIAN_POINT ( 'NONE',  ( 0.0000000000000000000, 0.0000000000000000000, 0.0000000000000000000 ) ) ;
#414 = CARTESIAN_POINT ( 'NONE',  ( 3.000000000000000000, 2.625802136488331051E-16, 683.3333333333332575 ) ) ;
#415 = VECTOR ( 'NONE', #483, 1000.000000000000000 ) ;
#416 = EDGE_CURVE ( 'NONE', #634, #229, #1205, .T. ) ;
#417 = FACE_OUTER_BOUND ( 'NONE', #46, .T. ) ;
#418 = B_SPLINE_CURVE_WITH_KNOTS ( 'NONE', 3,
 ( #339, #144, #973, #854 ),
 .UNSPECIFIED., .F., .F.,
 ( 4, 4 ),
 ( 0.0000000000000000000, 1.000000000000000000 ),
 .UNSPECIFIED. ) ;
#419 = ORIENTED_EDGE ( 'NONE', *, *, #827, .T. ) ;
#420 = CARTESIAN_POINT ( 'NONE',  ( -2.921733062354427535, 5.799999999999999822, 1000.000000000000000 ) ) ;
#421 = ORIENTED_EDGE ( 'NONE', *, *, #766, .T. ) ;
#422 = DIRECTION ( 'NONE',  ( 1.000000000000000000, -3.047572292044520706E-16, 0.0000000000000000000 ) ) ;
#423 = DIRECTION ( 'NONE',  ( -1.000000000000000000, 0.0000000000000000000, 0.0000000000000000000 ) ) ;
#424 = B_SPLINE_CURVE_WITH_KNOTS ( 'NONE', 3,
 ( #436, #855, #346, #1060, #252, #441, #1168, #547, #557, #551, #1273, #54, #137, #849, #879, #578 ),
 .UNSPECIFIED., .F., .F.,
 ( 4, 1, 1, 2, 2, 1, 1, 2, 2, 4 ),
 ( 0.0000000000000000000, 0.2499999999999992784, 0.3749999999999988898, 0.4374999999999987232, 0.4999999999999985567, 0.6249999999999985567, 0.6874999999999985567, 0.7187499999999985567, 0.7499999999999985567, 1.000000000000000000 ),
 .UNSPECIFIED. ) ;
#425 = ADVANCED_FACE ( 'NONE', ( #417 ), #93, .F. ) ;
#426 = DIRECTION ( 'NONE',  ( -0.0000000000000000000, 0.0000000000000000000, 1.000000000000000000 ) ) ;
#427 = ORIENTED_EDGE ( 'NONE', *, *, #711, .F. ) ;
#428 = CARTESIAN_POINT ( 'NONE',  ( 2.929247090443243717, 3.587293073223015276E-16, 0.0000000000000000000 ) ) ;
#429 = CARTESIAN_POINT ( 'NONE',  ( 0.8377080681530840733, 3.299999999999999378, 1000.000000000000000 ) ) ;
#430 = CARTESIAN_POINT ( 'NONE',  ( 2.163315178817475815, 1.190135952421790044, 0.0000000000000000000 ) ) ;
#431 = VECTOR ( 'NONE', #70, 1000.000000000000000 ) ;
#432 = LINE ( 'NONE', #639, #951 ) ;
#433 = VECTOR ( 'NONE', #1239, 1000.000000000000114 ) ;
#434 = CARTESIAN_POINT ( 'NONE',  ( 2.929247090443243273, 3.794707603699265519E-16, 1049.999999999999773 ) ) ;
#435 = FACE_OUTER_BOUND ( 'NONE', #589, .T. ) ;
#436 = CARTESIAN_POINT ( 'NONE',  ( -3.028759404080174189, 0.2901359524217905772, 1000.000000000000000 ) ) ;
#437 = AXIS2_PLACEMENT_3D ( 'NONE', #1149, #412, #1032 ) ;
#438 = ORIENTED_EDGE ( 'NONE', *, *, #593, .T. ) ;
#439 = ORIENTED_EDGE ( 'NONE', *, *, #886, .T. ) ;
#440 = CARTESIAN_POINT ( 'NONE',  ( -3.028759404080174189, 0.2901359524217906882, 683.3333333333333712 ) ) ;
#441 = CARTESIAN_POINT ( 'NONE',  ( -3.005540962747217382, 0.1455646130640029512, 1000.000000000000227 ) ) ;
#442 = ORIENTED_EDGE ( 'NONE', *, *, #79, .T. ) ;
#443 = ORIENTED_EDGE ( 'NONE', *, *, #898, .F. ) ;
#444 = CARTESIAN_POINT ( 'NONE',  ( -2.929247090443243273, -3.794707603699265519E-16, 683.3333333333333712 ) ) ;
#445 = EDGE_CURVE ( 'NONE', #457, #718, #1237, .T. ) ;
#446 = CARTESIAN_POINT ( 'NONE',  ( 2.929247090443243717, 3.587293073223015276E-16, 0.0000000000000000000 ) ) ;
#447 = AXIS2_PLACEMENT_3D ( 'NONE', #658, #363, #970 ) ;
#448 = CARTESIAN_POINT ( 'NONE',  ( -3.028759404080174189, 0.2901359524217906882, -49.99999999999960210 ) ) ;
#449 = CARTESIAN_POINT ( 'NONE',  ( 2.980624778270530850, 0.06356962080548472782, -0.0000000000000000000 ) ) ;
#450 = VECTOR ( 'NONE', #965, 1000.000000000000000 ) ;
#451 = VECTOR ( 'NONE', #210, 1000.000000000000000 ) ;
#452 = CARTESIAN_POINT ( 'NONE',  ( -3.014330206960950775, 0.1801837280426457633, -0.0000000000000000000 ) ) ;
#453 = ORIENTED_EDGE ( 'NONE', *, *, #534, .F. ) ;
#454 = DIRECTION ( 'NONE',  ( -0.09864047578208909317, -0.9951231363693053833, 0.0000000000000000000 ) ) ;
#455 = CARTESIAN_POINT ( 'NONE',  ( 2.063802865180545343, 0.8999999999999989120, 0.0000000000000000000 ) ) ;
#456 = AXIS2_PLACEMENT_3D ( 'NONE', #120, #329, #932 ) ;
#457 = VERTEX_POINT ( 'NONE', #608 ) ;
#458 = DIRECTION ( 'NONE',  ( 0.9606300333201281960, -0.2778307741834393774, -0.0000000000000000000 ) ) ;
#459 = ORIENTED_EDGE ( 'NONE', *, *, #1181, .F. ) ;
#460 = ORIENTED_EDGE ( 'NONE', *, *, #267, .T. ) ;
#461 = CARTESIAN_POINT ( 'NONE',  ( -2.163315178817475815, 1.190135952421791377, 316.6666666666666288 ) ) ;
#462 = FILL_AREA_STYLE_COLOUR ( '', #856 ) ;
#463 = EDGE_CURVE ( 'NONE', #378, #473, #535, .T. ) ;
#464 = CARTESIAN_POINT ( 'NONE',  ( 2.929247090443243717, 3.587293073223015276E-16, 1000.000000000000000 ) ) ;
#465 = LINE ( 'NONE', #636, #884 ) ;
#466 = VECTOR ( 'NONE', #89, 1000.000000000000000 ) ;
#467 = FACE_OUTER_BOUND ( 'NONE', #1170, .T. ) ;
#468 = FACE_OUTER_BOUND ( 'NONE', #612, .T. ) ;
#469 = CARTESIAN_POINT ( 'NONE',  ( -2.113969845110987400, 0.9605667358887317597, 0.0000000000000000000 ) ) ;
#470 = CARTESIAN_POINT ( 'NONE',  ( -2.921733062354427535, 6.099999999999999645, 1000.000000000000000 ) ) ;
#471 = CIRCLE ( 'NONE', #437, 0.2999999999999999334 ) ;
#472 = ORIENTED_EDGE ( 'NONE', *, *, #1201, .T. ) ;
#473 = VERTEX_POINT ( 'NONE', #1008 ) ;
#474 = CARTESIAN_POINT ( 'NONE',  ( -2.120489853438851213, 0.9773353278226785124, -0.0000000000000000000 ) ) ;
#475 = AXIS2_PLACEMENT_3D ( 'NONE', #280, #894, #899 ) ;
#476 = EDGE_LOOP ( 'NONE', ( #99, #960, #167, #64 ) ) ;
#477 = EDGE_LOOP ( 'NONE', ( #1209, #556, #796, #1274 ) ) ;
#478 = ORIENTED_EDGE ( 'NONE', *, *, #667, .F. ) ;
#479 = DIRECTION ( 'NONE',  ( -1.000000000000000000, 0.0000000000000000000, 0.0000000000000000000 ) ) ;
#480 = CARTESIAN_POINT ( 'NONE',  ( -2.084327443046978257, 0.9072838716673135018, 1000.000000000000000 ) ) ;
#481 = FACE_OUTER_BOUND ( 'NONE', #627, .T. ) ;
#482 = AXIS2_PLACEMENT_3D ( 'NONE', #197, #1005, #1208 ) ;
#483 = DIRECTION ( 'NONE',  ( -0.0000000000000000000, -0.0000000000000000000, 1.000000000000000000 ) ) ;
#484 = CARTESIAN_POINT ( 'NONE',  ( -2.135758467423139795, 1.027882228454178870, 1000.000000000000000 ) ) ;
#485 = VECTOR ( 'NONE', #575, 1000.000000000000000 ) ;
#486 = VECTOR ( 'NONE', #694, 1000.000000000000114 ) ;
#487 = ORIENTED_EDGE ( 'NONE', *, *, #1010, .F. ) ;
#488 = DIRECTION ( 'NONE',  ( 0.0000000000000000000, 0.0000000000000000000, -1.000000000000000000 ) ) ;
#489 = CARTESIAN_POINT ( 'NONE',  ( -2.098670638108853570, 0.9285284973636447337, 999.9999999999997726 ) ) ;
#490 = EDGE_LOOP ( 'NONE', ( #34, #601, #794, #404 ) ) ;
#491 = EDGE_CURVE ( 'NONE', #1089, #320, #657, .T. ) ;
#492 = ORIENTED_EDGE ( 'NONE', *, *, #786, .F. ) ;
#493 = VERTEX_POINT ( 'NONE', #392 ) ;
#494 = CARTESIAN_POINT ( 'NONE',  ( -1.042547845894090441, 3.671538242251070283, 0.0000000000000000000 ) ) ;
#495 = PLANE ( 'NONE',  #1306 ) ;
#496 = EDGE_LOOP ( 'NONE', ( #277, #690, #65, #976 ) ) ;
#497 = CARTESIAN_POINT ( 'NONE',  ( 2.649999999999999911, 6.099999999999999645, 1000.000000000000000 ) ) ;
#498 = DIRECTION ( 'NONE',  ( 0.0000000000000000000, 0.0000000000000000000, -1.000000000000000000 ) ) ;
#499 = DIRECTION ( 'NONE',  ( 0.0000000000000000000, -0.0000000000000000000, -1.000000000000000000 ) ) ;
#500 = EDGE_CURVE ( 'NONE', #852, #1003, #834, .T. ) ;
#501 = AXIS2_PLACEMENT_3D ( 'NONE', #582, #184, #479 ) ;
#502 = LINE ( 'NONE', #934, #1255 ) ;
#503 = CARTESIAN_POINT ( 'NONE',  ( -2.134555774737302070, 0.9000000000000002442, 0.0000000000000000000 ) ) ;
#504 = VECTOR ( 'NONE', #1251, 1000.000000000000000 ) ;
#505 = ORIENTED_EDGE ( 'NONE', *, *, #605, .T. ) ;
#506 = ORIENTED_EDGE ( 'NONE', *, *, #206, .F. ) ;
#507 = CARTESIAN_POINT ( 'NONE',  ( 2.160467327508392543, 1.161405730835377570, 1000.000000000000000 ) ) ;
#508 = VERTEX_POINT ( 'NONE', #223 ) ;
#509 = ORIENTED_EDGE ( 'NONE', *, *, #1167, .F. ) ;
#510 = ORIENTED_EDGE ( 'NONE', *, *, #777, .T. ) ;
#511 = ADVANCED_FACE ( 'NONE', ( #689 ), #567, .T. ) ;
#512 = DIRECTION ( 'NONE',  ( 0.09864047578208888500, 0.9951231363693053833, 0.0000000000000000000 ) ) ;
#513 = DIRECTION ( 'NONE',  ( -1.000000000000000000, 0.0000000000000000000, 0.0000000000000000000 ) ) ;
#514 = LINE ( 'NONE', #707, #1216 ) ;
#515 = DIRECTION ( 'NONE',  ( -0.9606300333201281960, -0.2778307741834398770, 0.0000000000000000000 ) ) ;
#516 = CARTESIAN_POINT ( 'NONE',  ( 2.929247090443243717, 3.587293073223015276E-16, 1000.000000000000000 ) ) ;
#517 = CIRCLE ( 'NONE', #112, 0.2999999999999999334 ) ;
#518 = AXIS2_PLACEMENT_3D ( 'NONE', #204, #304, #908 ) ;
#519 = LINE ( 'NONE', #592, #287 ) ;
#520 = DIRECTION ( 'NONE',  ( 0.0000000000000000000, 0.0000000000000000000, -1.000000000000000000 ) ) ;
#521 = ORIENTED_EDGE ( 'NONE', *, *, #1133, .T. ) ;
#522 = CARTESIAN_POINT ( 'NONE',  ( 2.929247090443243717, 3.587293073223015276E-16, 0.0000000000000000000 ) ) ;
#523 = VERTEX_POINT ( 'NONE', #428 ) ;
#524 = ORIENTED_EDGE ( 'NONE', *, *, #1227, .T. ) ;
#525 = CARTESIAN_POINT ( 'NONE',  ( 3.000000000000000000, 2.625802136488331051E-16, -49.99999999999960210 ) ) ;
#526 = PRODUCT ( 'Z19 ”плотнитель пазовый, паз 6', 'Z19 ”плотнитель пазовый, паз 6', '', ( #679 ) ) ;
#527 = AXIS2_PLACEMENT_3D ( 'NONE', #697, #808, #1326 ) ;
#528 = CARTESIAN_POINT ( 'NONE',  ( 4.450000000000000178, 5.399999999999999467, 1000.000000000000000 ) ) ;
#529 = ADVANCED_FACE ( 'NONE', ( #94 ), #733, .T. ) ;
#530 = B_SPLINE_CURVE_WITH_KNOTS ( 'NONE', 3,
 ( #170, #663, #373, #762, #71, #268, #977, #367, #1085, #474, #1185, #570, #1283, #469, #668, #768, #881 ),
 .UNSPECIFIED., .F., .F.,
 ( 4, 1, 1, 2, 2, 1, 1, 1, 2, 2, 4 ),
 ( 0.0000000000000000000, 0.2499999999999991673, 0.3749999999999993894, 0.4374999999999995559, 0.4999999999999996669, 0.6250000000000016653, 0.6875000000000042188, 0.7187500000000036637, 0.7343750000000026645, 0.7500000000000015543, 1.000000000000000000 ),
 .UNSPECIFIED. ) ;
#531 = DIRECTION ( 'NONE',  ( -1.000000000000000000, 0.0000000000000000000, 0.0000000000000000000 ) ) ;
#532 = LINE ( 'NONE', #783, #241 ) ;
#533 = CARTESIAN_POINT ( 'NONE',  ( 2.133494951926816263, 1.019271309448545049, -0.0000000000000000000 ) ) ;
#534 = EDGE_CURVE ( 'NONE', #772, #634, #143, .T. ) ;
#535 = CIRCLE ( 'NONE', #1176, 0.2999999999999999334 ) ;
#536 = CYLINDRICAL_SURFACE ( 'NONE', #101, 0.2999999999999999334 ) ;
#537 = DIRECTION ( 'NONE',  ( 1.000000000000000000, 0.0000000000000000000, -0.0000000000000000000 ) ) ;
#538 = ORIENTED_EDGE ( 'NONE', *, *, #876, .F. ) ;
#539 = CARTESIAN_POINT ( 'NONE',  ( -2.134555774737302070, 0.9000000000000001332, 683.3333333333328028 ) ) ;
#540 = CARTESIAN_POINT ( 'NONE',  ( -1.125897078149122654, 3.383349232255031591, 1000.000000000000000 ) ) ;
#541 = VERTEX_POINT ( 'NONE', #1159 ) ;
#542 = CARTESIAN_POINT ( 'NONE',  ( 1.042547845894090441, 3.671538242251070283, 0.0000000000000000000 ) ) ;
#543 = ORIENTED_EDGE ( 'NONE', *, *, #847, .F. ) ;
#544 = EDGE_CURVE ( 'NONE', #1290, #706, #969, .T. ) ;
#545 = CARTESIAN_POINT ( 'NONE',  ( -0.7543588358980520825, 3.588189009996038070, 0.0000000000000000000 ) ) ;
#546 = CARTESIAN_POINT ( 'NONE',  ( 3.028759404080174189, 0.2901359524217914654, 1000.000000000000000 ) ) ;
#547 = CARTESIAN_POINT ( 'NONE',  ( -2.999058936642585049, 0.1192368102409596259, 1000.000000000000227 ) ) ;
#548 = ADVANCED_FACE ( 'NONE', ( #468 ), #1246, .T. ) ;
#549 = VECTOR ( 'NONE', #963, 1000.000000000000000 ) ;
#550 = CARTESIAN_POINT ( 'NONE',  ( -2.988990868005828805, 0.08540317867248906070, -0.0000000000000000000 ) ) ;
#551 = CARTESIAN_POINT ( 'NONE',  ( -2.986059089420398216, 0.07774190162500338452, 1000.000000000000000 ) ) ;
#552 = AXIS2_PLACEMENT_3D ( 'NONE', #1108, #1097, #676 ) ;
#553 = VERTEX_POINT ( 'NONE', #1143 ) ;
#554 = VERTEX_POINT ( 'NONE', #1152 ) ;
#555 = CARTESIAN_POINT ( 'NONE',  ( -2.998855707892248645, 0.1190027496017408148, -0.0000000000000000000 ) ) ;
#556 = ORIENTED_EDGE ( 'NONE', *, *, #55, .F. ) ;
#557 = CARTESIAN_POINT ( 'NONE',  ( -2.993331977772540675, 0.09896212330037057470, 1000.000000000000000 ) ) ;
#558 = VERTEX_POINT ( 'NONE', #1234 ) ;
#559 = ORIENTED_EDGE ( 'NONE', *, *, #748, .F. ) ;
#560 = EDGE_CURVE ( 'NONE', #1261, #1280, #1257, .T. ) ;
#561 = CARTESIAN_POINT ( 'NONE',  ( -4.150000000000000355, 6.099999999999999645, 1000.000000000000000 ) ) ;
#562 = CARTESIAN_POINT ( 'NONE',  ( 2.163315178817475815, 1.190135952421790044, 0.0000000000000000000 ) ) ;
#563 = CARTESIAN_POINT ( 'NONE',  ( -3.000000000000000000, -4.963613070910199987E-16, 683.3333333333332575 ) ) ;
#564 = CARTESIAN_POINT ( 'NONE',  ( -2.481489387894887155, 4.400000000000000355, 1000.000000000000000 ) ) ;
#565 = CARTESIAN_POINT ( 'NONE',  ( 2.157621897141034140, 1.132699932642131202, -0.0000000000000000000 ) ) ;
#566 = VECTOR ( 'NONE', #775, 1000.000000000000000 ) ;
#567 = CYLINDRICAL_SURFACE ( 'NONE', #387, 0.2999999999999999334 ) ;
#568 = EDGE_CURVE ( 'NONE', #322, #554, #956, .T. ) ;
#569 = CIRCLE ( 'NONE', #3, 0.2999999999999999334 ) ;
#570 = CARTESIAN_POINT ( 'NONE',  ( -2.115133129979554383, 0.9634413215520025719, -0.0000000000000000000 ) ) ;
#571 = CARTESIAN_POINT ( 'NONE',  ( 2.135758467423139795, 1.027882228454177538, 0.0000000000000000000 ) ) ;
#572 = AXIS2_PLACEMENT_3D ( 'NONE', #420, #21, #531 ) ;
#573 = ORIENTED_EDGE ( 'NONE', *, *, #731, .F. ) ;
#574 = ORIENTED_EDGE ( 'NONE', *, *, #797, .F. ) ;
#575 = DIRECTION ( 'NONE',  ( -0.0000000000000000000, -1.000000000000000000, -0.0000000000000000000 ) ) ;
#576 = CARTESIAN_POINT ( 'NONE',  ( -0.9591986136390584505, 3.959727252247108531, 1000.000000000000000 ) ) ;
#577 = EDGE_CURVE ( 'NONE', #111, #695, #859, .T. ) ;
#578 = CARTESIAN_POINT ( 'NONE',  ( -2.929247090443243273, -3.587293073223014783E-16, 1000.000000000000000 ) ) ;
#579 = FACE_OUTER_BOUND ( 'NONE', #1104, .T. ) ;
#580 = CARTESIAN_POINT ( 'NONE',  ( -2.163315178817475815, 1.190135952421791377, 1000.000000000000000 ) ) ;
#581 = VECTOR ( 'NONE', #488, 1000.000000000000000 ) ;
#582 = CARTESIAN_POINT ( 'NONE',  ( 4.150000000000000355, 5.799999999999999822, 1000.000000000000000 ) ) ;
#583 = CARTESIAN_POINT ( 'NONE',  ( -2.108907992421476862, 0.9489385127647624874, 1000.000000000000000 ) ) ;
#584 = ORIENTED_EDGE ( 'NONE', *, *, #130, .F. ) ;
#585 = EDGE_CURVE ( 'NONE', #493, #1327, #173, .T. ) ;
#586 = VERTEX_POINT ( 'NONE', #115 ) ;
#587 = CARTESIAN_POINT ( 'NONE',  ( -2.148923936647528343, 1.080566632199033039, 999.9999999999998863 ) ) ;
#588 = AXIS2_PLACEMENT_3D ( 'NONE', #1230, #1030, #1057 ) ;
#589 = EDGE_LOOP ( 'NONE', ( #1206, #962, #291, #421 ) ) ;
#590 = ORIENTED_EDGE ( 'NONE', *, *, #711, .T. ) ;
#591 = CARTESIAN_POINT ( 'NONE',  ( -0.9591986136390584505, 3.959727252247108531, 0.0000000000000000000 ) ) ;
#592 = CARTESIAN_POINT ( 'NONE',  ( -2.417750294846821912, 3.756975463870965370, 0.0000000000000000000 ) ) ;
#593 = EDGE_CURVE ( 'NONE', #1294, #1088, #401, .T. ) ;
#594 = CARTESIAN_POINT ( 'NONE',  ( 2.929247090443243717, 3.587293073223015276E-16, 1000.000000000000000 ) ) ;
#595 = CARTESIAN_POINT ( 'NONE',  ( 0.0000000000000000000, 0.0000000000000000000, 1000.000000000000000 ) ) ;
#596 = LINE ( 'NONE', #318, #253 ) ;
#597 = MANIFOLD_SOLID_BREP ( '«еркальное отражение1', #369 ) ;
#598 = LINE ( 'NONE', #470, #7 ) ;
#599 = DIRECTION ( 'NONE',  ( 0.0000000000000000000, -0.0000000000000000000, -1.000000000000000000 ) ) ;
#600 = CARTESIAN_POINT ( 'NONE',  ( 2.998855707892253974, 0.1190027496017559416, 1000.000000000000227 ) ) ;
#601 = ORIENTED_EDGE ( 'NONE', *, *, #624, .T. ) ;
#602 = EDGE_CURVE ( 'NONE', #1211, #985, #843, .T. ) ;
#603 = VERTEX_POINT ( 'NONE', #1138 ) ;
#604 = ADVANCED_FACE ( 'NONE', ( #1166 ), #205, .T. ) ;
#605 = EDGE_CURVE ( 'NONE', #1172, #1144, #803, .T. ) ;
#606 = VECTOR ( 'NONE', #512, 1000.000000000000000 ) ;
#607 = CARTESIAN_POINT ( 'NONE',  ( 2.113969845110989176, 0.9605667358887316487, 1000.000000000000227 ) ) ;
#608 = CARTESIAN_POINT ( 'NONE',  ( 2.481489387894887155, 4.400000000000000355, 0.0000000000000000000 ) ) ;
#609 = CIRCLE ( 'NONE', #172, 0.2999999999999999334 ) ;
#610 = ORIENTED_EDGE ( 'NONE', *, *, #44, .F. ) ;
#611 = CARTESIAN_POINT ( 'NONE',  ( 4.150000000000000355, 6.099999999999999645, 1000.000000000000000 ) ) ;
#612 = EDGE_LOOP ( 'NONE', ( #1074, #1323, #509, #487 ) ) ;
#613 = VERTEX_POINT ( 'NONE', #362 ) ;
#614 = CARTESIAN_POINT ( 'NONE',  ( 2.063802865180545343, 0.8999999999999989120, 1000.000000000000000 ) ) ;
#615 = DIRECTION ( 'NONE',  ( 0.0000000000000000000, 0.0000000000000000000, -1.000000000000000000 ) ) ;
#616 = EDGE_CURVE ( 'NONE', #752, #650, #1245, .T. ) ;
#617 = VERTEX_POINT ( 'NONE', #735 ) ;
#618 = CARTESIAN_POINT ( 'NONE',  ( 2.080211515187264659, 0.8999999999999992450, 1000.000000000000227 ) ) ;
#619 = ORIENTED_EDGE ( 'NONE', *, *, #1133, .F. ) ;
#620 = CARTESIAN_POINT ( 'NONE',  ( 4.150000000000000355, 5.799999999999999822, 1000.000000000000000 ) ) ;
#621 = PLANE ( 'NONE',  #239 ) ;
#622 = DIRECTION ( 'NONE',  ( -0.0000000000000000000, -0.0000000000000000000, 1.000000000000000000 ) ) ;
#623 = CARTESIAN_POINT ( 'NONE',  ( 4.450000000000000178, 6.099999999999999645, 0.0000000000000000000 ) ) ;
#624 = EDGE_CURVE ( 'NONE', #523, #852, #235, .T. ) ;
#625 = LINE ( 'NONE', #941, #820 ) ;
#626 = ADVANCED_FACE ( 'NONE', ( #1084 ), #271, .T. ) ;
#627 = EDGE_LOOP ( 'NONE', ( #257, #1247, #907, #244 ) ) ;
#628 = CARTESIAN_POINT ( 'NONE',  ( 4.450000000000000178, 5.699999999999999289, 0.0000000000000000000 ) ) ;
#629 = CARTESIAN_POINT ( 'NONE',  ( -2.417750294846821912, 3.756975463870965370, 0.0000000000000000000 ) ) ;
#630 = ORIENTED_EDGE ( 'NONE', *, *, #757, .T. ) ;
#631 =( LENGTH_UNIT ( ) NAMED_UNIT ( * ) SI_UNIT ( .MILLI., .METRE. ) );
#632 = DIRECTION ( 'NONE',  ( -0.0000000000000000000, -1.000000000000000000, -0.0000000000000000000 ) ) ;
#633 = ADVANCED_FACE ( 'NONE', ( #1050 ), #1140, .T. ) ;
#634 = VERTEX_POINT ( 'NONE', #730 ) ;
#635 = AXIS2_PLACEMENT_3D ( 'NONE', #118, #928, #423 ) ;
#636 = CARTESIAN_POINT ( 'NONE',  ( 2.481489387894887155, 4.400000000000000355, 1000.000000000000000 ) ) ;
#637 = CARTESIAN_POINT ( 'NONE',  ( 2.962503807826376789, 0.02018987439698662761, -0.0000000000000000000 ) ) ;
#638 = CIRCLE ( 'NONE', #383, 0.2999999999999999334 ) ;
#639 = CARTESIAN_POINT ( 'NONE',  ( -0.8377080681530840733, 3.299999999999999378, 1000.000000000000000 ) ) ;
#640 = FACE_OUTER_BOUND ( 'NONE', #926, .T. ) ;
#641 = CARTESIAN_POINT ( 'NONE',  ( 3.012264770666683411, 0.1760828704426445346, -0.0000000000000000000 ) ) ;
#642 = AXIS2_PLACEMENT_3D ( 'NONE', #933, #324, #1038 ) ;
#643 = CIRCLE ( 'NONE', #217, 0.2999999999999999334 ) ;
#644 = ADVANCED_FACE ( 'NONE', ( #767 ), #621, .T. ) ;
#645 = CARTESIAN_POINT ( 'NONE',  ( -2.971362158782843377, 0.04264438634176418580, -0.0000000000000000000 ) ) ;
#646 = ORIENTED_EDGE ( 'NONE', *, *, #1071, .T. ) ;
#647 = DIRECTION ( 'NONE',  ( 0.0000000000000000000, -0.0000000000000000000, -1.000000000000000000 ) ) ;
#648 = ORIENTED_EDGE ( 'NONE', *, *, #757, .F. ) ;
#649 = CARTESIAN_POINT ( 'NONE',  ( -3.023028167454454795, 0.2323170284857439538, 0.0000000000000000000 ) ) ;
#650 = VERTEX_POINT ( 'NONE', #824 ) ;
#651 = EDGE_CURVE ( 'NONE', #870, #523, #1287, .T. ) ;
#652 = PRODUCT_DEFINITION ( 'UNKNOWN', '', #869, #132 ) ;
#653 = DIRECTION ( 'NONE',  ( -1.000000000000000000, 0.0000000000000000000, 0.0000000000000000000 ) ) ;
#654 = CYLINDRICAL_SURFACE ( 'NONE', #295, 0.2999999999999999334 ) ;
#655 = VECTOR ( 'NONE', #905, 1000.000000000000114 ) ;
#656 = DIRECTION ( 'NONE',  ( -0.0000000000000000000, 0.0000000000000000000, 1.000000000000000000 ) ) ;
#657 = CIRCLE ( 'NONE', #191, 0.2999999999999999334 ) ;
#658 = CARTESIAN_POINT ( 'NONE',  ( 0.0000000000000000000, 0.0000000000000000000, 1000.000000000000000 ) ) ;
#659 = CARTESIAN_POINT ( 'NONE',  ( 2.129635604498445023, 1.005615380098145994, -0.0000000000000000000 ) ) ;
#660 = EDGE_CURVE ( 'NONE', #162, #1304, #1319, .T. ) ;
#661 = ORIENTED_EDGE ( 'NONE', *, *, #684, .F. ) ;
#662 = ORIENTED_EDGE ( 'NONE', *, *, #691, .F. ) ;
#663 = CARTESIAN_POINT ( 'NONE',  ( -2.160467327508392543, 1.161405730835379124, 0.0000000000000000000 ) ) ;
#664 = CARTESIAN_POINT ( 'NONE',  ( 2.123713581337662415, 0.9859402983660977560, -0.0000000000000000000 ) ) ;
#665 = DIRECTION ( 'NONE',  ( 1.000000000000000000, -0.0000000000000000000, -0.0000000000000000000 ) ) ;
#666 = CARTESIAN_POINT ( 'NONE',  ( -3.535269003157417433, 5.399999999999999467, 1000.000000000000000 ) ) ;
#667 = EDGE_CURVE ( 'NONE', #1211, #473, #347, .T. ) ;
#668 = CARTESIAN_POINT ( 'NONE',  ( -2.096593121764949164, 0.9193813554843945912, -0.0000000000000000000 ) ) ;
#669 = DIRECTION ( 'NONE',  ( -1.000000000000000000, 0.0000000000000000000, 0.0000000000000000000 ) ) ;
#670 = DIRECTION ( 'NONE',  ( 0.0000000000000000000, 0.0000000000000000000, -1.000000000000000000 ) ) ;
#671 = DIRECTION ( 'NONE',  ( -1.000000000000000000, 0.0000000000000000000, 0.0000000000000000000 ) ) ;
#672 = VECTOR ( 'NONE', #231, 1000.000000000000000 ) ;
#673 = EDGE_CURVE ( 'NONE', #313, #793, #596, .T. ) ;
#674 = LINE ( 'NONE', #497, #486 ) ;
#675 = ORIENTED_EDGE ( 'NONE', *, *, #463, .F. ) ;
#676 = DIRECTION ( 'NONE',  ( 0.09864047578208888500, -0.9951231363693053833, 0.0000000000000000000 ) ) ;
#677 = AXIS2_PLACEMENT_3D ( 'NONE', #275, #164, #454 ) ;
#678 = ORIENTED_EDGE ( 'NONE', *, *, #260, .T. ) ;
#679 = PRODUCT_CONTEXT ( 'NONE', #58, 'mechanical' ) ;
#680 = ORIENTED_EDGE ( 'NONE', *, *, #876, .T. ) ;
#681 = CARTESIAN_POINT ( 'NONE',  ( -2.481489387894887155, 4.400000000000000355, 1000.000000000000000 ) ) ;
#682 = CARTESIAN_POINT ( 'NONE',  ( -2.117392552122202787, 0.9686916535147035434, 1000.000000000000227 ) ) ;
#683 = ORIENTED_EDGE ( 'NONE', *, *, #838, .F. ) ;
#684 = EDGE_CURVE ( 'NONE', #1304, #1211, #877, .T. ) ;
#685 = CARTESIAN_POINT ( 'NONE',  ( 2.134555774737302070, 0.8999999999999988010, 1050.000000000000000 ) ) ;
#686 = CARTESIAN_POINT ( 'NONE',  ( -2.110954763760709341, 0.9534909325568335925, 1000.000000000000227 ) ) ;
#687 = LINE ( 'NONE', #564, #1236 ) ;
#688 = CARTESIAN_POINT ( 'NONE',  ( 2.063802865180545343, 0.8999999999999989120, 1050.000000000000000 ) ) ;
#689 = FACE_OUTER_BOUND ( 'NONE', #28, .T. ) ;
#690 = ORIENTED_EDGE ( 'NONE', *, *, #748, .T. ) ;
#691 = EDGE_CURVE ( 'NONE', #1142, #603, #502, .T. ) ;
#692 = ORIENTED_EDGE ( 'NONE', *, *, #352, .F. ) ;
#693 = CARTESIAN_POINT ( 'NONE',  ( 4.450000000000000178, 5.399999999999999467, 1000.000000000000000 ) ) ;
#694 = DIRECTION ( 'NONE',  ( 0.09864047578208909317, 0.9951231363693053833, 0.0000000000000000000 ) ) ;
#695 = VERTEX_POINT ( 'NONE', #1039 ) ;
#696 = DIRECTION ( 'NONE',  ( 0.0000000000000000000, -0.0000000000000000000, -1.000000000000000000 ) ) ;
#697 = CARTESIAN_POINT ( 'NONE',  ( 4.150000000000000355, 5.699999999999999289, 1000.000000000000000 ) ) ;
#698 = AXIS2_PLACEMENT_3D ( 'NONE', #126, #1045, #726 ) ;
#699 = DIRECTION ( 'NONE',  ( 0.09864047578208909317, -0.9951231363693053833, 0.0000000000000000000 ) ) ;
#700 = LINE ( 'NONE', #251, #360 ) ;
#701 = CIRCLE ( 'NONE', #359, 0.2999999999999999334 ) ;
#702 = EDGE_LOOP ( 'NONE', ( #248, #919, #619, #341 ) ) ;
#703 = CARTESIAN_POINT ( 'NONE',  ( 2.142827210922306325, 1.057516725734042318, 1000.000000000000000 ) ) ;
#704 = ORIENTED_EDGE ( 'NONE', *, *, #959, .T. ) ;
#705 = AXIS2_PLACEMENT_3D ( 'NONE', #1016, #1315, #1210 ) ;
#706 = VERTEX_POINT ( 'NONE', #629 ) ;
#707 = CARTESIAN_POINT ( 'NONE',  ( 3.535269003157417433, 5.399999999999999467, 0.0000000000000000000 ) ) ;
#708 = CARTESIAN_POINT ( 'NONE',  ( 2.994948663722589277, 0.1051933574817620759, 999.9999999999997726 ) ) ;
#709 = ORIENTED_EDGE ( 'NONE', *, *, #1289, .T. ) ;
#710 = ADVANCED_FACE ( 'NONE', ( #902 ), #1027, .T. ) ;
#711 = EDGE_CURVE ( 'NONE', #1142, #1327, #1114, .T. ) ;
#712 =( GEOMETRIC_REPRESENTATION_CONTEXT ( 3 ) GLOBAL_UNCERTAINTY_ASSIGNED_CONTEXT ( ( #840 ) ) GLOBAL_UNIT_ASSIGNED_CONTEXT ( ( #631, #27, #1025 ) ) REPRESENTATION_CONTEXT ( 'NONE', 'WORKASPACE' ) );
#713 = DIRECTION ( 'NONE',  ( 0.0000000000000000000, -0.0000000000000000000, -1.000000000000000000 ) ) ;
#714 = CARTESIAN_POINT ( 'NONE',  ( 3.023028167454455239, 0.2323170284857506152, 999.9999999999997726 ) ) ;
#715 = FACE_OUTER_BOUND ( 'NONE', #1244, .T. ) ;
#716 = CARTESIAN_POINT ( 'NONE',  ( -4.450000000000000178, 5.799999999999999822, 1000.000000000000000 ) ) ;
#717 = VECTOR ( 'NONE', #802, 1000.000000000000114 ) ;
#718 = VERTEX_POINT ( 'NONE', #23 ) ;
#719 = CARTESIAN_POINT ( 'NONE',  ( 3.000000000000000000, 2.625802136488331051E-16, 316.6666666666666288 ) ) ;
#720 = CARTESIAN_POINT ( 'NONE',  ( 4.150000000000000355, 5.699999999999999289, 0.0000000000000000000 ) ) ;
#721 = DIRECTION ( 'NONE',  ( -0.0000000000000000000, 0.0000000000000000000, 1.000000000000000000 ) ) ;
#722 = VERTEX_POINT ( 'NONE', #832 ) ;
#723 = ORIENTED_EDGE ( 'NONE', *, *, #1095, .T. ) ;
#724 = ORIENTED_EDGE ( 'NONE', *, *, #577, .T. ) ;
#725 = DIRECTION ( 'NONE',  ( 0.0000000000000000000, -0.0000000000000000000, -1.000000000000000000 ) ) ;
#726 = DIRECTION ( 'NONE',  ( -1.000000000000000000, 0.0000000000000000000, 0.0000000000000000000 ) ) ;
#727 = B_SPLINE_CURVE_WITH_KNOTS ( 'NONE', 3,
 ( #455, #246, #340, #1282, #1053, #954, #168, #276, #853, #664, #659, #533, #571, #171, #565, #562 ),
 .UNSPECIFIED., .F., .F.,
 ( 4, 1, 1, 1, 2, 2, 1, 2, 2, 4 ),
 ( 0.0000000000000000000, 0.1249999999999885647, 0.1874999999999842348, 0.2187499999999817091, 0.2343749999999813760, 0.2499999999999810707, 0.3749999999999811262, 0.4374999999999827915, 0.4999999999999844569, 1.000000000000000000 ),
 .UNSPECIFIED. ) ;
#728 = CARTESIAN_POINT ( 'NONE',  ( -3.535269003157417433, 5.399999999999999467, 1000.000000000000000 ) ) ;
#729 = CARTESIAN_POINT ( 'NONE',  ( -2.163315178817475815, 1.190135952421791377, 1049.999999999999773 ) ) ;
#730 = CARTESIAN_POINT ( 'NONE',  ( 4.450000000000000178, 5.799999999999999822, 1000.000000000000000 ) ) ;
#731 = EDGE_CURVE ( 'NONE', #1172, #378, #625, .T. ) ;
#732 = CYLINDRICAL_SURFACE ( 'NONE', #698, 0.2999999999999999334 ) ;
#733 = CYLINDRICAL_SURFACE ( 'NONE', #456, 0.2999999999999999334 ) ;
#734 = CARTESIAN_POINT ( 'NONE',  ( 3.028759404080174189, 0.2901359524217914654, 316.6666666666666288 ) ) ;
#735 = CARTESIAN_POINT ( 'NONE',  ( 2.623196121443635231, 5.829592142734625781, 1000.000000000000000 ) ) ;
#736 = ORIENTED_EDGE ( 'NONE', *, *, #1249, .T. ) ;
#737 = EDGE_LOOP ( 'NONE', ( #991, #1034, #83, #923, #214, #1264, #350, #53, #1029, #610, #984, #1028, #10, #897, #868, #68, #1015, #1311, #1310, #224, #524, #472, #1120, #828, #704, #438, #1169, #1184, #394, #32, #505, #460, #1279 ) ) ;
#738 = ORIENTED_EDGE ( 'NONE', *, *, #182, .T. ) ;
#739 = CARTESIAN_POINT ( 'NONE',  ( 0.8377080681530840733, 3.299999999999999378, 0.0000000000000000000 ) ) ;
#740 = ADVANCED_FACE ( 'NONE', ( #967 ), #732, .T. ) ;
#741 = AXIS2_PLACEMENT_3D ( 'NONE', #1161, #312, #1033 ) ;
#742 = CARTESIAN_POINT ( 'NONE',  ( 2.417750294846821912, 3.756975463870965370, 1000.000000000000000 ) ) ;
#743 = DIRECTION ( 'NONE',  ( 0.0000000000000000000, -0.0000000000000000000, -1.000000000000000000 ) ) ;
#744 = PLANE ( 'NONE',  #447 ) ;
#745 = VECTOR ( 'NONE', #240, 1000.000000000000114 ) ;
#746 = CARTESIAN_POINT ( 'NONE',  ( 0.7543588358980520825, 3.588189009996038070, 1000.000000000000000 ) ) ;
#747 = CARTESIAN_POINT ( 'NONE',  ( 3.025930689615153657, 0.2615987906937532470, 0.0000000000000000000 ) ) ;
#748 = EDGE_CURVE ( 'NONE', #695, #553, #841, .T. ) ;
#749 = CYLINDRICAL_SURFACE ( 'NONE', #1188, 0.2999999999999999334 ) ;
#750 = VECTOR ( 'NONE', #990, 1000.000000000000000 ) ;
#751 = CARTESIAN_POINT ( 'NONE',  ( -3.028759404080174189, 0.2901359524217906882, 1050.000000000000000 ) ) ;
#752 = VERTEX_POINT ( 'NONE', #430 ) ;
#753 = VERTEX_POINT ( 'NONE', #149 ) ;
#754 = DIRECTION ( 'NONE',  ( -0.09864047578208910705, -0.9951231363693053833, 0.0000000000000000000 ) ) ;
#755 = VERTEX_POINT ( 'NONE', #540 ) ;
#756 = DIRECTION ( 'NONE',  ( -1.000000000000000000, 0.0000000000000000000, 0.0000000000000000000 ) ) ;
#757 = EDGE_CURVE ( 'NONE', #396, #523, #1162, .T. ) ;
#758 = ORIENTED_EDGE ( 'NONE', *, *, #166, .F. ) ;
#759 = DIRECTION ( 'NONE',  ( -1.000000000000000000, 0.0000000000000000000, 0.0000000000000000000 ) ) ;
#760 = DIRECTION ( 'NONE',  ( 0.0000000000000000000, 0.0000000000000000000, -1.000000000000000000 ) ) ;
#761 =( LENGTH_UNIT ( ) NAMED_UNIT ( * ) SI_UNIT ( .MILLI., .METRE. ) );
#762 = CARTESIAN_POINT ( 'NONE',  ( -2.146795428296150998, 1.075829479378527909, -0.0000000000000000000 ) ) ;
#763 = CARTESIAN_POINT ( 'NONE',  ( -2.063802865180545343, 0.9000000000000002442, 683.3333333333329165 ) ) ;
#764 = CIRCLE ( 'NONE', #141, 0.2999999999999999334 ) ;
#765 = DIRECTION ( 'NONE',  ( -0.9606300333201281960, 0.2778307741834398770, -0.0000000000000000000 ) ) ;
#766 = EDGE_CURVE ( 'NONE', #830, #793, #334, .T. ) ;
#767 = FACE_OUTER_BOUND ( 'NONE', #1070, .T. ) ;
#768 = CARTESIAN_POINT ( 'NONE',  ( -2.080211515187264215, 0.9000000000000003553, 0.0000000000000000000 ) ) ;
#769 = DIRECTION ( 'NONE',  ( -1.000000000000000000, 1.445602896647339508E-15, 0.0000000000000000000 ) ) ;
#770 = AXIS2_PLACEMENT_3D ( 'NONE', #30, #922, #946 ) ;
#771 = LINE ( 'NONE', #901, #750 ) ;
#772 = VERTEX_POINT ( 'NONE', #1268 ) ;
#773 = UNCERTAINTY_MEASURE_WITH_UNIT (LENGTH_MEASURE( 1.000000000000000082E-05 ), #375, 'distance_accuracy_value', 'NONE');
#774 = ORIENTED_EDGE ( 'NONE', *, *, #395, .T. ) ;
#775 = DIRECTION ( 'NONE',  ( -0.0000000000000000000, -0.0000000000000000000, 1.000000000000000000 ) ) ;
#776 = CARTESIAN_POINT ( 'NONE',  ( -2.072017028858479826, 0.9000000000000002442, 1000.000000000000000 ) ) ;
#777 = EDGE_CURVE ( 'NONE', #718, #1142, #764, .T. ) ;
#778 = CARTESIAN_POINT ( 'NONE',  ( 3.028759404080174189, 0.2901359524217914654, 1000.000000000000000 ) ) ;
#779 = CARTESIAN_POINT ( 'NONE',  ( -2.623196121443635231, 5.829592142734625781, 0.0000000000000000000 ) ) ;
#780 = CARTESIAN_POINT ( 'NONE',  ( -4.450000000000000178, 5.799999999999999822, 1000.000000000000000 ) ) ;
#781 = CARTESIAN_POINT ( 'NONE',  ( 2.163315178817475815, 1.190135952421790044, 333.3333333333333712 ) ) ;
#782 = SURFACE_STYLE_FILL_AREA ( #1183 ) ;
#783 = CARTESIAN_POINT ( 'NONE',  ( -3.000000000000000000, -3.673940397442059375E-16, 0.0000000000000000000 ) ) ;
#784 = CARTESIAN_POINT ( 'NONE',  ( -2.123713581337662859, 0.9859402983660985331, 1000.000000000000000 ) ) ;
#785 = LINE ( 'NONE', #66, #299 ) ;
#786 = EDGE_CURVE ( 'NONE', #890, #1222, #980, .T. ) ;
#787 = FACE_OUTER_BOUND ( 'NONE', #476, .T. ) ;
#788 = VERTEX_POINT ( 'NONE', #1164 ) ;
#789 = CARTESIAN_POINT ( 'NONE',  ( 2.134555774737302070, 0.8999999999999988010, -49.99999999999982236 ) ) ;
#790 = CARTESIAN_POINT ( 'NONE',  ( -4.150000000000000355, 5.699999999999999289, 1000.000000000000000 ) ) ;
#791 = AXIS2_PLACEMENT_3D ( 'NONE', #1293, #1186, #74 ) ;
#792 = EDGE_LOOP ( 'NONE', ( #1106, #288, #119, #826 ) ) ;
#793 = VERTEX_POINT ( 'NONE', #146 ) ;
#794 = ORIENTED_EDGE ( 'NONE', *, *, #24, .F. ) ;
#795 = CARTESIAN_POINT ( 'NONE',  ( -4.150000000000000355, 5.399999999999999467, 0.0000000000000000000 ) ) ;
#796 = ORIENTED_EDGE ( 'NONE', *, *, #866, .F. ) ;
#797 = EDGE_CURVE ( 'NONE', #1089, #985, #700, .T. ) ;
#798 = CARTESIAN_POINT ( 'NONE',  ( 2.063802865180545343, 0.8999999999999989120, -49.99999999999982236 ) ) ;
#799 = DIRECTION ( 'NONE',  ( -1.000000000000000000, 0.0000000000000000000, 0.0000000000000000000 ) ) ;
#800 = VECTOR ( 'NONE', #397, 1000.000000000000000 ) ;
#801 = LINE ( 'NONE', #285, #1204 ) ;
#802 = DIRECTION ( 'NONE',  ( -0.09864047578208909317, 0.9951231363693053833, -0.0000000000000000000 ) ) ;
#803 = LINE ( 'NONE', #666, #26 ) ;
#804 = PLANE ( 'NONE',  #705 ) ;
#805 = FACE_OUTER_BOUND ( 'NONE', #823, .T. ) ;
#806 = EDGE_CURVE ( 'NONE', #1261, #890, #45, .T. ) ;
#807 = CARTESIAN_POINT ( 'NONE',  ( 2.417750294846821912, 3.756975463870965370, 0.0000000000000000000 ) ) ;
#808 = DIRECTION ( 'NONE',  ( -0.0000000000000000000, 0.0000000000000000000, 1.000000000000000000 ) ) ;
#809 = VERTEX_POINT ( 'NONE', #545 ) ;
#810 = ORIENTED_EDGE ( 'NONE', *, *, #463, .T. ) ;
#811 = CARTESIAN_POINT ( 'NONE',  ( 2.127721071551377907, 0.9984200248972687763, 1000.000000000000227 ) ) ;
#812 = CARTESIAN_POINT ( 'NONE',  ( 3.028759404080174189, 0.2901359524217913544, 0.0000000000000000000 ) ) ;
#813 = EDGE_CURVE ( 'NONE', #1158, #722, #424, .T. ) ;
#814 = AXIS2_PLACEMENT_3D ( 'NONE', #35, #426, #123 ) ;
#815 = ADVANCED_FACE ( 'NONE', ( #221 ), #1079, .T. ) ;
#816 = CARTESIAN_POINT ( 'NONE',  ( 2.146795428296151886, 1.075829479378526798, 999.9999999999997726 ) ) ;
#817 = VECTOR ( 'NONE', #765, 999.9999999999998863 ) ;
#818 = DIRECTION ( 'NONE',  ( -1.000000000000000000, 0.0000000000000000000, -0.0000000000000000000 ) ) ;
#819 = SHAPE_DEFINITION_REPRESENTATION ( #944, #31 ) ;
#820 = VECTOR ( 'NONE', #1150, 1000.000000000000000 ) ;
#821 = VECTOR ( 'NONE', #290, 1000.000000000000000 ) ;
#822 = CARTESIAN_POINT ( 'NONE',  ( 2.163315178817475815, 1.190135952421790044, 1000.000000000000000 ) ) ;
#823 = EDGE_LOOP ( 'NONE', ( #692, #278, #893, #13 ) ) ;
#824 = CARTESIAN_POINT ( 'NONE',  ( 2.163315178817475815, 1.190135952421790044, 1000.000000000000000 ) ) ;
#825 = ADVANCED_FACE ( 'NONE', ( #333 ), #744, .F. ) ;
#826 = ORIENTED_EDGE ( 'NONE', *, *, #827, .F. ) ;
#827 = EDGE_CURVE ( 'NONE', #1035, #972, #687, .T. ) ;
#828 = ORIENTED_EDGE ( 'NONE', *, *, #1124, .T. ) ;
#829 = DIRECTION ( 'NONE',  ( -0.0000000000000000000, -0.0000000000000000000, -1.000000000000000000 ) ) ;
#830 = VERTEX_POINT ( 'NONE', #158 ) ;
#831 = PLANE ( 'NONE',  #642 ) ;
#832 = CARTESIAN_POINT ( 'NONE',  ( -2.929247090443243273, -3.587293073223014783E-16, 1000.000000000000000 ) ) ;
#833 = ORIENTED_EDGE ( 'NONE', *, *, #130, .T. ) ;
#834 = B_SPLINE_CURVE_WITH_KNOTS ( 'NONE', 3,
 ( #594, #1322, #915, #100, #400, #297, #1128, #1019, #1212, #1224, #708, #600, #107, #309, #714, #219 ),
 .UNSPECIFIED., .F., .F.,
 ( 4, 1, 1, 1, 2, 2, 1, 2, 2, 4 ),
 ( 0.0000000000000000000, 0.1250000000000060230, 0.1875000000000076328, 0.2187500000000084377, 0.2343750000000094647, 0.2500000000000104916, 0.3750000000000072164, 0.4375000000000062728, 0.5000000000000052180, 1.000000000000000000 ),
 .UNSPECIFIED. ) ;
#835 = ADVANCED_FACE ( 'NONE', ( #1026 ), #174, .F. ) ;
#836 = CARTESIAN_POINT ( 'NONE',  ( -2.417750294846821912, 3.756975463870965370, 1000.000000000000000 ) ) ;
#837 = DIRECTION ( 'NONE',  ( -1.000000000000000000, 3.047572292044520706E-16, -0.0000000000000000000 ) ) ;
#838 = EDGE_CURVE ( 'NONE', #1304, #69, #284, .T. ) ;
#839 = FACE_OUTER_BOUND ( 'NONE', #496, .T. ) ;
#840 = UNCERTAINTY_MEASURE_WITH_UNIT (LENGTH_MEASURE( 1.000000000000000082E-05 ), #631, 'distance_accuracy_value', 'NONE');
#841 = LINE ( 'NONE', #955, #549 ) ;
#842 = ADVANCED_FACE ( 'NONE', ( #91 ), #749, .T. ) ;
#843 = CIRCLE ( 'NONE', #850, 0.2999999999999999334 ) ;
#844 = FACE_OUTER_BOUND ( 'NONE', #16, .T. ) ;
#845 = CARTESIAN_POINT ( 'NONE',  ( 2.921733062354427091, 6.099999999999999645, 0.0000000000000000000 ) ) ;
#846 = ORIENTED_EDGE ( 'NONE', *, *, #445, .T. ) ;
#847 = EDGE_CURVE ( 'NONE', #985, #162, #1099, .T. ) ;
#848 = CARTESIAN_POINT ( 'NONE',  ( -2.163315178817475815, 1.190135952421791377, 683.3333333333329165 ) ) ;
#849 = CARTESIAN_POINT ( 'NONE',  ( -2.962503807826385227, 0.02018987439698237754, 1000.000000000000227 ) ) ;
#850 = AXIS2_PLACEMENT_3D ( 'NONE', #1069, #743, #653 ) ;
#851 = CARTESIAN_POINT ( 'NONE',  ( 2.929247090443243273, 3.794707603699265519E-16, 683.3333333333333712 ) ) ;
#852 = VERTEX_POINT ( 'NONE', #464 ) ;
#853 = CARTESIAN_POINT ( 'NONE',  ( 2.117392552122201899, 0.9686916535147026552, 0.0000000000000000000 ) ) ;
#854 = CARTESIAN_POINT ( 'NONE',  ( -2.163315178817475815, 1.190135952421790932, 0.0000000000000000000 ) ) ;
#855 = CARTESIAN_POINT ( 'NONE',  ( -3.025930689615146107, 0.2615987906936689256, 1000.000000000000455 ) ) ;
#856 = COLOUR_RGB ( '',0.1803921568627450955, 0.1803921568627450955, 0.1803921568627450955 ) ;
#857 = AXIS2_PLACEMENT_3D ( 'NONE', #311, #940, #422 ) ;
#858 = B_SPLINE_CURVE_WITH_KNOTS ( 'NONE', 3,
 ( #546, #345, #249, #860 ),
 .UNSPECIFIED., .F., .F.,
 ( 4, 4 ),
 ( 0.0000000000000000000, 1.000000000000000000 ),
 .UNSPECIFIED. ) ;
#859 = CIRCLE ( 'NONE', #326, 0.2999999999999999334 ) ;
#860 = CARTESIAN_POINT ( 'NONE',  ( 3.028759404080174189, 0.2901359524217913544, 0.0000000000000000000 ) ) ;
#861 = LINE ( 'NONE', #125, #145 ) ;
#862 = CARTESIAN_POINT ( 'NONE',  ( 3.020545678274094925, 0.2206389686204233425, -0.0000000000000000000 ) ) ;
#863 = ORIENTED_EDGE ( 'NONE', *, *, #182, .F. ) ;
#864 = ORIENTED_EDGE ( 'NONE', *, *, #786, .T. ) ;
#865 = CARTESIAN_POINT ( 'NONE',  ( -2.976424433249758028, 0.05358800756234954193, -0.0000000000000000000 ) ) ;
#866 = EDGE_CURVE ( 'NONE', #809, #349, #310, .T. ) ;
#867 = CARTESIAN_POINT ( 'NONE',  ( -2.063802865180545343, 0.9000000000000002442, 1000.000000000000000 ) ) ;
#868 = ORIENTED_EDGE ( 'NONE', *, *, #560, .F. ) ;
#869 = PRODUCT_DEFINITION_FORMATION_WITH_SPECIFIED_SOURCE ( 'ANY', '', #526, .NOT_KNOWN. ) ;
#870 = VERTEX_POINT ( 'NONE', #371 ) ;
#871 = CARTESIAN_POINT ( 'NONE',  ( -2.974400643792391108, 0.04912326842042297886, -0.0000000000000000000 ) ) ;
#872 = DIRECTION ( 'NONE',  ( -1.000000000000000000, 0.0000000000000000000, 0.0000000000000000000 ) ) ;
#873 = DIRECTION ( 'NONE',  ( -0.0000000000000000000, -0.0000000000000000000, -1.000000000000000000 ) ) ;
#874 = CARTESIAN_POINT ( 'NONE',  ( -2.481489387894887155, 4.400000000000000355, 1000.000000000000000 ) ) ;
#875 = CARTESIAN_POINT ( 'NONE',  ( 2.623196121443635231, 5.829592142734625781, 1000.000000000000000 ) ) ;
#876 = EDGE_CURVE ( 'NONE', #378, #263, #189, .T. ) ;
#877 = LINE ( 'NONE', #716, #270 ) ;
#878 = ORIENTED_EDGE ( 'NONE', *, *, #358, .F. ) ;
#879 = CARTESIAN_POINT ( 'NONE',  ( -2.946122201248698058, 0.0008085189125878967844, 1000.000000000000000 ) ) ;
#880 = EDGE_CURVE ( 'NONE', #586, #1003, #785, .T. ) ;
#881 = CARTESIAN_POINT ( 'NONE',  ( -2.063802865180545343, 0.9000000000000002442, 0.0000000000000000000 ) ) ;
#882 = CARTESIAN_POINT ( 'NONE',  ( -0.7543588358980520825, 3.588189009996038070, 1000.000000000000000 ) ) ;
#883 = CARTESIAN_POINT ( 'NONE',  ( -1.042547845894090441, 3.671538242251070283, 1000.000000000000000 ) ) ;
#884 = VECTOR ( 'NONE', #952, 1000.000000000000000 ) ;
#885 =( NAMED_UNIT ( * ) PLANE_ANGLE_UNIT ( ) SI_UNIT ( $, .RADIAN. ) );
#886 = EDGE_CURVE ( 'NONE', #541, #830, #530, .T. ) ;
#887 = CARTESIAN_POINT ( 'NONE',  ( -2.623196121443635231, 5.829592142734625781, 1000.000000000000000 ) ) ;
#888 = CARTESIAN_POINT ( 'NONE',  ( 0.9591986136390584505, 3.959727252247108531, 0.0000000000000000000 ) ) ;
#889 = CIRCLE ( 'NONE', #527, 0.2999999999999999334 ) ;
#890 = VERTEX_POINT ( 'NONE', #57 ) ;
#891 = CARTESIAN_POINT ( 'NONE',  ( 4.450000000000000178, 6.099999999999999645, 1000.000000000000000 ) ) ;
#892 = CARTESIAN_POINT ( 'NONE',  ( 2.163315178817475815, 1.190135952421790044, 1000.000000000000000 ) ) ;
#893 = ORIENTED_EDGE ( 'NONE', *, *, #38, .T. ) ;
#894 = DIRECTION ( 'NONE',  ( 0.0000000000000000000, -0.0000000000000000000, -1.000000000000000000 ) ) ;
#895 = DIRECTION ( 'NONE',  ( 0.09864047578208910705, -0.9951231363693053833, -0.0000000000000000000 ) ) ;
#896 = ORIENTED_EDGE ( 'NONE', *, *, #1316, .T. ) ;
#897 = ORIENTED_EDGE ( 'NONE', *, *, #1271, .T. ) ;
#898 = EDGE_CURVE ( 'NONE', #322, #457, #25, .T. ) ;
#899 = DIRECTION ( 'NONE',  ( -1.000000000000000000, 0.0000000000000000000, 0.0000000000000000000 ) ) ;
#900 = CARTESIAN_POINT ( 'NONE',  ( 2.163315178817475815, 1.190135952421790044, 1050.000000000000000 ) ) ;
#901 = CARTESIAN_POINT ( 'NONE',  ( -1.125897078149122654, 3.383349232255031591, 1000.000000000000000 ) ) ;
#902 = FACE_OUTER_BOUND ( 'NONE', #1037, .T. ) ;
#903 = COLOUR_RGB ( '',0.1803921568627450955, 0.1803921568627450955, 0.1803921568627450955 ) ;
#904 = ORIENTED_EDGE ( 'NONE', *, *, #959, .F. ) ;
#905 = DIRECTION ( 'NONE',  ( -0.09864047578208909317, 0.9951231363693053833, -0.0000000000000000000 ) ) ;
#906 = DIRECTION ( 'NONE',  ( -1.000000000000000000, 0.0000000000000000000, 0.0000000000000000000 ) ) ;
#907 = ORIENTED_EDGE ( 'NONE', *, *, #1249, .F. ) ;
#908 = DIRECTION ( 'NONE',  ( -1.000000000000000000, 0.0000000000000000000, 0.0000000000000000000 ) ) ;
#909 = CARTESIAN_POINT ( 'NONE',  ( -4.150000000000000355, 5.699999999999999289, 0.0000000000000000000 ) ) ;
#910 = ORIENTED_EDGE ( 'NONE', *, *, #139, .F. ) ;
#911 = AXIS2_PLACEMENT_3D ( 'NONE', #494, #599, #1199 ) ;
#912 = CARTESIAN_POINT ( 'NONE',  ( -2.929247090443243273, -3.587293073223014783E-16, 0.0000000000000000000 ) ) ;
#913 = LINE ( 'NONE', #807, #606 ) ;
#914 = CARTESIAN_POINT ( 'NONE',  ( 3.535269003157417433, 5.399999999999999467, 1000.000000000000000 ) ) ;
#915 = CARTESIAN_POINT ( 'NONE',  ( 2.949955523364605092, 0.007985316868469262766, 1000.000000000000227 ) ) ;
#916 = VECTOR ( 'NONE', #337, 1000.000000000000000 ) ;
#917 = LINE ( 'NONE', #1278, #1067 ) ;
#918 = AXIS2_PLACEMENT_3D ( 'NONE', #405, #117, #515 ) ;
#919 = ORIENTED_EDGE ( 'NONE', *, *, #1020, .T. ) ;
#920 = PLANE ( 'NONE',  #1258 ) ;
#921 = ORIENTED_EDGE ( 'NONE', *, *, #585, .F. ) ;
#922 = DIRECTION ( 'NONE',  ( 0.0000000000000000000, 1.000000000000000000, -0.0000000000000000000 ) ) ;
#923 = ORIENTED_EDGE ( 'NONE', *, *, #379, .F. ) ;
#924 = ADVANCED_FACE ( 'NONE', ( #715 ), #1269, .T. ) ;
#925 = CARTESIAN_POINT ( 'NONE',  ( 2.133519465117908354, 1.018927039724901062, 1000.000000000000000 ) ) ;
#926 = EDGE_LOOP ( 'NONE', ( #947, #1262, #584, #910 ) ) ;
#927 = FILL_AREA_STYLE ('',( #1232 ) ) ;
#928 = DIRECTION ( 'NONE',  ( -0.0000000000000000000, 0.0000000000000000000, 1.000000000000000000 ) ) ;
#929 = EDGE_CURVE ( 'NONE', #473, #69, #995, .T. ) ;
#930 = B_SPLINE_CURVE_WITH_KNOTS ( 'NONE', 3,
 ( #968, #964, #1263, #264, #645, #871, #865, #1063, #357, #550, #1174, #555, #1267, #452, #649, #47 ),
 .UNSPECIFIED., .F., .F.,
 ( 4, 1, 1, 1, 2, 2, 1, 2, 2, 4 ),
 ( 0.0000000000000000000, 0.1249999999999915623, 0.1874999999999887035, 0.2187499999999872324, 0.2343749999999871492, 0.2499999999999870659, 0.3749999999999882871, 0.4374999999999895639, 0.4999999999999908962, 1.000000000000000000 ),
 .UNSPECIFIED. ) ;
#931 = CARTESIAN_POINT ( 'NONE',  ( -3.028759404080174189, 0.2901359524217905772, 1000.000000000000000 ) ) ;
#932 = DIRECTION ( 'NONE',  ( -1.000000000000000000, 0.0000000000000000000, 0.0000000000000000000 ) ) ;
#933 = CARTESIAN_POINT ( 'NONE',  ( -3.535269003157417433, 5.399999999999999467, 1000.000000000000000 ) ) ;
#934 = CARTESIAN_POINT ( 'NONE',  ( 2.921733062354427091, 6.099999999999999645, 1000.000000000000000 ) ) ;
#935 = CIRCLE ( 'NONE', #518, 0.2999999999999999334 ) ;
#936 = LINE ( 'NONE', #187, #655 ) ;
#937 = VECTOR ( 'NONE', #1001, 1000.000000000000114 ) ;
#938 = CARTESIAN_POINT ( 'NONE',  ( 1.042547845894090441, 3.671538242251070283, 1000.000000000000000 ) ) ;
#939 = ORIENTED_EDGE ( 'NONE', *, *, #1324, .F. ) ;
#940 = DIRECTION ( 'NONE',  ( -3.047572292044520706E-16, -1.000000000000000000, 0.0000000000000000000 ) ) ;
#941 = CARTESIAN_POINT ( 'NONE',  ( -4.150000000000000355, 5.399999999999999467, 1000.000000000000000 ) ) ;
#942 = ORIENTED_EDGE ( 'NONE', *, *, #605, .F. ) ;
#943 = EDGE_CURVE ( 'NONE', #1265, #1250, #517, .T. ) ;
#944 = PRODUCT_DEFINITION_SHAPE ( 'NONE', 'NONE',  #652 ) ;
#945 = SURFACE_SIDE_STYLE ('',( #1189 ) ) ;
#946 = DIRECTION ( 'NONE',  ( 0.0000000000000000000, 0.0000000000000000000, 1.000000000000000000 ) ) ;
#947 = ORIENTED_EDGE ( 'NONE', *, *, #1113, .F. ) ;
#948 = B_SPLINE_CURVE_WITH_KNOTS ( 'NONE', 3,
 ( #303, #1215, #1112, #912 ),
 .UNSPECIFIED., .F., .F.,
 ( 4, 4 ),
 ( 0.0000000000000000000, 1.000000000000000000 ),
 .UNSPECIFIED. ) ;
#949 = CARTESIAN_POINT ( 'NONE',  ( 3.028759404080174189, 0.2901359524217914654, 1049.999999999999773 ) ) ;
#950 = CARTESIAN_POINT ( 'NONE',  ( 2.063802865180545343, 0.8999999999999989120, 666.6666666666668561 ) ) ;
#951 = VECTOR ( 'NONE', #458, 1000.000000000000114 ) ;
#952 = DIRECTION ( 'NONE',  ( -0.0000000000000000000, -0.0000000000000000000, -1.000000000000000000 ) ) ;
#953 = CYLINDRICAL_SURFACE ( 'NONE', #501, 0.2999999999999999334 ) ;
#954 = CARTESIAN_POINT ( 'NONE',  ( 2.108907992421477307, 0.9489385127647611551, -0.0000000000000000000 ) ) ;
#955 = CARTESIAN_POINT ( 'NONE',  ( 4.150000000000000355, 5.399999999999999467, 1000.000000000000000 ) ) ;
#956 = LINE ( 'NONE', #1022, #190 ) ;
#957 = LINE ( 'NONE', #1241, #1052 ) ;
#958 = DIRECTION ( 'NONE',  ( -0.09864047578208910705, 0.9951231363693053833, 0.0000000000000000000 ) ) ;
#959 = EDGE_CURVE ( 'NONE', #1035, #1294, #936, .T. ) ;
#960 = ORIENTED_EDGE ( 'NONE', *, *, #616, .T. ) ;
#961 = ORIENTED_EDGE ( 'NONE', *, *, #797, .T. ) ;
#962 = ORIENTED_EDGE ( 'NONE', *, *, #139, .T. ) ;
#963 = DIRECTION ( 'NONE',  ( -0.0000000000000000000, -0.0000000000000000000, 1.000000000000000000 ) ) ;
#964 = CARTESIAN_POINT ( 'NONE',  ( -2.937566314152560754, 0.0004008258292308891938, 0.0000000000000000000 ) ) ;
#965 = DIRECTION ( 'NONE',  ( -0.0000000000000000000, -0.0000000000000000000, -1.000000000000000000 ) ) ;
#966 = EDGE_CURVE ( 'NONE', #377, #809, #159, .T. ) ;
#967 = FACE_OUTER_BOUND ( 'NONE', #1102, .T. ) ;
#968 = CARTESIAN_POINT ( 'NONE',  ( -2.929247090443243273, -3.587293073223014783E-16, 0.0000000000000000000 ) ) ;
#969 = LINE ( 'NONE', #836, #243 ) ;
#970 = DIRECTION ( 'NONE',  ( -1.000000000000000000, -1.224646799147352961E-16, 0.0000000000000000000 ) ) ;
#971 = VERTEX_POINT ( 'NONE', #1307 ) ;
#972 = VERTEX_POINT ( 'NONE', #76 ) ;
#973 = CARTESIAN_POINT ( 'NONE',  ( -2.163315178817475815, 1.190135952421791155, 333.3333333333333144 ) ) ;
#974 = EDGE_CURVE ( 'NONE', #320, #1294, #1178, .T. ) ;
#975 = CARTESIAN_POINT ( 'NONE',  ( 2.481489387894887155, 4.400000000000000355, 0.0000000000000000000 ) ) ;
#976 = ORIENTED_EDGE ( 'NONE', *, *, #1010, .T. ) ;
#977 = CARTESIAN_POINT ( 'NONE',  ( -2.139051329759729558, 1.041056999442618203, 0.0000000000000000000 ) ) ;
#978 = DIRECTION ( 'NONE',  ( -1.000000000000000000, -0.0000000000000000000, -0.0000000000000000000 ) ) ;
#979 = EDGE_CURVE ( 'NONE', #1280, #1222, #801, .T. ) ;
#980 = LINE ( 'NONE', #739, #1300 ) ;
#981 = FACE_OUTER_BOUND ( 'NONE', #989, .T. ) ;
#982 = FACE_OUTER_BOUND ( 'NONE', #131, .T. ) ;
#983 = DIRECTION ( 'NONE',  ( 1.000000000000000000, -0.0000000000000000000, -0.0000000000000000000 ) ) ;
#984 = ORIENTED_EDGE ( 'NONE', *, *, #79, .F. ) ;
#985 = VERTEX_POINT ( 'NONE', #296 ) ;
#986 = CARTESIAN_POINT ( 'NONE',  ( -3.535269003157417433, 5.399999999999999467, 0.0000000000000000000 ) ) ;
#987 = ORIENTED_EDGE ( 'NONE', *, *, #267, .F. ) ;
#988 = EDGE_CURVE ( 'NONE', #753, #508, #1082, .T. ) ;
#989 = EDGE_LOOP ( 'NONE', ( #1198, #1123, #293, #274 ) ) ;
#990 = DIRECTION ( 'NONE',  ( -0.0000000000000000000, -0.0000000000000000000, 1.000000000000000000 ) ) ;
#991 = ORIENTED_EDGE ( 'NONE', *, *, #24, .T. ) ;
#992 = CARTESIAN_POINT ( 'NONE',  ( -4.150000000000000355, 5.699999999999999289, 1000.000000000000000 ) ) ;
#993 = PLANE ( 'NONE',  #150 ) ;
#994 = EDGE_CURVE ( 'NONE', #263, #558, #532, .T. ) ;
#995 = LINE ( 'NONE', #1207, #415 ) ;
#996 = DIRECTION ( 'NONE',  ( -1.000000000000000000, 0.0000000000000000000, 0.0000000000000000000 ) ) ;
#997 = CIRCLE ( 'NONE', #1157, 0.2999999999999999334 ) ;
#998 = ORIENTED_EDGE ( 'NONE', *, *, #445, .F. ) ;
#999 = ORIENTED_EDGE ( 'NONE', *, *, #1062, .F. ) ;
#1000 = DIRECTION ( 'NONE',  ( -1.000000000000000000, 0.0000000000000000000, 0.0000000000000000000 ) ) ;
#1001 = DIRECTION ( 'NONE',  ( 0.09864047578208909317, 0.9951231363693053833, 0.0000000000000000000 ) ) ;
#1002 = VERTEX_POINT ( 'NONE', #92 ) ;
#1003 = VERTEX_POINT ( 'NONE', #778 ) ;
#1004 = CARTESIAN_POINT ( 'NONE',  ( 2.163315178817475815, 1.190135952421790044, 683.3333333333335986 ) ) ;
#1005 = DIRECTION ( 'NONE',  ( 0.0000000000000000000, -1.000000000000000000, 0.0000000000000000000 ) ) ;
#1006 = DIRECTION ( 'NONE',  ( -0.09864047578208888500, 0.9951231363693053833, -0.0000000000000000000 ) ) ;
#1007 = DIRECTION ( 'NONE',  ( -1.000000000000000000, 0.0000000000000000000, 0.0000000000000000000 ) ) ;
#1008 = CARTESIAN_POINT ( 'NONE',  ( -4.450000000000000178, 5.699999999999999289, 0.0000000000000000000 ) ) ;
#1009 = LINE ( 'NONE', #178, #466 ) ;
#1010 = EDGE_CURVE ( 'NONE', #586, #1002, #1009, .T. ) ;
#1011 = LINE ( 'NONE', #503, #1134 ) ;
#1012 = LINE ( 'NONE', #576, #255 ) ;
#1013 = CARTESIAN_POINT ( 'NONE',  ( 2.649999999999999911, 6.099999999999999645, 0.0000000000000000000 ) ) ;
#1014 = UNCERTAINTY_MEASURE_WITH_UNIT (LENGTH_MEASURE( 1.000000000000000082E-05 ), #761, 'distance_accuracy_value', 'NONE');
#1015 = ORIENTED_EDGE ( 'NONE', *, *, #1113, .T. ) ;
#1016 = CARTESIAN_POINT ( 'NONE',  ( 0.0000000000000000000, 0.0000000000000000000, 1000.000000000000000 ) ) ;
#1017 = EDGE_LOOP ( 'NONE', ( #198, #97, #50, #300 ) ) ;
#1018 = CARTESIAN_POINT ( 'NONE',  ( 2.120489853438851213, 0.9773353278226767360, 1000.000000000000227 ) ) ;
#1019 = CARTESIAN_POINT ( 'NONE',  ( 2.977908426631290517, 0.05700675400888245703, 1000.000000000000227 ) ) ;
#1020 = EDGE_CURVE ( 'NONE', #1250, #753, #124, .T. ) ;
#1021 = CARTESIAN_POINT ( 'NONE',  ( 2.139051329759728670, 1.041056999442617315, 1000.000000000000000 ) ) ;
#1022 = CARTESIAN_POINT ( 'NONE',  ( 0.9591986136390584505, 3.959727252247108531, 1000.000000000000000 ) ) ;
#1023 = DIRECTION ( 'NONE',  ( 0.0000000000000000000, -0.0000000000000000000, -1.000000000000000000 ) ) ;
#1024 = ADVANCED_FACE ( 'NONE', ( #1285 ), #953, .T. ) ;
#1025 =( NAMED_UNIT ( * ) SI_UNIT ( $, .STERADIAN. ) SOLID_ANGLE_UNIT ( ) );
#1026 = FACE_OUTER_BOUND ( 'NONE', #792, .T. ) ;
#1027 = PLANE ( 'NONE',  #228 ) ;
#1028 = ORIENTED_EDGE ( 'NONE', *, *, #166, .T. ) ;
#1029 = ORIENTED_EDGE ( 'NONE', *, *, #1041, .T. ) ;
#1030 = DIRECTION ( 'NONE',  ( 0.2778307741834394329, 0.9606300333201283070, -0.0000000000000000000 ) ) ;
#1031 = ORIENTED_EDGE ( 'NONE', *, *, #88, .F. ) ;
#1032 = DIRECTION ( 'NONE',  ( -1.000000000000000000, 1.445602896647339508E-15, 0.0000000000000000000 ) ) ;
#1033 = DIRECTION ( 'NONE',  ( -1.000000000000000000, 0.0000000000000000000, 0.0000000000000000000 ) ) ;
#1034 = ORIENTED_EDGE ( 'NONE', *, *, #500, .T. ) ;
#1035 = VERTEX_POINT ( 'NONE', #681 ) ;
#1036 = CARTESIAN_POINT ( 'NONE',  ( -1.125897078149122654, 3.383349232255031591, 0.0000000000000000000 ) ) ;
#1037 = EDGE_LOOP ( 'NONE', ( #234, #82, #492, #196 ) ) ;
#1038 = DIRECTION ( 'NONE',  ( 0.0000000000000000000, 0.0000000000000000000, 1.000000000000000000 ) ) ;
#1039 = CARTESIAN_POINT ( 'NONE',  ( 4.150000000000000355, 5.399999999999999467, 0.0000000000000000000 ) ) ;
#1040 = ADVANCED_FACE ( 'NONE', ( #640 ), #1314, .T. ) ;
#1041 = EDGE_CURVE ( 'NONE', #603, #617, #1064, .T. ) ;
#1042 = CARTESIAN_POINT ( 'NONE',  ( 3.000000000000000000, -3.673940397442059375E-16, 0.0000000000000000000 ) ) ;
#1043 = DIRECTION ( 'NONE',  ( -1.000000000000000000, 0.0000000000000000000, 0.0000000000000000000 ) ) ;
#1044 = CARTESIAN_POINT ( 'NONE',  ( 2.063802865180545343, 0.8999999999999989120, 333.3333333333333712 ) ) ;
#1045 = DIRECTION ( 'NONE',  ( 0.0000000000000000000, 0.0000000000000000000, -1.000000000000000000 ) ) ;
#1046 = FACE_OUTER_BOUND ( 'NONE', #355, .T. ) ;
#1047 = VECTOR ( 'NONE', #18, 1000.000000000000000 ) ;
#1048 = B_SPLINE_CURVE_WITH_KNOTS ( 'NONE', 3,
 ( #614, #950, #1044, #1252 ),
 .UNSPECIFIED., .F., .F.,
 ( 4, 4 ),
 ( 0.0000000000000000000, 1.000000000000000000 ),
 .UNSPECIFIED. ) ;
#1049 = ADVANCED_FACE ( 'NONE', ( #1151 ), #654, .T. ) ;
#1050 = FACE_OUTER_BOUND ( 'NONE', #353, .T. ) ;
#1051 = CARTESIAN_POINT ( 'NONE',  ( 2.929247090443243273, 3.794707603699265519E-16, -49.99999999999960210 ) ) ;
#1052 = VECTOR ( 'NONE', #109, 999.9999999999998863 ) ;
#1053 = CARTESIAN_POINT ( 'NONE',  ( 2.105837496933617548, 0.9423375040662586022, -0.0000000000000000000 ) ) ;
#1054 = CARTESIAN_POINT ( 'NONE',  ( 2.993331977772572206, 0.09896212330043238636, -0.0000000000000000000 ) ) ;
#1055 = ORIENTED_EDGE ( 'NONE', *, *, #568, .T. ) ;
#1056 = ORIENTED_EDGE ( 'NONE', *, *, #886, .F. ) ;
#1057 = DIRECTION ( 'NONE',  ( -0.9606300333201281960, 0.2778307741834393774, 0.0000000000000000000 ) ) ;
#1058 = CARTESIAN_POINT ( 'NONE',  ( 2.986059089420419976, 0.07774190162505068002, -0.0000000000000000000 ) ) ;
#1059 = DIRECTION ( 'NONE',  ( 0.9951231363693053833, 0.09864047578208910705, -0.0000000000000000000 ) ) ;
#1060 = CARTESIAN_POINT ( 'NONE',  ( -3.012264770666671421, 0.1760828704425334290, 1000.000000000000000 ) ) ;
#1061 = ADVANCED_FACE ( 'NONE', ( #839 ), #920, .T. ) ;
#1062 = EDGE_CURVE ( 'NONE', #229, #111, #142, .T. ) ;
#1063 = CARTESIAN_POINT ( 'NONE',  ( -2.977908426631290073, 0.05700675400888320643, 0.0000000000000000000 ) ) ;
#1064 = CIRCLE ( 'NONE', #160, 0.2999999999999999334 ) ;
#1065 = CARTESIAN_POINT ( 'NONE',  ( 3.028759404080174189, 0.2901359524217913544, 0.0000000000000000000 ) ) ;
#1066 = VECTOR ( 'NONE', #1291, 999.9999999999998863 ) ;
#1067 = VECTOR ( 'NONE', #978, 1000.000000000000000 ) ;
#1068 = CARTESIAN_POINT ( 'NONE',  ( -3.028759404080174189, 0.2901359524217906882, 316.6666666666669130 ) ) ;
#1069 = CARTESIAN_POINT ( 'NONE',  ( -4.150000000000000355, 5.799999999999999822, 0.0000000000000000000 ) ) ;
#1070 = EDGE_LOOP ( 'NONE', ( #1277, #630, #195, #736, #116, #538, #810, #478, #1228, #574, #1231, #364, #108, #1141, #738, #314, #407, #439, #80, #833, #148, #864, #521, #1240, #1309, #1303, #846, #510, #590, #646, #262, #724, #723 ) ) ;
#1071 = EDGE_CURVE ( 'NONE', #1327, #772, #935, .T. ) ;
#1072 = CARTESIAN_POINT ( 'NONE',  ( 3.008287582897182677, 0.1576796199895477701, -0.0000000000000000000 ) ) ;
#1073 = AXIS2_PLACEMENT_3D ( 'NONE', #874, #265, #1075 ) ;
#1074 = ORIENTED_EDGE ( 'NONE', *, *, #880, .T. ) ;
#1075 = DIRECTION ( 'NONE',  ( 0.9606300333201281960, -0.2778307741834398770, 0.0000000000000000000 ) ) ;
#1076 = CARTESIAN_POINT ( 'NONE',  ( -2.134555774737302070, 0.9000000000000001332, -50.00000000000004263 ) ) ;
#1077 = CARTESIAN_POINT ( 'NONE',  ( -3.000000000000000000, -3.673940397442059375E-16, 1000.000000000000000 ) ) ;
#1078 = EDGE_CURVE ( 'NONE', #1265, #508, #332, .T. ) ;
#1079 = PLANE ( 'NONE',  #677 ) ;
#1080 = EDGE_CURVE ( 'NONE', #1144, #263, #1317, .T. ) ;
#1081 = LINE ( 'NONE', #1121, #281 ) ;
#1082 = CIRCLE ( 'NONE', #475, 0.2999999999999999334 ) ;
#1083 = CARTESIAN_POINT ( 'NONE',  ( 4.450000000000000178, 5.399999999999999467, 0.0000000000000000000 ) ) ;
#1084 = FACE_OUTER_BOUND ( 'NONE', #176, .T. ) ;
#1085 = CARTESIAN_POINT ( 'NONE',  ( -2.127721071551377463, 0.9984200248972705527, -0.0000000000000000000 ) ) ;
#1086 = CARTESIAN_POINT ( 'NONE',  ( -2.063802865180545343, 0.9000000000000002442, 1049.999999999999773 ) ) ;
#1087 = VECTOR ( 'NONE', #199, 1000.000000000000000 ) ;
#1088 = VERTEX_POINT ( 'NONE', #218 ) ;
#1089 = VERTEX_POINT ( 'NONE', #1325 ) ;
#1090 = DIRECTION ( 'NONE',  ( 1.000000000000000000, -0.0000000000000000000, -0.0000000000000000000 ) ) ;
#1091 = EDGE_LOOP ( 'NONE', ( #1146, #662, #96, #393 ) ) ;
#1092 = CARTESIAN_POINT ( 'NONE',  ( -4.450000000000000178, 5.399999999999999467, 1000.000000000000000 ) ) ;
#1093 = CARTESIAN_POINT ( 'NONE',  ( 2.417750294846821912, 3.756975463870965370, 1000.000000000000000 ) ) ;
#1094 = SURFACE_SIDE_STYLE ('',( #782 ) ) ;
#1095 = EDGE_CURVE ( 'NONE', #695, #1002, #514, .T. ) ;
#1096 = DIRECTION ( 'NONE',  ( 0.0000000000000000000, -0.0000000000000000000, -1.000000000000000000 ) ) ;
#1097 = DIRECTION ( 'NONE',  ( -0.9951231363693053833, -0.09864047578208888500, 0.0000000000000000000 ) ) ;
#1098 =( GEOMETRIC_REPRESENTATION_CONTEXT ( 3 ) GLOBAL_UNCERTAINTY_ASSIGNED_CONTEXT ( ( #1014 ) ) GLOBAL_UNIT_ASSIGNED_CONTEXT ( ( #761, #181, #1296 ) ) REPRESENTATION_CONTEXT ( 'NONE', 'WORKASPACE' ) );
#1099 = LINE ( 'NONE', #561, #566 ) ;
#1100 =( NAMED_UNIT ( * ) SI_UNIT ( $, .STERADIAN. ) SOLID_ANGLE_UNIT ( ) );
#1101 = ORIENTED_EDGE ( 'NONE', *, *, #974, .T. ) ;
#1102 = EDGE_LOOP ( 'NONE', ( #1180, #134, #1197, #1225 ) ) ;
#1103 = CARTESIAN_POINT ( 'NONE',  ( 1.042547845894090441, 3.671538242251070283, 1000.000000000000000 ) ) ;
#1104 = EDGE_LOOP ( 'NONE', ( #939, #151, #1194, #354 ) ) ;
#1105 = EDGE_CURVE ( 'NONE', #752, #890, #913, .T. ) ;
#1106 = ORIENTED_EDGE ( 'NONE', *, *, #1124, .F. ) ;
#1107 = DIRECTION ( 'NONE',  ( 0.09864047578208910705, -0.9951231363693053833, -0.0000000000000000000 ) ) ;
#1108 = CARTESIAN_POINT ( 'NONE',  ( -2.417750294846821912, 3.756975463870965370, 1000.000000000000000 ) ) ;
#1109 = ORIENTED_EDGE ( 'NONE', *, *, #929, .F. ) ;
#1110 = CARTESIAN_POINT ( 'NONE',  ( 2.163315178817475815, 1.190135952421790044, -49.99999999999982236 ) ) ;
#1111 = PLANE ( 'NONE',  #482 ) ;
#1112 = CARTESIAN_POINT ( 'NONE',  ( -2.929247090443243717, -3.587293073223015276E-16, 333.3333333333332575 ) ) ;
#1113 = EDGE_CURVE ( 'NONE', #650, #313, #1132, .T. ) ;
#1114 = LINE ( 'NONE', #623, #1047 ) ;
#1115 = DIRECTION ( 'NONE',  ( -0.0000000000000000000, -0.0000000000000000000, 1.000000000000000000 ) ) ;
#1116 = CARTESIAN_POINT ( 'NONE',  ( -4.450000000000000178, 5.399999999999999467, 1000.000000000000000 ) ) ;
#1117 = FACE_OUTER_BOUND ( 'NONE', #147, .T. ) ;
#1118 = DIRECTION ( 'NONE',  ( 1.000000000000000000, 1.224646799147352961E-16, -0.0000000000000000000 ) ) ;
#1119 = VECTOR ( 'NONE', #1118, 1000.000000000000000 ) ;
#1120 = ORIENTED_EDGE ( 'NONE', *, *, #55, .T. ) ;
#1121 = CARTESIAN_POINT ( 'NONE',  ( -2.481489387894887155, 4.400000000000000355, 1000.000000000000000 ) ) ;
#1122 = CARTESIAN_POINT ( 'NONE',  ( 3.535269003157417433, 5.399999999999999467, 1000.000000000000000 ) ) ;
#1123 = ORIENTED_EDGE ( 'NONE', *, *, #206, .T. ) ;
#1124 = EDGE_CURVE ( 'NONE', #971, #1035, #1081, .T. ) ;
#1125 = ORIENTED_EDGE ( 'NONE', *, *, #1235, .F. ) ;
#1126 =( GEOMETRIC_REPRESENTATION_CONTEXT ( 3 ) GLOBAL_UNCERTAINTY_ASSIGNED_CONTEXT ( ( #773 ) ) GLOBAL_UNIT_ASSIGNED_CONTEXT ( ( #375, #885, #1100 ) ) REPRESENTATION_CONTEXT ( 'NONE', 'WORKASPACE' ) );
#1127 = DIRECTION ( 'NONE',  ( 0.0000000000000000000, -1.000000000000000000, 0.0000000000000000000 ) ) ;
#1128 = CARTESIAN_POINT ( 'NONE',  ( 2.976424433249759804, 0.05358800756235083257, 1000.000000000000000 ) ) ;
#1129 = CARTESIAN_POINT ( 'NONE',  ( 2.115133129979553495, 0.9634413215520014617, 999.9999999999997726 ) ) ;
#1130 = DIRECTION ( 'NONE',  ( -1.000000000000000000, 0.0000000000000000000, 0.0000000000000000000 ) ) ;
#1131 = VECTOR ( 'NONE', #665, 1000.000000000000000 ) ;
#1132 = B_SPLINE_CURVE_WITH_KNOTS ( 'NONE', 3,
 ( #822, #507, #1218, #816, #703, #1213, #1021, #925, #811, #1018, #402, #1129, #1223, #607, #1, #618, #316 ),
 .UNSPECIFIED., .F., .F.,
 ( 4, 1, 1, 2, 2, 1, 1, 1, 2, 2, 4 ),
 ( 0.0000000000000000000, 0.2500000000000019984, 0.3750000000000033307, 0.4375000000000044409, 0.5000000000000055511, 0.6250000000000077716, 0.6875000000000098810, 0.7187500000000114353, 0.7343750000000107692, 0.7500000000000102141, 1.000000000000000000 ),
 .UNSPECIFIED. ) ;
#1133 = EDGE_CURVE ( 'NONE', #1222, #753, #638, .T. ) ;
#1134 = VECTOR ( 'NONE', #201, 1000.000000000000000 ) ;
#1135 = ADVANCED_FACE ( 'NONE', ( #981 ), #399, .F. ) ;
#1136 = LINE ( 'NONE', #1200, #821 ) ;
#1137 = CARTESIAN_POINT ( 'NONE',  ( 0.7425478458940905080, 3.671538242251070283, 1000.000000000000000 ) ) ;
#1138 = CARTESIAN_POINT ( 'NONE',  ( 2.921733062354427091, 6.099999999999999645, 1000.000000000000000 ) ) ;
#1139 = ORIENTED_EDGE ( 'NONE', *, *, #667, .T. ) ;
#1140 = PLANE ( 'NONE',  #770 ) ;
#1141 = ORIENTED_EDGE ( 'NONE', *, *, #966, .T. ) ;
#1142 = VERTEX_POINT ( 'NONE', #845 ) ;
#1143 = CARTESIAN_POINT ( 'NONE',  ( 4.150000000000000355, 5.399999999999999467, 1000.000000000000000 ) ) ;
#1144 = VERTEX_POINT ( 'NONE', #728 ) ;
#1145 = ADVANCED_FACE ( 'NONE', ( #579 ), #15, .T. ) ;
#1146 = ORIENTED_EDGE ( 'NONE', *, *, #1041, .F. ) ;
#1147 = AXIS2_PLACEMENT_3D ( 'NONE', #1077, #1059, #958 ) ;
#1148 = CARTESIAN_POINT ( 'NONE',  ( 0.8377080681530840733, 3.299999999999999378, 1000.000000000000000 ) ) ;
#1149 = CARTESIAN_POINT ( 'NONE',  ( -1.042547845894090441, 3.671538242251070283, 1000.000000000000000 ) ) ;
#1150 = DIRECTION ( 'NONE',  ( 0.0000000000000000000, -0.0000000000000000000, -1.000000000000000000 ) ) ;
#1151 = FACE_OUTER_BOUND ( 'NONE', #380, .T. ) ;
#1152 = CARTESIAN_POINT ( 'NONE',  ( 0.9591986136390584505, 3.959727252247108531, 1000.000000000000000 ) ) ;
#1153 = VECTOR ( 'NONE', #1115, 1000.000000000000000 ) ;
#1154 = CARTESIAN_POINT ( 'NONE',  ( 1.042547845894090441, 3.671538242251070283, 0.0000000000000000000 ) ) ;
#1155 = DIRECTION ( 'NONE',  ( 0.0000000000000000000, 0.0000000000000000000, -1.000000000000000000 ) ) ;
#1156 = LINE ( 'NONE', #1122, #60 ) ;
#1157 = AXIS2_PLACEMENT_3D ( 'NONE', #1154, #1023, #238 ) ;
#1158 = VERTEX_POINT ( 'NONE', #931 ) ;
#1159 = CARTESIAN_POINT ( 'NONE',  ( -2.163315178817475815, 1.190135952421790932, 0.0000000000000000000 ) ) ;
#1160 = CARTESIAN_POINT ( 'NONE',  ( -2.063802865180545343, 0.9000000000000002442, 316.6666666666666288 ) ) ;
#1161 = CARTESIAN_POINT ( 'NONE',  ( -1.042547845894090663, 3.671538242251070283, 1000.000000000000000 ) ) ;
#1162 = B_SPLINE_CURVE_WITH_KNOTS ( 'NONE', 3,
 ( #1065, #747, #862, #641, #1072, #1256, #154, #342, #1054, #1058, #41, #449, #1175, #637, #37, #446 ),
 .UNSPECIFIED., .F., .F.,
 ( 4, 1, 1, 2, 2, 1, 1, 2, 2, 4 ),
 ( 0.0000000000000000000, 0.2499999999999987788, 0.3749999999999977240, 0.4374999999999973355, 0.4999999999999968914, 0.6249999999999968914, 0.6874999999999970024, 0.7187499999999968914, 0.7499999999999970024, 1.000000000000000000 ),
 .UNSPECIFIED. ) ;
#1163 = EDGE_LOOP ( 'NONE', ( #942, #1259, #680, #408 ) ) ;
#1164 = CARTESIAN_POINT ( 'NONE',  ( 2.481489387894887155, 4.400000000000000355, 1000.000000000000000 ) ) ;
#1165 = ADVANCED_FACE ( 'NONE', ( #467 ), #1295, .T. ) ;
#1166 = FACE_OUTER_BOUND ( 'NONE', #702, .T. ) ;
#1167 = EDGE_CURVE ( 'NONE', #1002, #396, #203, .T. ) ;
#1168 = CARTESIAN_POINT ( 'NONE',  ( -3.004447931891435886, 0.1409021141845886171, 1000.000000000000227 ) ) ;
#1169 = ORIENTED_EDGE ( 'NONE', *, *, #200, .T. ) ;
#1170 = EDGE_LOOP ( 'NONE', ( #52, #192, #648, #1125 ) ) ;
#1171 = CARTESIAN_POINT ( 'NONE',  ( -2.063802865180545343, 0.9000000000000002442, 666.6666666666667425 ) ) ;
#1172 = VERTEX_POINT ( 'NONE', #129 ) ;
#1173 = VERTEX_POINT ( 'NONE', #1036 ) ;
#1174 = CARTESIAN_POINT ( 'NONE',  ( -2.994948663722583948, 0.1051933574817389555, -0.0000000000000000000 ) ) ;
#1175 = CARTESIAN_POINT ( 'NONE',  ( 2.980377922970673499, 0.06288834046021082869, 0.0000000000000000000 ) ) ;
#1176 = AXIS2_PLACEMENT_3D ( 'NONE', #909, #215, #906 ) ;
#1177 = CARTESIAN_POINT ( 'NONE',  ( 2.921733062354427091, 5.799999999999999822, 1000.000000000000000 ) ) ;
#1178 = LINE ( 'NONE', #887, #1153 ) ;
#1179 = CARTESIAN_POINT ( 'NONE',  ( -2.929247090443243273, -3.794707603699265519E-16, 1050.000000000000000 ) ) ;
#1180 = ORIENTED_EDGE ( 'NONE', *, *, #593, .F. ) ;
#1181 = EDGE_CURVE ( 'NONE', #788, #457, #465, .T. ) ;
#1182 = ORIENTED_EDGE ( 'NONE', *, *, #929, .T. ) ;
#1183 = FILL_AREA_STYLE ('',( #462 ) ) ;
#1184 = ORIENTED_EDGE ( 'NONE', *, *, #660, .T. ) ;
#1185 = CARTESIAN_POINT ( 'NONE',  ( -2.116757637978026629, 0.9675030176747935196, -0.0000000000000000000 ) ) ;
#1186 = DIRECTION ( 'NONE',  ( 0.0000000000000000000, 0.0000000000000000000, 1.000000000000000000 ) ) ;
#1187 = CARTESIAN_POINT ( 'NONE',  ( 1.042547845894090441, 3.671538242251070283, 1000.000000000000000 ) ) ;
#1188 = AXIS2_PLACEMENT_3D ( 'NONE', #1177, #61, #759 ) ;
#1189 = SURFACE_STYLE_FILL_AREA ( #927 ) ;
#1190 = CARTESIAN_POINT ( 'NONE',  ( -3.535269003157417433, 5.399999999999999467, 0.0000000000000000000 ) ) ;
#1191 = LINE ( 'NONE', #875, #273 ) ;
#1192 = ORIENTED_EDGE ( 'NONE', *, *, #157, .T. ) ;
#1193 = CARTESIAN_POINT ( 'NONE',  ( 2.163315178817475815, 1.190135952421790044, 0.0000000000000000000 ) ) ;
#1194 = ORIENTED_EDGE ( 'NONE', *, *, #416, .T. ) ;
#1195 = CARTESIAN_POINT ( 'NONE',  ( 2.063802865180545343, 0.8999999999999989120, 683.3333333333335986 ) ) ;
#1196 = CARTESIAN_POINT ( 'NONE',  ( -2.105837496933616659, 0.9423375040662596014, 1000.000000000000000 ) ) ;
#1197 = ORIENTED_EDGE ( 'NONE', *, *, #491, .F. ) ;
#1198 = ORIENTED_EDGE ( 'NONE', *, *, #95, .T. ) ;
#1199 = DIRECTION ( 'NONE',  ( -1.000000000000000000, 0.0000000000000000000, 0.0000000000000000000 ) ) ;
#1200 = CARTESIAN_POINT ( 'NONE',  ( -2.417750294846821912, 3.756975463870965370, 1000.000000000000000 ) ) ;
#1201 = EDGE_CURVE ( 'NONE', #755, #349, #42, .T. ) ;
#1202 = CARTESIAN_POINT ( 'NONE',  ( -0.7543588358980520825, 3.588189009996038070, 1000.000000000000000 ) ) ;
#1203 = PRESENTATION_LAYER_ASSIGNMENT (  '', '', ( #98 ) ) ;
#1204 = VECTOR ( 'NONE', #498, 1000.000000000000000 ) ;
#1205 = LINE ( 'NONE', #693, #451 ) ;
#1206 = ORIENTED_EDGE ( 'NONE', *, *, #673, .F. ) ;
#1207 = CARTESIAN_POINT ( 'NONE',  ( -4.450000000000000178, 5.699999999999999289, 1000.000000000000000 ) ) ;
#1208 = DIRECTION ( 'NONE',  ( 0.0000000000000000000, -0.0000000000000000000, -1.000000000000000000 ) ) ;
#1209 = ORIENTED_EDGE ( 'NONE', *, *, #226, .F. ) ;
#1210 = DIRECTION ( 'NONE',  ( -1.000000000000000000, 0.0000000000000000000, -0.0000000000000000000 ) ) ;
#1211 = VERTEX_POINT ( 'NONE', #321 ) ;
#1212 = CARTESIAN_POINT ( 'NONE',  ( 2.982741383902316024, 0.06838472797551473081, 1000.000000000000000 ) ) ;
#1213 = CARTESIAN_POINT ( 'NONE',  ( 2.140087767088870052, 1.045474116255428632, 1000.000000000000000 ) ) ;
#1214 = CARTESIAN_POINT ( 'NONE',  ( -2.649999999999999911, 6.099999999999999645, 1000.000000000000000 ) ) ;
#1215 = CARTESIAN_POINT ( 'NONE',  ( -2.929247090443243273, -3.587293073223014783E-16, 666.6666666666666288 ) ) ;
#1216 = VECTOR ( 'NONE', #1321, 1000.000000000000000 ) ;
#1217 = EDGE_CURVE ( 'NONE', #1305, #541, #418, .T. ) ;
#1218 = CARTESIAN_POINT ( 'NONE',  ( 2.155067963534286424, 1.120301113868267473, 1000.000000000000000 ) ) ;
#1219 = LINE ( 'NONE', #389, #717 ) ;
#1220 = CARTESIAN_POINT ( 'NONE',  ( 2.417750294846821912, 3.756975463870965370, 1000.000000000000000 ) ) ;
#1221 = FACE_OUTER_BOUND ( 'NONE', #163, .T. ) ;
#1222 = VERTEX_POINT ( 'NONE', #133 ) ;
#1223 = CARTESIAN_POINT ( 'NONE',  ( 2.114044571961307906, 0.9607673354886845374, 1000.000000000000000 ) ) ;
#1224 = CARTESIAN_POINT ( 'NONE',  ( 2.988990868005835910, 0.08540317867251821793, 1000.000000000000000 ) ) ;
#1225 = ORIENTED_EDGE ( 'NONE', *, *, #260, .F. ) ;
#1226 = ADVANCED_FACE ( 'NONE', ( #1046 ), #361, .F. ) ;
#1227 = EDGE_CURVE ( 'NONE', #1290, #755, #432, .T. ) ;
#1228 = ORIENTED_EDGE ( 'NONE', *, *, #602, .T. ) ;
#1229 = STYLED_ITEM ( 'NONE', ( #298 ), #31 ) ;
#1230 = CARTESIAN_POINT ( 'NONE',  ( -0.8377080681530840733, 3.299999999999999378, 1000.000000000000000 ) ) ;
#1231 = ORIENTED_EDGE ( 'NONE', *, *, #491, .T. ) ;
#1232 = FILL_AREA_STYLE_COLOUR ( '', #903 ) ;
#1233 = CARTESIAN_POINT ( 'NONE',  ( 2.921733062354427091, 5.799999999999999822, 1000.000000000000000 ) ) ;
#1234 = CARTESIAN_POINT ( 'NONE',  ( -3.028759404080174189, 0.2901359524217905772, 0.0000000000000000000 ) ) ;
#1235 = EDGE_CURVE ( 'NONE', #1003, #396, #858, .T. ) ;
#1236 = VECTOR ( 'NONE', #873, 1000.000000000000000 ) ;
#1237 = LINE ( 'NONE', #1013, #937 ) ;
#1238 = CARTESIAN_POINT ( 'NONE',  ( 3.028759404080174189, 0.2901359524217914654, 683.3333333333333712 ) ) ;
#1239 = DIRECTION ( 'NONE',  ( -0.9606300333201281960, -0.2778307741834393774, 0.0000000000000000000 ) ) ;
#1240 = ORIENTED_EDGE ( 'NONE', *, *, #988, .T. ) ;
#1241 = CARTESIAN_POINT ( 'NONE',  ( 2.481489387894887155, 4.400000000000000355, 1000.000000000000000 ) ) ;
#1242 = CARTESIAN_POINT ( 'NONE',  ( 0.0000000000000000000, 0.0000000000000000000, 0.0000000000000000000 ) ) ;
#1243 = ADVANCED_FACE ( 'NONE', ( #481 ), #398, .T. ) ;
#1244 = EDGE_LOOP ( 'NONE', ( #127, #758, #305, #1031 ) ) ;
#1245 = B_SPLINE_CURVE_WITH_KNOTS ( 'NONE', 3,
 ( #1193, #781, #183, #892 ),
 .UNSPECIFIED., .F., .F.,
 ( 4, 4 ),
 ( 0.0000000000000000000, 1.000000000000000000 ),
 .UNSPECIFIED. ) ;
#1246 = PLANE ( 'NONE',  #73 ) ;
#1247 = ORIENTED_EDGE ( 'NONE', *, *, #1289, .F. ) ;
#1248 = DIRECTION ( 'NONE',  ( -1.000000000000000000, 0.0000000000000000000, 0.0000000000000000000 ) ) ;
#1249 = EDGE_CURVE ( 'NONE', #870, #558, #930, .T. ) ;
#1250 = VERTEX_POINT ( 'NONE', #746 ) ;
#1251 = DIRECTION ( 'NONE',  ( -0.0000000000000000000, -0.0000000000000000000, 1.000000000000000000 ) ) ;
#1252 = CARTESIAN_POINT ( 'NONE',  ( 2.063802865180545343, 0.8999999999999989120, 0.0000000000000000000 ) ) ;
#1253 = CARTESIAN_POINT ( 'NONE',  ( -4.450000000000000178, 5.399999999999999467, 0.0000000000000000000 ) ) ;
#1254 = VECTOR ( 'NONE', #102, 1000.000000000000000 ) ;
#1255 = VECTOR ( 'NONE', #121, 1000.000000000000000 ) ;
#1256 = CARTESIAN_POINT ( 'NONE',  ( 3.005540962747221823, 0.1455646130640438907, -0.0000000000000000000 ) ) ;
#1257 = LINE ( 'NONE', #1148, #433 ) ;
#1258 = AXIS2_PLACEMENT_3D ( 'NONE', #914, #1127, #696 ) ;
#1259 = ORIENTED_EDGE ( 'NONE', *, *, #731, .T. ) ;
#1260 = DIRECTION ( 'NONE',  ( -0.0000000000000000000, 0.0000000000000000000, -1.000000000000000000 ) ) ;
#1261 = VERTEX_POINT ( 'NONE', #742 ) ;
#1262 = ORIENTED_EDGE ( 'NONE', *, *, #616, .F. ) ;
#1263 = CARTESIAN_POINT ( 'NONE',  ( -2.949955523364596210, 0.007985316868467821211, -0.0000000000000000000 ) ) ;
#1264 = ORIENTED_EDGE ( 'NONE', *, *, #416, .F. ) ;
#1265 = VERTEX_POINT ( 'NONE', #43 ) ;
#1266 = AXIS2_PLACEMENT_3D ( 'NONE', #165, #67, #769 ) ;
#1267 = CARTESIAN_POINT ( 'NONE',  ( -3.001207437054498328, 0.1279300914737266925, 0.0000000000000000000 ) ) ;
#1268 = CARTESIAN_POINT ( 'NONE',  ( 4.450000000000000178, 5.799999999999999822, 0.0000000000000000000 ) ) ;
#1269 = CYLINDRICAL_SURFACE ( 'NONE', #315, 0.2999999999999999334 ) ;
#1270 = CARTESIAN_POINT ( 'NONE',  ( -2.417750294846821912, 3.756975463870965370, 1000.000000000000000 ) ) ;
#1271 = EDGE_CURVE ( 'NONE', #1250, #1280, #701, .T. ) ;
#1272 = ORIENTED_EDGE ( 'NONE', *, *, #1201, .F. ) ;
#1273 = CARTESIAN_POINT ( 'NONE',  ( -2.982815400911532411, 0.06916900228312891641, 1000.000000000000227 ) ) ;
#1274 = ORIENTED_EDGE ( 'NONE', *, *, #966, .F. ) ;
#1275 = MECHANICAL_DESIGN_GEOMETRIC_PRESENTATION_REPRESENTATION (  '', ( #98 ), #712 ) ;
#1276 = CARTESIAN_POINT ( 'NONE',  ( 1.125897078149122432, 3.383349232255031591, 1000.000000000000000 ) ) ;
#1277 = ORIENTED_EDGE ( 'NONE', *, *, #1167, .T. ) ;
#1278 = CARTESIAN_POINT ( 'NONE',  ( -4.450000000000000178, 6.099999999999999645, 1000.000000000000000 ) ) ;
#1279 = ORIENTED_EDGE ( 'NONE', *, *, #813, .T. ) ;
#1280 = VERTEX_POINT ( 'NONE', #1276 ) ;
#1281 = SURFACE_STYLE_USAGE ( .BOTH. , #1094 ) ;
#1282 = CARTESIAN_POINT ( 'NONE',  ( 2.098670638108853570, 0.9285284973636431793, -0.0000000000000000000 ) ) ;
#1283 = CARTESIAN_POINT ( 'NONE',  ( -2.114044571961306573, 0.9607673354886855366, -0.0000000000000000000 ) ) ;
#1284 = DIRECTION ( 'NONE',  ( 0.0000000000000000000, -0.0000000000000000000, -1.000000000000000000 ) ) ;
#1285 = FACE_OUTER_BOUND ( 'NONE', #211, .T. ) ;
#1286 = LINE ( 'NONE', #1083, #431 ) ;
#1287 = LINE ( 'NONE', #413, #916 ) ;
#1288 = FACE_OUTER_BOUND ( 'NONE', #737, .T. ) ;
#1289 = EDGE_CURVE ( 'NONE', #558, #1158, #2, .T. ) ;
#1290 = VERTEX_POINT ( 'NONE', #1270 ) ;
#1291 = DIRECTION ( 'NONE',  ( 0.9606300333201281960, 0.2778307741834398770, 0.0000000000000000000 ) ) ;
#1292 = CARTESIAN_POINT ( 'NONE',  ( -3.000000000000000000, -3.673940397442059375E-16, 1000.000000000000000 ) ) ;
#1293 = CARTESIAN_POINT ( 'NONE',  ( 0.0000000000000000000, 0.0000000000000000000, 0.0000000000000000000 ) ) ;
#1294 = VERTEX_POINT ( 'NONE', #51 ) ;
#1295 =( BOUNDED_SURFACE ( )  B_SPLINE_SURFACE ( 2, 3, ( 
 ( #1051, #236, #851, #434 ),
 ( #525, #719, #414, #20 ),
 ( #230, #734, #1238, #949 ) ),
 .UNSPECIFIED., .F., .F., .T. ) 
 B_SPLINE_SURFACE_WITH_KNOTS ( ( 3, 3 ),
 ( 4, 4 ),
 ( 0.0000000000000000000, 1.000000000000000000 ),
 ( -1.049999999999999822, 0.04999999999999999584 ),
 .UNSPECIFIED. ) 
 GEOMETRIC_REPRESENTATION_ITEM ( )  RATIONAL_B_SPLINE_SURFACE ( (
 ( 1.000000000000000000, 1.000000000000000000, 1.000000000000000000, 1.000000000000000000),
 ( 0.7411614114962029598, 0.7411614114962029598, 0.7411614114962029598, 0.7411614114962029598),
 ( 1.000000000000000000, 1.000000000000000000, 1.000000000000000000, 1.000000000000000000) ) ) 
 REPRESENTATION_ITEM ( '' )  SURFACE ( )  );
#1296 =( NAMED_UNIT ( * ) SI_UNIT ( $, .STERADIAN. ) SOLID_ANGLE_UNIT ( ) );
#1297 = EDGE_CURVE ( 'NONE', #377, #972, #344, .T. ) ;
#1298 = DIRECTION ( 'NONE',  ( 0.0000000000000000000, 0.0000000000000000000, -1.000000000000000000 ) ) ;
#1299 = PRESENTATION_LAYER_ASSIGNMENT (  '', '', ( #1229 ) ) ;
#1300 = VECTOR ( 'NONE', #256, 1000.000000000000114 ) ;
#1301 = CARTESIAN_POINT ( 'NONE',  ( 0.7543588358980520825, 3.588189009996038070, 1000.000000000000000 ) ) ;
#1302 = DIRECTION ( 'NONE',  ( -0.9951231363693053833, 0.09864047578208888500, 0.0000000000000000000 ) ) ;
#1303 = ORIENTED_EDGE ( 'NONE', *, *, #898, .T. ) ;
#1304 = VERTEX_POINT ( 'NONE', #780 ) ;
#1305 = VERTEX_POINT ( 'NONE', #580 ) ;
#1306 = AXIS2_PLACEMENT_3D ( 'NONE', #1214, #103, #699 ) ;
#1307 = CARTESIAN_POINT ( 'NONE',  ( -0.9591986136390584505, 3.959727252247108531, 1000.000000000000000 ) ) ;
#1308 = DIRECTION ( 'NONE',  ( -0.09864047578208888500, -0.9951231363693053833, 0.0000000000000000000 ) ) ;
#1309 = ORIENTED_EDGE ( 'NONE', *, *, #88, .T. ) ;
#1310 = ORIENTED_EDGE ( 'NONE', *, *, #338, .T. ) ;
#1311 = ORIENTED_EDGE ( 'NONE', *, *, #673, .T. ) ;
#1312 = DIRECTION ( 'NONE',  ( -0.0000000000000000000, 0.0000000000000000000, 1.000000000000000000 ) ) ;
#1313 = DIRECTION ( 'NONE',  ( 1.000000000000000000, 0.0000000000000000000, 0.0000000000000000000 ) ) ;
#1314 =( BOUNDED_SURFACE ( )  B_SPLINE_SURFACE ( 2, 3, ( 
 ( #688, #1195, #381, #798 ),
 ( #685, #85, #193, #789 ),
 ( #900, #1004, #388, #1110 ) ),
 .UNSPECIFIED., .F., .F., .T. ) 
 B_SPLINE_SURFACE_WITH_KNOTS ( ( 3, 3 ),
 ( 4, 4 ),
 ( 0.0000000000000000000, 1.000000000000000000 ),
 ( -0.05000000000000000278, 1.050000000000000044 ),
 .UNSPECIFIED. ) 
 GEOMETRIC_REPRESENTATION_ITEM ( )  RATIONAL_B_SPLINE_SURFACE ( (
 ( 1.000000000000000000, 1.000000000000000000, 1.000000000000000000, 1.000000000000000000),
 ( 0.7411614114962029598, 0.7411614114962029598, 0.7411614114962029598, 0.7411614114962029598),
 ( 1.000000000000000000, 1.000000000000000000, 1.000000000000000000, 1.000000000000000000) ) ) 
 REPRESENTATION_ITEM ( '' )  SURFACE ( )  );
#1315 = DIRECTION ( 'NONE',  ( 0.0000000000000000000, 0.0000000000000000000, -1.000000000000000000 ) ) ;
#1316 = EDGE_CURVE ( 'NONE', #603, #493, #75, .T. ) ;
#1317 = LINE ( 'NONE', #306, #1254 ) ;
#1318 = VECTOR ( 'NONE', #261, 1000.000000000000000 ) ;
#1319 = CIRCLE ( 'NONE', #635, 0.2999999999999999334 ) ;
#1320 = LINE ( 'NONE', #595, #1119 ) ;
#1321 = DIRECTION ( 'NONE',  ( -1.000000000000000000, 0.0000000000000000000, 0.0000000000000000000 ) ) ;
#1322 = CARTESIAN_POINT ( 'NONE',  ( 2.937566314152565639, 0.0004008258292320658243, 1000.000000000000000 ) ) ;
#1323 = ORIENTED_EDGE ( 'NONE', *, *, #1235, .T. ) ;
#1324 = EDGE_CURVE ( 'NONE', #772, #111, #1286, .T. ) ;
#1325 = CARTESIAN_POINT ( 'NONE',  ( -2.921733062354427535, 6.099999999999999645, 0.0000000000000000000 ) ) ;
#1326 = DIRECTION ( 'NONE',  ( -1.000000000000000000, 0.0000000000000000000, 0.0000000000000000000 ) ) ;
#1327 = VERTEX_POINT ( 'NONE', #370 ) ;
ENDSEC;
END-ISO-10303-21;
